month_num,month_name,y
1,Jan,563382.051
2,Feb,476754.208
3,Mar,647554.8755000001
4,Apr,531904.7765
5,May,639290.175
6,Jun,650140.135
7,Jul,595863.8755000001
8,Aug,624793.275
9,Sep,892226.6915
10,Oct,1037999.395
11,Nov,1167076.7110000001
12,Dec,696485.6133333334
