CustomerID,Segment_Label,Recency,Frequency,Monetary,AvgOrderValue,Tenure,AvgGapDays,Churn_Probability,Churn_Prediction,Risk_Tier,Recommended_Action
12346,Champions,325,12,77556.46,6463.038333333334,725,35.90909090909091,,,Lapsed,[Lapsed] VIP Win-Back: Personal call + exclusive loyalty reward + free shipping
12347,Champions,1,8,4921.53,615.19125,403,57.0,0.2392369955778122,0.0,Low,Retain: Enrol in VIP loyalty program + send thank-you offer
12348,At Risk,74,5,2019.3999999999999,403.88,437,90.5,0.3700081408023834,0.0,Medium,Re-engage: Best-seller showcase email + 15% discount
12349,Promising,18,4,4428.6900000000005,1107.1725000000001,588,189.66666666666666,0.387795090675354,0.0,Medium,Nudge: Reminder email + product recommendation + limited offer
12350,Lost Customers,309,1,334.40000000000003,334.40000000000003,309,,,,Lapsed,[Lapsed] Last Chance: Final win-back email + maximum discount
12351,Lost Customers,374,1,300.93,300.93,374,,,,Lapsed,[Lapsed] Last Chance: Final win-back email + maximum discount
12352,Champions,35,10,2849.84,284.98400000000004,392,39.22222222222222,0.183243989944458,0.0,Low,Retain: Enrol in VIP loyalty program + send thank-you offer
12353,Lost Customers,203,2,406.76,203.38,408,204.0,,,Lapsed,[Lapsed] Last Chance: Final win-back email + maximum discount
12354,Lost Customers,231,1,1079.4,1079.4,231,,,,Lapsed,[Lapsed] Last Chance: Final win-back email + maximum discount
12355,At Risk,213,2,947.6100000000001,473.80500000000006,567,353.0,,,Lapsed,[Lapsed] Recovery: Time-limited 30% win-back discount + feedback survey
12356,Champions,22,6,6373.68,1062.28,424,79.8,0.33766746520996094,0.0,Low,Retain: Enrol in VIP loyalty program + send thank-you offer
12357,Champions,32,3,18287.66,6095.886666666666,388,177.5,0.4477243423461914,0.0,Medium,Early Alert: Personalised product recommendation based on past purchases
12358,Champions,1,5,3887.07,777.414,731,182.0,0.46647563576698303,0.0,Medium,Early Alert: Personalised product recommendation based on past purchases
12359,Champions,57,10,8935.939999999999,893.5939999999998,733,74.88888888888889,0.31621333956718445,0.0,Low,Retain: Enrol in VIP loyalty program + send thank-you offer
12360,At Risk,51,8,4252.889999999999,531.6112499999999,655,85.71428571428571,0.35535717010498047,0.0,Medium,Re-engage: Best-seller showcase email + 15% discount
12361,At Risk,286,4,511.25,127.8125,681,131.0,,,Lapsed,[Lapsed] Recovery: Time-limited 30% win-back discount + feedback survey
12362,Champions,2,11,5356.2300000000005,486.93000000000006,738,73.0,0.21062776446342468,0.0,Low,Retain: Enrol in VIP loyalty program + send thank-you offer
12363,Lost Customers,109,2,552.0,276.0,241,132.0,0.4872678220272064,0.0,Medium,Re-activation: Welcome-back campaign + highlight what's new
12364,Promising,7,4,1313.1,328.275,111,34.333333333333336,0.28141045570373535,0.0,Low,Nurture: Monthly newsletter + loyalty point updates
12365,Lost Customers,290,2,641.38,320.69,290,0.0,,,Lapsed,[Lapsed] Last Chance: Final win-back email + maximum discount
12366,Lost Customers,633,1,500.24,500.24,633,,,,Lapsed,[Lapsed] Last Chance: Final win-back email + maximum discount
12367,Promising,3,1,168.9,168.9,3,,0.5384879112243652,1.0,Medium,Nudge: Reminder email + product recommendation + limited offer
12368,Lost Customers,627,1,917.7,917.7,627,,,,Lapsed,[Lapsed] Last Chance: Final win-back email + maximum discount
12369,At Risk,412,3,1791.1499999999999,597.05,641,113.5,,,Lapsed,[Lapsed] Recovery: Time-limited 30% win-back discount + feedback survey
12370,At Risk,50,7,4320.3099999999995,617.1871428571428,668,102.66666666666667,0.3558334410190582,0.0,Medium,Re-engage: Best-seller showcase email + 15% discount
12371,At Risk,44,5,4067.38,813.476,644,149.5,0.41019007563591003,0.0,Medium,Re-engage: Best-seller showcase email + 15% discount
12372,At Risk,71,3,1298.04,432.68,296,112.0,0.43184134364128113,0.0,Medium,Re-engage: Best-seller showcase email + 15% discount
12373,At Risk,310,3,1127.65,375.8833333333334,673,180.5,,,Lapsed,[Lapsed] Recovery: Time-limited 30% win-back discount + feedback survey
12374,Promising,24,4,2989.2200000000003,747.3050000000001,587,187.33333333333334,0.4877282977104187,0.0,Medium,Nudge: Reminder email + product recommendation + limited offer
12375,Promising,10,2,457.5,228.75,97,87.0,0.45030686259269714,0.0,Medium,Nudge: Reminder email + product recommendation + limited offer
12376,Lost Customers,389,2,503.15,251.575,417,28.0,,,Lapsed,[Lapsed] Last Chance: Final win-back email + maximum discount
12377,At Risk,314,4,3426.32,856.58,588,91.0,,,Lapsed,[Lapsed] Recovery: Time-limited 30% win-back discount + feedback survey
12378,At Risk,129,2,5416.32,2708.16,561,432.0,0.5588988661766052,1.0,High,Recovery: Time-limited 30% win-back discount + feedback survey
12379,At Risk,81,4,1620.22,405.055,534,150.66666666666666,0.5251514315605164,1.0,Medium,Re-engage: Best-seller showcase email + 15% discount
12380,Champions,21,11,9676.300000000001,879.6636363636364,662,63.7,0.29082319140434265,0.0,Low,Retain: Enrol in VIP loyalty program + send thank-you offer
12381,Promising,4,5,1845.31,369.062,119,28.25,0.1930597573518753,0.0,Low,Nurture: Monthly newsletter + loyalty point updates
12383,At Risk,184,5,1850.56,370.11199999999997,351,41.25,,,Lapsed,[Lapsed] Recovery: Time-limited 30% win-back discount + feedback survey
12384,Promising,28,2,585.27,292.635,121,92.0,0.42316901683807373,0.0,Medium,Nudge: Reminder email + product recommendation + limited offer
12385,At Risk,378,1,1938.4,1938.4,378,,,,Lapsed,[Lapsed] Recovery: Time-limited 30% win-back discount + feedback survey
12386,Lost Customers,337,2,401.90000000000003,200.95000000000002,366,29.0,,,Lapsed,[Lapsed] Last Chance: Final win-back email + maximum discount
12387,Lost Customers,414,1,143.94,143.94,414,,,,Lapsed,[Lapsed] Last Chance: Final win-back email + maximum discount
12388,Champions,15,8,3901.11,487.63875,581,80.42857142857143,0.2825299799442291,0.0,Low,Retain: Enrol in VIP loyalty program + send thank-you offer
12389,At Risk,402,3,1433.33,477.77666666666664,655,126.0,,,Lapsed,[Lapsed] Recovery: Time-limited 30% win-back discount + feedback survey
12390,Lost Customers,79,1,549.84,549.84,79,,0.5564481616020203,1.0,High,Last Chance: Final win-back email + maximum discount
12391,Champions,21,6,2773.42,462.2366666666667,662,128.0,0.46614140272140503,0.0,Medium,Early Alert: Personalised product recommendation based on past purchases
12392,Lost Customers,590,1,234.75000000000003,234.75000000000003,590,,,,Lapsed,[Lapsed] Last Chance: Final win-back email + maximum discount
12393,At Risk,71,6,2399.45,399.9083333333333,427,70.8,0.3634568452835083,0.0,Medium,Re-engage: Best-seller showcase email + 15% discount
12394,Promising,63,2,1272.48,636.24,216,153.0,0.4817209541797638,0.0,Medium,Nudge: Reminder email + product recommendation + limited offer
12395,Champions,18,15,4721.17,314.74466666666666,602,41.214285714285715,0.1814240664243698,0.0,Low,Retain: Enrol in VIP loyalty program + send thank-you offer
12396,Lost Customers,673,1,931.4300000000001,931.4300000000001,673,,,,Lapsed,[Lapsed] Last Chance: Final win-back email + maximum discount
12397,Promising,35,2,2409.8999999999996,1204.9499999999998,134,99.0,0.36441177129745483,0.0,Medium,Nudge: Reminder email + product recommendation + limited offer
12398,Promising,45,1,1635.6599999999999,1635.6599999999999,45,,0.4990008771419525,0.0,Medium,Nudge: Reminder email + product recommendation + limited offer
12399,At Risk,118,7,1962.3,280.3285714285714,644,87.33333333333333,0.3777468502521515,0.0,Medium,Re-engage: Best-seller showcase email + 15% discount
12400,Lost Customers,413,1,205.25,205.25,413,,,,Lapsed,[Lapsed] Last Chance: Final win-back email + maximum discount
12401,Lost Customers,302,1,84.3,84.3,302,,,,Lapsed,[Lapsed] Last Chance: Final win-back email + maximum discount
12402,At Risk,322,6,1256.9,209.48333333333335,670,69.0,,,Lapsed,[Lapsed] Recovery: Time-limited 30% win-back discount + feedback survey
12403,Promising,49,2,1019.3600000000001,509.68000000000006,521,471.0,0.6484425663948059,1.0,High,Urgent Re-engage: 20% discount coupon + highlight new arrivals
12404,Lost Customers,681,1,63.24,63.24,681,,,,Lapsed,[Lapsed] Last Chance: Final win-back email + maximum discount
12405,At Risk,148,1,1710.39,1710.39,148,,,,Lapsed,[Lapsed] Recovery: Time-limited 30% win-back discount + feedback survey
12406,Champions,21,5,6390.360000000001,1278.0720000000001,696,168.25,0.40451762080192566,0.0,Medium,Early Alert: Personalised product recommendation based on past purchases
12407,At Risk,49,5,1708.12,341.62399999999997,263,53.0,0.2802363634109497,0.0,Low,Monitor: Add to re-engagement campaign
12408,Champions,32,8,4340.77,542.59625,497,66.14285714285714,0.26379311084747314,0.0,Low,Retain: Enrol in VIP loyalty program + send thank-you offer
12409,Champions,78,7,23419.29,3345.612857142857,564,80.66666666666667,0.33736273646354675,0.0,Low,Retain: Enrol in VIP loyalty program + send thank-you offer
12410,At Risk,308,3,1013.71,337.90333333333336,501,96.5,,,Lapsed,[Lapsed] Recovery: Time-limited 30% win-back discount + feedback survey
12411,Lost Customers,409,1,346.9,346.9,409,,,,Lapsed,[Lapsed] Last Chance: Final win-back email + maximum discount
12412,At Risk,74,6,2596.93,432.82166666666666,538,92.4,0.3820105493068695,0.0,Medium,Re-engage: Best-seller showcase email + 15% discount
12413,At Risk,66,4,999.45,249.8625,401,111.33333333333333,0.48215168714523315,0.0,Medium,Re-engage: Best-seller showcase email + 15% discount
12414,At Risk,216,6,952.4100000000001,158.735,463,49.0,,,Lapsed,[Lapsed] Recovery: Time-limited 30% win-back discount + feedback survey
12415,Champions,23,28,144458.37,5159.2275,527,18.14814814814815,0.14221541583538055,0.0,Low,Retain: Enrol in VIP loyalty program + send thank-you offer
12416,Lost Customers,656,1,202.56,202.56,656,,,,Lapsed,[Lapsed] Last Chance: Final win-back email + maximum discount
12417,Champions,2,20,6816.91,340.8455,733,37.94736842105263,0.17495284974575043,0.0,Low,Retain: Enrol in VIP loyalty program + send thank-you offer
12418,At Risk,112,4,2021.2,505.3,629,172.0,0.5117315053939819,1.0,Medium,Re-engage: Best-seller showcase email + 15% discount
12419,Lost Customers,385,2,503.01,251.505,413,27.0,,,Lapsed,[Lapsed] Last Chance: Final win-back email + maximum discount
12420,Promising,63,1,600.39,600.39,63,,0.5564481616020203,1.0,High,Urgent Re-engage: 20% discount coupon + highlight new arrivals
12421,Promising,15,6,1098.6,183.1,504,97.4,0.4156382381916046,0.0,Medium,Nudge: Reminder email + product recommendation + limited offer
12422,Champions,95,17,5231.8,307.7529411764706,721,38.5,0.3990582227706909,0.0,Medium,Early Alert: Personalised product recommendation based on past purchases
12423,Champions,0,10,2622.39,262.239,465,51.111111111111114,0.23360896110534668,0.0,Low,Retain: Enrol in VIP loyalty program + send thank-you offer
12424,At Risk,162,4,3340.0299999999997,835.0074999999999,547,128.33333333333334,,,Lapsed,[Lapsed] Recovery: Time-limited 30% win-back discount + feedback survey
12425,At Risk,77,2,1741.41,870.705,447,370.0,0.5996490716934204,1.0,High,Recovery: Time-limited 30% win-back discount + feedback survey
12426,At Risk,194,2,1345.21,672.605,662,468.0,,,Lapsed,[Lapsed] Recovery: Time-limited 30% win-back discount + feedback survey
12427,Promising,21,3,825.8,275.26666666666665,371,174.5,0.4718288779258728,0.0,Medium,Nudge: Reminder email + product recommendation + limited offer
12428,Champions,25,9,7956.46,884.0511111111111,283,31.875,0.18507154285907745,0.0,Low,Retain: Enrol in VIP loyalty program + send thank-you offer
12429,Champions,8,8,6204.41,775.55125,545,76.42857142857143,0.33664217591285706,0.0,Low,Retain: Enrol in VIP loyalty program + send thank-you offer
12430,Promising,42,1,256.4,256.4,42,,0.5724438428878784,1.0,High,Urgent Re-engage: 20% discount coupon + highlight new arrivals
12431,Champions,35,27,10499.72,388.8785185185185,693,24.923076923076923,0.14949356019496918,0.0,Low,Retain: Enrol in VIP loyalty program + send thank-you offer
12432,At Risk,42,5,5059.32,1011.8639999999999,171,32.0,0.2127636969089508,0.0,Low,Monitor: Add to re-engagement campaign
12433,Champions,0,10,16794.14,1679.414,476,52.44444444444444,0.22149290144443512,0.0,Low,Retain: Enrol in VIP loyalty program + send thank-you offer
12434,At Risk,84,3,1103.43,367.81,380,147.5,0.5282794237136841,1.0,Medium,Re-engage: Best-seller showcase email + 15% discount
12435,At Risk,79,6,13925.93,2320.9883333333332,736,131.2,0.45458826422691345,0.0,Medium,Re-engage: Best-seller showcase email + 15% discount
12436,Lost Customers,99,1,509.01,509.01,99,,0.5534994006156921,1.0,High,Last Chance: Final win-back email + maximum discount
12437,Champions,1,39,12683.4,325.2153846153846,736,18.86842105263158,0.135163813829422,0.0,Low,Retain: Enrol in VIP loyalty program + send thank-you offer
12438,Promising,13,2,2906.85,1453.425,139,125.0,0.3744582235813141,0.0,Medium,Nudge: Reminder email + product recommendation + limited offer
12439,Lost Customers,682,2,1158.18,579.09,725,43.0,,,Lapsed,[Lapsed] Last Chance: Final win-back email + maximum discount
12440,Lost Customers,461,2,859.2,429.6,717,255.0,,,Lapsed,[Lapsed] Last Chance: Final win-back email + maximum discount
12441,Lost Customers,366,1,173.55,173.55,366,,,,Lapsed,[Lapsed] Last Chance: Final win-back email + maximum discount
12442,Promising,2,1,172.06,172.06,2,,0.5384879112243652,1.0,Medium,Nudge: Reminder email + product recommendation + limited offer
12443,Lost Customers,731,1,485.31,485.31,731,,,,Lapsed,[Lapsed] Last Chance: Final win-back email + maximum discount
12444,Champions,20,5,5005.46,1001.092,170,37.25,0.18088719248771667,0.0,Low,Retain: Enrol in VIP loyalty program + send thank-you offer
12445,Promising,21,2,434.98,217.49,420,398.0,0.5952858924865723,1.0,High,Urgent Re-engage: 20% discount coupon + highlight new arrivals
12446,Promising,57,1,1002.3100000000001,1002.3100000000001,57,,0.5317063927650452,1.0,Medium,Nudge: Reminder email + product recommendation + limited offer
12447,Lost Customers,242,1,476.49,476.49,242,,,,Lapsed,[Lapsed] Last Chance: Final win-back email + maximum discount
12448,Promising,43,1,449.45,449.45,43,,0.4927672743797302,0.0,Medium,Nudge: Reminder email + product recommendation + limited offer
12449,Champions,21,6,4835.89,805.9816666666667,438,82.8,0.3470360338687897,0.0,Low,Retain: Enrol in VIP loyalty program + send thank-you offer
12450,At Risk,155,5,688.2,137.64000000000001,473,79.0,,,Lapsed,[Lapsed] Recovery: Time-limited 30% win-back discount + feedback survey
12451,Champions,10,8,12669.88,1583.735,528,73.57142857142857,0.24305035173892975,0.0,Low,Retain: Enrol in VIP loyalty program + send thank-you offer
12452,Promising,16,2,430.57,215.285,16,0.0,0.48788920044898987,0.0,Medium,Nudge: Reminder email + product recommendation + limited offer
12453,Lost Customers,133,1,707.09,707.09,133,,0.5419004559516907,1.0,Medium,Re-activation: Welcome-back campaign + highlight what's new
12454,Champions,55,5,16679.78,3335.9559999999997,420,90.5,0.37676408886909485,0.0,Medium,Early Alert: Personalised product recommendation based on past purchases
12455,Champions,72,10,5879.95,587.995,721,71.44444444444444,0.295174777507782,0.0,Low,Retain: Enrol in VIP loyalty program + send thank-you offer
12456,At Risk,43,3,3181.04,1060.3466666666666,254,104.5,0.37255728244781494,0.0,Medium,Re-engage: Best-seller showcase email + 15% discount
12457,At Risk,65,8,2995.91,374.48875,434,52.142857142857146,0.32322269678115845,0.0,Low,Monitor: Add to re-engagement campaign
12458,At Risk,70,4,1777.49,444.3725,487,138.33333333333334,0.47422683238983154,0.0,Medium,Re-engage: Best-seller showcase email + 15% discount
12459,Lost Customers,604,1,454.36,454.36,604,,,,Lapsed,[Lapsed] Last Chance: Final win-back email + maximum discount
12460,Lost Customers,455,1,326.65,326.65,455,,,,Lapsed,[Lapsed] Last Chance: Final win-back email + maximum discount
12461,Promising,93,2,826.88,413.44,154,60.0,0.40009814500808716,0.0,Medium,Nudge: Reminder email + product recommendation + limited offer
12462,Promising,18,2,1189.5900000000001,594.7950000000001,302,284.0,0.4880269765853882,0.0,Medium,Nudge: Reminder email + product recommendation + limited offer
12463,At Risk,52,4,1344.78,336.195,241,62.0,0.3614472448825836,0.0,Medium,Re-engage: Best-seller showcase email + 15% discount
12464,Promising,9,8,1212.05,151.50625,308,42.285714285714285,0.23333297669887543,0.0,Low,Nurture: Monthly newsletter + loyalty point updates
12465,Promising,16,2,742.19,371.095,168,152.0,0.47435587644577026,0.0,Medium,Nudge: Reminder email + product recommendation + limited offer
12466,Lost Customers,681,1,56.73,56.73,681,,,,Lapsed,[Lapsed] Last Chance: Final win-back email + maximum discount
12467,Lost Customers,422,1,132.8,132.8,422,,,,Lapsed,[Lapsed] Last Chance: Final win-back email + maximum discount
12468,At Risk,187,5,3670.74,734.1479999999999,682,123.25,,,Lapsed,[Lapsed] Recovery: Time-limited 30% win-back discount + feedback survey
12469,At Risk,522,2,3070.54,1535.27,536,14.0,,,Lapsed,[Lapsed] Recovery: Time-limited 30% win-back discount + feedback survey
12470,Lost Customers,689,1,211.95,211.95,689,,,,Lapsed,[Lapsed] Last Chance: Final win-back email + maximum discount
12471,Champions,1,79,39963.79,505.8707594936709,732,9.08974358974359,0.135163813829422,0.0,Low,Retain: Enrol in VIP loyalty program + send thank-you offer
12472,Champions,31,19,16249.29,855.2257894736842,725,37.77777777777778,0.19372792541980743,0.0,Low,Retain: Enrol in VIP loyalty program + send thank-you offer
12473,At Risk,28,5,3938.55,787.71,191,40.25,0.18572178483009338,0.0,Low,Monitor: Add to re-engagement campaign
12474,Champions,16,31,12424.45,400.7887096774194,666,21.133333333333333,0.14037325978279114,0.0,Low,Retain: Enrol in VIP loyalty program + send thank-you offer
12475,Promising,53,2,1149.6399999999999,574.8199999999999,409,356.0,0.5797392129898071,1.0,High,Urgent Re-engage: 20% discount coupon + highlight new arrivals
12476,Champions,15,23,14115.41,613.7134782608696,501,21.727272727272727,0.14226925373077393,0.0,Low,Retain: Enrol in VIP loyalty program + send thank-you offer
12477,Champions,22,9,20276.37,2252.93,622,74.75,0.25096577405929565,0.0,Low,Retain: Enrol in VIP loyalty program + send thank-you offer
12478,Promising,3,1,680.99,680.99,3,,0.48163169622421265,0.0,Medium,Nudge: Reminder email + product recommendation + limited offer
12479,Promising,10,1,527.2,527.2,10,,0.49501410126686096,0.0,Medium,Nudge: Reminder email + product recommendation + limited offer
12480,Champions,27,7,5464.85,780.6928571428572,506,79.5,0.3355094790458679,0.0,Low,Retain: Enrol in VIP loyalty program + send thank-you offer
12481,Champions,22,15,12202.01,813.4673333333334,606,41.285714285714285,0.18834714591503143,0.0,Low,Retain: Enrol in VIP loyalty program + send thank-you offer
12482,Champions,575,29,23691.4,816.944827586207,653,2.642857142857143,,,Lapsed,[Lapsed] VIP Win-Back: Personal call + exclusive loyalty reward + free shipping
12483,Champions,16,19,5120.58,269.5042105263158,676,36.166666666666664,0.17619092762470245,0.0,Low,Retain: Enrol in VIP loyalty program + send thank-you offer
12484,Champions,32,12,6370.150000000001,530.8458333333334,680,58.54545454545455,0.2451515644788742,0.0,Low,Retain: Enrol in VIP loyalty program + send thank-you offer
12485,Lost Customers,528,1,708.1,708.1,528,,,,Lapsed,[Lapsed] Last Chance: Final win-back email + maximum discount
12486,Lost Customers,431,1,1037.28,1037.28,431,,,,Lapsed,[Lapsed] Last Chance: Final win-back email + maximum discount
12487,Lost Customers,730,1,285.3,285.3,730,,,,Lapsed,[Lapsed] Last Chance: Final win-back email + maximum discount
12488,Promising,9,3,1298.66,432.8866666666667,75,32.5,0.28141045570373535,0.0,Low,Nurture: Monthly newsletter + loyalty point updates
12489,Lost Customers,335,1,334.93,334.93,335,,,,Lapsed,[Lapsed] Last Chance: Final win-back email + maximum discount
12490,Champions,4,21,9823.64,467.79238095238094,737,36.25,0.14756518602371216,0.0,Low,Retain: Enrol in VIP loyalty program + send thank-you offer
12491,Promising,38,1,460.40000000000003,460.40000000000003,38,,0.5386487245559692,1.0,Medium,Nudge: Reminder email + product recommendation + limited offer
12492,Promising,62,3,715.21,238.40333333333334,402,169.5,0.5767763257026672,1.0,High,Urgent Re-engage: 20% discount coupon + highlight new arrivals
12493,Lost Customers,165,2,433.74,216.87,196,31.0,,,Lapsed,[Lapsed] Last Chance: Final win-back email + maximum discount
12494,Champions,15,9,1815.27,201.69666666666666,575,69.375,0.3284335136413574,0.0,Low,Retain: Enrol in VIP loyalty program + send thank-you offer
12495,Lost Customers,640,1,357.4,357.4,640,,,,Lapsed,[Lapsed] Last Chance: Final win-back email + maximum discount
12496,Lost Customers,619,2,54.09,27.045,619,0.0,,,Lapsed,[Lapsed] Last Chance: Final win-back email + maximum discount
12497,At Risk,81,3,6248.5,2082.8333333333335,644,281.0,0.5757355690002441,1.0,High,Recovery: Time-limited 30% win-back discount + feedback survey
12498,Promising,20,3,403.70000000000005,134.5666666666667,57,18.0,0.3684542179107666,0.0,Medium,Nudge: Reminder email + product recommendation + limited offer
12499,Lost Customers,559,1,393.72,393.72,559,,,,Lapsed,[Lapsed] Last Chance: Final win-back email + maximum discount
12500,Champions,22,19,5955.21,313.4321052631579,672,35.72222222222222,0.15171988308429718,0.0,Low,Retain: Enrol in VIP loyalty program + send thank-you offer
12501,At Risk,336,1,2169.39,2169.39,336,,,,Lapsed,[Lapsed] Recovery: Time-limited 30% win-back discount + feedback survey
12502,At Risk,95,5,3723.87,744.774,309,53.25,0.3196505010128021,0.0,Low,Monitor: Add to re-engagement campaign
12503,Lost Customers,583,1,1126.0,1126.0,583,,,,Lapsed,[Lapsed] Last Chance: Final win-back email + maximum discount
12504,Promising,17,4,779.05,194.7625,596,192.33333333333334,0.4684397280216217,0.0,Medium,Nudge: Reminder email + product recommendation + limited offer
12505,Lost Customers,408,1,955.2,955.2,408,,,,Lapsed,[Lapsed] Last Chance: Final win-back email + maximum discount
12506,Lost Customers,232,1,73.5,73.5,232,,,,Lapsed,[Lapsed] Last Chance: Final win-back email + maximum discount
12507,At Risk,133,4,1844.06,461.015,584,150.0,0.4706173241138458,0.0,Medium,Re-engage: Best-seller showcase email + 15% discount
12508,Promising,25,2,398.27,199.135,28,2.0,0.48326629400253296,0.0,Medium,Nudge: Reminder email + product recommendation + limited offer
12509,Lost Customers,283,1,176.5,176.5,283,,,,Lapsed,[Lapsed] Last Chance: Final win-back email + maximum discount
12510,At Risk,142,9,5178.02,575.3355555555556,734,73.5,,,Lapsed,[Lapsed] Recovery: Time-limited 30% win-back discount + feedback survey
12511,At Risk,428,1,3084.02,3084.02,428,,,,Lapsed,[Lapsed] Recovery: Time-limited 30% win-back discount + feedback survey
12512,Lost Customers,65,2,138.03,69.015,65,0.0,0.6473475694656372,1.0,High,Last Chance: Final win-back email + maximum discount
12513,Lost Customers,112,1,612.29,612.29,112,,0.5564481616020203,1.0,High,Last Chance: Final win-back email + maximum discount
12514,At Risk,266,2,1597.7600000000002,798.8800000000001,641,374.0,,,Lapsed,[Lapsed] Recovery: Time-limited 30% win-back discount + feedback survey
12515,Lost Customers,352,1,383.7,383.7,352,,,,Lapsed,[Lapsed] Last Chance: Final win-back email + maximum discount
12516,At Risk,77,4,2648.62,662.155,598,173.33333333333334,0.4767240583896637,0.0,Medium,Re-engage: Best-seller showcase email + 15% discount
12517,At Risk,27,5,2502.84,500.56800000000004,189,40.0,0.1916828155517578,0.0,Low,Monitor: Add to re-engagement campaign
12518,Promising,0,5,2056.89,411.378,109,27.0,0.19830486178398132,0.0,Low,Nurture: Monthly newsletter + loyalty point updates
12519,Promising,63,2,726.5400000000001,363.27000000000004,476,413.0,0.6693094968795776,1.0,High,Urgent Re-engage: 20% discount coupon + highlight new arrivals
12520,At Risk,78,5,2634.26,526.8520000000001,273,48.25,0.30491673946380615,0.0,Low,Monitor: Add to re-engagement campaign
12521,Lost Customers,142,1,599.68,599.68,142,,,,Lapsed,[Lapsed] Last Chance: Final win-back email + maximum discount
12522,Promising,38,2,192.72,96.36,50,12.0,0.5195459127426147,1.0,Medium,Nudge: Reminder email + product recommendation + limited offer
12523,Champions,18,23,4372.15,190.09347826086955,731,31.863636363636363,0.1595134139060974,0.0,Low,Retain: Enrol in VIP loyalty program + send thank-you offer
12524,Champions,8,17,11126.11,654.4770588235294,668,40.875,0.18964941799640656,0.0,Low,Retain: Enrol in VIP loyalty program + send thank-you offer
12525,At Risk,497,3,973.73,324.57666666666665,646,74.0,,,Lapsed,[Lapsed] Recovery: Time-limited 30% win-back discount + feedback survey
12526,Promising,0,3,1316.6599999999999,438.8866666666666,93,46.5,0.2943212687969208,0.0,Low,Nurture: Monthly newsletter + loyalty point updates
12527,At Risk,81,5,735.51,147.102,528,111.25,0.5301754474639893,1.0,Medium,Re-engage: Best-seller showcase email + 15% discount
12528,Promising,8,6,1933.48,322.24666666666667,312,60.4,0.2665468752384186,0.0,Low,Nurture: Monthly newsletter + loyalty point updates
12529,Lost Customers,527,1,316.48,316.48,527,,,,Lapsed,[Lapsed] Last Chance: Final win-back email + maximum discount
12530,At Risk,59,9,3759.26,417.6955555555556,641,72.375,0.3588865399360657,0.0,Medium,Re-engage: Best-seller showcase email + 15% discount
12531,Promising,14,2,1933.2,966.6,685,671.0,0.5952858924865723,1.0,High,Urgent Re-engage: 20% discount coupon + highlight new arrivals
12532,Promising,29,1,349.83000000000004,349.83000000000004,29,,0.5515782237052917,1.0,High,Urgent Re-engage: 20% discount coupon + highlight new arrivals
12533,At Risk,627,2,1367.89,683.945,738,110.0,,,Lapsed,[Lapsed] Recovery: Time-limited 30% win-back discount + feedback survey
12534,Lost Customers,130,1,1089.18,1089.18,130,,0.537481427192688,1.0,Medium,Re-activation: Welcome-back campaign + highlight what's new
12535,Promising,91,2,716.3499999999999,358.17499999999995,186,94.0,0.4311918616294861,0.0,Medium,Nudge: Reminder email + product recommendation + limited offer
12536,At Risk,42,3,12601.830000000002,4200.610000000001,58,7.5,0.3594076633453369,0.0,Medium,Re-engage: Best-seller showcase email + 15% discount
12537,Lost Customers,408,1,732.94,732.94,408,,,,Lapsed,[Lapsed] Last Chance: Final win-back email + maximum discount
12538,Promising,28,2,640.45,320.225,377,349.0,0.6552984714508057,1.0,High,Urgent Re-engage: 20% discount coupon + highlight new arrivals
12539,Champions,21,7,11214.75,1602.107142857143,715,115.16666666666667,0.36366841197013855,0.0,Medium,Early Alert: Personalised product recommendation based on past purchases
12540,Champions,19,33,22254.49,674.3784848484848,731,21.75,0.1386200189590454,0.0,Low,Retain: Enrol in VIP loyalty program + send thank-you offer
12541,Promising,29,3,981.18,327.06,280,125.0,0.4349786341190338,0.0,Medium,Nudge: Reminder email + product recommendation + limited offer
12542,Lost Customers,483,2,481.88,240.94,639,156.0,,,Lapsed,[Lapsed] Last Chance: Final win-back email + maximum discount
12543,Lost Customers,447,1,980.25,980.25,447,,,,Lapsed,[Lapsed] Last Chance: Final win-back email + maximum discount
12544,Promising,35,1,372.7,372.7,35,,0.5575777888298035,1.0,High,Urgent Re-engage: 20% discount coupon + highlight new arrivals
12545,Promising,74,2,1000.39,500.195,259,184.0,0.47462984919548035,0.0,Medium,Nudge: Reminder email + product recommendation + limited offer
12546,Promising,46,2,1161.5,580.75,77,31.0,0.33952298760414124,0.0,Low,Nurture: Monthly newsletter + loyalty point updates
12547,Lost Customers,197,3,383.58,127.86,499,150.5,,,Lapsed,[Lapsed] Last Chance: Final win-back email + maximum discount
12548,Lost Customers,165,1,95.19999999999999,95.19999999999999,165,,,,Lapsed,[Lapsed] Last Chance: Final win-back email + maximum discount
12549,At Risk,575,6,1575.68,262.61333333333334,697,24.0,,,Lapsed,[Lapsed] Recovery: Time-limited 30% win-back discount + feedback survey
12550,Promising,78,1,964.83,964.83,78,,0.5243566036224365,1.0,Medium,Nudge: Reminder email + product recommendation + limited offer
12551,Lost Customers,357,1,168.0,168.0,357,,,,Lapsed,[Lapsed] Last Chance: Final win-back email + maximum discount
12552,Promising,38,2,437.82,218.91,39,0.0,0.5221548080444336,1.0,Medium,Nudge: Reminder email + product recommendation + limited offer
12553,Champions,7,12,4608.75,384.0625,422,37.18181818181818,0.15856115520000458,0.0,Low,Retain: Enrol in VIP loyalty program + send thank-you offer
12554,Lost Customers,448,1,468.5,468.5,448,,,,Lapsed,[Lapsed] Last Chance: Final win-back email + maximum discount
12555,Lost Customers,681,1,129.23,129.23,681,,,,Lapsed,[Lapsed] Last Chance: Final win-back email + maximum discount
12556,Promising,49,2,603.71,301.855,150,100.0,0.43423697352409363,0.0,Medium,Nudge: Reminder email + product recommendation + limited offer
12557,Champions,15,8,18096.14,2262.0175,722,100.42857142857143,0.2982785999774933,0.0,Low,Retain: Enrol in VIP loyalty program + send thank-you offer
12558,Promising,7,1,269.96,269.96,7,,0.5276944041252136,1.0,Medium,Nudge: Reminder email + product recommendation + limited offer
12559,Lost Customers,310,2,561.71,280.855,319,8.0,,,Lapsed,[Lapsed] Last Chance: Final win-back email + maximum discount
12560,Promising,4,3,2134.01,711.3366666666667,142,68.0,0.31989821791648865,0.0,Low,Nurture: Monthly newsletter + loyalty point updates
12561,Lost Customers,302,1,238.85,238.85,302,,,,Lapsed,[Lapsed] Last Chance: Final win-back email + maximum discount
12562,Champions,7,9,4966.92,551.88,434,53.0,0.23688629269599915,0.0,Low,Retain: Enrol in VIP loyalty program + send thank-you offer
12563,Lost Customers,408,1,249.24,249.24,408,,,,Lapsed,[Lapsed] Last Chance: Final win-back email + maximum discount
12564,Lost Customers,260,1,456.90000000000003,456.90000000000003,260,,,,Lapsed,[Lapsed] Last Chance: Final win-back email + maximum discount
12565,Lost Customers,288,1,145.92000000000002,145.92000000000002,288,,,,Lapsed,[Lapsed] Last Chance: Final win-back email + maximum discount
12566,Lost Customers,85,1,351.65,351.65,85,,0.5683245658874512,1.0,High,Last Chance: Final win-back email + maximum discount
12567,Champions,22,15,11767.48,784.4986666666666,666,45.5,0.2109658420085907,0.0,Low,Retain: Enrol in VIP loyalty program + send thank-you offer
12568,Lost Customers,644,1,70.0,70.0,644,,,,Lapsed,[Lapsed] Last Chance: Final win-back email + maximum discount
12569,Champions,1,32,4124.6900000000005,128.89656250000002,251,7.645161290322581,0.135163813829422,0.0,Low,Retain: Enrol in VIP loyalty program + send thank-you offer
12570,Lost Customers,681,1,77.52,77.52,681,,,,Lapsed,[Lapsed] Last Chance: Final win-back email + maximum discount
12571,Promising,39,2,519.61,259.805,121,81.0,0.40724900364875793,0.0,Medium,Nudge: Reminder email + product recommendation + limited offer
12572,Promising,8,2,1020.4200000000001,510.21000000000004,51,43.0,0.3258695900440216,0.0,Low,Nurture: Monthly newsletter + loyalty point updates
12573,At Risk,226,5,717.4100000000001,143.48200000000003,464,58.75,,,Lapsed,[Lapsed] Recovery: Time-limited 30% win-back discount + feedback survey
12574,Lost Customers,315,1,218.45000000000002,218.45000000000002,315,,,,Lapsed,[Lapsed] Last Chance: Final win-back email + maximum discount
12575,Lost Customers,456,2,622.8199999999999,311.40999999999997,526,69.0,,,Lapsed,[Lapsed] Last Chance: Final win-back email + maximum discount
12576,At Risk,35,8,2142.7200000000003,267.84000000000003,525,69.57142857142857,0.32379254698753357,0.0,Low,Monitor: Add to re-engagement campaign
12577,At Risk,34,8,1653.75,206.71875,735,99.85714285714286,0.4038536846637726,0.0,Medium,Re-engage: Best-seller showcase email + 15% discount
12578,At Risk,20,4,4642.45,1160.6125,443,140.0,0.3928351402282715,0.0,Medium,Re-engage: Best-seller showcase email + 15% discount
12579,Lost Customers,77,1,440.42,440.42,77,,0.5722622275352478,1.0,High,Last Chance: Final win-back email + maximum discount
12580,At Risk,246,2,1052.9,526.45,576,329.0,,,Lapsed,[Lapsed] Recovery: Time-limited 30% win-back discount + feedback survey
12581,Promising,39,1,197.71,197.71,39,,0.5782080888748169,1.0,High,Urgent Re-engage: 20% discount coupon + highlight new arrivals
12582,At Risk,238,4,1980.4,495.1,577,112.66666666666667,,,Lapsed,[Lapsed] Recovery: Time-limited 30% win-back discount + feedback survey
12583,Champions,2,27,13591.58,503.39185185185187,733,27.615384615384617,0.1386200189590454,0.0,Low,Retain: Enrol in VIP loyalty program + send thank-you offer
12584,Champions,3,9,2338.15,259.7944444444445,279,34.0,0.16084302961826324,0.0,Low,Retain: Enrol in VIP loyalty program + send thank-you offer
12585,At Risk,233,2,2040.1,1020.05,350,117.0,,,Lapsed,[Lapsed] Recovery: Time-limited 30% win-back discount + feedback survey
12586,Promising,16,4,2062.67,515.6675,722,235.0,0.5625657439231873,1.0,High,Urgent Re-engage: 20% discount coupon + highlight new arrivals
12587,Promising,7,1,144.0,144.0,7,,0.5884762406349182,1.0,High,Urgent Re-engage: 20% discount coupon + highlight new arrivals
12588,Promising,38,4,958.78,239.695,597,186.0,0.574603259563446,1.0,High,Urgent Re-engage: 20% discount coupon + highlight new arrivals
12589,Champions,28,8,4695.66,586.9575,689,94.14285714285714,0.42316901683807373,0.0,Medium,Early Alert: Personalised product recommendation based on past purchases
12590,At Risk,210,2,9864.26,4932.13,210,0.0,,,Lapsed,[Lapsed] Recovery: Time-limited 30% win-back discount + feedback survey
12591,At Risk,316,3,1352.15,450.7166666666667,408,45.5,,,Lapsed,[Lapsed] Recovery: Time-limited 30% win-back discount + feedback survey
12592,At Risk,91,5,2582.66,516.5319999999999,518,106.5,0.5017021894454956,1.0,Medium,Re-engage: Best-seller showcase email + 15% discount
12593,Lost Customers,108,3,418.1,139.36666666666667,218,55.0,0.4340338110923767,0.0,Medium,Re-activation: Welcome-back campaign + highlight what's new
12594,Champions,37,15,5090.110000000001,339.3406666666667,645,43.0,0.20847834646701813,0.0,Low,Retain: Enrol in VIP loyalty program + send thank-you offer
12595,Lost Customers,504,1,299.02,299.02,504,,,,Lapsed,[Lapsed] Last Chance: Final win-back email + maximum discount
12596,Promising,50,2,618.27,309.135,241,190.0,0.49040505290031433,0.0,Medium,Nudge: Reminder email + product recommendation + limited offer
12597,Promising,18,4,3811.22,952.805,267,82.66666666666667,0.33756402134895325,0.0,Low,Nurture: Monthly newsletter + loyalty point updates
12598,Champions,9,11,4534.09,412.19,648,63.4,0.20308157801628113,0.0,Low,Retain: Enrol in VIP loyalty program + send thank-you offer
12599,Champions,28,13,2296.7200000000003,176.67076923076925,577,45.083333333333336,0.2563418745994568,0.0,Low,Retain: Enrol in VIP loyalty program + send thank-you offer
12600,Champions,28,21,4967.42,236.54380952380953,731,34.7,0.18179242312908173,0.0,Low,Retain: Enrol in VIP loyalty program + send thank-you offer
12601,At Risk,189,6,681.26,113.54333333333334,404,42.4,,,Lapsed,[Lapsed] Recovery: Time-limited 30% win-back discount + feedback survey
12602,Lost Customers,58,1,153.12,153.12,58,,0.5981120467185974,1.0,High,Last Chance: Final win-back email + maximum discount
12603,Promising,21,1,739.1999999999999,739.1999999999999,21,,0.48550286889076233,0.0,Medium,Nudge: Reminder email + product recommendation + limited offer
12604,Lost Customers,78,2,254.18,127.09,261,182.0,0.5627416968345642,1.0,High,Last Chance: Final win-back email + maximum discount
12605,At Risk,375,4,1232.95,308.2375,457,27.0,,,Lapsed,[Lapsed] Recovery: Time-limited 30% win-back discount + feedback survey
12606,Lost Customers,681,1,21.0,21.0,681,,,,Lapsed,[Lapsed] Last Chance: Final win-back email + maximum discount
12607,Promising,59,1,1579.51,1579.51,59,,0.5368583798408508,1.0,Medium,Nudge: Reminder email + product recommendation + limited offer
12608,Lost Customers,404,1,415.79,415.79,404,,,,Lapsed,[Lapsed] Last Chance: Final win-back email + maximum discount
12609,At Risk,77,9,3435.86,381.76222222222225,718,79.875,0.37882593274116516,0.0,Medium,Re-engage: Best-seller showcase email + 15% discount
12610,Promising,22,5,2099.54,419.908,125,25.25,0.19677789509296417,0.0,Low,Nurture: Monthly newsletter + loyalty point updates
12611,Promising,51,1,1193.32,1193.32,51,,0.5289556980133057,1.0,Medium,Nudge: Reminder email + product recommendation + limited offer
12612,Promising,73,1,704.04,704.04,73,,0.5419004559516907,1.0,Medium,Nudge: Reminder email + product recommendation + limited offer
12613,Champions,56,10,6835.07,683.507,724,73.88888888888889,0.2842285931110382,0.0,Low,Retain: Enrol in VIP loyalty program + send thank-you offer
12614,Lost Customers,277,1,315.6,315.6,277,,,,Lapsed,[Lapsed] Last Chance: Final win-back email + maximum discount
12615,Champions,1,8,5740.9800000000005,717.6225000000001,630,89.57142857142857,0.3276563584804535,0.0,Low,Retain: Enrol in VIP loyalty program + send thank-you offer
12616,At Risk,94,3,1131.1,377.0333333333333,388,146.5,0.5282794237136841,1.0,Medium,Re-engage: Best-seller showcase email + 15% discount
12617,Promising,28,1,355.53000000000003,355.53000000000003,28,,0.5515782237052917,1.0,High,Urgent Re-engage: 20% discount coupon + highlight new arrivals
12618,Promising,21,1,177.31,177.31,21,,0.5517621040344238,1.0,High,Urgent Re-engage: 20% discount coupon + highlight new arrivals
12619,Champions,15,10,3781.38,378.13800000000003,559,60.22222222222222,0.22780348360538483,0.0,Low,Retain: Enrol in VIP loyalty program + send thank-you offer
12620,Promising,14,3,1339.4099999999999,446.46999999999997,204,94.5,0.36790069937705994,0.0,Medium,Nudge: Reminder email + product recommendation + limited offer
12621,Champions,1,35,24311.2,694.6057142857143,668,19.08823529411765,0.1368802934885025,0.0,Low,Retain: Enrol in VIP loyalty program + send thank-you offer
12622,Lost Customers,231,1,180.1,180.1,231,,,,Lapsed,[Lapsed] Last Chance: Final win-back email + maximum discount
12623,At Risk,275,7,3747.84,535.4057142857143,696,69.66666666666667,,,Lapsed,[Lapsed] Recovery: Time-limited 30% win-back discount + feedback survey
12624,Lost Customers,105,2,641.13,320.565,177,71.0,0.4006352424621582,0.0,Medium,Re-activation: Welcome-back campaign + highlight what's new
12625,At Risk,211,4,5164.88,1291.22,596,127.66666666666667,,,Lapsed,[Lapsed] Recovery: Time-limited 30% win-back discount + feedback survey
12626,Champions,22,9,6620.48,735.6088888888888,326,37.5,0.16410647332668304,0.0,Low,Retain: Enrol in VIP loyalty program + send thank-you offer
12627,Champions,10,7,4478.53,639.79,139,21.166666666666668,0.18805226683616638,0.0,Low,Retain: Enrol in VIP loyalty program + send thank-you offer
12628,Promising,3,3,786.46,262.15333333333336,64,29.5,0.3313184976577759,0.0,Low,Nurture: Monthly newsletter + loyalty point updates
12629,At Risk,385,2,1558.22,779.11,422,37.0,,,Lapsed,[Lapsed] Recovery: Time-limited 30% win-back discount + feedback survey
12630,Promising,9,2,1270.88,635.44,43,34.0,0.32753732800483704,0.0,Low,Nurture: Monthly newsletter + loyalty point updates
12631,At Risk,56,6,3481.57,580.2616666666667,692,126.8,0.48767054080963135,0.0,Medium,Re-engage: Best-seller showcase email + 15% discount
12632,Lost Customers,520,2,804.88,402.44,564,44.0,,,Lapsed,[Lapsed] Last Chance: Final win-back email + maximum discount
12633,At Risk,58,7,5678.16,811.1657142857142,525,77.33333333333333,0.3496512770652771,0.0,Low,Monitor: Add to re-engagement campaign
12634,Lost Customers,535,2,490.0,245.0,547,12.0,,,Lapsed,[Lapsed] Last Chance: Final win-back email + maximum discount
12635,At Risk,89,4,2930.41,732.6025,456,122.0,0.43006858229637146,0.0,Medium,Re-engage: Best-seller showcase email + 15% discount
12636,Lost Customers,738,1,141.0,141.0,738,,,,Lapsed,[Lapsed] Last Chance: Final win-back email + maximum discount
12637,Champions,66,12,8340.31,695.0258333333333,542,42.81818181818182,0.23248104751110077,0.0,Low,Retain: Enrol in VIP loyalty program + send thank-you offer
12638,Promising,32,2,921.49,460.745,639,606.0,0.5539690256118774,1.0,High,Urgent Re-engage: 20% discount coupon + highlight new arrivals
12639,At Risk,238,3,1312.3700000000001,437.4566666666667,627,194.5,,,Lapsed,[Lapsed] Recovery: Time-limited 30% win-back discount + feedback survey
12640,Promising,23,3,1174.5800000000002,391.5266666666667,81,28.5,0.2829561233520508,0.0,Low,Nurture: Monthly newsletter + loyalty point updates
12641,Lost Customers,114,1,185.9,185.9,114,,0.5844224095344543,1.0,High,Last Chance: Final win-back email + maximum discount
12642,Promising,24,3,1013.26,337.75333333333333,107,41.0,0.29190075397491455,0.0,Low,Nurture: Monthly newsletter + loyalty point updates
12643,Champions,127,12,8350.42,695.8683333333333,610,43.36363636363637,0.3171406686306,0.0,Low,Retain: Enrol in VIP loyalty program + send thank-you offer
12644,At Risk,129,4,1918.4899999999998,479.62249999999995,693,188.0,0.4848739206790924,0.0,Medium,Re-engage: Best-seller showcase email + 15% discount
12645,Champions,33,8,3539.3,442.4125,668,90.0,0.3507743775844574,0.0,Medium,Early Alert: Personalised product recommendation based on past purchases
12646,Promising,4,2,1346.97,673.485,48,44.0,0.32752808928489685,0.0,Low,Nurture: Monthly newsletter + loyalty point updates
12647,Champions,21,36,16955.55,470.98749999999995,694,18.685714285714287,0.16707518696784973,0.0,Low,Retain: Enrol in VIP loyalty program + send thank-you offer
12648,At Risk,154,4,1112.0,278.0,700,182.0,,,Lapsed,[Lapsed] Recovery: Time-limited 30% win-back discount + feedback survey
12649,At Risk,106,8,2294.65,286.83125,695,83.71428571428571,0.4345816969871521,0.0,Medium,Re-engage: Best-seller showcase email + 15% discount
12650,Promising,2,1,314.44,314.44,2,,0.5388541221618652,1.0,Medium,Nudge: Reminder email + product recommendation + limited offer
12651,Lost Customers,334,4,377.75,94.4375,464,43.333333333333336,,,Lapsed,[Lapsed] Last Chance: Final win-back email + maximum discount
12652,Lost Customers,330,2,1017.03,508.515,433,102.0,,,Lapsed,[Lapsed] Last Chance: Final win-back email + maximum discount
12653,At Risk,148,3,4160.83,1386.9433333333334,526,188.5,,,Lapsed,[Lapsed] Recovery: Time-limited 30% win-back discount + feedback survey
12654,Promising,10,5,601.98,120.396,294,70.75,0.3543357849121094,0.0,Medium,Nudge: Reminder email + product recommendation + limited offer
12655,Lost Customers,423,1,261.35,261.35,423,,,,Lapsed,[Lapsed] Last Chance: Final win-back email + maximum discount
12656,Champions,16,8,6407.83,800.97875,562,77.42857142857143,0.27728191018104553,0.0,Low,Retain: Enrol in VIP loyalty program + send thank-you offer
12657,Promising,10,4,1643.18,410.795,78,22.0,0.2376568466424942,0.0,Low,Nurture: Monthly newsletter + loyalty point updates
12658,Promising,18,1,686.05,686.05,18,,0.4771447777748108,0.0,Medium,Nudge: Reminder email + product recommendation + limited offer
12659,Promising,29,1,91.68,91.68,29,,0.6121126413345337,1.0,High,Urgent Re-engage: 20% discount coupon + highlight new arrivals
12660,Promising,10,1,245.10000000000002,245.10000000000002,10,,0.5547000765800476,1.0,High,Urgent Re-engage: 20% discount coupon + highlight new arrivals
12661,Lost Customers,435,1,162.0,162.0,435,,,,Lapsed,[Lapsed] Last Chance: Final win-back email + maximum discount
12662,Champions,0,20,6726.54,336.327,617,31.94736842105263,0.1455201953649521,0.0,Low,Retain: Enrol in VIP loyalty program + send thank-you offer
12663,Lost Customers,624,2,239.4,119.7,667,43.0,,,Lapsed,[Lapsed] Last Chance: Final win-back email + maximum discount
12664,Champions,7,11,6070.04,551.8218181818182,726,71.3,0.21062776446342468,0.0,Low,Retain: Enrol in VIP loyalty program + send thank-you offer
12665,Lost Customers,324,3,313.6,104.53333333333335,668,171.5,,,Lapsed,[Lapsed] Last Chance: Final win-back email + maximum discount
12666,Lost Customers,393,1,1248.42,1248.42,393,,,,Lapsed,[Lapsed] Last Chance: Final win-back email + maximum discount
12667,Promising,57,1,620.13,620.13,57,,0.5564481616020203,1.0,High,Urgent Re-engage: 20% discount coupon + highlight new arrivals
12668,Champions,11,10,11444.68,1144.468,676,73.44444444444444,0.3331247568130493,0.0,Low,Retain: Enrol in VIP loyalty program + send thank-you offer
12669,At Risk,150,3,2744.0299999999997,914.6766666666666,256,52.5,,,Lapsed,[Lapsed] Recovery: Time-limited 30% win-back discount + feedback survey
12670,Champions,9,7,3760.29,537.1842857142857,666,109.0,0.3013125956058502,0.0,Low,Retain: Enrol in VIP loyalty program + send thank-you offer
12671,At Risk,605,1,2622.481,2622.481,605,,,,Lapsed,[Lapsed] Recovery: Time-limited 30% win-back discount + feedback survey
12672,Lost Customers,329,2,437.05,218.525,595,265.0,,,Lapsed,[Lapsed] Last Chance: Final win-back email + maximum discount
12673,Promising,4,3,1230.02,410.00666666666666,401,198.0,0.49076420068740845,0.0,Medium,Nudge: Reminder email + product recommendation + limited offer
12674,At Risk,38,4,1970.6,492.65,207,56.333333333333336,0.28926998376846313,0.0,Low,Monitor: Add to re-engagement campaign
12675,Lost Customers,553,2,958.5,479.25,577,24.0,,,Lapsed,[Lapsed] Last Chance: Final win-back email + maximum discount
12676,Champions,24,11,2843.09,258.4627272727273,482,45.5,0.24851606786251068,0.0,Low,Retain: Enrol in VIP loyalty program + send thank-you offer
12677,Lost Customers,554,2,395.1,197.55,665,111.0,,,Lapsed,[Lapsed] Last Chance: Final win-back email + maximum discount
12678,Champions,41,21,34281.18,1632.4371428571428,700,32.4,0.17899292707443237,0.0,Low,Retain: Enrol in VIP loyalty program + send thank-you offer
12679,At Risk,58,4,1113.02,278.255,283,74.33333333333333,0.3642003536224365,0.0,Medium,Re-engage: Best-seller showcase email + 15% discount
12680,Promising,0,4,880.81,220.2025,112,37.0,0.31127628684043884,0.0,Low,Nurture: Monthly newsletter + loyalty point updates
12681,Champions,14,45,29834.760000000002,662.9946666666667,725,15.704545454545455,0.135163813829422,0.0,Low,Retain: Enrol in VIP loyalty program + send thank-you offer
12682,Champions,3,52,22958.62,441.51192307692304,738,13.901960784313726,0.135163813829422,0.0,Low,Retain: Enrol in VIP loyalty program + send thank-you offer
12683,Champions,3,21,11633.7,553.9857142857143,725,35.7,0.1569906622171402,0.0,Low,Retain: Enrol in VIP loyalty program + send thank-you offer
12684,Champions,7,7,2283.63,326.23285714285714,212,33.833333333333336,0.19246794283390045,0.0,Low,Retain: Enrol in VIP loyalty program + send thank-you offer
12685,At Risk,27,6,2863.08,477.18,93,12.6,0.199356347322464,0.0,Low,Monitor: Add to re-engagement campaign
12686,Lost Customers,371,1,89.14,89.14,371,,,,Lapsed,[Lapsed] Last Chance: Final win-back email + maximum discount
12687,At Risk,480,2,2138.91,1069.455,480,0.0,,,Lapsed,[Lapsed] Recovery: Time-limited 30% win-back discount + feedback survey
12688,At Risk,113,1,4873.81,4873.81,113,,0.5847996473312378,1.0,High,Recovery: Time-limited 30% win-back discount + feedback survey
12689,Promising,25,2,1247.6100000000001,623.8050000000001,127,101.0,0.39651647210121155,0.0,Medium,Nudge: Reminder email + product recommendation + limited offer
12690,Lost Customers,205,1,389.01,389.01,205,,,,Lapsed,[Lapsed] Last Chance: Final win-back email + maximum discount
12691,Promising,27,7,1170.4,167.20000000000002,420,65.0,0.3121444582939148,0.0,Low,Nurture: Monthly newsletter + loyalty point updates
12692,Lost Customers,636,1,110.95,110.95,636,,,,Lapsed,[Lapsed] Last Chance: Final win-back email + maximum discount
12693,At Risk,126,7,1703.02,243.28857142857143,521,65.33333333333333,0.39464378356933594,0.0,Medium,Re-engage: Best-seller showcase email + 15% discount
12694,At Risk,69,3,1843.35,614.4499999999999,420,174.5,0.5146661400794983,1.0,Medium,Re-engage: Best-seller showcase email + 15% discount
12695,Promising,6,7,1407.12,201.01714285714283,664,109.16666666666667,0.41038352251052856,0.0,Medium,Nudge: Reminder email + product recommendation + limited offer
12696,Lost Customers,434,2,851.91,425.955,508,74.0,,,Lapsed,[Lapsed] Last Chance: Final win-back email + maximum discount
12697,Promising,28,3,957.59,319.19666666666666,168,69.5,0.3539159297943115,0.0,Medium,Nudge: Reminder email + product recommendation + limited offer
12698,Lost Customers,589,1,339.75,339.75,589,,,,Lapsed,[Lapsed] Last Chance: Final win-back email + maximum discount
12699,Lost Customers,417,1,638.11,638.11,417,,,,Lapsed,[Lapsed] Last Chance: Final win-back email + maximum discount
12700,Champions,7,4,4939.99,1234.9975,214,68.66666666666667,0.291374534368515,0.0,Low,Retain: Enrol in VIP loyalty program + send thank-you offer
12701,At Risk,79,6,2446.41,407.73499999999996,632,110.0,0.4821650981903076,0.0,Medium,Re-engage: Best-seller showcase email + 15% discount
12702,Promising,19,1,219.0,219.0,19,,0.5495615601539612,1.0,Medium,Nudge: Reminder email + product recommendation + limited offer
12703,At Risk,70,4,1006.53,251.6325,684,204.0,0.6045981049537659,1.0,High,Recovery: Time-limited 30% win-back discount + feedback survey
12704,Champions,6,8,2340.84,292.605,169,22.571428571428573,0.158648282289505,0.0,Low,Retain: Enrol in VIP loyalty program + send thank-you offer
12705,Champions,14,14,11762.1,840.15,533,39.46153846153846,0.16174501180648804,0.0,Low,Retain: Enrol in VIP loyalty program + send thank-you offer
12707,Lost Customers,291,1,603.42,603.42,291,,,,Lapsed,[Lapsed] Last Chance: Final win-back email + maximum discount
12708,Champions,29,18,5117.66,284.31444444444446,721,40.1764705882353,0.186470627784729,0.0,Low,Retain: Enrol in VIP loyalty program + send thank-you offer
12709,Champions,14,34,30570.64,899.1364705882353,729,21.181818181818183,0.14214089512825012,0.0,Low,Retain: Enrol in VIP loyalty program + send thank-you offer
12710,At Risk,96,3,1149.02,383.00666666666666,200,51.5,0.36230936646461487,0.0,Medium,Re-engage: Best-seller showcase email + 15% discount
12711,At Risk,611,2,1339.0500000000002,669.5250000000001,676,65.0,,,Lapsed,[Lapsed] Recovery: Time-limited 30% win-back discount + feedback survey
12712,Champions,28,21,6723.030000000001,320.14428571428573,730,34.6,0.17400701344013214,0.0,Low,Retain: Enrol in VIP loyalty program + send thank-you offer
12713,Promising,0,1,848.55,848.55,0,,0.483575701713562,0.0,Medium,Nudge: Reminder email + product recommendation + limited offer
12714,Champions,8,12,14093.710000000001,1174.4758333333334,735,65.45454545454545,0.25928571820259094,0.0,Low,Retain: Enrol in VIP loyalty program + send thank-you offer
12715,Lost Customers,105,1,353.86,353.86,105,,0.5683245658874512,1.0,High,Last Chance: Final win-back email + maximum discount
12716,Promising,3,2,1053.49,526.745,132,129.0,0.4265785813331604,0.0,Medium,Nudge: Reminder email + product recommendation + limited offer
12717,At Risk,150,3,1308.91,436.30333333333334,589,219.0,,,Lapsed,[Lapsed] Recovery: Time-limited 30% win-back discount + feedback survey
12718,Lost Customers,70,1,238.25,238.25,70,,0.587601900100708,1.0,High,Last Chance: Final win-back email + maximum discount
12719,Promising,4,2,644.95,322.475,64,59.0,0.369724839925766,0.0,Medium,Nudge: Reminder email + product recommendation + limited offer
12720,Champions,2,30,7787.28,259.57599999999996,506,17.0,0.135163813829422,0.0,Low,Retain: Enrol in VIP loyalty program + send thank-you offer
12721,Champions,31,8,4013.08,501.635,471,62.285714285714285,0.2615850865840912,0.0,Low,Retain: Enrol in VIP loyalty program + send thank-you offer
12722,At Risk,84,4,997.63,249.4075,150,21.0,0.3761131465435028,0.0,Medium,Re-engage: Best-seller showcase email + 15% discount
12723,Promising,3,5,725.0699999999999,145.01399999999998,64,15.0,0.2596704661846161,0.0,Low,Nurture: Monthly newsletter + loyalty point updates
12724,Champions,4,7,2317.52,331.07428571428574,534,87.83333333333333,0.37048450112342834,0.0,Medium,Early Alert: Personalised product recommendation based on past purchases
12725,At Risk,370,4,2266.76,566.69,583,70.66666666666667,,,Lapsed,[Lapsed] Recovery: Time-limited 30% win-back discount + feedback survey
12726,Champions,27,11,4014.6,364.96363636363634,623,59.0,0.2596191465854645,0.0,Low,Retain: Enrol in VIP loyalty program + send thank-you offer
12727,Champions,10,10,5679.53,567.953,654,71.11111111111111,0.2667068839073181,0.0,Low,Retain: Enrol in VIP loyalty program + send thank-you offer
12728,At Risk,70,5,1070.17,214.03400000000002,383,77.75,0.432130366563797,0.0,Medium,Re-engage: Best-seller showcase email + 15% discount
12729,Lost Customers,113,1,453.01,453.01,113,,0.5482667684555054,1.0,Medium,Re-activation: Welcome-back campaign + highlight what's new
12730,Lost Customers,521,1,829.25,829.25,521,,,,Lapsed,[Lapsed] Last Chance: Final win-back email + maximum discount
12731,Champions,23,17,25775.71,1516.2182352941177,647,38.5625,0.17266954481601715,0.0,Low,Retain: Enrol in VIP loyalty program + send thank-you offer
12732,Lost Customers,179,1,236.26000000000002,236.26000000000002,179,,,,Lapsed,[Lapsed] Last Chance: Final win-back email + maximum discount
12733,At Risk,233,4,2424.87,606.2175,688,151.33333333333334,,,Lapsed,[Lapsed] Recovery: Time-limited 30% win-back discount + feedback survey
12734,Lost Customers,352,3,639.6500000000001,213.2166666666667,391,19.5,,,Lapsed,[Lapsed] Last Chance: Final win-back email + maximum discount
12735,Lost Customers,314,2,779.5699999999999,389.78499999999997,336,21.0,,,Lapsed,[Lapsed] Last Chance: Final win-back email + maximum discount
12736,Lost Customers,332,1,234.0,234.0,332,,,,Lapsed,[Lapsed] Last Chance: Final win-back email + maximum discount
12737,At Risk,498,2,3710.5,1855.25,498,0.0,,,Lapsed,[Lapsed] Recovery: Time-limited 30% win-back discount + feedback survey
12738,Lost Customers,371,1,155.35,155.35,371,,,,Lapsed,[Lapsed] Last Chance: Final win-back email + maximum discount
12739,At Risk,77,4,2726.73,681.6825,393,104.66666666666667,0.4494982957839966,0.0,Medium,Re-engage: Best-seller showcase email + 15% discount
12740,Lost Customers,63,1,427.6,427.6,63,,0.5735530257225037,1.0,High,Last Chance: Final win-back email + maximum discount
12741,Lost Customers,528,2,406.07,203.035,532,3.0,,,Lapsed,[Lapsed] Last Chance: Final win-back email + maximum discount
12742,Lost Customers,625,1,1201.52,1201.52,625,,,,Lapsed,[Lapsed] Last Chance: Final win-back email + maximum discount
12743,Lost Customers,133,2,546.4300000000001,273.21500000000003,133,0.0,0.514481246471405,1.0,Medium,Re-activation: Welcome-back campaign + highlight what's new
12744,Champions,51,11,25317.059999999998,2301.550909090909,590,53.6,0.28398019075393677,0.0,Low,Retain: Enrol in VIP loyalty program + send thank-you offer
12745,At Risk,486,3,925.4100000000001,308.47,681,97.5,,,Lapsed,[Lapsed] Recovery: Time-limited 30% win-back discount + feedback survey
12746,Lost Customers,540,1,254.55,254.55,540,,,,Lapsed,[Lapsed] Last Chance: Final win-back email + maximum discount
12747,Champions,1,26,8917.98,342.99923076923073,731,28.84,0.15639173984527588,0.0,Low,Retain: Enrol in VIP loyalty program + send thank-you offer
12748,Champions,0,336,54598.04,162.49416666666667,734,1.8149253731343284,0.1691170483827591,0.0,Low,Retain: Enrol in VIP loyalty program + send thank-you offer
12749,Champions,3,9,6897.360000000001,766.3733333333334,520,64.125,0.2548004984855652,0.0,Low,Retain: Enrol in VIP loyalty program + send thank-you offer
12750,Lost Customers,128,1,275.88,275.88,128,,0.5677861571311951,1.0,High,Last Chance: Final win-back email + maximum discount
12751,Lost Customers,444,1,268.27,268.27,444,,,,Lapsed,[Lapsed] Last Chance: Final win-back email + maximum discount
12752,At Risk,80,1,4366.78,4366.78,80,,0.5680297613143921,1.0,High,Recovery: Time-limited 30% win-back discount + feedback survey
12753,Champions,22,6,21429.39,3571.565,362,67.4,0.24601230025291443,0.0,Low,Retain: Enrol in VIP loyalty program + send thank-you offer
12754,At Risk,235,3,3010.74,1003.5799999999999,308,36.0,,,Lapsed,[Lapsed] Recovery: Time-limited 30% win-back discount + feedback survey
12755,At Risk,280,11,5236.26,476.0236363636364,693,40.9,,,Lapsed,[Lapsed] Recovery: Time-limited 30% win-back discount + feedback survey
12756,Lost Customers,86,1,112.08,112.08,86,,0.6114290952682495,1.0,High,Last Chance: Final win-back email + maximum discount
12757,Champions,15,13,7857.1,604.3923076923077,210,15.833333333333334,0.135163813829422,0.0,Low,Retain: Enrol in VIP loyalty program + send thank-you offer
12758,At Risk,116,7,9903.24,1414.7485714285715,737,103.16666666666667,0.39741820096969604,0.0,Medium,Re-engage: Best-seller showcase email + 15% discount
12759,Champions,51,8,5020.74,627.5925,735,97.14285714285714,0.36672908067703247,0.0,Medium,Early Alert: Personalised product recommendation based on past purchases
12760,Lost Customers,455,1,347.8,347.8,455,,,,Lapsed,[Lapsed] Last Chance: Final win-back email + maximum discount
12761,Lost Customers,457,2,782.95,391.475,464,7.0,,,Lapsed,[Lapsed] Last Chance: Final win-back email + maximum discount
12762,Promising,7,2,1898.52,949.26,24,17.0,0.2823396921157837,0.0,Low,Nurture: Monthly newsletter + loyalty point updates
12763,Lost Customers,137,2,494.08,247.04,368,230.0,,,Lapsed,[Lapsed] Last Chance: Final win-back email + maximum discount
12764,Lost Customers,316,1,1693.88,1693.88,316,,,,Lapsed,[Lapsed] Last Chance: Final win-back email + maximum discount
12765,At Risk,471,6,1404.58,234.09666666666666,641,33.4,,,Lapsed,[Lapsed] Recovery: Time-limited 30% win-back discount + feedback survey
12766,Champions,3,9,8918.99,990.9988888888888,407,50.125,0.20719078183174133,0.0,Low,Retain: Enrol in VIP loyalty program + send thank-you offer
12767,Lost Customers,375,1,949.82,949.82,375,,,,Lapsed,[Lapsed] Last Chance: Final win-back email + maximum discount
12768,Lost Customers,450,1,168.69,168.69,450,,,,Lapsed,[Lapsed] Last Chance: Final win-back email + maximum discount
12769,Lost Customers,238,1,1143.6,1143.6,238,,,,Lapsed,[Lapsed] Last Chance: Final win-back email + maximum discount
12770,At Risk,210,2,3246.45,1623.225,456,245.0,,,Lapsed,[Lapsed] Recovery: Time-limited 30% win-back discount + feedback survey
12771,Lost Customers,485,1,282.3,282.3,485,,,,Lapsed,[Lapsed] Last Chance: Final win-back email + maximum discount
12772,Promising,59,1,892.47,892.47,59,,0.5248963236808777,1.0,Medium,Nudge: Reminder email + product recommendation + limited offer
12773,Lost Customers,563,1,124.25,124.25,563,,,,Lapsed,[Lapsed] Last Chance: Final win-back email + maximum discount
12774,Lost Customers,535,1,98.7,98.7,535,,,,Lapsed,[Lapsed] Last Chance: Final win-back email + maximum discount
12775,Promising,16,7,1686.1200000000001,240.87428571428572,408,64.83333333333333,0.33008676767349243,0.0,Low,Nurture: Monthly newsletter + loyalty point updates
12776,Lost Customers,667,1,55.5,55.5,667,,,,Lapsed,[Lapsed] Last Chance: Final win-back email + maximum discount
12777,Lost Customers,457,1,519.45,519.45,457,,,,Lapsed,[Lapsed] Last Chance: Final win-back email + maximum discount
12778,Champions,19,9,1775.6799999999998,197.29777777777775,602,72.375,0.3700019121170044,0.0,Medium,Early Alert: Personalised product recommendation based on past purchases
12779,Champions,37,14,6474.11,462.43642857142856,736,53.30769230769231,0.23811481893062592,0.0,Low,Retain: Enrol in VIP loyalty program + send thank-you offer
12780,Lost Customers,598,1,337.4,337.4,598,,,,Lapsed,[Lapsed] Last Chance: Final win-back email + maximum discount
12781,Promising,63,2,826.74,413.37,284,221.0,0.5898334383964539,1.0,High,Urgent Re-engage: 20% discount coupon + highlight new arrivals
12782,Champions,4,11,4618.24,419.84,518,50.8,0.22838346660137177,0.0,Low,Retain: Enrol in VIP loyalty program + send thank-you offer
12783,Champions,1,6,2225.91,370.98499999999996,74,14.2,0.1856718510389328,0.0,Low,Retain: Enrol in VIP loyalty program + send thank-you offer
12784,Promising,8,3,1804.75,601.5833333333334,528,259.5,0.5049039721488953,1.0,Medium,Nudge: Reminder email + product recommendation + limited offer
12785,At Risk,363,3,1100.4,366.8,730,183.0,,,Lapsed,[Lapsed] Recovery: Time-limited 30% win-back discount + feedback survey
12786,Lost Customers,609,1,728.5000000000001,728.5000000000001,609,,,,Lapsed,[Lapsed] Last Chance: Final win-back email + maximum discount
12787,Promising,9,4,862.18,215.545,412,134.0,0.44204315543174744,0.0,Medium,Nudge: Reminder email + product recommendation + limited offer
12788,Lost Customers,462,4,444.90000000000003,111.22500000000001,527,21.333333333333332,,,Lapsed,[Lapsed] Last Chance: Final win-back email + maximum discount
12789,Promising,64,3,273.35,91.11666666666667,693,314.0,0.625234067440033,1.0,High,Urgent Re-engage: 20% discount coupon + highlight new arrivals
12790,Lost Customers,191,2,591.85,295.925,409,218.0,,,Lapsed,[Lapsed] Last Chance: Final win-back email + maximum discount
12791,At Risk,373,6,863.51,143.91833333333332,623,49.8,,,Lapsed,[Lapsed] Recovery: Time-limited 30% win-back discount + feedback survey
12792,Lost Customers,256,2,827.01,413.505,534,278.0,,,Lapsed,[Lapsed] Last Chance: Final win-back email + maximum discount
12793,At Risk,334,3,885.53,295.1766666666667,400,33.0,,,Lapsed,[Lapsed] Recovery: Time-limited 30% win-back discount + feedback survey
12794,Promising,52,2,860.41,430.205,98,45.0,0.376493901014328,0.0,Medium,Nudge: Reminder email + product recommendation + limited offer
12795,Promising,18,1,430.48,430.48,18,,0.5441383123397827,1.0,Medium,Nudge: Reminder email + product recommendation + limited offer
12796,Lost Customers,627,1,381.0,381.0,627,,,,Lapsed,[Lapsed] Last Chance: Final win-back email + maximum discount
12797,Lost Customers,365,2,552.08,276.04,423,58.0,,,Lapsed,[Lapsed] Last Chance: Final win-back email + maximum discount
12798,Champions,9,4,8510.93,2127.7325,421,136.66666666666666,0.3448467254638672,0.0,Low,Retain: Enrol in VIP loyalty program + send thank-you offer
12799,Lost Customers,528,1,219.35,219.35,528,,,,Lapsed,[Lapsed] Last Chance: Final win-back email + maximum discount
12800,Lost Customers,469,3,584.25,194.75,676,103.0,,,Lapsed,[Lapsed] Last Chance: Final win-back email + maximum discount
12801,Lost Customers,500,1,1071.82,1071.82,500,,,,Lapsed,[Lapsed] Last Chance: Final win-back email + maximum discount
12802,At Risk,186,7,2416.42,345.20285714285717,563,62.5,,,Lapsed,[Lapsed] Recovery: Time-limited 30% win-back discount + feedback survey
12803,Lost Customers,392,1,1092.81,1092.81,392,,,,Lapsed,[Lapsed] Last Chance: Final win-back email + maximum discount
12804,Lost Customers,465,2,327.02,163.51,499,34.0,,,Lapsed,[Lapsed] Last Chance: Final win-back email + maximum discount
12805,At Risk,381,4,1434.95,358.7375,674,97.33333333333333,,,Lapsed,[Lapsed] Recovery: Time-limited 30% win-back discount + feedback survey
12806,At Risk,434,4,2878.96,719.74,588,50.666666666666664,,,Lapsed,[Lapsed] Recovery: Time-limited 30% win-back discount + feedback survey
12807,Lost Customers,382,1,330.35,330.35,382,,,,Lapsed,[Lapsed] Last Chance: Final win-back email + maximum discount
12808,Promising,36,5,776.7,155.34,462,106.0,0.5177133083343506,1.0,Medium,Nudge: Reminder email + product recommendation + limited offer
12809,At Risk,177,3,1755.94,585.3133333333334,646,234.0,,,Lapsed,[Lapsed] Recovery: Time-limited 30% win-back discount + feedback survey
12810,Lost Customers,534,2,534.99,267.495,676,142.0,,,Lapsed,[Lapsed] Last Chance: Final win-back email + maximum discount
12811,At Risk,260,5,1033.9,206.78000000000003,427,41.0,,,Lapsed,[Lapsed] Recovery: Time-limited 30% win-back discount + feedback survey
12812,Promising,44,1,229.64000000000001,229.64000000000001,44,,0.5894957184791565,1.0,High,Urgent Re-engage: 20% discount coupon + highlight new arrivals
12813,At Risk,501,3,1687.8000000000002,562.6,692,95.0,,,Lapsed,[Lapsed] Recovery: Time-limited 30% win-back discount + feedback survey
12814,Lost Customers,101,1,125.92,125.92,101,,0.6447242498397827,1.0,High,Last Chance: Final win-back email + maximum discount
12815,At Risk,147,2,1063.46,531.73,197,50.0,,,Lapsed,[Lapsed] Recovery: Time-limited 30% win-back discount + feedback survey
12816,Lost Customers,95,2,572.2,286.1,175,80.0,0.4180675745010376,0.0,Medium,Re-activation: Welcome-back campaign + highlight what's new
12817,At Risk,280,3,690.98,230.32666666666668,434,76.0,,,Lapsed,[Lapsed] Recovery: Time-limited 30% win-back discount + feedback survey
12818,Lost Customers,261,1,1542.08,1542.08,261,,,,Lapsed,[Lapsed] Last Chance: Final win-back email + maximum discount
12819,Lost Customers,457,1,540.52,540.52,457,,,,Lapsed,[Lapsed] Last Chance: Final win-back email + maximum discount
12820,Champions,2,11,2689.52,244.50181818181818,733,72.6,0.372597873210907,0.0,Medium,Early Alert: Personalised product recommendation based on past purchases
12821,Lost Customers,213,2,220.8,110.4,610,397.0,,,Lapsed,[Lapsed] Last Chance: Final win-back email + maximum discount
12822,Promising,70,2,948.88,474.44,86,16.0,0.42933064699172974,0.0,Medium,Nudge: Reminder email + product recommendation + limited offer
12823,Champions,74,18,6501.5,361.19444444444446,678,35.1764705882353,0.2882315218448639,0.0,Low,Retain: Enrol in VIP loyalty program + send thank-you offer
12824,Promising,59,1,397.12,397.12,59,,0.5683245658874512,1.0,High,Urgent Re-engage: 20% discount coupon + highlight new arrivals
12825,Lost Customers,520,2,518.63,259.315,641,120.0,,,Lapsed,[Lapsed] Last Chance: Final win-back email + maximum discount
12826,Champions,2,12,2800.75,233.39583333333334,721,64.9090909090909,0.28738048672676086,0.0,Low,Retain: Enrol in VIP loyalty program + send thank-you offer
12827,Promising,5,3,430.15,143.38333333333333,43,19.0,0.37844592332839966,0.0,Medium,Nudge: Reminder email + product recommendation + limited offer
12828,Promising,2,6,1018.71,169.785,129,25.0,0.2469635158777237,0.0,Low,Nurture: Monthly newsletter + loyalty point updates
12829,Lost Customers,336,3,385.3,128.43333333333334,549,106.0,,,Lapsed,[Lapsed] Last Chance: Final win-back email + maximum discount
12830,Champions,37,6,6814.64,1135.7733333333333,171,26.2,0.19905291497707367,0.0,Low,Retain: Enrol in VIP loyalty program + send thank-you offer
12831,Lost Customers,261,3,451.11,150.37,462,100.0,,,Lapsed,[Lapsed] Last Chance: Final win-back email + maximum discount
12832,Promising,31,2,383.03000000000003,191.51500000000001,97,65.0,0.42989349365234375,0.0,Medium,Nudge: Reminder email + product recommendation + limited offer
12833,Lost Customers,144,1,417.38,417.38,144,,,,Lapsed,[Lapsed] Last Chance: Final win-back email + maximum discount
12834,Lost Customers,282,1,312.38,312.38,282,,,,Lapsed,[Lapsed] Last Chance: Final win-back email + maximum discount
12835,Champions,427,41,6043.31,147.3978048780488,736,7.225,,,Lapsed,[Lapsed] VIP Win-Back: Personal call + exclusive loyalty reward + free shipping
12836,Champions,58,15,6585.62,439.04133333333334,737,48.0,0.32156887650489807,0.0,Low,Retain: Enrol in VIP loyalty program + send thank-you offer
12837,Lost Customers,172,2,688.41,344.205,568,396.0,,,Lapsed,[Lapsed] Last Chance: Final win-back email + maximum discount
12838,Champions,33,10,3007.69,300.769,592,61.55555555555556,0.4391733407974243,0.0,Medium,Early Alert: Personalised product recommendation based on past purchases
12839,Champions,2,26,9669.12,371.8892307692308,732,28.8,0.14037325978279114,0.0,Low,Retain: Enrol in VIP loyalty program + send thank-you offer
12840,At Risk,143,7,4041.9700000000003,577.4242857142857,673,87.83333333333333,,,Lapsed,[Lapsed] Recovery: Time-limited 30% win-back discount + feedback survey
12841,Champions,4,40,7034.6900000000005,175.86725,518,12.717948717948717,0.135163813829422,0.0,Low,Retain: Enrol in VIP loyalty program + send thank-you offer
12842,At Risk,69,4,1917.99,479.4975,737,222.33333333333334,0.5490172505378723,1.0,Medium,Re-engage: Best-seller showcase email + 15% discount
12843,Champions,65,30,6588.41,219.61366666666666,726,22.310344827586206,0.2558771073818207,0.0,Low,Retain: Enrol in VIP loyalty program + send thank-you offer
12844,Promising,28,4,648.6,162.15,593,187.66666666666666,0.5710290670394897,1.0,High,Urgent Re-engage: 20% discount coupon + highlight new arrivals
12845,Lost Customers,266,4,354.09000000000003,88.52250000000001,289,7.333333333333333,,,Lapsed,[Lapsed] Last Chance: Final win-back email + maximum discount
12846,Lost Customers,681,1,15.58,15.58,681,,,,Lapsed,[Lapsed] Last Chance: Final win-back email + maximum discount
12847,Promising,21,2,1636.9,818.45,387,365.0,0.5225629806518555,1.0,Medium,Nudge: Reminder email + product recommendation + limited offer
12848,Lost Customers,675,1,208.0,208.0,675,,,,Lapsed,[Lapsed] Last Chance: Final win-back email + maximum discount
12849,At Risk,30,6,3090.56,515.0933333333334,590,111.6,0.4507429599761963,0.0,Medium,Re-engage: Best-seller showcase email + 15% discount
12850,Lost Customers,445,1,330.0,330.0,445,,,,Lapsed,[Lapsed] Last Chance: Final win-back email + maximum discount
12851,Lost Customers,96,2,284.13,142.065,476,380.0,0.6556805372238159,1.0,High,Last Chance: Final win-back email + maximum discount
12852,Lost Customers,294,1,311.55,311.55,294,,,,Lapsed,[Lapsed] Last Chance: Final win-back email + maximum discount
12853,At Risk,134,11,3907.5,355.22727272727275,672,53.4,0.39002910256385803,0.0,Medium,Re-engage: Best-seller showcase email + 15% discount
12854,At Risk,78,7,2994.02,427.71714285714285,727,107.83333333333333,0.43184134364128113,0.0,Medium,Re-engage: Best-seller showcase email + 15% discount
12855,At Risk,372,4,612.84,153.21,401,9.333333333333334,,,Lapsed,[Lapsed] Recovery: Time-limited 30% win-back discount + feedback survey
12856,Promising,7,6,2179.93,363.32166666666666,63,10.8,0.18258774280548096,0.0,Low,Nurture: Monthly newsletter + loyalty point updates
12857,At Risk,210,6,3688.0,614.6666666666666,682,94.0,,,Lapsed,[Lapsed] Recovery: Time-limited 30% win-back discount + feedback survey
12858,Lost Customers,382,1,177.92,177.92,382,,,,Lapsed,[Lapsed] Last Chance: Final win-back email + maximum discount
12859,Lost Customers,458,1,575.1,575.1,458,,,,Lapsed,[Lapsed] Last Chance: Final win-back email + maximum discount
12860,Lost Customers,692,1,55.47,55.47,692,,,,Lapsed,[Lapsed] Last Chance: Final win-back email + maximum discount
12861,Lost Customers,619,1,68.25,68.25,619,,,,Lapsed,[Lapsed] Last Chance: Final win-back email + maximum discount
12862,Lost Customers,425,2,1008.3199999999999,504.15999999999997,494,69.0,,,Lapsed,[Lapsed] Last Chance: Final win-back email + maximum discount
12863,At Risk,51,6,2792.55,465.425,588,106.8,0.4725976884365082,0.0,Medium,Re-engage: Best-seller showcase email + 15% discount
12864,Lost Customers,137,2,299.57,149.785,507,369.0,,,Lapsed,[Lapsed] Last Chance: Final win-back email + maximum discount
12865,At Risk,25,4,3323.4700000000003,830.8675000000001,476,149.66666666666666,0.484795480966568,0.0,Medium,Re-engage: Best-seller showcase email + 15% discount
12866,At Risk,282,3,1227.35,409.1166666666666,502,109.0,,,Lapsed,[Lapsed] Recovery: Time-limited 30% win-back discount + feedback survey
12867,Champions,25,13,7913.29,608.7146153846154,722,57.5,0.24739499390125275,0.0,Low,Retain: Enrol in VIP loyalty program + send thank-you offer
12868,At Risk,185,8,2043.7600000000002,255.47000000000003,392,29.142857142857142,,,Lapsed,[Lapsed] Recovery: Time-limited 30% win-back discount + feedback survey
12869,Lost Customers,681,1,337.66999999999996,337.66999999999996,681,,,,Lapsed,[Lapsed] Last Chance: Final win-back email + maximum discount
12870,At Risk,374,3,1676.95,558.9833333333333,623,124.0,,,Lapsed,[Lapsed] Recovery: Time-limited 30% win-back discount + feedback survey
12871,At Risk,83,3,744.02,248.00666666666666,439,177.5,0.5710192322731018,1.0,High,Recovery: Time-limited 30% win-back discount + feedback survey
12872,At Risk,326,12,3306.96,275.58,735,36.72727272727273,,,Lapsed,[Lapsed] Recovery: Time-limited 30% win-back discount + feedback survey
12873,At Risk,281,3,2027.3,675.7666666666667,681,199.5,,,Lapsed,[Lapsed] Recovery: Time-limited 30% win-back discount + feedback survey
12874,Lost Customers,384,2,948.42,474.21,553,169.0,,,Lapsed,[Lapsed] Last Chance: Final win-back email + maximum discount
12875,At Risk,142,5,1356.99,271.398,697,138.25,,,Lapsed,[Lapsed] Recovery: Time-limited 30% win-back discount + feedback survey
12876,At Risk,57,4,4081.79,1020.4475,589,177.0,0.41655096411705017,0.0,Medium,Re-engage: Best-seller showcase email + 15% discount
12877,Champions,3,20,2955.17,147.7585,690,35.578947368421055,0.17108701169490814,0.0,Low,Retain: Enrol in VIP loyalty program + send thank-you offer
12878,Lost Customers,235,2,854.99,427.495,265,29.0,,,Lapsed,[Lapsed] Last Chance: Final win-back email + maximum discount
12879,Promising,44,3,573.22,191.07333333333335,91,23.0,0.38983839750289917,0.0,Medium,Nudge: Reminder email + product recommendation + limited offer
12880,Lost Customers,381,2,640.13,320.065,574,192.0,,,Lapsed,[Lapsed] Last Chance: Final win-back email + maximum discount
12881,Lost Customers,275,1,298.0,298.0,275,,,,Lapsed,[Lapsed] Last Chance: Final win-back email + maximum discount
12882,Promising,8,2,1463.04,731.52,33,24.0,0.2979716658592224,0.0,Low,Nurture: Monthly newsletter + loyalty point updates
12883,Promising,24,4,703.47,175.8675,88,21.333333333333332,0.32046207785606384,0.0,Low,Nurture: Monthly newsletter + loyalty point updates
12884,Lost Customers,87,1,309.05,309.05,87,,0.5613951683044434,1.0,High,Last Chance: Final win-back email + maximum discount
12885,At Risk,62,3,1175.22,391.74,123,30.0,0.3429270088672638,0.0,Low,Monitor: Add to re-engagement campaign
12886,Promising,67,2,1378.4,689.2,219,151.0,0.48668110370635986,0.0,Medium,Nudge: Reminder email + product recommendation + limited offer
12887,Lost Customers,383,1,222.4,222.4,383,,,,Lapsed,[Lapsed] Last Chance: Final win-back email + maximum discount
12888,Lost Customers,213,2,354.12,177.06,254,41.0,,,Lapsed,[Lapsed] Last Chance: Final win-back email + maximum discount
12889,Lost Customers,380,4,385.46000000000004,96.36500000000001,501,40.0,,,Lapsed,[Lapsed] Last Chance: Final win-back email + maximum discount
12890,Promising,23,2,717.27,358.635,386,363.0,0.6264625191688538,1.0,High,Urgent Re-engage: 20% discount coupon + highlight new arrivals
12891,At Risk,185,11,840.5,76.4090909090909,658,46.9,,,Lapsed,[Lapsed] Recovery: Time-limited 30% win-back discount + feedback survey
12892,Lost Customers,396,1,263.38,263.38,396,,,,Lapsed,[Lapsed] Last Chance: Final win-back email + maximum discount
12893,Promising,30,1,188.14,188.14,30,,0.5586685538291931,1.0,High,Urgent Re-engage: 20% discount coupon + highlight new arrivals
12894,Lost Customers,574,1,157.35,157.35,574,,,,Lapsed,[Lapsed] Last Chance: Final win-back email + maximum discount
12895,Promising,41,2,372.8,186.4,86,44.0,0.3908684551715851,0.0,Medium,Nudge: Reminder email + product recommendation + limited offer
12897,At Risk,204,4,514.25,128.5625,543,112.66666666666667,,,Lapsed,[Lapsed] Recovery: Time-limited 30% win-back discount + feedback survey
12898,Lost Customers,463,2,310.96,155.48,659,195.0,,,Lapsed,[Lapsed] Last Chance: Final win-back email + maximum discount
12899,Lost Customers,413,1,366.4,366.4,413,,,,Lapsed,[Lapsed] Last Chance: Final win-back email + maximum discount
12900,Lost Customers,421,1,340.33000000000004,340.33000000000004,421,,,,Lapsed,[Lapsed] Last Chance: Final win-back email + maximum discount
12901,Champions,8,28,17654.54,630.5192857142857,270,9.222222222222221,0.135163813829422,0.0,Low,Retain: Enrol in VIP loyalty program + send thank-you offer
12902,Lost Customers,264,1,138.68,138.68,264,,,,Lapsed,[Lapsed] Last Chance: Final win-back email + maximum discount
12903,Lost Customers,428,1,833.5300000000001,833.5300000000001,428,,,,Lapsed,[Lapsed] Last Chance: Final win-back email + maximum discount
12904,Promising,17,2,509.58,254.79,171,154.0,0.4905679523944855,0.0,Medium,Nudge: Reminder email + product recommendation + limited offer
12905,Lost Customers,576,2,1018.42,509.21,681,105.0,,,Lapsed,[Lapsed] Last Chance: Final win-back email + maximum discount
12906,Promising,11,5,2919.81,583.962,77,16.5,0.17077893018722534,0.0,Low,Nurture: Monthly newsletter + loyalty point updates
12907,Lost Customers,395,2,508.90999999999997,254.45499999999998,493,98.0,,,Lapsed,[Lapsed] Last Chance: Final win-back email + maximum discount
12908,At Risk,175,5,1776.0,355.2,629,113.0,,,Lapsed,[Lapsed] Recovery: Time-limited 30% win-back discount + feedback survey
12909,At Risk,39,8,3103.19,387.89875,653,87.42857142857143,0.27498123049736023,0.0,Low,Monitor: Add to re-engagement campaign
12910,Champions,22,13,5796.52,445.8861538461539,620,49.5,0.20399969816207886,0.0,Low,Retain: Enrol in VIP loyalty program + send thank-you offer
12911,Lost Customers,551,1,1680.47,1680.47,551,,,,Lapsed,[Lapsed] Last Chance: Final win-back email + maximum discount
12912,Promising,2,5,1662.3000000000002,332.46000000000004,40,8.75,0.18752294778823853,0.0,Low,Nurture: Monthly newsletter + loyalty point updates
12913,Champions,4,13,6283.240000000001,483.3261538461539,738,60.75,0.3078380227088928,0.0,Low,Retain: Enrol in VIP loyalty program + send thank-you offer
12914,Lost Customers,400,1,223.98,223.98,400,,,,Lapsed,[Lapsed] Last Chance: Final win-back email + maximum discount
12915,At Risk,148,4,975.1,243.775,588,146.33333333333334,,,Lapsed,[Lapsed] Recovery: Time-limited 30% win-back discount + feedback survey
12916,At Risk,138,7,4654.02,664.86,684,90.33333333333333,,,Lapsed,[Lapsed] Recovery: Time-limited 30% win-back discount + feedback survey
12917,At Risk,127,6,4359.2,726.5333333333333,729,120.0,0.4745292365550995,0.0,Medium,Re-engage: Best-seller showcase email + 15% discount
12918,At Risk,625,1,10953.5,10953.5,625,,,,Lapsed,[Lapsed] Recovery: Time-limited 30% win-back discount + feedback survey
12919,Promising,7,6,1335.19,222.53166666666667,169,31.8,0.23510156571865082,0.0,Low,Nurture: Monthly newsletter + loyalty point updates
12920,Promising,16,4,488.09000000000003,122.02250000000001,724,235.66666666666666,0.5580862164497375,1.0,High,Urgent Re-engage: 20% discount coupon + highlight new arrivals
12921,Champions,8,74,35233.24,476.12486486486483,737,9.657534246575343,0.135163813829422,0.0,Low,Retain: Enrol in VIP loyalty program + send thank-you offer
12922,Lost Customers,160,1,405.38,405.38,160,,,,Lapsed,[Lapsed] Last Chance: Final win-back email + maximum discount
12923,Promising,63,3,789.87,263.29,574,255.0,0.63791424036026,1.0,High,Urgent Re-engage: 20% discount coupon + highlight new arrivals
12924,At Risk,87,12,2469.4,205.78333333333333,730,58.0,0.362979531288147,0.0,Medium,Re-engage: Best-seller showcase email + 15% discount
12925,Promising,4,3,729.3299999999999,243.10999999999999,592,294.0,0.5276724100112915,1.0,Medium,Nudge: Reminder email + product recommendation + limited offer
12926,At Risk,410,4,1548.46,387.115,724,104.33333333333333,,,Lapsed,[Lapsed] Recovery: Time-limited 30% win-back discount + feedback survey
12927,Lost Customers,394,1,197.31,197.31,394,,,,Lapsed,[Lapsed] Last Chance: Final win-back email + maximum discount
12928,Champions,34,12,4304.89,358.74083333333334,549,46.18181818181818,0.20310208201408386,0.0,Low,Retain: Enrol in VIP loyalty program + send thank-you offer
12929,Lost Customers,311,1,117.85,117.85,311,,,,Lapsed,[Lapsed] Last Chance: Final win-back email + maximum discount
12930,Promising,77,2,415.8,207.9,170,93.0,0.49749574065208435,0.0,Medium,Nudge: Reminder email + product recommendation + limited offer
12931,Champions,21,57,92347.34,1620.1287719298246,738,12.392857142857142,0.1450832188129425,0.0,Low,Retain: Enrol in VIP loyalty program + send thank-you offer
12932,At Risk,538,8,1698.56,212.32,667,17.857142857142858,,,Lapsed,[Lapsed] Recovery: Time-limited 30% win-back discount + feedback survey
12933,At Risk,23,8,1687.03,210.87875,728,100.28571428571429,0.40998417139053345,0.0,Medium,Re-engage: Best-seller showcase email + 15% discount
12934,Lost Customers,736,1,181.65,181.65,736,,,,Lapsed,[Lapsed] Last Chance: Final win-back email + maximum discount
12935,Champions,1,15,4243.86,282.924,606,42.785714285714285,0.20121954381465912,0.0,Low,Retain: Enrol in VIP loyalty program + send thank-you offer
12936,Promising,16,4,1063.9,265.975,77,20.0,0.2773379683494568,0.0,Low,Nurture: Monthly newsletter + loyalty point updates
12937,Champions,14,9,3097.61,344.1788888888889,735,89.75,0.3358851373195648,0.0,Low,Retain: Enrol in VIP loyalty program + send thank-you offer
12938,Promising,25,1,114.14,114.14,25,,0.5780557990074158,1.0,High,Urgent Re-engage: 20% discount coupon + highlight new arrivals
12939,Champions,63,20,25264.8,1263.24,696,32.94736842105263,0.211280956864357,0.0,Low,Retain: Enrol in VIP loyalty program + send thank-you offer
12940,Promising,54,2,913.54,456.77,87,33.0,0.38393330574035645,0.0,Medium,Nudge: Reminder email + product recommendation + limited offer
12941,Lost Customers,723,1,377.49,377.49,723,,,,Lapsed,[Lapsed] Last Chance: Final win-back email + maximum discount
12942,At Risk,130,3,683.9,227.96666666666667,365,117.0,0.5285158157348633,1.0,Medium,Re-engage: Best-seller showcase email + 15% discount
12943,Lost Customers,557,2,496.49999999999994,248.24999999999997,605,47.0,,,Lapsed,[Lapsed] Last Chance: Final win-back email + maximum discount
12944,Promising,35,2,604.51,302.255,354,319.0,0.5642465949058533,1.0,High,Urgent Re-engage: 20% discount coupon + highlight new arrivals
12945,Lost Customers,287,2,900.11,450.055,655,367.0,,,Lapsed,[Lapsed] Last Chance: Final win-back email + maximum discount
12946,Lost Customers,436,1,324.45,324.45,436,,,,Lapsed,[Lapsed] Last Chance: Final win-back email + maximum discount
12947,At Risk,143,6,1603.99,267.33166666666665,372,45.6,,,Lapsed,[Lapsed] Recovery: Time-limited 30% win-back discount + feedback survey
12948,Champions,15,9,2317.4300000000003,257.49222222222227,737,89.75,0.2961461842060089,0.0,Low,Retain: Enrol in VIP loyalty program + send thank-you offer
12949,Champions,30,22,15526.7,705.7590909090909,735,33.333333333333336,0.18507154285907745,0.0,Low,Retain: Enrol in VIP loyalty program + send thank-you offer
12950,Promising,1,3,1843.0,614.3333333333334,23,10.5,0.277291476726532,0.0,Low,Nurture: Monthly newsletter + loyalty point updates
12951,Champions,8,15,3213.7200000000003,214.24800000000002,698,48.857142857142854,0.2589051425457001,0.0,Low,Retain: Enrol in VIP loyalty program + send thank-you offer
12952,Promising,5,4,1387.79,346.9475,77,24.0,0.2673497200012207,0.0,Low,Nurture: Monthly newsletter + loyalty point updates
12953,Promising,9,2,828.81,414.405,521,512.0,0.64092618227005,1.0,High,Urgent Re-engage: 20% discount coupon + highlight new arrivals
12954,Lost Customers,638,1,162.45,162.45,638,,,,Lapsed,[Lapsed] Last Chance: Final win-back email + maximum discount
12955,Champions,0,11,4757.16,432.4690909090909,267,26.3,0.14226925373077393,0.0,Low,Retain: Enrol in VIP loyalty program + send thank-you offer
12956,At Risk,305,4,521.89,130.4725,723,138.66666666666666,,,Lapsed,[Lapsed] Recovery: Time-limited 30% win-back discount + feedback survey
12957,Champions,9,13,8706.97,669.766923076923,728,59.5,0.22085513174533844,0.0,Low,Retain: Enrol in VIP loyalty program + send thank-you offer
12958,Lost Customers,399,2,539.49,269.745,582,182.0,,,Lapsed,[Lapsed] Last Chance: Final win-back email + maximum discount
12959,Lost Customers,483,1,150.95,150.95,483,,,,Lapsed,[Lapsed] Last Chance: Final win-back email + maximum discount
12960,At Risk,413,4,1322.0700000000002,330.51750000000004,660,81.66666666666667,,,Lapsed,[Lapsed] Recovery: Time-limited 30% win-back discount + feedback survey
12961,Lost Customers,378,1,211.99,211.99,378,,,,Lapsed,[Lapsed] Last Chance: Final win-back email + maximum discount
12962,Promising,6,2,266.39,133.195,112,106.0,0.48631787300109863,0.0,Medium,Nudge: Reminder email + product recommendation + limited offer
12963,Champions,7,12,3235.79,269.64916666666664,518,45.81818181818182,0.23258396983146667,0.0,Low,Retain: Enrol in VIP loyalty program + send thank-you offer
12964,Lost Customers,436,1,132.24,132.24,436,,,,Lapsed,[Lapsed] Last Chance: Final win-back email + maximum discount
12965,Lost Customers,88,1,771.91,771.91,88,,0.5216760039329529,1.0,Medium,Re-activation: Welcome-back campaign + highlight what's new
12966,Promising,9,1,160.18,160.18,9,,0.5679209232330322,1.0,High,Urgent Re-engage: 20% discount coupon + highlight new arrivals
12967,At Risk,357,3,2938.5200000000004,979.5066666666668,383,12.0,,,Lapsed,[Lapsed] Recovery: Time-limited 30% win-back discount + feedback survey
12968,Lost Customers,111,1,135.95,135.95,111,,0.6447242498397827,1.0,High,Last Chance: Final win-back email + maximum discount
12969,Lost Customers,602,1,122.45,122.45,602,,,,Lapsed,[Lapsed] Last Chance: Final win-back email + maximum discount
12970,Champions,6,10,1524.97,152.497,734,80.77777777777777,0.43421587347984314,0.0,Medium,Early Alert: Personalised product recommendation based on past purchases
12971,Champions,3,116,15704.6,135.3844827586207,723,5.843478260869565,0.135163813829422,0.0,Low,Retain: Enrol in VIP loyalty program + send thank-you offer
12972,At Risk,413,4,1161.2,290.3,660,81.66666666666667,,,Lapsed,[Lapsed] Recovery: Time-limited 30% win-back discount + feedback survey
12973,Lost Customers,413,1,385.55,385.55,413,,,,Lapsed,[Lapsed] Last Chance: Final win-back email + maximum discount
12974,Lost Customers,197,2,408.95,204.475,565,367.0,,,Lapsed,[Lapsed] Last Chance: Final win-back email + maximum discount
12975,At Risk,436,6,2100.09,350.01500000000004,733,59.0,,,Lapsed,[Lapsed] Recovery: Time-limited 30% win-back discount + feedback survey
12976,At Risk,211,8,3156.38,394.5475,664,64.42857142857143,,,Lapsed,[Lapsed] Recovery: Time-limited 30% win-back discount + feedback survey
12977,At Risk,155,4,517.63,129.4075,510,118.0,,,Lapsed,[Lapsed] Recovery: Time-limited 30% win-back discount + feedback survey
12978,At Risk,384,5,2502.82,500.564,729,85.75,,,Lapsed,[Lapsed] Recovery: Time-limited 30% win-back discount + feedback survey
12979,Lost Customers,728,1,517.7,517.7,728,,,,Lapsed,[Lapsed] Last Chance: Final win-back email + maximum discount
12980,Champions,157,21,16245.78,773.6085714285715,737,28.5,,,Lapsed,[Lapsed] VIP Win-Back: Personal call + exclusive loyalty reward + free shipping
12981,Promising,29,2,372.22,186.11,132,103.0,0.5154584646224976,1.0,Medium,Nudge: Reminder email + product recommendation + limited offer
12982,At Risk,242,8,2744.81,343.10125,605,51.42857142857143,,,Lapsed,[Lapsed] Recovery: Time-limited 30% win-back discount + feedback survey
12983,Lost Customers,597,1,490.08,490.08,597,,,,Lapsed,[Lapsed] Last Chance: Final win-back email + maximum discount
12984,Promising,18,1,97.5,97.5,18,,0.6002914309501648,1.0,High,Urgent Re-engage: 20% discount coupon + highlight new arrivals
12985,Promising,0,2,1239.38,619.69,28,27.0,0.33278074860572815,0.0,Low,Nurture: Monthly newsletter + loyalty point updates
12986,At Risk,428,10,2729.84,272.98400000000004,687,28.444444444444443,,,Lapsed,[Lapsed] Recovery: Time-limited 30% win-back discount + feedback survey
12987,At Risk,73,5,1312.21,262.442,688,153.25,0.5279861688613892,1.0,Medium,Re-engage: Best-seller showcase email + 15% discount
12988,Lost Customers,291,1,535.32,535.32,291,,,,Lapsed,[Lapsed] Last Chance: Final win-back email + maximum discount
12989,Champions,2,33,13551.75,410.65909090909093,728,22.28125,0.1386200189590454,0.0,Low,Retain: Enrol in VIP loyalty program + send thank-you offer
12990,Promising,30,7,955.5,136.5,619,97.33333333333333,0.4707503914833069,0.0,Medium,Nudge: Reminder email + product recommendation + limited offer
12991,Promising,22,3,764.8199999999999,254.93999999999997,388,183.0,0.47100141644477844,0.0,Medium,Nudge: Reminder email + product recommendation + limited offer
12992,Lost Customers,724,1,93.35,93.35,724,,,,Lapsed,[Lapsed] Last Chance: Final win-back email + maximum discount
12993,Promising,22,8,1259.63,157.45375,659,90.57142857142857,0.47789573669433594,0.0,Medium,Nudge: Reminder email + product recommendation + limited offer
12994,Promising,3,3,974.4200000000001,324.8066666666667,268,131.5,0.40810760855674744,0.0,Medium,Nudge: Reminder email + product recommendation + limited offer
12995,Lost Customers,84,1,211.32,211.32,84,,0.5785501003265381,1.0,High,Last Chance: Final win-back email + maximum discount
12996,Lost Customers,375,1,355.5,355.5,375,,,,Lapsed,[Lapsed] Last Chance: Final win-back email + maximum discount
12997,Champions,21,8,2110.91,263.86375,612,83.71428571428571,0.37402382493019104,0.0,Medium,Early Alert: Personalised product recommendation based on past purchases
12998,At Risk,492,3,920.08,306.6933333333333,653,80.0,,,Lapsed,[Lapsed] Recovery: Time-limited 30% win-back discount + feedback survey
12999,Lost Customers,195,3,455.88,151.96,245,24.0,,,Lapsed,[Lapsed] Last Chance: Final win-back email + maximum discount
13000,At Risk,106,4,1032.5,258.125,724,205.66666666666666,0.5594911575317383,1.0,High,Recovery: Time-limited 30% win-back discount + feedback survey
13001,Champions,3,33,24172.1,732.4878787878788,735,22.3125,0.17002730071544647,0.0,Low,Retain: Enrol in VIP loyalty program + send thank-you offer
13002,Lost Customers,317,3,414.13,138.04333333333332,434,58.0,,,Lapsed,[Lapsed] Last Chance: Final win-back email + maximum discount
13003,Lost Customers,105,3,149.05,49.68333333333334,214,54.0,0.48244038224220276,0.0,Medium,Re-activation: Welcome-back campaign + highlight what's new
13004,Champions,11,36,11650.85,323.63472222222225,724,19.857142857142858,0.135163813829422,0.0,Low,Retain: Enrol in VIP loyalty program + send thank-you offer
13005,At Risk,173,4,999.6800000000001,249.92000000000002,456,94.0,,,Lapsed,[Lapsed] Recovery: Time-limited 30% win-back discount + feedback survey
13006,Lost Customers,55,1,81.57,81.57,55,,0.6299325823783875,1.0,High,Last Chance: Final win-back email + maximum discount
13007,Lost Customers,579,1,175.25,175.25,579,,,,Lapsed,[Lapsed] Last Chance: Final win-back email + maximum discount
13008,Lost Customers,322,3,612.13,204.04333333333332,722,199.5,,,Lapsed,[Lapsed] Last Chance: Final win-back email + maximum discount
13009,Lost Customers,672,1,234.0,234.0,672,,,,Lapsed,[Lapsed] Last Chance: Final win-back email + maximum discount
13010,Lost Customers,373,2,330.12,165.06,648,274.0,,,Lapsed,[Lapsed] Last Chance: Final win-back email + maximum discount
13011,Lost Customers,371,1,50.550000000000004,50.550000000000004,371,,,,Lapsed,[Lapsed] Last Chance: Final win-back email + maximum discount
13012,Champions,8,11,2972.83,270.2572727272727,591,57.6,0.23529717326164246,0.0,Low,Retain: Enrol in VIP loyalty program + send thank-you offer
13013,Champions,0,29,11097.43,382.67,725,25.357142857142858,0.14441417157649994,0.0,Low,Retain: Enrol in VIP loyalty program + send thank-you offer
13014,Champions,10,11,5381.08,489.1890909090909,432,41.8,0.175314262509346,0.0,Low,Retain: Enrol in VIP loyalty program + send thank-you offer
13015,Champions,52,11,6586.42,598.7654545454545,602,54.4,0.274049311876297,0.0,Low,Retain: Enrol in VIP loyalty program + send thank-you offer
13016,Promising,72,3,789.89,263.2966666666667,122,24.5,0.39562246203422546,0.0,Medium,Nudge: Reminder email + product recommendation + limited offer
13017,Promising,6,1,204.0,204.0,6,,0.545484721660614,1.0,Medium,Nudge: Reminder email + product recommendation + limited offer
13018,Champions,15,35,9763.16,278.9474285714286,648,18.235294117647058,0.135163813829422,0.0,Low,Retain: Enrol in VIP loyalty program + send thank-you offer
13019,At Risk,378,6,1229.95,204.99166666666667,732,70.2,,,Lapsed,[Lapsed] Recovery: Time-limited 30% win-back discount + feedback survey
13020,Lost Customers,562,2,618.96,309.48,659,97.0,,,Lapsed,[Lapsed] Last Chance: Final win-back email + maximum discount
13021,Champions,3,17,4887.24,287.48470588235296,734,45.125,0.19048549234867096,0.0,Low,Retain: Enrol in VIP loyalty program + send thank-you offer
13022,Lost Customers,429,1,65.3,65.3,429,,,,Lapsed,[Lapsed] Last Chance: Final win-back email + maximum discount
13023,At Risk,63,3,1449.03,483.01,528,231.5,0.5799999833106995,1.0,High,Recovery: Time-limited 30% win-back discount + feedback survey
13024,Lost Customers,470,2,555.87,277.935,581,111.0,,,Lapsed,[Lapsed] Last Chance: Final win-back email + maximum discount
13025,Lost Customers,731,1,323.39,323.39,731,,,,Lapsed,[Lapsed] Last Chance: Final win-back email + maximum discount
13026,Champions,0,9,1733.08,192.56444444444443,726,90.0,0.3687826693058014,0.0,Medium,Early Alert: Personalised product recommendation based on past purchases
13027,Champions,113,19,17335.2,912.3789473684211,688,31.38888888888889,0.3920894265174866,0.0,Medium,Early Alert: Personalised product recommendation based on past purchases
13028,Promising,22,2,661.3199999999999,330.65999999999997,44,22.0,0.3624047040939331,0.0,Medium,Nudge: Reminder email + product recommendation + limited offer
13029,At Risk,30,5,1927.3,385.46,522,122.5,0.4165055453777313,0.0,Medium,Re-engage: Best-seller showcase email + 15% discount
13030,Promising,10,2,799.48,399.74,367,356.0,0.64092618227005,1.0,High,Urgent Re-engage: 20% discount coupon + highlight new arrivals
13031,At Risk,406,5,3419.27,683.854,553,36.25,,,Lapsed,[Lapsed] Recovery: Time-limited 30% win-back discount + feedback survey
13032,At Risk,51,9,2843.55,315.95000000000005,459,50.625,0.3640775680541992,0.0,Medium,Re-engage: Best-seller showcase email + 15% discount
13033,Lost Customers,356,2,220.55,110.275,429,72.0,,,Lapsed,[Lapsed] Last Chance: Final win-back email + maximum discount
13034,Promising,54,3,756.82,252.27333333333334,400,172.5,0.5124870538711548,1.0,Medium,Nudge: Reminder email + product recommendation + limited offer
13035,At Risk,73,3,1364.2,454.73333333333335,430,178.0,0.49169281125068665,0.0,Medium,Re-engage: Best-seller showcase email + 15% discount
13036,Lost Customers,684,1,307.1,307.1,684,,,,Lapsed,[Lapsed] Last Chance: Final win-back email + maximum discount
13037,At Risk,137,12,3914.9500000000003,326.24583333333334,735,53.81818181818182,,,Lapsed,[Lapsed] Recovery: Time-limited 30% win-back discount + feedback survey
13038,At Risk,79,3,908.46,302.82,290,104.5,0.4429510533809662,0.0,Medium,Re-engage: Best-seller showcase email + 15% discount
13039,At Risk,583,4,1010.73,252.6825,721,45.333333333333336,,,Lapsed,[Lapsed] Recovery: Time-limited 30% win-back discount + feedback survey
13040,Promising,8,2,676.99,338.495,32,24.0,0.3531293570995331,0.0,Medium,Nudge: Reminder email + product recommendation + limited offer
13041,At Risk,450,4,799.13,199.7825,589,46.0,,,Lapsed,[Lapsed] Recovery: Time-limited 30% win-back discount + feedback survey
13042,At Risk,597,3,1556.54,518.8466666666667,731,66.5,,,Lapsed,[Lapsed] Recovery: Time-limited 30% win-back discount + feedback survey
13043,Lost Customers,272,1,516.42,516.42,272,,,,Lapsed,[Lapsed] Last Chance: Final win-back email + maximum discount
13044,At Risk,290,11,4853.9,441.26363636363635,699,40.3,,,Lapsed,[Lapsed] Recovery: Time-limited 30% win-back discount + feedback survey
13045,At Risk,98,3,808.9200000000001,269.64000000000004,485,193.0,0.5312163233757019,1.0,Medium,Re-engage: Best-seller showcase email + 15% discount
13046,Promising,30,3,949.25,316.4166666666667,455,212.5,0.5515621304512024,1.0,High,Urgent Re-engage: 20% discount coupon + highlight new arrivals
13047,Champions,31,24,8428.53,351.18875,723,29.73913043478261,0.19093181192874908,0.0,Low,Retain: Enrol in VIP loyalty program + send thank-you offer
13048,Champions,13,9,4084.21,453.80111111111114,680,83.0,0.35062313079833984,0.0,Medium,Early Alert: Personalised product recommendation based on past purchases
13049,At Risk,63,4,1408.24,352.06,400,111.66666666666667,0.48439502716064453,0.0,Medium,Re-engage: Best-seller showcase email + 15% discount
13050,Champions,14,35,12016.52,343.32914285714287,723,20.264705882352942,0.14030569791793823,0.0,Low,Retain: Enrol in VIP loyalty program + send thank-you offer
13051,Lost Customers,578,2,155.8,77.9,619,40.0,,,Lapsed,[Lapsed] Last Chance: Final win-back email + maximum discount
13052,At Risk,211,7,3168.53,452.6471428571429,654,73.16666666666667,,,Lapsed,[Lapsed] Recovery: Time-limited 30% win-back discount + feedback survey
13053,Lost Customers,621,1,127.65,127.65,621,,,,Lapsed,[Lapsed] Last Chance: Final win-back email + maximum discount
13055,At Risk,77,4,2321.11,580.2775,429,117.0,0.42138758301734924,0.0,Medium,Re-engage: Best-seller showcase email + 15% discount
13056,Lost Customers,550,1,209.48,209.48,550,,,,Lapsed,[Lapsed] Last Chance: Final win-back email + maximum discount
13057,Lost Customers,529,3,722.09,240.6966666666667,631,50.5,,,Lapsed,[Lapsed] Last Chance: Final win-back email + maximum discount
13058,Promising,24,3,271.4,90.46666666666665,151,63.0,0.38515910506248474,0.0,Medium,Nudge: Reminder email + product recommendation + limited offer
13059,At Risk,249,10,2303.17,230.317,618,40.55555555555556,,,Lapsed,[Lapsed] Recovery: Time-limited 30% win-back discount + feedback survey
13060,Lost Customers,253,1,307.53000000000003,307.53000000000003,253,,,,Lapsed,[Lapsed] Last Chance: Final win-back email + maximum discount
13061,Lost Customers,71,1,248.61,248.61,71,,0.5705286264419556,1.0,High,Last Chance: Final win-back email + maximum discount
13062,Lost Customers,190,1,346.98,346.98,190,,,,Lapsed,[Lapsed] Last Chance: Final win-back email + maximum discount
13063,Lost Customers,480,1,188.4,188.4,480,,,,Lapsed,[Lapsed] Last Chance: Final win-back email + maximum discount
13064,Promising,12,6,1680.74,280.12333333333333,591,115.2,0.39265310764312744,0.0,Medium,Nudge: Reminder email + product recommendation + limited offer
13065,At Risk,372,5,1055.0500000000002,211.01000000000005,547,43.25,,,Lapsed,[Lapsed] Recovery: Time-limited 30% win-back discount + feedback survey
13066,Promising,23,2,470.8,235.4,31,7.0,0.47129130363464355,0.0,Medium,Nudge: Reminder email + product recommendation + limited offer
13067,Promising,81,3,508.51,169.50333333333333,445,181.5,0.605241060256958,1.0,High,Urgent Re-engage: 20% discount coupon + highlight new arrivals
13068,Promising,9,2,344.0,172.0,319,309.0,0.64092618227005,1.0,High,Urgent Re-engage: 20% discount coupon + highlight new arrivals
13069,Champions,0,38,9350.63,246.06921052631577,542,14.27027027027027,0.13861103355884552,0.0,Low,Retain: Enrol in VIP loyalty program + send thank-you offer
13070,At Risk,191,4,751.7,187.925,731,179.66666666666666,,,Lapsed,[Lapsed] Recovery: Time-limited 30% win-back discount + feedback survey
13071,Lost Customers,611,1,129.22,129.22,611,,,,Lapsed,[Lapsed] Last Chance: Final win-back email + maximum discount
13072,Lost Customers,266,1,177.15,177.15,266,,,,Lapsed,[Lapsed] Last Chance: Final win-back email + maximum discount
13073,Lost Customers,410,2,418.08,209.04,437,26.0,,,Lapsed,[Lapsed] Last Chance: Final win-back email + maximum discount
13074,At Risk,510,4,1378.74,344.685,723,70.33333333333333,,,Lapsed,[Lapsed] Recovery: Time-limited 30% win-back discount + feedback survey
13075,Lost Customers,129,1,919.61,919.61,129,,0.5314397811889648,1.0,Medium,Re-activation: Welcome-back campaign + highlight what's new
13076,Lost Customers,457,1,135.4,135.4,457,,,,Lapsed,[Lapsed] Last Chance: Final win-back email + maximum discount
13077,Champions,0,11,2750.95,250.08636363636361,728,72.3,0.471432089805603,0.0,Medium,Early Alert: Personalised product recommendation based on past purchases
13078,Champions,2,57,29018.06,509.0887719298246,738,12.714285714285714,0.135163813829422,0.0,Low,Retain: Enrol in VIP loyalty program + send thank-you offer
13079,Promising,3,6,419.18,69.86333333333333,416,82.2,0.4319886565208435,0.0,Medium,Nudge: Reminder email + product recommendation + limited offer
13080,Lost Customers,178,4,280.73,70.1825,608,143.0,,,Lapsed,[Lapsed] Last Chance: Final win-back email + maximum discount
13081,Champions,11,28,56838.37,2029.9417857142857,730,26.185185185185187,0.15819194912910461,0.0,Low,Retain: Enrol in VIP loyalty program + send thank-you offer
13082,Champions,125,21,7335.75,349.32142857142856,716,29.15,0.37473636865615845,0.0,Medium,Early Alert: Personalised product recommendation based on past purchases
13083,Promising,3,3,395.43,131.81,424,210.0,0.5352881550788879,1.0,Medium,Nudge: Reminder email + product recommendation + limited offer
13084,Lost Customers,491,1,122.39999999999999,122.39999999999999,491,,,,Lapsed,[Lapsed] Last Chance: Final win-back email + maximum discount
13085,At Risk,157,8,2433.28,304.16,738,82.71428571428571,,,Lapsed,[Lapsed] Recovery: Time-limited 30% win-back discount + feedback survey
13086,Lost Customers,382,1,439.33000000000004,439.33000000000004,382,,,,Lapsed,[Lapsed] Last Chance: Final win-back email + maximum discount
13087,Lost Customers,725,1,313.64,313.64,725,,,,Lapsed,[Lapsed] Last Chance: Final win-back email + maximum discount
13088,Lost Customers,416,1,236.11,236.11,416,,,,Lapsed,[Lapsed] Last Chance: Final win-back email + maximum discount
13089,Champions,2,203,113507.24,559.1489655172414,736,3.287128712871287,0.135163813829422,0.0,Low,Retain: Enrol in VIP loyalty program + send thank-you offer
13090,Champions,8,24,13094.69,545.6120833333333,493,20.652173913043477,0.1404326856136322,0.0,Low,Retain: Enrol in VIP loyalty program + send thank-you offer
13091,Promising,27,3,2321.82,773.94,729,350.5,0.6552984714508057,1.0,High,Urgent Re-engage: 20% discount coupon + highlight new arrivals
13092,At Risk,70,12,2140.28,178.35666666666668,667,53.72727272727273,0.37141841650009155,0.0,Medium,Re-engage: Best-seller showcase email + 15% discount
13093,Champions,275,55,54144.25,984.4409090909091,735,8.092592592592593,,,Lapsed,[Lapsed] VIP Win-Back: Personal call + exclusive loyalty reward + free shipping
13094,Champions,20,13,2209.44,169.9569230769231,388,30.166666666666668,0.18332456052303314,0.0,Low,Retain: Enrol in VIP loyalty program + send thank-you offer
13095,Lost Customers,70,1,74.39999999999999,74.39999999999999,70,,0.6592522859573364,1.0,High,Last Chance: Final win-back email + maximum discount
13096,Lost Customers,393,1,419.7000000000001,419.7000000000001,393,,,,Lapsed,[Lapsed] Last Chance: Final win-back email + maximum discount
13097,Champions,32,28,13389.22,478.18642857142856,737,25.77777777777778,0.1716693788766861,0.0,Low,Retain: Enrol in VIP loyalty program + send thank-you offer
13098,Champions,0,28,28882.44,1031.5157142857142,316,11.222222222222221,0.135163813829422,0.0,Low,Retain: Enrol in VIP loyalty program + send thank-you offer
13099,Lost Customers,98,1,207.36,207.36,98,,0.5810954570770264,1.0,High,Last Chance: Final win-back email + maximum discount
13101,At Risk,233,4,695.4,173.85,680,148.33333333333334,,,Lapsed,[Lapsed] Recovery: Time-limited 30% win-back discount + feedback survey
13102,Champions,0,37,11380.1,307.57027027027027,581,15.63888888888889,0.1368802934885025,0.0,Low,Retain: Enrol in VIP loyalty program + send thank-you offer
13103,Promising,39,3,709.6400000000001,236.5466666666667,576,268.0,0.6603142023086548,1.0,High,Urgent Re-engage: 20% discount coupon + highlight new arrivals
13104,Champions,2,9,1709.1,189.89999999999998,652,80.75,0.3531878888607025,0.0,Medium,Early Alert: Personalised product recommendation based on past purchases
13105,Lost Customers,435,1,72.0,72.0,435,,,,Lapsed,[Lapsed] Last Chance: Final win-back email + maximum discount
13106,Lost Customers,132,2,603.46,301.73,412,280.0,0.6397684812545776,1.0,High,Last Chance: Final win-back email + maximum discount
13107,Champions,43,9,5253.07,583.6744444444444,673,78.25,0.33923763036727905,0.0,Low,Retain: Enrol in VIP loyalty program + send thank-you offer
13108,Lost Customers,372,2,748.46,374.23,434,62.0,,,Lapsed,[Lapsed] Last Chance: Final win-back email + maximum discount
13109,Promising,59,3,1134.03,378.01,550,245.5,0.5863404273986816,1.0,High,Urgent Re-engage: 20% discount coupon + highlight new arrivals
13110,Champions,30,12,2957.4700000000003,246.45583333333335,737,63.90909090909091,0.2986704111099243,0.0,Low,Retain: Enrol in VIP loyalty program + send thank-you offer
13111,Lost Customers,718,1,321.88000000000005,321.88000000000005,718,,,,Lapsed,[Lapsed] Last Chance: Final win-back email + maximum discount
13112,Lost Customers,540,1,20.599999999999998,20.599999999999998,540,,,,Lapsed,[Lapsed] Last Chance: Final win-back email + maximum discount
13113,Champions,0,37,18252.76,493.31783783783777,620,16.72222222222222,0.13861103355884552,0.0,Low,Retain: Enrol in VIP loyalty program + send thank-you offer
13114,Lost Customers,730,1,234.38,234.38,730,,,,Lapsed,[Lapsed] Last Chance: Final win-back email + maximum discount
13115,Champions,11,10,5494.7,549.47,598,64.77777777777777,0.30248191952705383,0.0,Low,Retain: Enrol in VIP loyalty program + send thank-you offer
13116,Lost Customers,137,1,501.14,501.14,137,,,,Lapsed,[Lapsed] Last Chance: Final win-back email + maximum discount
13117,Champions,21,18,2255.66,125.31444444444443,622,35.0,0.2723067104816437,0.0,Low,Retain: Enrol in VIP loyalty program + send thank-you offer
13118,Champions,19,9,2415.41,268.37888888888887,438,51.875,0.29925405979156494,0.0,Low,Retain: Enrol in VIP loyalty program + send thank-you offer
13119,Lost Customers,668,1,134.9,134.9,668,,,,Lapsed,[Lapsed] Last Chance: Final win-back email + maximum discount
13120,Lost Customers,238,1,30.6,30.6,238,,,,Lapsed,[Lapsed] Last Chance: Final win-back email + maximum discount
13121,Lost Customers,268,1,283.73,283.73,268,,,,Lapsed,[Lapsed] Last Chance: Final win-back email + maximum discount
13122,At Risk,93,2,922.3900000000001,461.19500000000005,239,146.0,0.5251514315605164,1.0,Medium,Re-engage: Best-seller showcase email + 15% discount
13123,Lost Customers,472,2,506.75,253.375,529,56.0,,,Lapsed,[Lapsed] Last Chance: Final win-back email + maximum discount
13124,At Risk,89,4,4782.45,1195.6125,384,97.66666666666667,0.3655455708503723,0.0,Medium,Re-engage: Best-seller showcase email + 15% discount
13125,Lost Customers,523,1,158.57,158.57,523,,,,Lapsed,[Lapsed] Last Chance: Final win-back email + maximum discount
13126,Champions,4,13,3774.81,290.37,647,53.166666666666664,0.23731866478919983,0.0,Low,Retain: Enrol in VIP loyalty program + send thank-you offer
13127,Lost Customers,77,1,259.17,259.17,77,,0.5705286264419556,1.0,High,Last Chance: Final win-back email + maximum discount
13128,Lost Customers,630,1,263.5,263.5,630,,,,Lapsed,[Lapsed] Last Chance: Final win-back email + maximum discount
13129,Lost Customers,451,2,233.25,116.625,529,77.0,,,Lapsed,[Lapsed] Last Chance: Final win-back email + maximum discount
13130,Lost Customers,93,1,64.0,64.0,93,,0.6660829782485962,1.0,High,Last Chance: Final win-back email + maximum discount
13131,Champions,22,7,3313.77,473.3957142857143,668,107.0,0.38121265172958374,0.0,Medium,Early Alert: Personalised product recommendation based on past purchases
13132,Lost Customers,261,1,77.3,77.3,261,,,,Lapsed,[Lapsed] Last Chance: Final win-back email + maximum discount
13133,Lost Customers,273,3,200.45,66.81666666666666,458,92.5,,,Lapsed,[Lapsed] Last Chance: Final win-back email + maximum discount
13134,At Risk,85,6,2475.23,412.53833333333336,415,65.6,0.3487473130226135,0.0,Low,Monitor: Add to re-engagement campaign
13135,At Risk,196,2,3371.45,1685.725,490,294.0,,,Lapsed,[Lapsed] Recovery: Time-limited 30% win-back discount + feedback survey
13136,Champions,55,13,6274.56,482.65846153846155,730,55.833333333333336,0.27765482664108276,0.0,Low,Retain: Enrol in VIP loyalty program + send thank-you offer
13137,Champions,10,16,7712.7,482.04375,501,32.2,0.15819194912910461,0.0,Low,Retain: Enrol in VIP loyalty program + send thank-you offer
13138,Promising,21,7,1274.01,182.00142857142856,396,62.0,0.347552627325058,0.0,Low,Nurture: Monthly newsletter + loyalty point updates
13139,Champions,15,8,8202.98,1025.3725,437,59.857142857142854,0.2667376697063446,0.0,Low,Retain: Enrol in VIP loyalty program + send thank-you offer
13140,At Risk,107,5,1056.17,211.234,490,95.0,0.4997309744358063,0.0,Medium,Re-engage: Best-seller showcase email + 15% discount
13141,Champions,84,17,7668.58,451.09294117647056,729,39.8125,0.29581326246261597,0.0,Low,Retain: Enrol in VIP loyalty program + send thank-you offer
13142,Promising,18,1,307.09000000000003,307.09000000000003,18,,0.5345957279205322,1.0,Medium,Nudge: Reminder email + product recommendation + limited offer
13143,Lost Customers,584,1,405.1,405.1,584,,,,Lapsed,[Lapsed] Last Chance: Final win-back email + maximum discount
13144,Lost Customers,332,2,135.35,67.675,430,98.0,,,Lapsed,[Lapsed] Last Chance: Final win-back email + maximum discount
13145,At Risk,39,7,1128.52,161.21714285714285,599,93.16666666666667,0.47656381130218506,0.0,Medium,Re-engage: Best-seller showcase email + 15% discount
13146,Promising,25,1,228.91,228.91,25,,0.5587610602378845,1.0,High,Urgent Re-engage: 20% discount coupon + highlight new arrivals
13147,Promising,9,4,712.8,178.2,99,29.333333333333332,0.32593095302581787,0.0,Low,Nurture: Monthly newsletter + loyalty point updates
13148,Champions,28,26,8621.810000000001,331.60807692307696,731,27.76,0.1716693788766861,0.0,Low,Retain: Enrol in VIP loyalty program + send thank-you offer
13149,Promising,13,4,1676.06,419.015,288,91.0,0.3608839213848114,0.0,Medium,Nudge: Reminder email + product recommendation + limited offer
13150,Lost Customers,483,3,449.96999999999997,149.98999999999998,630,73.0,,,Lapsed,[Lapsed] Last Chance: Final win-back email + maximum discount
13151,At Risk,295,3,2580.7400000000002,860.2466666666668,627,165.5,,,Lapsed,[Lapsed] Recovery: Time-limited 30% win-back discount + feedback survey
13152,At Risk,416,7,2146.38,306.6257142857143,694,45.833333333333336,,,Lapsed,[Lapsed] Recovery: Time-limited 30% win-back discount + feedback survey
13153,Promising,5,1,486.22,486.22,5,,0.48935067653656006,0.0,Medium,Nudge: Reminder email + product recommendation + limited offer
13154,At Risk,398,3,1624.8400000000001,541.6133333333333,735,168.0,,,Lapsed,[Lapsed] Recovery: Time-limited 30% win-back discount + feedback survey
13155,At Risk,32,6,1370.48,228.41333333333333,491,91.0,0.41152694821357727,0.0,Medium,Re-engage: Best-seller showcase email + 15% discount
13156,At Risk,384,3,1586.54,528.8466666666667,675,145.0,,,Lapsed,[Lapsed] Recovery: Time-limited 30% win-back discount + feedback survey
13157,Champions,48,9,5687.360000000001,631.928888888889,641,73.625,0.3490925133228302,0.0,Low,Retain: Enrol in VIP loyalty program + send thank-you offer
13158,At Risk,94,5,1508.18,301.636,387,73.0,0.3742287755012512,0.0,Medium,Re-engage: Best-seller showcase email + 15% discount
13159,Promising,8,4,1437.85,359.4625,115,35.0,0.2568702697753906,0.0,Low,Nurture: Monthly newsletter + loyalty point updates
13160,Promising,21,1,91.8,91.8,21,,0.6002914309501648,1.0,High,Urgent Re-engage: 20% discount coupon + highlight new arrivals
13161,Lost Customers,312,2,478.88,239.44,500,187.0,,,Lapsed,[Lapsed] Last Chance: Final win-back email + maximum discount
13162,Champions,121,16,9275.49,579.718125,734,40.53333333333333,0.35920944809913635,0.0,Medium,Early Alert: Personalised product recommendation based on past purchases
13163,Lost Customers,609,1,17.65,17.65,609,,,,Lapsed,[Lapsed] Last Chance: Final win-back email + maximum discount
13164,Lost Customers,568,2,372.20000000000005,186.10000000000002,667,98.0,,,Lapsed,[Lapsed] Last Chance: Final win-back email + maximum discount
13165,Promising,45,3,1451.1599999999999,483.71999999999997,412,183.0,0.4974159598350525,0.0,Medium,Nudge: Reminder email + product recommendation + limited offer
13166,Lost Customers,282,2,884.1800000000001,442.09000000000003,413,131.0,,,Lapsed,[Lapsed] Last Chance: Final win-back email + maximum discount
13167,Promising,18,5,1125.15,225.03000000000003,389,92.25,0.40816712379455566,0.0,Medium,Nudge: Reminder email + product recommendation + limited offer
13168,At Risk,35,5,1875.31,375.062,541,125.75,0.4160824418067932,0.0,Medium,Re-engage: Best-seller showcase email + 15% discount
13169,Promising,63,3,840.0799999999999,280.02666666666664,561,248.5,0.5799999833106995,1.0,High,Urgent Re-engage: 20% discount coupon + highlight new arrivals
13170,Promising,26,1,116.00999999999999,116.00999999999999,26,,0.5856977701187134,1.0,High,Urgent Re-engage: 20% discount coupon + highlight new arrivals
13171,Promising,21,3,468.40999999999997,156.13666666666666,298,138.5,0.4441715478897095,0.0,Medium,Nudge: Reminder email + product recommendation + limited offer
13172,Lost Customers,399,1,69.6,69.6,399,,,,Lapsed,[Lapsed] Last Chance: Final win-back email + maximum discount
13173,Champions,3,11,2473.4100000000003,224.85545454545456,728,72.2,0.5167269706726074,1.0,Medium,Early Alert: Personalised product recommendation based on past purchases
13174,Champions,15,12,8078.87,673.2391666666666,734,64.9090909090909,0.36329734325408936,0.0,Medium,Early Alert: Personalised product recommendation based on past purchases
13175,Lost Customers,581,2,831.45,415.725,735,153.0,,,Lapsed,[Lapsed] Last Chance: Final win-back email + maximum discount
13176,Promising,45,1,492.84,492.84,45,,0.5407172441482544,1.0,Medium,Nudge: Reminder email + product recommendation + limited offer
13177,Promising,64,2,512.2,256.1,430,365.0,0.6670376658439636,1.0,High,Urgent Re-engage: 20% discount coupon + highlight new arrivals
13178,Champions,25,21,14059.19,669.4852380952382,722,34.3,0.16087085008621216,0.0,Low,Retain: Enrol in VIP loyalty program + send thank-you offer
13179,Lost Customers,618,1,572.3100000000001,572.3100000000001,618,,,,Lapsed,[Lapsed] Last Chance: Final win-back email + maximum discount
13180,Lost Customers,606,1,86.10000000000001,86.10000000000001,606,,,,Lapsed,[Lapsed] Last Chance: Final win-back email + maximum discount
13181,Lost Customers,380,1,359.69,359.69,380,,,,Lapsed,[Lapsed] Last Chance: Final win-back email + maximum discount
13182,Lost Customers,44,1,121.18,121.18,44,,0.6086515188217163,1.0,High,Last Chance: Final win-back email + maximum discount
13183,Champions,7,15,7036.18,469.07866666666666,635,44.214285714285715,0.17880544066429138,0.0,Low,Retain: Enrol in VIP loyalty program + send thank-you offer
13184,Champions,14,10,1701.29,170.129,289,30.11111111111111,0.18118612468242645,0.0,Low,Retain: Enrol in VIP loyalty program + send thank-you offer
13185,Lost Customers,267,1,71.4,71.4,267,,,,Lapsed,[Lapsed] Last Chance: Final win-back email + maximum discount
13186,Promising,39,3,1575.89,525.2966666666667,128,44.0,0.2691318392753601,0.0,Low,Nurture: Monthly newsletter + loyalty point updates
13187,Lost Customers,336,4,367.01,91.7525,623,95.33333333333333,,,Lapsed,[Lapsed] Last Chance: Final win-back email + maximum discount
13188,Promising,10,1,114.6,114.6,10,,0.5780557990074158,1.0,High,Urgent Re-engage: 20% discount coupon + highlight new arrivals
13189,Promising,18,2,260.68,130.34,114,96.0,0.4946485459804535,0.0,Medium,Nudge: Reminder email + product recommendation + limited offer
13190,Lost Customers,543,3,570.66,190.22,732,93.5,,,Lapsed,[Lapsed] Last Chance: Final win-back email + maximum discount
13191,Lost Customers,657,1,164.69,164.69,657,,,,Lapsed,[Lapsed] Last Chance: Final win-back email + maximum discount
13192,At Risk,94,6,2558.58,426.43,686,117.8,0.4670141041278839,0.0,Medium,Re-engage: Best-seller showcase email + 15% discount
13193,Lost Customers,60,1,117.88,117.88,60,,0.6170873045921326,1.0,High,Last Chance: Final win-back email + maximum discount
13194,Lost Customers,135,2,472.78,236.39,421,285.0,0.5863195061683655,1.0,High,Last Chance: Final win-back email + maximum discount
13195,Lost Customers,413,1,172.38,172.38,413,,,,Lapsed,[Lapsed] Last Chance: Final win-back email + maximum discount
13196,Champions,10,7,3068.84,438.4057142857143,616,100.83333333333333,0.3244920074939728,0.0,Low,Retain: Enrol in VIP loyalty program + send thank-you offer
13197,Lost Customers,609,1,373.01000000000005,373.01000000000005,609,,,,Lapsed,[Lapsed] Last Chance: Final win-back email + maximum discount
13198,Champions,9,8,4974.23,621.77875,433,60.285714285714285,0.26376479864120483,0.0,Low,Retain: Enrol in VIP loyalty program + send thank-you offer
13199,Champions,3,67,15964.210000000001,238.27179104477614,734,10.666666666666666,0.135163813829422,0.0,Low,Retain: Enrol in VIP loyalty program + send thank-you offer
13200,Promising,18,4,870.09,217.5225,125,35.0,0.30606549978256226,0.0,Low,Nurture: Monthly newsletter + loyalty point updates
13201,At Risk,501,4,1240.61,310.1525,642,46.333333333333336,,,Lapsed,[Lapsed] Recovery: Time-limited 30% win-back discount + feedback survey
13202,At Risk,393,7,1580.3000000000002,225.7571428571429,730,55.666666666666664,,,Lapsed,[Lapsed] Recovery: Time-limited 30% win-back discount + feedback survey
13203,Champions,9,10,2648.25,264.825,721,78.55555555555556,0.3931392431259155,0.0,Medium,Early Alert: Personalised product recommendation based on past purchases
13204,Lost Customers,730,1,966.6600000000001,966.6600000000001,730,,,,Lapsed,[Lapsed] Last Chance: Final win-back email + maximum discount
13205,At Risk,442,1,2803.2,2803.2,442,,,,Lapsed,[Lapsed] Recovery: Time-limited 30% win-back discount + feedback survey
13206,At Risk,399,13,8377.32,644.4092307692307,731,27.166666666666668,,,Lapsed,[Lapsed] Recovery: Time-limited 30% win-back discount + feedback survey
13207,Promising,14,4,535.86,133.965,611,198.33333333333334,0.5570438504219055,1.0,High,Urgent Re-engage: 20% discount coupon + highlight new arrivals
13208,At Risk,58,9,1988.5,220.94444444444446,735,84.25,0.3570892810821533,0.0,Medium,Re-engage: Best-seller showcase email + 15% discount
13209,Champions,29,13,8509.51,654.5776923076924,683,54.166666666666664,0.2072814404964447,0.0,Low,Retain: Enrol in VIP loyalty program + send thank-you offer
13210,Lost Customers,93,1,353.48,353.48,93,,0.5683245658874512,1.0,High,Last Chance: Final win-back email + maximum discount
13211,Champions,9,10,2729.32,272.932,732,80.0,0.37456801533699036,0.0,Medium,Early Alert: Personalised product recommendation based on past purchases
13212,Promising,19,3,788.08,262.6933333333333,60,20.5,0.32472488284111023,0.0,Low,Nurture: Monthly newsletter + loyalty point updates
13213,Champions,56,11,3851.5200000000004,350.13818181818186,567,50.6,0.2735891044139862,0.0,Low,Retain: Enrol in VIP loyalty program + send thank-you offer
13214,At Risk,417,7,3264.23,466.31857142857143,645,37.666666666666664,,,Lapsed,[Lapsed] Recovery: Time-limited 30% win-back discount + feedback survey
13215,Lost Customers,401,1,81.6,81.6,401,,,,Lapsed,[Lapsed] Last Chance: Final win-back email + maximum discount
13216,Lost Customers,267,1,333.74,333.74,267,,,,Lapsed,[Lapsed] Last Chance: Final win-back email + maximum discount
13217,At Risk,121,4,666.48,166.62,655,177.0,0.49629727005958557,0.0,Medium,Re-engage: Best-seller showcase email + 15% discount
13218,Lost Customers,126,1,62.64,62.64,126,,0.6660829782485962,1.0,High,Last Chance: Final win-back email + maximum discount
13219,Lost Customers,617,1,76.23,76.23,617,,,,Lapsed,[Lapsed] Last Chance: Final win-back email + maximum discount
13220,At Risk,77,5,1336.09,267.21799999999996,575,124.0,0.48215168714523315,0.0,Medium,Re-engage: Best-seller showcase email + 15% discount
13221,Lost Customers,239,2,847.4100000000001,423.70500000000004,358,119.0,,,Lapsed,[Lapsed] Last Chance: Final win-back email + maximum discount
13222,Lost Customers,576,1,88.5,88.5,576,,,,Lapsed,[Lapsed] Last Chance: Final win-back email + maximum discount
13223,At Risk,199,6,969.12,161.52,664,92.4,,,Lapsed,[Lapsed] Recovery: Time-limited 30% win-back discount + feedback survey
13224,At Risk,59,2,2155.95,1077.975,150,91.0,0.3640126883983612,0.0,Medium,Re-engage: Best-seller showcase email + 15% discount
13225,Champions,2,16,16260.07,1016.254375,722,47.53333333333333,0.1869984269142151,0.0,Low,Retain: Enrol in VIP loyalty program + send thank-you offer
13226,Lost Customers,272,2,312.46000000000004,156.23000000000002,392,120.0,,,Lapsed,[Lapsed] Last Chance: Final win-back email + maximum discount
13227,Lost Customers,201,1,257.7,257.7,201,,,,Lapsed,[Lapsed] Last Chance: Final win-back email + maximum discount
13228,Lost Customers,80,1,358.0,358.0,80,,0.5683245658874512,1.0,High,Last Chance: Final win-back email + maximum discount
13229,Lost Customers,225,1,160.95,160.95,225,,,,Lapsed,[Lapsed] Last Chance: Final win-back email + maximum discount
13230,Champions,3,30,6267.33,208.911,630,21.103448275862068,0.1726895421743393,0.0,Low,Retain: Enrol in VIP loyalty program + send thank-you offer
13232,Promising,12,7,1357.6,193.94285714285712,242,38.0,0.24851606786251068,0.0,Low,Nurture: Monthly newsletter + loyalty point updates
13233,At Risk,73,4,1176.46,294.115,693,206.0,0.576550304889679,1.0,High,Recovery: Time-limited 30% win-back discount + feedback survey
13234,Lost Customers,672,2,356.95,178.475,732,59.0,,,Lapsed,[Lapsed] Last Chance: Final win-back email + maximum discount
13235,Lost Customers,211,1,1031.07,1031.07,211,,,,Lapsed,[Lapsed] Last Chance: Final win-back email + maximum discount
13236,Promising,24,2,744.85,372.425,106,82.0,0.42130887508392334,0.0,Medium,Nudge: Reminder email + product recommendation + limited offer
13237,Lost Customers,387,1,643.0,643.0,387,,,,Lapsed,[Lapsed] Last Chance: Final win-back email + maximum discount
13238,Promising,16,6,1006.63,167.77166666666668,589,114.0,0.4376804828643799,0.0,Medium,Nudge: Reminder email + product recommendation + limited offer
13239,At Risk,261,5,1594.69,318.938,501,59.75,,,Lapsed,[Lapsed] Recovery: Time-limited 30% win-back discount + feedback survey
13240,At Risk,95,8,1514.45,189.30625,651,79.0,0.44823113083839417,0.0,Medium,Re-engage: Best-seller showcase email + 15% discount
13241,Lost Customers,411,1,115.58,115.58,411,,,,Lapsed,[Lapsed] Last Chance: Final win-back email + maximum discount
13242,At Risk,111,7,699.4,99.91428571428571,667,92.16666666666667,0.4849903881549835,0.0,Medium,Re-engage: Best-seller showcase email + 15% discount
13243,At Risk,202,5,1278.04,255.608,630,106.5,,,Lapsed,[Lapsed] Recovery: Time-limited 30% win-back discount + feedback survey
13244,Lost Customers,92,1,121.74000000000001,121.74000000000001,92,,0.626728892326355,1.0,High,Last Chance: Final win-back email + maximum discount
13245,Promising,50,2,989.22,494.61,431,381.0,0.6576672792434692,1.0,High,Urgent Re-engage: 20% discount coupon + highlight new arrivals
13246,Champions,17,11,3387.4300000000003,307.94818181818187,524,50.4,0.23867632448673248,0.0,Low,Retain: Enrol in VIP loyalty program + send thank-you offer
13247,Promising,17,4,501.12,125.28,82,21.0,0.326741099357605,0.0,Low,Nurture: Monthly newsletter + loyalty point updates
13248,Lost Customers,124,2,465.68000000000006,232.84000000000003,188,64.0,0.44093000888824463,0.0,Medium,Re-activation: Welcome-back campaign + highlight what's new
13249,At Risk,91,9,1608.93,178.77,684,73.625,0.4222988188266754,0.0,Medium,Re-engage: Best-seller showcase email + 15% discount
13250,Lost Customers,460,2,256.03999999999996,128.01999999999998,501,41.0,,,Lapsed,[Lapsed] Last Chance: Final win-back email + maximum discount
13251,Lost Customers,401,1,252.68,252.68,401,,,,Lapsed,[Lapsed] Last Chance: Final win-back email + maximum discount
13252,Lost Customers,393,2,399.3,199.65,625,231.0,,,Lapsed,[Lapsed] Last Chance: Final win-back email + maximum discount
13253,At Risk,156,4,2951.11,737.7775,703,182.0,,,Lapsed,[Lapsed] Recovery: Time-limited 30% win-back discount + feedback survey
13254,Lost Customers,375,1,51.41,51.41,375,,,,Lapsed,[Lapsed] Last Chance: Final win-back email + maximum discount
13255,Promising,8,3,678.76,226.25333333333333,511,251.0,0.5898308157920837,1.0,High,Urgent Re-engage: 20% discount coupon + highlight new arrivals
13257,Lost Customers,435,1,149.75,149.75,435,,,,Lapsed,[Lapsed] Last Chance: Final win-back email + maximum discount
13258,Promising,11,5,1035.1799999999998,207.03599999999997,400,96.75,0.40816712379455566,0.0,Medium,Nudge: Reminder email + product recommendation + limited offer
13259,At Risk,61,9,1433.3799999999999,159.26444444444442,698,79.25,0.4850757420063019,0.0,Medium,Re-engage: Best-seller showcase email + 15% discount
13260,Promising,60,1,557.62,557.62,60,,0.5564481616020203,1.0,High,Urgent Re-engage: 20% discount coupon + highlight new arrivals
13261,Lost Customers,268,2,944.1,472.05,285,17.0,,,Lapsed,[Lapsed] Last Chance: Final win-back email + maximum discount
13262,Lost Customers,262,3,573.45,191.15,600,168.5,,,Lapsed,[Lapsed] Last Chance: Final win-back email + maximum discount
13263,Champions,0,39,8704.69,223.1971794871795,412,10.31578947368421,0.135163813829422,0.0,Low,Retain: Enrol in VIP loyalty program + send thank-you offer
13264,Lost Customers,442,1,722.5600000000001,722.5600000000001,442,,,,Lapsed,[Lapsed] Last Chance: Final win-back email + maximum discount
13265,At Risk,52,5,2107.6600000000003,421.53200000000004,273,54.75,0.28274255990982056,0.0,Low,Monitor: Add to re-engagement campaign
13266,Champions,10,19,6135.04,322.89684210526315,722,39.111111111111114,0.16028231382369995,0.0,Low,Retain: Enrol in VIP loyalty program + send thank-you offer
13267,Champions,2,36,9429.81,261.93916666666667,731,20.485714285714284,0.14030569791793823,0.0,Low,Retain: Enrol in VIP loyalty program + send thank-you offer
13268,Champions,17,11,3214.69,292.24454545454546,266,24.6,0.14708755910396576,0.0,Low,Retain: Enrol in VIP loyalty program + send thank-you offer
13269,Champions,0,28,8540.27,305.00964285714286,737,26.962962962962962,0.1386200189590454,0.0,Low,Retain: Enrol in VIP loyalty program + send thank-you offer
13270,Lost Customers,365,1,590.0,590.0,365,,,,Lapsed,[Lapsed] Last Chance: Final win-back email + maximum discount
13271,Promising,36,1,217.38,217.38,36,,0.5713329315185547,1.0,High,Urgent Re-engage: 20% discount coupon + highlight new arrivals
13272,Promising,30,2,276.56,138.28,89,58.0,0.39815962314605713,0.0,Medium,Nudge: Reminder email + product recommendation + limited offer
13273,Lost Customers,112,1,138.98,138.98,112,,0.6447242498397827,1.0,High,Last Chance: Final win-back email + maximum discount
13274,Lost Customers,408,1,360.85,360.85,408,,,,Lapsed,[Lapsed] Last Chance: Final win-back email + maximum discount
13275,Lost Customers,383,2,241.66,120.83,631,248.0,,,Lapsed,[Lapsed] Last Chance: Final win-back email + maximum discount
13276,At Risk,63,5,1939.26,387.852,641,144.25,0.5279861688613892,1.0,Medium,Re-engage: Best-seller showcase email + 15% discount
13277,Promising,15,7,523.3,74.75714285714285,539,86.83333333333333,0.4429788887500763,0.0,Medium,Nudge: Reminder email + product recommendation + limited offer
13278,Promising,40,4,1435.85,358.9625,610,189.66666666666666,0.5146684646606445,1.0,Medium,Nudge: Reminder email + product recommendation + limited offer
13279,Lost Customers,77,1,137.75,137.75,77,,0.6352770328521729,1.0,High,Last Chance: Final win-back email + maximum discount
13280,At Risk,121,7,2322.63,331.80428571428575,644,86.5,0.4114181697368622,0.0,Medium,Re-engage: Best-seller showcase email + 15% discount
13281,Lost Customers,438,1,350.85,350.85,438,,,,Lapsed,[Lapsed] Last Chance: Final win-back email + maximum discount
13282,Promising,17,4,1313.19,328.2975,405,129.0,0.40694838762283325,0.0,Medium,Nudge: Reminder email + product recommendation + limited offer
13283,Promising,59,4,373.36,93.34,639,192.66666666666666,0.6100379228591919,1.0,High,Urgent Re-engage: 20% discount coupon + highlight new arrivals
13284,Lost Customers,330,1,201.19,201.19,330,,,,Lapsed,[Lapsed] Last Chance: Final win-back email + maximum discount
13285,Champions,22,6,3364.59,560.765,623,119.6,0.3742876350879669,0.0,Medium,Early Alert: Personalised product recommendation based on past purchases
13286,Lost Customers,599,1,734.91,734.91,599,,,,Lapsed,[Lapsed] Last Chance: Final win-back email + maximum discount
13287,Lost Customers,602,3,781.59,260.53000000000003,704,50.5,,,Lapsed,[Lapsed] Last Chance: Final win-back email + maximum discount
13288,At Risk,442,5,927.61,185.522,665,55.25,,,Lapsed,[Lapsed] Recovery: Time-limited 30% win-back discount + feedback survey
13289,Lost Customers,723,1,307.95,307.95,723,,,,Lapsed,[Lapsed] Last Chance: Final win-back email + maximum discount
13290,Lost Customers,437,1,208.63,208.63,437,,,,Lapsed,[Lapsed] Last Chance: Final win-back email + maximum discount
13291,At Risk,155,11,3320.84,301.8945454545455,665,50.4,,,Lapsed,[Lapsed] Recovery: Time-limited 30% win-back discount + feedback survey
13292,Promising,38,5,994.51,198.902,525,121.25,0.4601280987262726,0.0,Medium,Nudge: Reminder email + product recommendation + limited offer
13293,At Risk,391,6,1192.94,198.82333333333335,668,54.8,,,Lapsed,[Lapsed] Recovery: Time-limited 30% win-back discount + feedback survey
13294,At Risk,189,3,1689.53,563.1766666666666,645,227.5,,,Lapsed,[Lapsed] Recovery: Time-limited 30% win-back discount + feedback survey
13295,At Risk,359,4,1101.97,275.4925,576,72.0,,,Lapsed,[Lapsed] Recovery: Time-limited 30% win-back discount + feedback survey
13296,At Risk,136,6,792.51,132.085,576,87.6,,,Lapsed,[Lapsed] Recovery: Time-limited 30% win-back discount + feedback survey
13297,Champions,7,7,4368.62,624.0885714285714,542,88.83333333333333,0.3276563584804535,0.0,Low,Retain: Enrol in VIP loyalty program + send thank-you offer
13298,Promising,0,1,360.0,360.0,0,,0.5388541221618652,1.0,Medium,Nudge: Reminder email + product recommendation + limited offer
13299,At Risk,267,3,1218.7,406.23333333333335,528,129.5,,,Lapsed,[Lapsed] Recovery: Time-limited 30% win-back discount + feedback survey
13300,At Risk,168,3,1285.51,428.50333333333333,573,202.0,,,Lapsed,[Lapsed] Recovery: Time-limited 30% win-back discount + feedback survey
13301,At Risk,103,4,618.09,154.5225,291,62.333333333333336,0.41973891854286194,0.0,Medium,Re-engage: Best-seller showcase email + 15% discount
13302,Lost Customers,154,2,159.2,79.6,526,371.0,,,Lapsed,[Lapsed] Last Chance: Final win-back email + maximum discount
13303,Lost Customers,399,1,61.72,61.72,399,,,,Lapsed,[Lapsed] Last Chance: Final win-back email + maximum discount
13304,At Risk,350,4,1217.99,304.4975,669,105.66666666666667,,,Lapsed,[Lapsed] Recovery: Time-limited 30% win-back discount + feedback survey
13305,Champions,3,16,3618.5099999999998,226.15687499999999,638,41.86666666666667,0.207723930478096,0.0,Low,Retain: Enrol in VIP loyalty program + send thank-you offer
13306,Lost Customers,429,1,53.65,53.65,429,,,,Lapsed,[Lapsed] Last Chance: Final win-back email + maximum discount
13307,Lost Customers,119,3,273.34000000000003,91.11333333333334,591,235.5,0.5973634719848633,1.0,High,Last Chance: Final win-back email + maximum discount
13308,Promising,22,4,1670.3700000000001,417.59250000000003,596,191.0,0.415857195854187,0.0,Medium,Nudge: Reminder email + product recommendation + limited offer
13309,Promising,6,6,1706.37,284.395,392,76.8,0.31228697299957275,0.0,Low,Nurture: Monthly newsletter + loyalty point updates
13310,Promising,27,5,1541.2,308.24,401,93.0,0.37371447682380676,0.0,Medium,Nudge: Reminder email + product recommendation + limited offer
13311,Promising,3,2,598.57,299.285,149,145.0,0.4736263155937195,0.0,Medium,Nudge: Reminder email + product recommendation + limited offer
13312,Lost Customers,450,1,124.75,124.75,450,,,,Lapsed,[Lapsed] Last Chance: Final win-back email + maximum discount
13313,Champions,21,12,3445.32,287.11,736,64.54545454545455,0.3136483430862427,0.0,Low,Retain: Enrol in VIP loyalty program + send thank-you offer
13314,Promising,1,3,775.94,258.6466666666667,73,35.5,0.3313184976577759,0.0,Low,Nurture: Monthly newsletter + loyalty point updates
13315,Lost Customers,688,1,310.26000000000005,310.26000000000005,688,,,,Lapsed,[Lapsed] Last Chance: Final win-back email + maximum discount
13316,Champions,36,10,13191.57,1319.157,639,66.44444444444444,0.26225030422210693,0.0,Low,Retain: Enrol in VIP loyalty program + send thank-you offer
13317,Champions,65,19,6486.091,341.3732105263158,726,36.27777777777778,0.26817065477371216,0.0,Low,Retain: Enrol in VIP loyalty program + send thank-you offer
13318,Promising,0,3,640.76,213.58666666666667,36,17.5,0.3375009000301361,0.0,Low,Nurture: Monthly newsletter + loyalty point updates
13319,Champions,4,58,21323.22,367.6417241379311,732,12.403508771929825,0.135163813829422,0.0,Low,Retain: Enrol in VIP loyalty program + send thank-you offer
13320,At Risk,77,6,2228.1,371.34999999999997,478,79.8,0.37133949995040894,0.0,Medium,Re-engage: Best-seller showcase email + 15% discount
13321,Promising,71,2,567.36,283.68,85,14.0,0.48024892807006836,0.0,Medium,Nudge: Reminder email + product recommendation + limited offer
13322,Promising,16,1,199.48000000000002,199.48000000000002,16,,0.5495615601539612,1.0,Medium,Nudge: Reminder email + product recommendation + limited offer
13323,Promising,2,5,787.85,157.57,83,20.0,0.2596704661846161,0.0,Low,Nurture: Monthly newsletter + loyalty point updates
13324,Champions,35,18,10513.47,584.0816666666666,563,30.647058823529413,0.15867578983306885,0.0,Low,Retain: Enrol in VIP loyalty program + send thank-you offer
13325,Lost Customers,81,1,675.3,675.3,81,,0.5229544043540955,1.0,Medium,Re-activation: Welcome-back campaign + highlight what's new
13326,Lost Customers,431,1,281.76,281.76,431,,,,Lapsed,[Lapsed] Last Chance: Final win-back email + maximum discount
13327,Champions,38,20,9134.48,456.724,720,35.421052631578945,0.18679110705852509,0.0,Low,Retain: Enrol in VIP loyalty program + send thank-you offer
13328,Lost Customers,315,1,1308.48,1308.48,315,,,,Lapsed,[Lapsed] Last Chance: Final win-back email + maximum discount
13329,Champions,31,8,4808.77,601.09625,734,100.14285714285714,0.4258021116256714,0.0,Medium,Early Alert: Personalised product recommendation based on past purchases
13330,At Risk,92,6,2806.18,467.69666666666666,654,112.2,0.4276370108127594,0.0,Medium,Re-engage: Best-seller showcase email + 15% discount
13331,Lost Customers,401,1,262.4,262.4,401,,,,Lapsed,[Lapsed] Last Chance: Final win-back email + maximum discount
13332,Promising,13,1,350.90000000000003,350.90000000000003,13,,0.5266326069831848,1.0,Medium,Nudge: Reminder email + product recommendation + limited offer
13333,At Risk,410,3,1015.74,338.58,658,123.0,,,Lapsed,[Lapsed] Recovery: Time-limited 30% win-back discount + feedback survey
13334,At Risk,81,5,6263.75,1252.75,652,142.0,0.45468977093696594,0.0,Medium,Re-engage: Best-seller showcase email + 15% discount
13336,Promising,76,1,795.12,795.12,76,,0.5216760039329529,1.0,Medium,Nudge: Reminder email + product recommendation + limited offer
13337,Lost Customers,545,1,1575.26,1575.26,545,,,,Lapsed,[Lapsed] Last Chance: Final win-back email + maximum discount
13338,At Risk,157,4,2445.62,611.405,703,181.0,,,Lapsed,[Lapsed] Recovery: Time-limited 30% win-back discount + feedback survey
13339,Lost Customers,200,1,860.12,860.12,200,,,,Lapsed,[Lapsed] Last Chance: Final win-back email + maximum discount
13340,Champions,44,12,22100.56,1841.7133333333334,654,55.18181818181818,0.2365145981311798,0.0,Low,Retain: Enrol in VIP loyalty program + send thank-you offer
13341,Lost Customers,260,1,775.85,775.85,260,,,,Lapsed,[Lapsed] Last Chance: Final win-back email + maximum discount
13343,Lost Customers,177,1,353.43,353.43,177,,,,Lapsed,[Lapsed] Last Chance: Final win-back email + maximum discount
13344,At Risk,67,3,2543.7200000000003,847.9066666666668,277,104.5,0.390530526638031,0.0,Medium,Re-engage: Best-seller showcase email + 15% discount
13345,Lost Customers,287,1,389.5,389.5,287,,,,Lapsed,[Lapsed] Last Chance: Final win-back email + maximum discount
13346,Lost Customers,462,6,299.4,49.9,596,26.4,,,Lapsed,[Lapsed] Last Chance: Final win-back email + maximum discount
13347,Lost Customers,69,1,341.36,341.36,69,,0.5683245658874512,1.0,High,Last Chance: Final win-back email + maximum discount
13348,Lost Customers,63,1,233.76000000000002,233.76000000000002,63,,0.587601900100708,1.0,High,Last Chance: Final win-back email + maximum discount
13349,Promising,10,1,247.32,247.32,10,,0.5547000765800476,1.0,High,Urgent Re-engage: 20% discount coupon + highlight new arrivals
13350,Promising,15,2,979.1200000000001,489.56000000000006,78,63.0,0.356134295463562,0.0,Medium,Nudge: Reminder email + product recommendation + limited offer
13351,Lost Customers,65,1,373.94,373.94,65,,0.5683245658874512,1.0,High,Last Chance: Final win-back email + maximum discount
13352,Promising,59,1,397.98,397.98,59,,0.5683245658874512,1.0,High,Urgent Re-engage: 20% discount coupon + highlight new arrivals
13354,Promising,70,1,743.53,743.53,70,,0.5332135558128357,1.0,Medium,Nudge: Reminder email + product recommendation + limited offer
13355,Lost Customers,121,1,674.7,674.7,121,,0.5229544043540955,1.0,Medium,Re-activation: Welcome-back campaign + highlight what's new
13356,Promising,79,1,768.24,768.24,79,,0.5216760039329529,1.0,Medium,Nudge: Reminder email + product recommendation + limited offer
13357,At Risk,256,5,3838.36,767.672,626,92.0,,,Lapsed,[Lapsed] Recovery: Time-limited 30% win-back discount + feedback survey
13358,Lost Customers,268,1,439.03000000000003,439.03000000000003,268,,,,Lapsed,[Lapsed] Last Chance: Final win-back email + maximum discount
13359,Promising,63,2,1043.31,521.655,402,339.0,0.6666738986968994,1.0,High,Urgent Re-engage: 20% discount coupon + highlight new arrivals
13360,At Risk,431,4,1553.65,388.4125,700,89.0,,,Lapsed,[Lapsed] Recovery: Time-limited 30% win-back discount + feedback survey
13361,At Risk,471,2,1450.5,725.25,617,145.0,,,Lapsed,[Lapsed] Recovery: Time-limited 30% win-back discount + feedback survey
13362,Champions,8,7,5394.07,770.5814285714285,424,68.83333333333333,0.3142322897911072,0.0,Low,Retain: Enrol in VIP loyalty program + send thank-you offer
13363,Promising,17,3,1723.8600000000001,574.62,409,195.5,0.45977023243904114,0.0,Medium,Nudge: Reminder email + product recommendation + limited offer
13364,Lost Customers,70,1,134.96,134.96,70,,0.6352770328521729,1.0,High,Last Chance: Final win-back email + maximum discount
13365,Promising,33,2,2225.37,1112.685,217,184.0,0.4113607406616211,0.0,Medium,Nudge: Reminder email + product recommendation + limited offer
13366,Lost Customers,49,1,56.16,56.16,49,,0.6449915766716003,1.0,High,Last Chance: Final win-back email + maximum discount
13367,Lost Customers,431,1,510.2,510.2,431,,,,Lapsed,[Lapsed] Last Chance: Final win-back email + maximum discount
13368,At Risk,256,4,1121.5,280.375,423,55.0,,,Lapsed,[Lapsed] Recovery: Time-limited 30% win-back discount + feedback survey
13369,Lost Customers,365,1,308.28000000000003,308.28000000000003,365,,,,Lapsed,[Lapsed] Last Chance: Final win-back email + maximum discount
13370,Lost Customers,371,1,754.87,754.87,371,,,,Lapsed,[Lapsed] Last Chance: Final win-back email + maximum discount
13371,At Risk,504,2,2297.66,1148.83,631,127.0,,,Lapsed,[Lapsed] Recovery: Time-limited 30% win-back discount + feedback survey
13372,Lost Customers,89,1,378.64,378.64,89,,0.5683245658874512,1.0,High,Last Chance: Final win-back email + maximum discount
13373,At Risk,60,6,7587.1900000000005,1264.5316666666668,733,134.0,0.42746978998184204,0.0,Medium,Re-engage: Best-seller showcase email + 15% discount
13374,Lost Customers,414,2,422.8,211.4,449,34.0,,,Lapsed,[Lapsed] Last Chance: Final win-back email + maximum discount
13375,At Risk,88,2,1792.23,896.115,444,356.0,0.5996490716934204,1.0,High,Recovery: Time-limited 30% win-back discount + feedback survey
13376,At Risk,98,3,1019.76,339.92,233,67.0,0.36254560947418213,0.0,Medium,Re-engage: Best-seller showcase email + 15% discount
13377,At Risk,396,2,1552.88,776.44,645,249.0,,,Lapsed,[Lapsed] Recovery: Time-limited 30% win-back discount + feedback survey
13379,Promising,25,3,572.56,190.85333333333332,136,54.5,0.32593095302581787,0.0,Low,Nurture: Monthly newsletter + loyalty point updates
13380,Lost Customers,432,1,62.4,62.4,432,,,,Lapsed,[Lapsed] Last Chance: Final win-back email + maximum discount
13381,Champions,31,12,8224.369999999999,685.3641666666666,737,63.72727272727273,0.2529553472995758,0.0,Low,Retain: Enrol in VIP loyalty program + send thank-you offer
13382,At Risk,280,5,1387.58,277.51599999999996,731,112.25,,,Lapsed,[Lapsed] Recovery: Time-limited 30% win-back discount + feedback survey
13383,Lost Customers,543,1,305.28000000000003,305.28000000000003,543,,,,Lapsed,[Lapsed] Last Chance: Final win-back email + maximum discount
13384,Champions,30,11,6680.83,607.3481818181818,500,46.5,0.1966007500886917,0.0,Low,Retain: Enrol in VIP loyalty program + send thank-you offer
13385,Lost Customers,329,1,534.57,534.57,329,,,,Lapsed,[Lapsed] Last Chance: Final win-back email + maximum discount
13386,Lost Customers,413,2,835.46,417.73,436,22.0,,,Lapsed,[Lapsed] Last Chance: Final win-back email + maximum discount
13387,Lost Customers,416,1,189.44,189.44,416,,,,Lapsed,[Lapsed] Last Chance: Final win-back email + maximum discount
13388,At Risk,130,3,1185.6499999999999,395.21666666666664,603,236.0,0.5669041872024536,1.0,High,Recovery: Time-limited 30% win-back discount + feedback survey
13389,Promising,10,3,797.96,265.9866666666667,232,110.0,0.4269537925720215,0.0,Medium,Nudge: Reminder email + product recommendation + limited offer
13390,Lost Customers,74,1,544.08,544.08,74,,0.5564481616020203,1.0,High,Last Chance: Final win-back email + maximum discount
13391,Lost Customers,203,1,59.8,59.8,203,,,,Lapsed,[Lapsed] Last Chance: Final win-back email + maximum discount
13392,Lost Customers,676,1,91.14,91.14,676,,,,Lapsed,[Lapsed] Last Chance: Final win-back email + maximum discount
13393,At Risk,583,4,1131.45,282.8625,731,49.0,,,Lapsed,[Lapsed] Recovery: Time-limited 30% win-back discount + feedback survey
13394,Champions,1,19,6621.700000000001,348.5105263157895,738,40.44444444444444,0.18509358167648315,0.0,Low,Retain: Enrol in VIP loyalty program + send thank-you offer
13395,At Risk,184,3,1180.23,393.41,420,118.0,,,Lapsed,[Lapsed] Recovery: Time-limited 30% win-back discount + feedback survey
13396,Promising,28,2,1360.99,680.495,318,290.0,0.5206260681152344,1.0,Medium,Nudge: Reminder email + product recommendation + limited offer
13397,At Risk,72,10,3191.87,319.187,688,68.0,0.3151901364326477,0.0,Low,Monitor: Add to re-engagement campaign
13398,Lost Customers,191,2,670.34,335.17,448,256.0,,,Lapsed,[Lapsed] Last Chance: Final win-back email + maximum discount
13399,Lost Customers,463,3,275.4,91.8,518,27.0,,,Lapsed,[Lapsed] Last Chance: Final win-back email + maximum discount
13400,Lost Customers,582,1,310.83,310.83,582,,,,Lapsed,[Lapsed] Last Chance: Final win-back email + maximum discount
13402,At Risk,126,4,1226.85,306.7125,564,145.0,0.5769934058189392,1.0,High,Recovery: Time-limited 30% win-back discount + feedback survey
13403,Promising,17,3,229.5,76.5,722,352.0,0.5675963759422302,1.0,High,Urgent Re-engage: 20% discount coupon + highlight new arrivals
13404,Promising,0,2,252.49,126.245,212,211.0,0.5466000437736511,1.0,Medium,Nudge: Reminder email + product recommendation + limited offer
13405,At Risk,73,6,1213.8110000000001,202.30183333333335,723,129.6,0.4854263365268707,0.0,Medium,Re-engage: Best-seller showcase email + 15% discount
13406,Lost Customers,426,2,568.92,284.46,631,204.0,,,Lapsed,[Lapsed] Last Chance: Final win-back email + maximum discount
13407,At Risk,578,3,2244.7,748.2333333333332,661,41.0,,,Lapsed,[Lapsed] Recovery: Time-limited 30% win-back discount + feedback survey
13408,Champions,1,106,50174.782,473.347,735,6.6380952380952385,0.135163813829422,0.0,Low,Retain: Enrol in VIP loyalty program + send thank-you offer
13410,Champions,23,9,2201.96,244.66222222222223,730,88.0,0.35815513134002686,0.0,Medium,Early Alert: Personalised product recommendation based on past purchases
13411,Lost Customers,106,1,213.55,213.55,106,,0.5810954570770264,1.0,High,Last Chance: Final win-back email + maximum discount
13412,Lost Customers,619,1,487.35,487.35,619,,,,Lapsed,[Lapsed] Last Chance: Final win-back email + maximum discount
13413,At Risk,639,6,429.44000000000005,71.57333333333334,686,9.2,,,Lapsed,[Lapsed] Recovery: Time-limited 30% win-back discount + feedback survey
13414,At Risk,133,6,2494.14,415.69,602,93.4,0.3855040371417999,0.0,Medium,Re-engage: Best-seller showcase email + 15% discount
13415,At Risk,472,4,800.6700000000001,200.16750000000002,727,85.0,,,Lapsed,[Lapsed] Recovery: Time-limited 30% win-back discount + feedback survey
13416,Promising,43,3,940.8,313.59999999999997,735,346.0,0.5597610473632812,1.0,High,Urgent Re-engage: 20% discount coupon + highlight new arrivals
13417,Promising,4,6,1669.49,278.24833333333333,669,132.6,0.4428074359893799,0.0,Medium,Nudge: Reminder email + product recommendation + limited offer
13418,Champions,11,31,11610.36,374.5277419354839,727,23.5,0.15713442862033844,0.0,Low,Retain: Enrol in VIP loyalty program + send thank-you offer
13419,Lost Customers,63,1,221.06,221.06,63,,0.5785501003265381,1.0,High,Last Chance: Final win-back email + maximum discount
13420,Lost Customers,149,2,159.85,79.925,170,20.0,,,Lapsed,[Lapsed] Last Chance: Final win-back email + maximum discount
13421,Champions,39,8,4103.12,512.89,662,88.71428571428571,0.3483658730983734,0.0,Low,Retain: Enrol in VIP loyalty program + send thank-you offer
13422,Promising,63,1,2626.3,2626.3,63,,0.5723328590393066,1.0,High,Urgent Re-engage: 20% discount coupon + highlight new arrivals
13423,Lost Customers,428,1,217.03,217.03,428,,,,Lapsed,[Lapsed] Last Chance: Final win-back email + maximum discount
13424,Lost Customers,449,1,572.77,572.77,449,,,,Lapsed,[Lapsed] Last Chance: Final win-back email + maximum discount
13425,At Risk,107,5,3403.63,680.726,578,117.25,0.42857763171195984,0.0,Medium,Re-engage: Best-seller showcase email + 15% discount
13426,Champions,0,22,8167.38,371.24454545454546,729,34.285714285714285,0.1457415521144867,0.0,Low,Retain: Enrol in VIP loyalty program + send thank-you offer
13427,Promising,18,6,1006.53,167.755,721,140.2,0.4543249309062958,0.0,Medium,Nudge: Reminder email + product recommendation + limited offer
13428,Promising,9,3,499.98,166.66,513,252.0,0.5936487317085266,1.0,High,Urgent Re-engage: 20% discount coupon + highlight new arrivals
13429,Promising,10,4,1006.8000000000001,251.70000000000002,74,20.666666666666668,0.2793818712234497,0.0,Low,Nurture: Monthly newsletter + loyalty point updates
13430,Promising,18,2,679.45,339.725,85,67.0,0.3572918474674225,0.0,Medium,Nudge: Reminder email + product recommendation + limited offer
13431,At Risk,66,8,3316.2400000000002,414.53000000000003,659,84.14285714285714,0.38429737091064453,0.0,Medium,Re-engage: Best-seller showcase email + 15% discount
13432,Lost Customers,570,2,439.1,219.55,611,40.0,,,Lapsed,[Lapsed] Last Chance: Final win-back email + maximum discount
13433,At Risk,500,4,658.3199999999999,164.57999999999998,696,64.66666666666667,,,Lapsed,[Lapsed] Recovery: Time-limited 30% win-back discount + feedback survey
13434,At Risk,73,5,1666.8600000000001,333.372,655,145.0,0.5279861688613892,1.0,Medium,Re-engage: Best-seller showcase email + 15% discount
13435,Champions,4,9,4475.2300000000005,497.24777777777786,499,61.375,0.2534528970718384,0.0,Low,Retain: Enrol in VIP loyalty program + send thank-you offer
13436,Promising,1,1,196.89,196.89,1,,0.5282946228981018,1.0,Medium,Nudge: Reminder email + product recommendation + limited offer
13437,Champions,13,7,3408.06,486.86571428571426,189,28.833333333333332,0.17740827798843384,0.0,Low,Retain: Enrol in VIP loyalty program + send thank-you offer
13438,Lost Customers,546,1,46.5,46.5,546,,,,Lapsed,[Lapsed] Last Chance: Final win-back email + maximum discount
13439,At Risk,254,3,986.61,328.87,525,135.0,,,Lapsed,[Lapsed] Recovery: Time-limited 30% win-back discount + feedback survey
13440,At Risk,422,7,1295.25,185.03571428571428,451,4.5,,,Lapsed,[Lapsed] Recovery: Time-limited 30% win-back discount + feedback survey
13441,Promising,91,2,720.9,360.45,431,339.0,0.6687624454498291,1.0,High,Urgent Re-engage: 20% discount coupon + highlight new arrivals
13442,Lost Customers,666,3,419.87,139.95666666666668,737,35.0,,,Lapsed,[Lapsed] Last Chance: Final win-back email + maximum discount
13443,At Risk,448,6,1280.1599999999999,213.35999999999999,676,45.4,,,Lapsed,[Lapsed] Recovery: Time-limited 30% win-back discount + feedback survey
13444,Lost Customers,373,2,631.68,315.84,505,131.0,,,Lapsed,[Lapsed] Last Chance: Final win-back email + maximum discount
13445,Lost Customers,625,1,241.89999999999998,241.89999999999998,625,,,,Lapsed,[Lapsed] Last Chance: Final win-back email + maximum discount
13446,At Risk,429,11,3881.8900000000003,352.89909090909094,663,22.9,,,Lapsed,[Lapsed] Recovery: Time-limited 30% win-back discount + feedback survey
13447,Promising,22,3,1129.14,376.38000000000005,35,6.0,0.3615182936191559,0.0,Medium,Nudge: Reminder email + product recommendation + limited offer
13448,Champions,16,13,8796.91,676.6853846153846,733,59.333333333333336,0.29746487736701965,0.0,Low,Retain: Enrol in VIP loyalty program + send thank-you offer
13449,Promising,23,1,291.88,291.88,23,,0.5345957279205322,1.0,Medium,Nudge: Reminder email + product recommendation + limited offer
13450,Champions,26,13,4120.04,316.92615384615385,602,47.5,0.21699723601341248,0.0,Low,Retain: Enrol in VIP loyalty program + send thank-you offer
13451,Champions,25,11,7190.92,653.72,627,59.7,0.26379311084747314,0.0,Low,Retain: Enrol in VIP loyalty program + send thank-you offer
13452,At Risk,258,3,729.8,243.26666666666665,472,106.5,,,Lapsed,[Lapsed] Recovery: Time-limited 30% win-back discount + feedback survey
13453,At Risk,165,3,781.6899999999999,260.56333333333333,401,117.5,,,Lapsed,[Lapsed] Recovery: Time-limited 30% win-back discount + feedback survey
13454,Lost Customers,640,1,219.87,219.87,640,,,,Lapsed,[Lapsed] Last Chance: Final win-back email + maximum discount
13455,At Risk,24,6,2212.9900000000002,368.8316666666667,730,140.6,0.5443568229675293,1.0,Medium,Re-engage: Best-seller showcase email + 15% discount
13456,Promising,17,6,1766.72,294.4533333333333,206,37.4,0.19937515258789062,0.0,Low,Nurture: Monthly newsletter + loyalty point updates
13457,Lost Customers,688,2,148.22,74.11,737,48.0,,,Lapsed,[Lapsed] Last Chance: Final win-back email + maximum discount
13458,Champions,6,16,11959.27,747.454375,387,24.933333333333334,0.14214089512825012,0.0,Low,Retain: Enrol in VIP loyalty program + send thank-you offer
13459,Lost Customers,624,2,1160.4099999999999,580.2049999999999,681,57.0,,,Lapsed,[Lapsed] Last Chance: Final win-back email + maximum discount
13460,Promising,28,2,183.44,91.72,49,20.0,0.46426522731781006,0.0,Medium,Nudge: Reminder email + product recommendation + limited offer
13461,At Risk,38,6,4160.0,693.3333333333334,596,111.2,0.41190019249916077,0.0,Medium,Re-engage: Best-seller showcase email + 15% discount
13462,At Risk,252,5,1153.85,230.76999999999998,725,118.0,,,Lapsed,[Lapsed] Recovery: Time-limited 30% win-back discount + feedback survey
13464,At Risk,57,6,3097.64,516.2733333333333,617,111.8,0.4821650981903076,0.0,Medium,Re-engage: Best-seller showcase email + 15% discount
13465,Lost Customers,445,2,931.12,465.56,585,139.0,,,Lapsed,[Lapsed] Last Chance: Final win-back email + maximum discount
13466,At Risk,183,5,1013.35,202.67000000000002,627,110.75,,,Lapsed,[Lapsed] Recovery: Time-limited 30% win-back discount + feedback survey
13467,Promising,10,2,1083.71,541.855,35,25.0,0.323769748210907,0.0,Low,Nurture: Monthly newsletter + loyalty point updates
13468,Champions,1,72,12808.28,177.89277777777778,735,9.873239436619718,0.135163813829422,0.0,Low,Retain: Enrol in VIP loyalty program + send thank-you offer
13469,Lost Customers,652,1,82.4,82.4,652,,,,Lapsed,[Lapsed] Last Chance: Final win-back email + maximum discount
13470,Lost Customers,98,2,165.0,82.5,114,15.0,0.5490394830703735,1.0,Medium,Re-activation: Welcome-back campaign + highlight what's new
13471,Promising,0,4,2531.58,632.895,46,15.0,0.22493965923786163,0.0,Low,Nurture: Monthly newsletter + loyalty point updates
13472,Lost Customers,463,2,592.24,296.12,555,91.0,,,Lapsed,[Lapsed] Last Chance: Final win-back email + maximum discount
13473,At Risk,60,8,2657.7599999999998,332.21999999999997,723,94.28571428571429,0.49355581402778625,0.0,Medium,Re-engage: Best-seller showcase email + 15% discount
13474,At Risk,235,3,663.79,221.26333333333332,494,129.0,,,Lapsed,[Lapsed] Recovery: Time-limited 30% win-back discount + feedback survey
13475,At Risk,190,4,1431.78,357.945,298,35.333333333333336,,,Lapsed,[Lapsed] Recovery: Time-limited 30% win-back discount + feedback survey
13476,At Risk,178,5,2061.4700000000003,412.29400000000004,644,116.0,,,Lapsed,[Lapsed] Recovery: Time-limited 30% win-back discount + feedback survey
13477,Champions,37,11,2834.17,257.6518181818182,683,64.3,0.2983461916446686,0.0,Low,Retain: Enrol in VIP loyalty program + send thank-you offer
13478,At Risk,468,5,2215.78,443.15600000000006,676,51.25,,,Lapsed,[Lapsed] Recovery: Time-limited 30% win-back discount + feedback survey
13479,At Risk,200,4,851.37,212.8425,476,91.33333333333333,,,Lapsed,[Lapsed] Recovery: Time-limited 30% win-back discount + feedback survey
13480,Lost Customers,416,2,627.8199999999999,313.90999999999997,679,262.0,,,Lapsed,[Lapsed] Last Chance: Final win-back email + maximum discount
13481,Champions,45,11,3830.84,348.2581818181818,735,68.4,0.2694082260131836,0.0,Low,Retain: Enrol in VIP loyalty program + send thank-you offer
13482,Lost Customers,231,2,336.09000000000003,168.04500000000002,627,395.0,,,Lapsed,[Lapsed] Last Chance: Final win-back email + maximum discount
13483,Lost Customers,65,1,140.34,140.34,65,,0.6302847862243652,1.0,High,Last Chance: Final win-back email + maximum discount
13484,At Risk,240,3,790.72,263.5733333333333,639,199.0,,,Lapsed,[Lapsed] Recovery: Time-limited 30% win-back discount + feedback survey
13485,At Risk,232,11,3019.2200000000003,274.4745454545455,735,49.9,,,Lapsed,[Lapsed] Recovery: Time-limited 30% win-back discount + feedback survey
13486,At Risk,77,3,1122.41,374.1366666666667,154,38.0,0.36051031947135925,0.0,Medium,Re-engage: Best-seller showcase email + 15% discount
13487,At Risk,57,5,846.87,169.374,734,169.0,0.5254673361778259,1.0,Medium,Re-engage: Best-seller showcase email + 15% discount
13488,Champions,16,23,14205.960000000001,617.6504347826087,683,30.0,0.1440567672252655,0.0,Low,Retain: Enrol in VIP loyalty program + send thank-you offer
13489,At Risk,104,4,449.52000000000004,112.38000000000001,294,62.666666666666664,0.4556117057800293,0.0,Medium,Re-engage: Best-seller showcase email + 15% discount
13490,Lost Customers,653,1,154.25,154.25,653,,,,Lapsed,[Lapsed] Last Chance: Final win-back email + maximum discount
13491,Champions,51,27,4467.66,165.46888888888887,732,25.692307692307693,0.25606387853622437,0.0,Low,Retain: Enrol in VIP loyalty program + send thank-you offer
13492,At Risk,135,3,1269.8400000000001,423.28000000000003,214,38.5,0.38337329030036926,0.0,Medium,Re-engage: Best-seller showcase email + 15% discount
13493,Lost Customers,274,2,618.63,309.315,286,11.0,,,Lapsed,[Lapsed] Last Chance: Final win-back email + maximum discount
13494,Lost Customers,311,1,316.26000000000005,316.26000000000005,311,,,,Lapsed,[Lapsed] Last Chance: Final win-back email + maximum discount
13495,Champions,7,10,4863.31,486.331,732,80.11111111111111,0.33910441398620605,0.0,Low,Retain: Enrol in VIP loyalty program + send thank-you offer
13496,Promising,10,2,653.3299999999999,326.66499999999996,359,349.0,0.5371644496917725,1.0,Medium,Nudge: Reminder email + product recommendation + limited offer
13497,At Risk,282,6,1166.83,194.47166666666666,669,76.8,,,Lapsed,[Lapsed] Recovery: Time-limited 30% win-back discount + feedback survey
13498,Lost Customers,729,1,327.38,327.38,729,,,,Lapsed,[Lapsed] Last Chance: Final win-back email + maximum discount
13499,Promising,17,5,1159.1100000000001,231.82200000000003,269,62.5,0.3287506103515625,0.0,Low,Nurture: Monthly newsletter + loyalty point updates
13500,Promising,22,4,1466.3,366.575,400,125.33333333333333,0.39683493971824646,0.0,Medium,Nudge: Reminder email + product recommendation + limited offer
13501,At Risk,287,3,2885.1099999999997,961.7033333333333,569,140.5,,,Lapsed,[Lapsed] Recovery: Time-limited 30% win-back discount + feedback survey
13502,Promising,16,5,780.5,156.1,548,132.25,0.5078574419021606,1.0,Medium,Nudge: Reminder email + product recommendation + limited offer
13503,At Risk,70,6,1905.39,317.565,660,117.6,0.5600816011428833,1.0,High,Recovery: Time-limited 30% win-back discount + feedback survey
13504,Lost Customers,63,1,295.93,295.93,63,,0.5613951683044434,1.0,High,Last Chance: Final win-back email + maximum discount
13505,At Risk,72,4,4393.63,1098.4075,232,52.666666666666664,0.32156887650489807,0.0,Low,Monitor: Add to re-engagement campaign
13506,At Risk,315,5,1338.08,267.616,460,35.75,,,Lapsed,[Lapsed] Recovery: Time-limited 30% win-back discount + feedback survey
13507,Promising,2,4,2479.1600000000003,619.7900000000001,145,47.0,0.25103023648262024,0.0,Low,Nurture: Monthly newsletter + loyalty point updates
13508,Lost Customers,243,2,287.04999999999995,143.52499999999998,642,399.0,,,Lapsed,[Lapsed] Last Chance: Final win-back email + maximum discount
13509,Promising,8,8,1114.72,139.34,507,70.71428571428571,0.3515365421772003,0.0,Medium,Nudge: Reminder email + product recommendation + limited offer
13510,Champions,0,11,4558.29,414.39,718,71.1,0.327311635017395,0.0,Low,Retain: Enrol in VIP loyalty program + send thank-you offer
13511,Lost Customers,676,1,282.76,282.76,676,,,,Lapsed,[Lapsed] Last Chance: Final win-back email + maximum discount
13512,At Risk,260,4,713.39,178.3475,582,107.0,,,Lapsed,[Lapsed] Recovery: Time-limited 30% win-back discount + feedback survey
13513,At Risk,126,3,824.59,274.86333333333334,654,263.5,0.6418077349662781,1.0,High,Recovery: Time-limited 30% win-back discount + feedback survey
13514,At Risk,73,4,815.9000000000001,203.97500000000002,681,202.33333333333334,0.6015252470970154,1.0,High,Recovery: Time-limited 30% win-back discount + feedback survey
13515,At Risk,72,6,1265.8200000000002,210.97000000000003,644,113.8,0.47379955649375916,0.0,Medium,Re-engage: Best-seller showcase email + 15% discount
13516,Promising,20,4,1685.26,421.315,417,132.0,0.3943355977535248,0.0,Medium,Nudge: Reminder email + product recommendation + limited offer
13517,At Risk,59,3,2128.42,709.4733333333334,179,60.0,0.3303525149822235,0.0,Low,Monitor: Add to re-engagement campaign
13518,Lost Customers,85,1,659.44,659.44,85,,0.5507605671882629,1.0,High,Last Chance: Final win-back email + maximum discount
13519,Lost Customers,77,2,343.21000000000004,171.60500000000002,442,364.0,0.65230393409729,1.0,High,Last Chance: Final win-back email + maximum discount
13520,Champions,58,11,6606.0,600.5454545454545,722,66.0,0.28544196486473083,0.0,Low,Retain: Enrol in VIP loyalty program + send thank-you offer
13521,Promising,0,3,1093.65,364.55,9,3.5,0.31637755036354065,0.0,Low,Nurture: Monthly newsletter + loyalty point updates
13522,Promising,29,1,125.80000000000001,125.80000000000001,29,,0.608744740486145,1.0,High,Urgent Re-engage: 20% discount coupon + highlight new arrivals
13523,At Risk,32,6,4534.57,755.7616666666667,401,73.4,0.3217315673828125,0.0,Low,Monitor: Add to re-engagement campaign
13524,Promising,40,5,680.1800000000001,136.036,219,44.25,0.26409173011779785,0.0,Low,Nurture: Monthly newsletter + loyalty point updates
13525,Promising,14,2,628.78,314.39,247,233.0,0.5012007355690002,1.0,Medium,Nudge: Reminder email + product recommendation + limited offer
13526,Lost Customers,737,2,1182.0,591.0,737,0.0,,,Lapsed,[Lapsed] Last Chance: Final win-back email + maximum discount
13527,Champions,33,12,4683.74,390.31166666666667,687,59.0,0.270102322101593,0.0,Low,Retain: Enrol in VIP loyalty program + send thank-you offer
13529,Lost Customers,78,2,307.76,153.88,204,125.0,0.5433513522148132,1.0,Medium,Re-activation: Welcome-back campaign + highlight what's new
13530,Lost Customers,633,1,402.98,402.98,633,,,,Lapsed,[Lapsed] Last Chance: Final win-back email + maximum discount
13531,At Risk,204,6,1433.07,238.845,735,106.0,,,Lapsed,[Lapsed] Recovery: Time-limited 30% win-back discount + feedback survey
13532,Promising,33,1,210.31,210.31,33,,0.5604551434516907,1.0,High,Urgent Re-engage: 20% discount coupon + highlight new arrivals
13533,Lost Customers,182,3,270.78999999999996,90.26333333333332,267,42.0,,,Lapsed,[Lapsed] Last Chance: Final win-back email + maximum discount
13534,Champions,1,35,7720.9,220.59714285714284,519,14.823529411764707,0.13861103355884552,0.0,Low,Retain: Enrol in VIP loyalty program + send thank-you offer
13535,Lost Customers,402,1,89.5,89.5,402,,,,Lapsed,[Lapsed] Last Chance: Final win-back email + maximum discount
13536,Champions,0,7,3448.29,492.61285714285714,74,11.833333333333334,0.1718299686908722,0.0,Low,Retain: Enrol in VIP loyalty program + send thank-you offer
13537,Lost Customers,425,2,717.85,358.925,451,26.0,,,Lapsed,[Lapsed] Last Chance: Final win-back email + maximum discount
13538,Champions,42,12,3112.73,259.39416666666665,675,57.0,0.30876001715660095,0.0,Low,Retain: Enrol in VIP loyalty program + send thank-you offer
13539,At Risk,85,7,1569.3600000000001,224.19428571428574,590,83.5,0.43262118101119995,0.0,Medium,Re-engage: Best-seller showcase email + 15% discount
13540,Lost Customers,466,3,632.39,210.79666666666665,655,94.0,,,Lapsed,[Lapsed] Last Chance: Final win-back email + maximum discount
13541,Lost Customers,426,2,785.25,392.625,569,143.0,,,Lapsed,[Lapsed] Last Chance: Final win-back email + maximum discount
13542,At Risk,376,17,4006.17,235.6570588235294,728,21.5625,,,Lapsed,[Lapsed] Recovery: Time-limited 30% win-back discount + feedback survey
13543,At Risk,633,2,1439.6100000000001,719.8050000000001,686,52.0,,,Lapsed,[Lapsed] Recovery: Time-limited 30% win-back discount + feedback survey
13544,Promising,39,6,829.0,138.16666666666666,644,120.6,0.5348767042160034,1.0,Medium,Nudge: Reminder email + product recommendation + limited offer
13545,Lost Customers,390,2,374.64,187.32,544,153.0,,,Lapsed,[Lapsed] Last Chance: Final win-back email + maximum discount
13546,Promising,11,5,1092.1399999999999,218.42799999999997,423,102.5,0.40651407837867737,0.0,Medium,Nudge: Reminder email + product recommendation + limited offer
13547,Lost Customers,407,1,175.53,175.53,407,,,,Lapsed,[Lapsed] Last Chance: Final win-back email + maximum discount
13548,At Risk,95,3,908.99,302.99666666666667,470,187.0,0.4670943319797516,0.0,Medium,Re-engage: Best-seller showcase email + 15% discount
13549,Promising,25,8,1005.8000000000001,125.72500000000001,387,51.285714285714285,0.2983509600162506,0.0,Low,Nurture: Monthly newsletter + loyalty point updates
13550,Lost Customers,382,1,349.51,349.51,382,,,,Lapsed,[Lapsed] Last Chance: Final win-back email + maximum discount
13551,Lost Customers,318,2,244.2,122.1,665,346.0,,,Lapsed,[Lapsed] Last Chance: Final win-back email + maximum discount
13552,Champions,65,22,6978.92,317.2236363636364,657,27.857142857142858,0.20980603992938995,0.0,Low,Retain: Enrol in VIP loyalty program + send thank-you offer
13553,Lost Customers,674,1,517.8,517.8,674,,,,Lapsed,[Lapsed] Last Chance: Final win-back email + maximum discount
13554,At Risk,379,7,1638.28,234.04,446,10.666666666666666,,,Lapsed,[Lapsed] Recovery: Time-limited 30% win-back discount + feedback survey
13555,Champions,73,13,8999.19,692.2453846153846,688,51.083333333333336,0.339354932308197,0.0,Low,Retain: Enrol in VIP loyalty program + send thank-you offer
13556,Lost Customers,428,2,200.82,100.41,435,6.0,,,Lapsed,[Lapsed] Last Chance: Final win-back email + maximum discount
13557,Champions,27,13,3032.26,233.25076923076924,730,58.0,0.36529701948165894,0.0,Medium,Early Alert: Personalised product recommendation based on past purchases
13558,Promising,5,4,605.06,151.265,67,20.333333333333332,0.32927897572517395,0.0,Low,Nurture: Monthly newsletter + loyalty point updates
13559,Lost Customers,512,2,990.0,495.0,543,30.0,,,Lapsed,[Lapsed] Last Chance: Final win-back email + maximum discount
13560,Promising,6,1,174.37,174.37,6,,0.5476888418197632,1.0,Medium,Nudge: Reminder email + product recommendation + limited offer
13561,At Risk,215,11,1820.72,165.52,648,43.0,,,Lapsed,[Lapsed] Recovery: Time-limited 30% win-back discount + feedback survey
13562,At Risk,81,8,4838.18,604.7725,693,87.0,0.35906651616096497,0.0,Medium,Re-engage: Best-seller showcase email + 15% discount
13563,Promising,83,2,777.53,388.765,139,55.0,0.38634371757507324,0.0,Medium,Nudge: Reminder email + product recommendation + limited offer
13564,Champions,143,37,16709.55,451.60945945945946,737,16.055555555555557,,,Lapsed,[Lapsed] VIP Win-Back: Personal call + exclusive loyalty reward + free shipping
13565,Promising,18,3,414.79999999999995,138.26666666666665,410,195.5,0.5570242404937744,1.0,High,Urgent Re-engage: 20% discount coupon + highlight new arrivals
13566,At Risk,40,5,1708.1200000000001,341.624,639,149.25,0.49272745847702026,0.0,Medium,Re-engage: Best-seller showcase email + 15% discount
13567,At Risk,427,4,1083.69,270.9225,541,37.333333333333336,,,Lapsed,[Lapsed] Recovery: Time-limited 30% win-back discount + feedback survey
13568,Lost Customers,172,1,192.85,192.85,172,,,,Lapsed,[Lapsed] Last Chance: Final win-back email + maximum discount
13569,Promising,16,4,775.46,193.865,427,136.33333333333334,0.530218243598938,1.0,Medium,Nudge: Reminder email + product recommendation + limited offer
13570,Lost Customers,242,1,239.49,239.49,242,,,,Lapsed,[Lapsed] Last Chance: Final win-back email + maximum discount
13571,Champions,12,26,4546.54,174.8669230769231,730,28.24,0.1552872508764267,0.0,Low,Retain: Enrol in VIP loyalty program + send thank-you offer
13572,Lost Customers,205,1,1384.25,1384.25,205,,,,Lapsed,[Lapsed] Last Chance: Final win-back email + maximum discount
13573,At Risk,49,6,916.47,152.745,636,116.6,0.5319308042526245,1.0,Medium,Re-engage: Best-seller showcase email + 15% discount
13574,Lost Customers,410,1,421.25,421.25,410,,,,Lapsed,[Lapsed] Last Chance: Final win-back email + maximum discount
13575,Promising,22,5,732.0699999999999,146.414,175,37.75,0.26840001344680786,0.0,Low,Nurture: Monthly newsletter + loyalty point updates
13576,Champions,9,28,11202.59,400.09250000000003,730,26.22222222222222,0.14037325978279114,0.0,Low,Retain: Enrol in VIP loyalty program + send thank-you offer
13577,Champions,24,11,3489.28,317.20727272727277,724,69.6,0.34288477897644043,0.0,Low,Retain: Enrol in VIP loyalty program + send thank-you offer
13578,Lost Customers,408,1,147.66,147.66,408,,,,Lapsed,[Lapsed] Last Chance: Final win-back email + maximum discount
13579,Promising,14,5,1374.3400000000001,274.86800000000005,658,160.5,0.5491621494293213,1.0,Medium,Nudge: Reminder email + product recommendation + limited offer
13580,Lost Customers,405,1,107.75,107.75,405,,,,Lapsed,[Lapsed] Last Chance: Final win-back email + maximum discount
13581,Lost Customers,308,2,280.53,140.265,413,104.0,,,Lapsed,[Lapsed] Last Chance: Final win-back email + maximum discount
13582,Lost Customers,389,2,241.68,120.84,617,227.0,,,Lapsed,[Lapsed] Last Chance: Final win-back email + maximum discount
13583,At Risk,155,2,1445.031,722.5155,678,523.0,,,Lapsed,[Lapsed] Recovery: Time-limited 30% win-back discount + feedback survey
13584,Lost Customers,306,3,392.45000000000005,130.8166666666667,675,184.0,,,Lapsed,[Lapsed] Last Chance: Final win-back email + maximum discount
13585,Lost Customers,530,3,684.54,228.17999999999998,737,103.5,,,Lapsed,[Lapsed] Last Chance: Final win-back email + maximum discount
13586,Lost Customers,540,1,131.53,131.53,540,,,,Lapsed,[Lapsed] Last Chance: Final win-back email + maximum discount
13587,At Risk,63,4,1673.5,418.375,662,199.66666666666666,0.4617065489292145,0.0,Medium,Re-engage: Best-seller showcase email + 15% discount
13588,Champions,15,9,2478.95,275.43888888888887,254,29.5,0.1503027081489563,0.0,Low,Retain: Enrol in VIP loyalty program + send thank-you offer
13589,Promising,14,6,1120.74,186.79,733,143.2,0.5396449565887451,1.0,Medium,Nudge: Reminder email + product recommendation + limited offer
13590,Champions,10,18,6349.59,352.755,737,42.411764705882355,0.20310208201408386,0.0,Low,Retain: Enrol in VIP loyalty program + send thank-you offer
13591,At Risk,64,7,2093.94,299.13428571428574,724,109.66666666666667,0.4276370108127594,0.0,Medium,Re-engage: Best-seller showcase email + 15% discount
13592,Promising,35,4,247.95999999999998,61.989999999999995,263,76.0,0.47692885994911194,0.0,Medium,Nudge: Reminder email + product recommendation + limited offer
13593,Champions,107,14,5523.6900000000005,394.54928571428576,646,41.07692307692308,0.30130669474601746,0.0,Low,Retain: Enrol in VIP loyalty program + send thank-you offer
13594,Promising,52,2,533.32,266.66,485,432.0,0.643561601638794,1.0,High,Urgent Re-engage: 20% discount coupon + highlight new arrivals
13595,At Risk,516,3,818.22,272.74,645,64.5,,,Lapsed,[Lapsed] Recovery: Time-limited 30% win-back discount + feedback survey
13596,Promising,5,2,697.04,348.52,12,7.0,0.4030376970767975,0.0,Medium,Nudge: Reminder email + product recommendation + limited offer
13597,Lost Customers,399,2,396.71,198.355,402,2.0,,,Lapsed,[Lapsed] Last Chance: Final win-back email + maximum discount
13598,Promising,46,5,789.59,157.918,651,151.0,0.5955976247787476,1.0,High,Urgent Re-engage: 20% discount coupon + highlight new arrivals
13599,Champions,0,33,9814.79,297.4178787878788,738,22.75,0.1386200189590454,0.0,Low,Retain: Enrol in VIP loyalty program + send thank-you offer
13600,Lost Customers,311,2,518.42,259.21,633,321.0,,,Lapsed,[Lapsed] Last Chance: Final win-back email + maximum discount
13601,Promising,44,4,1185.14,296.285,545,167.0,0.5065872669219971,1.0,Medium,Nudge: Reminder email + product recommendation + limited offer
13602,At Risk,64,4,1025.17,256.2925,560,165.0,0.5745803713798523,1.0,High,Recovery: Time-limited 30% win-back discount + feedback survey
13603,Promising,25,1,164.34,164.34,25,,0.5668433904647827,1.0,High,Urgent Re-engage: 20% discount coupon + highlight new arrivals
13604,Lost Customers,658,1,717.62,717.62,658,,,,Lapsed,[Lapsed] Last Chance: Final win-back email + maximum discount
13605,Lost Customers,386,2,522.6700000000001,261.33500000000004,570,184.0,,,Lapsed,[Lapsed] Last Chance: Final win-back email + maximum discount
13606,Promising,28,3,280.53999999999996,93.51333333333332,311,141.0,0.5517950654029846,1.0,High,Urgent Re-engage: 20% discount coupon + highlight new arrivals
13607,Promising,39,2,1078.31,539.155,402,362.0,0.5539690256118774,1.0,High,Urgent Re-engage: 20% discount coupon + highlight new arrivals
13608,Lost Customers,540,1,236.2,236.2,540,,,,Lapsed,[Lapsed] Last Chance: Final win-back email + maximum discount
13609,Lost Customers,592,1,167.35,167.35,592,,,,Lapsed,[Lapsed] Last Chance: Final win-back email + maximum discount
13610,Champions,11,14,2175.88,155.42000000000002,702,52.53846153846154,0.28733476996421814,0.0,Low,Retain: Enrol in VIP loyalty program + send thank-you offer
13611,At Risk,88,10,3319.53,331.95300000000003,736,71.55555555555556,0.3742287755012512,0.0,Medium,Re-engage: Best-seller showcase email + 15% discount
13612,Lost Customers,632,1,818.29,818.29,632,,,,Lapsed,[Lapsed] Last Chance: Final win-back email + maximum discount
13613,At Risk,452,5,1039.85,207.96999999999997,660,51.75,,,Lapsed,[Lapsed] Recovery: Time-limited 30% win-back discount + feedback survey
13614,At Risk,23,6,2359.19,393.1983333333333,550,105.0,0.3946921229362488,0.0,Medium,Re-engage: Best-seller showcase email + 15% discount
13615,At Risk,318,8,6272.53,784.06625,679,51.142857142857146,,,Lapsed,[Lapsed] Recovery: Time-limited 30% win-back discount + feedback survey
13616,Lost Customers,567,2,288.1,144.05,690,122.0,,,Lapsed,[Lapsed] Last Chance: Final win-back email + maximum discount
13617,At Risk,39,8,1278.75,159.84375,494,64.57142857142857,0.35199761390686035,0.0,Medium,Re-engage: Best-seller showcase email + 15% discount
13618,Lost Customers,173,1,177.34,177.34,173,,,,Lapsed,[Lapsed] Last Chance: Final win-back email + maximum discount
13619,Lost Customers,544,2,231.69,115.845,673,129.0,,,Lapsed,[Lapsed] Last Chance: Final win-back email + maximum discount
13620,Lost Customers,527,1,112.34,112.34,527,,,,Lapsed,[Lapsed] Last Chance: Final win-back email + maximum discount
13621,Lost Customers,116,1,213.85,213.85,116,,0.5810954570770264,1.0,High,Last Chance: Final win-back email + maximum discount
13622,Lost Customers,695,1,658.95,658.95,695,,,,Lapsed,[Lapsed] Last Chance: Final win-back email + maximum discount
13623,Champions,30,10,2566.49,256.649,736,77.88888888888889,0.3644484579563141,0.0,Medium,Early Alert: Personalised product recommendation based on past purchases
13624,Lost Customers,387,1,462.08,462.08,387,,,,Lapsed,[Lapsed] Last Chance: Final win-back email + maximum discount
13625,Lost Customers,596,1,301.26,301.26,596,,,,Lapsed,[Lapsed] Last Chance: Final win-back email + maximum discount
13626,Lost Customers,252,2,707.04,353.52,378,126.0,,,Lapsed,[Lapsed] Last Chance: Final win-back email + maximum discount
13627,At Risk,58,7,2245.9,320.84285714285716,639,96.33333333333333,0.31084883213043213,0.0,Low,Monitor: Add to re-engagement campaign
13628,Lost Customers,675,1,310.14,310.14,675,,,,Lapsed,[Lapsed] Last Chance: Final win-back email + maximum discount
13629,Champions,22,19,13370.86,703.7294736842106,665,35.166666666666664,0.16087085008621216,0.0,Low,Retain: Enrol in VIP loyalty program + send thank-you offer
13630,Champions,4,7,2031.78,290.2542857142857,285,46.166666666666664,0.201455757021904,0.0,Low,Retain: Enrol in VIP loyalty program + send thank-you offer
13631,At Risk,99,11,3070.42,279.1290909090909,266,16.5,0.38430485129356384,0.0,Medium,Re-engage: Best-seller showcase email + 15% discount
13632,Champions,24,8,3648.15,456.01875,611,83.42857142857143,0.2840994596481323,0.0,Low,Retain: Enrol in VIP loyalty program + send thank-you offer
13634,Champions,32,16,5073.47,317.091875,697,43.8,0.22085081040859222,0.0,Low,Retain: Enrol in VIP loyalty program + send thank-you offer
13635,At Risk,67,4,2999.16,749.79,738,223.33333333333334,0.5490172505378723,1.0,Medium,Re-engage: Best-seller showcase email + 15% discount
13636,Promising,36,5,949.12,189.824,284,61.75,0.3229254484176636,0.0,Low,Nurture: Monthly newsletter + loyalty point updates
13637,Promising,51,3,810.5,270.1666666666667,225,87.0,0.4270836412906647,0.0,Medium,Nudge: Reminder email + product recommendation + limited offer
13638,Promising,15,1,122.64,122.64,15,,0.5936691761016846,1.0,High,Urgent Re-engage: 20% discount coupon + highlight new arrivals
13639,At Risk,73,2,1346.27,673.135,436,362.0,0.5820940136909485,1.0,High,Recovery: Time-limited 30% win-back discount + feedback survey
13640,Lost Customers,610,1,405.0,405.0,610,,,,Lapsed,[Lapsed] Last Chance: Final win-back email + maximum discount
13641,At Risk,640,5,1016.47,203.294,733,22.75,,,Lapsed,[Lapsed] Recovery: Time-limited 30% win-back discount + feedback survey
13642,At Risk,215,4,514.72,128.68,432,72.33333333333333,,,Lapsed,[Lapsed] Recovery: Time-limited 30% win-back discount + feedback survey
13643,Champions,30,10,2156.77,215.677,731,77.22222222222223,0.3891049921512604,0.0,Medium,Early Alert: Personalised product recommendation based on past purchases
13644,Promising,15,4,2624.26,656.065,105,29.333333333333332,0.22878021001815796,0.0,Low,Nurture: Monthly newsletter + loyalty point updates
13645,Lost Customers,119,1,252.1,252.1,119,,0.5705286264419556,1.0,High,Last Chance: Final win-back email + maximum discount
13646,Lost Customers,399,2,326.25,163.125,399,0.0,,,Lapsed,[Lapsed] Last Chance: Final win-back email + maximum discount
13647,Champions,9,8,3071.68,383.96,602,84.28571428571429,0.34055060148239136,0.0,Low,Retain: Enrol in VIP loyalty program + send thank-you offer
13648,At Risk,399,8,1764.02,220.5025,737,47.714285714285715,,,Lapsed,[Lapsed] Recovery: Time-limited 30% win-back discount + feedback survey
13649,At Risk,256,6,1481.0800000000002,246.8466666666667,526,53.4,,,Lapsed,[Lapsed] Recovery: Time-limited 30% win-back discount + feedback survey
13650,Champions,16,10,3288.0,328.8,682,73.55555555555556,0.2825711965560913,0.0,Low,Retain: Enrol in VIP loyalty program + send thank-you offer
13651,Promising,34,3,226.85000000000002,75.61666666666667,381,173.0,0.5919386148452759,1.0,High,Urgent Re-engage: 20% discount coupon + highlight new arrivals
13652,At Risk,45,5,2262.05,452.41,651,151.0,0.49177733063697815,0.0,Medium,Re-engage: Best-seller showcase email + 15% discount
13653,Lost Customers,487,1,152.2,152.2,487,,,,Lapsed,[Lapsed] Last Chance: Final win-back email + maximum discount
13654,Champions,42,11,6308.0,573.4545454545455,737,69.0,0.2672812044620514,0.0,Low,Retain: Enrol in VIP loyalty program + send thank-you offer
13655,At Risk,113,6,2280.51,380.08500000000004,591,95.2,0.409822553396225,0.0,Medium,Re-engage: Best-seller showcase email + 15% discount
13656,At Risk,164,4,1078.85,269.7125,595,143.0,,,Lapsed,[Lapsed] Recovery: Time-limited 30% win-back discount + feedback survey
13657,Promising,10,2,382.14,191.07,201,190.0,0.5334728956222534,1.0,Medium,Nudge: Reminder email + product recommendation + limited offer
13658,Champions,9,9,6025.5,669.5,671,82.5,0.2630539834499359,0.0,Low,Retain: Enrol in VIP loyalty program + send thank-you offer
13659,At Risk,205,12,4894.88,407.9066666666667,660,41.0,,,Lapsed,[Lapsed] Recovery: Time-limited 30% win-back discount + feedback survey
13660,Lost Customers,399,1,314.59,314.59,399,,,,Lapsed,[Lapsed] Last Chance: Final win-back email + maximum discount
13661,Lost Customers,602,1,325.24,325.24,602,,,,Lapsed,[Lapsed] Last Chance: Final win-back email + maximum discount
13662,At Risk,85,11,2250.11,204.55545454545455,657,57.1,0.37583255767822266,0.0,Medium,Re-engage: Best-seller showcase email + 15% discount
13663,At Risk,178,5,2047.51,409.502,646,116.5,,,Lapsed,[Lapsed] Recovery: Time-limited 30% win-back discount + feedback survey
13665,At Risk,385,3,1711.6599999999999,570.5533333333333,503,58.5,,,Lapsed,[Lapsed] Recovery: Time-limited 30% win-back discount + feedback survey
13666,Promising,59,5,127.9,25.580000000000002,735,168.5,0.5846748352050781,1.0,High,Urgent Re-engage: 20% discount coupon + highlight new arrivals
13667,Lost Customers,148,1,305.02,305.02,148,,,,Lapsed,[Lapsed] Last Chance: Final win-back email + maximum discount
13668,Champions,2,35,13089.94,373.9982857142857,727,20.852941176470587,0.14037325978279114,0.0,Low,Retain: Enrol in VIP loyalty program + send thank-you offer
13669,Promising,50,3,413.54999999999995,137.85,406,177.5,0.5751748085021973,1.0,High,Urgent Re-engage: 20% discount coupon + highlight new arrivals
13670,Lost Customers,74,1,349.7,349.7,74,,0.5683245658874512,1.0,High,Last Chance: Final win-back email + maximum discount
13671,Lost Customers,394,1,194.95,194.95,394,,,,Lapsed,[Lapsed] Last Chance: Final win-back email + maximum discount
13672,Lost Customers,300,3,419.92,139.97333333333333,730,214.0,,,Lapsed,[Lapsed] Last Chance: Final win-back email + maximum discount
13673,Promising,18,2,396.91999999999996,198.45999999999998,31,13.0,0.414753258228302,0.0,Medium,Nudge: Reminder email + product recommendation + limited offer
13674,Lost Customers,432,1,240.68,240.68,432,,,,Lapsed,[Lapsed] Last Chance: Final win-back email + maximum discount
13675,Lost Customers,150,2,486.82000000000005,243.41000000000003,284,133.0,,,Lapsed,[Lapsed] Last Chance: Final win-back email + maximum discount
13676,Lost Customers,538,2,243.90000000000003,121.95000000000002,618,80.0,,,Lapsed,[Lapsed] Last Chance: Final win-back email + maximum discount
13677,Lost Customers,404,2,556.19,278.095,519,115.0,,,Lapsed,[Lapsed] Last Chance: Final win-back email + maximum discount
13678,Lost Customers,151,1,232.6,232.6,151,,,,Lapsed,[Lapsed] Last Chance: Final win-back email + maximum discount
13679,Lost Customers,493,3,281.26,93.75333333333333,734,120.5,,,Lapsed,[Lapsed] Last Chance: Final win-back email + maximum discount
13680,Champions,0,12,11435.67,952.9725,734,66.27272727272727,0.2961820065975189,0.0,Low,Retain: Enrol in VIP loyalty program + send thank-you offer
13681,Promising,17,4,827.83,206.9575,154,45.333333333333336,0.32593095302581787,0.0,Low,Nurture: Monthly newsletter + loyalty point updates
13682,Lost Customers,186,1,59.5,59.5,186,,,,Lapsed,[Lapsed] Last Chance: Final win-back email + maximum discount
13683,Lost Customers,457,1,258.6,258.6,457,,,,Lapsed,[Lapsed] Last Chance: Final win-back email + maximum discount
13684,At Risk,285,4,596.98,149.245,620,111.0,,,Lapsed,[Lapsed] Recovery: Time-limited 30% win-back discount + feedback survey
13685,Champions,2,7,3119.44,445.63428571428574,59,9.166666666666666,0.17224644124507904,0.0,Low,Retain: Enrol in VIP loyalty program + send thank-you offer
13686,Lost Customers,182,3,409.04,136.34666666666666,400,109.0,,,Lapsed,[Lapsed] Last Chance: Final win-back email + maximum discount
13687,At Risk,437,1,11880.84,11880.84,437,,,,Lapsed,[Lapsed] Recovery: Time-limited 30% win-back discount + feedback survey
13688,Lost Customers,634,1,375.5,375.5,634,,,,Lapsed,[Lapsed] Last Chance: Final win-back email + maximum discount
13689,Promising,62,2,1259.5,629.75,444,381.0,0.5834815502166748,1.0,High,Urgent Re-engage: 20% discount coupon + highlight new arrivals
13690,Lost Customers,58,1,172.25,172.25,58,,0.5848687291145325,1.0,High,Last Chance: Final win-back email + maximum discount
13691,Lost Customers,395,1,212.78,212.78,395,,,,Lapsed,[Lapsed] Last Chance: Final win-back email + maximum discount
13692,At Risk,24,5,3114.4,622.88,419,98.5,0.34735533595085144,0.0,Low,Monitor: Add to re-engagement campaign
13693,At Risk,373,9,2011.8200000000002,223.53555555555556,732,44.25,,,Lapsed,[Lapsed] Recovery: Time-limited 30% win-back discount + feedback survey
13694,Champions,3,143,195640.69,1368.1167132867133,734,4.838028169014085,0.135163813829422,0.0,Low,Retain: Enrol in VIP loyalty program + send thank-you offer
13695,Champions,30,16,2770.73,173.170625,577,36.06666666666667,0.16911490261554718,0.0,Low,Retain: Enrol in VIP loyalty program + send thank-you offer
13696,At Risk,421,3,2020.4,673.4666666666667,665,121.5,,,Lapsed,[Lapsed] Recovery: Time-limited 30% win-back discount + feedback survey
13697,Lost Customers,38,1,151.3,151.3,38,,0.6219616532325745,1.0,High,Last Chance: Final win-back email + maximum discount
13698,Lost Customers,596,2,465.53000000000003,232.76500000000001,681,85.0,,,Lapsed,[Lapsed] Last Chance: Final win-back email + maximum discount
13699,Lost Customers,154,2,764.1500000000001,382.07500000000005,549,395.0,,,Lapsed,[Lapsed] Last Chance: Final win-back email + maximum discount
13700,Champions,25,13,2613.46,201.03538461538463,670,53.333333333333336,0.23461419343948364,0.0,Low,Retain: Enrol in VIP loyalty program + send thank-you offer
13701,Lost Customers,446,1,161.0,161.0,446,,,,Lapsed,[Lapsed] Last Chance: Final win-back email + maximum discount
13702,Lost Customers,445,1,135.18,135.18,445,,,,Lapsed,[Lapsed] Last Chance: Final win-back email + maximum discount
13703,Lost Customers,317,2,425.56,212.78,414,96.0,,,Lapsed,[Lapsed] Last Chance: Final win-back email + maximum discount
13704,Champions,4,9,2308.06,256.4511111111111,87,10.125,0.1547824591398239,0.0,Low,Retain: Enrol in VIP loyalty program + send thank-you offer
13705,Promising,7,7,1717.19,245.31285714285715,623,102.16666666666667,0.46539008617401123,0.0,Medium,Nudge: Reminder email + product recommendation + limited offer
13706,Lost Customers,302,2,631.1700000000001,315.58500000000004,626,324.0,,,Lapsed,[Lapsed] Last Chance: Final win-back email + maximum discount
13707,At Risk,266,5,3365.8599999999997,673.1719999999999,536,67.0,,,Lapsed,[Lapsed] Recovery: Time-limited 30% win-back discount + feedback survey
13708,Lost Customers,270,1,296.88,296.88,270,,,,Lapsed,[Lapsed] Last Chance: Final win-back email + maximum discount
13709,Champions,3,18,7591.75,421.7638888888889,697,40.470588235294116,0.17223545908927917,0.0,Low,Retain: Enrol in VIP loyalty program + send thank-you offer
13710,Promising,31,3,509.52,169.84,611,289.5,0.6424154043197632,1.0,High,Urgent Re-engage: 20% discount coupon + highlight new arrivals
13711,At Risk,218,9,1792.2600000000002,199.14000000000001,723,62.75,,,Lapsed,[Lapsed] Recovery: Time-limited 30% win-back discount + feedback survey
13712,Lost Customers,246,2,766.4200000000001,383.21000000000004,610,364.0,,,Lapsed,[Lapsed] Last Chance: Final win-back email + maximum discount
13713,At Risk,407,3,743.26,247.75333333333333,582,87.0,,,Lapsed,[Lapsed] Recovery: Time-limited 30% win-back discount + feedback survey
13714,Lost Customers,464,1,161.35,161.35,464,,,,Lapsed,[Lapsed] Last Chance: Final win-back email + maximum discount
13715,At Risk,280,17,8210.64,482.9788235294117,637,21.8125,,,Lapsed,[Lapsed] Recovery: Time-limited 30% win-back discount + feedback survey
13716,Lost Customers,268,1,138.28,138.28,268,,,,Lapsed,[Lapsed] Last Chance: Final win-back email + maximum discount
13717,At Risk,31,8,1763.3,220.4125,485,64.14285714285714,0.2986704111099243,0.0,Low,Monitor: Add to re-engagement campaign
13718,Lost Customers,245,2,306.55,153.275,295,49.0,,,Lapsed,[Lapsed] Last Chance: Final win-back email + maximum discount
13719,Champions,14,11,2815.25,255.9318181818182,570,55.1,0.30847933888435364,0.0,Low,Retain: Enrol in VIP loyalty program + send thank-you offer
13720,At Risk,116,4,799.9,199.975,254,45.333333333333336,0.4009741246700287,0.0,Medium,Re-engage: Best-seller showcase email + 15% discount
13721,Promising,35,2,741.54,370.77,394,358.0,0.5642465949058533,1.0,High,Urgent Re-engage: 20% discount coupon + highlight new arrivals
13722,At Risk,131,10,5635.41,563.5409999999999,645,57.0,0.36618855595588684,0.0,Medium,Re-engage: Best-seller showcase email + 15% discount
13723,At Risk,216,6,1209.2,201.53333333333333,610,78.6,,,Lapsed,[Lapsed] Recovery: Time-limited 30% win-back discount + feedback survey
13724,Lost Customers,636,1,213.01,213.01,636,,,,Lapsed,[Lapsed] Last Chance: Final win-back email + maximum discount
13725,At Risk,49,8,1980.56,247.57,308,36.57142857142857,0.2080000340938568,0.0,Low,Monitor: Add to re-engagement campaign
13726,Promising,38,2,1079.66,539.83,100,61.0,0.3542613387107849,0.0,Medium,Nudge: Reminder email + product recommendation + limited offer
13727,Promising,28,8,1080.05,135.00625,729,99.85714285714286,0.46192094683647156,0.0,Medium,Nudge: Reminder email + product recommendation + limited offer
13728,Champions,36,16,2855.17,178.448125,729,45.53333333333333,0.2563418745994568,0.0,Low,Retain: Enrol in VIP loyalty program + send thank-you offer
13729,At Risk,435,3,724.73,241.57666666666668,683,123.5,,,Lapsed,[Lapsed] Recovery: Time-limited 30% win-back discount + feedback survey
13730,Lost Customers,135,2,752.6,376.3,161,25.0,0.4423271417617798,0.0,Medium,Re-activation: Welcome-back campaign + highlight what's new
13731,Lost Customers,218,2,610.59,305.295,246,27.0,,,Lapsed,[Lapsed] Last Chance: Final win-back email + maximum discount
13732,Promising,27,1,491.86,491.86,27,,0.533532440662384,1.0,Medium,Nudge: Reminder email + product recommendation + limited offer
13733,Lost Customers,410,2,487.03,243.515,734,324.0,,,Lapsed,[Lapsed] Last Chance: Final win-back email + maximum discount
13734,At Risk,508,4,6701.640000000001,1675.4100000000003,602,31.0,,,Lapsed,[Lapsed] Recovery: Time-limited 30% win-back discount + feedback survey
13735,Champions,24,13,9813.220000000001,754.863076923077,725,58.0,0.29249054193496704,0.0,Low,Retain: Enrol in VIP loyalty program + send thank-you offer
13736,Champions,4,7,2766.21,395.17285714285714,733,121.0,0.44161975383758545,0.0,Medium,Early Alert: Personalised product recommendation based on past purchases
13737,Lost Customers,199,1,339.6,339.6,199,,,,Lapsed,[Lapsed] Last Chance: Final win-back email + maximum discount
13738,Lost Customers,395,1,440.93,440.93,395,,,,Lapsed,[Lapsed] Last Chance: Final win-back email + maximum discount
13739,Promising,17,2,292.2,146.1,527,509.0,0.6273956894874573,1.0,High,Urgent Re-engage: 20% discount coupon + highlight new arrivals
13740,At Risk,240,5,1597.77,319.554,737,123.75,,,Lapsed,[Lapsed] Recovery: Time-limited 30% win-back discount + feedback survey
13741,Promising,71,3,668.4300000000001,222.81000000000003,216,72.5,0.4222988188266754,0.0,Medium,Nudge: Reminder email + product recommendation + limited offer
13742,Champions,16,12,3131.02,260.91833333333335,319,27.09090909090909,0.1702125519514084,0.0,Low,Retain: Enrol in VIP loyalty program + send thank-you offer
13743,Promising,2,7,1341.6,191.65714285714284,258,42.166666666666664,0.24851606786251068,0.0,Low,Nurture: Monthly newsletter + loyalty point updates
13744,At Risk,94,2,1156.36,578.18,291,197.0,0.4448637068271637,0.0,Medium,Re-engage: Best-seller showcase email + 15% discount
13745,Lost Customers,161,2,777.36,388.68,545,383.0,,,Lapsed,[Lapsed] Last Chance: Final win-back email + maximum discount
13746,Lost Customers,413,1,176.69,176.69,413,,,,Lapsed,[Lapsed] Last Chance: Final win-back email + maximum discount
13747,Lost Customers,373,2,169.8,84.9,424,51.0,,,Lapsed,[Lapsed] Last Chance: Final win-back email + maximum discount
13748,At Risk,95,9,2064.35,229.3722222222222,737,80.0,0.4270835220813751,0.0,Medium,Re-engage: Best-seller showcase email + 15% discount
13750,Champions,53,11,3602.18,327.47090909090906,616,55.8,0.2979973256587982,0.0,Low,Retain: Enrol in VIP loyalty program + send thank-you offer
13751,Lost Customers,287,1,296.25,296.25,287,,,,Lapsed,[Lapsed] Last Chance: Final win-back email + maximum discount
13752,At Risk,123,7,1590.73,227.24714285714285,527,66.83333333333333,0.38220104575157166,0.0,Medium,Re-engage: Best-seller showcase email + 15% discount
13753,At Risk,287,4,2094.57,523.6425,736,149.33333333333334,,,Lapsed,[Lapsed] Recovery: Time-limited 30% win-back discount + feedback survey
13754,Lost Customers,151,3,447.04999999999995,149.01666666666665,436,142.0,,,Lapsed,[Lapsed] Last Chance: Final win-back email + maximum discount
13755,Champions,3,9,2161.35,240.14999999999998,62,7.0,0.1547824591398239,0.0,Low,Retain: Enrol in VIP loyalty program + send thank-you offer
13756,Champions,1,23,8674.7,377.1608695652174,723,32.22727272727273,0.1386200189590454,0.0,Low,Retain: Enrol in VIP loyalty program + send thank-you offer
13757,Lost Customers,674,1,195.55,195.55,674,,,,Lapsed,[Lapsed] Last Chance: Final win-back email + maximum discount
13758,Champions,11,15,8698.13,579.8753333333333,738,51.5,0.23541958630084991,0.0,Low,Retain: Enrol in VIP loyalty program + send thank-you offer
13759,Promising,32,2,659.4100000000001,329.70500000000004,70,37.0,0.35673603415489197,0.0,Medium,Nudge: Reminder email + product recommendation + limited offer
13760,At Risk,53,5,1363.6399999999999,272.72799999999995,592,134.5,0.5465341210365295,1.0,Medium,Re-engage: Best-seller showcase email + 15% discount
13761,At Risk,49,6,1952.17,325.3616666666667,656,120.8,0.4317108392715454,0.0,Medium,Re-engage: Best-seller showcase email + 15% discount
13762,At Risk,218,5,2472.48,494.496,698,119.25,,,Lapsed,[Lapsed] Recovery: Time-limited 30% win-back discount + feedback survey
13763,At Risk,62,3,5217.4400000000005,1739.1466666666668,434,185.5,0.4139285981655121,0.0,Medium,Re-engage: Best-seller showcase email + 15% discount
13764,At Risk,70,6,2953.26,492.21000000000004,641,114.0,0.43672069907188416,0.0,Medium,Re-engage: Best-seller showcase email + 15% discount
13765,Lost Customers,652,1,352.821,352.821,652,,,,Lapsed,[Lapsed] Last Chance: Final win-back email + maximum discount
13766,Lost Customers,494,1,190.35,190.35,494,,,,Lapsed,[Lapsed] Last Chance: Final win-back email + maximum discount
13767,Champions,1,73,33903.57,464.43246575342465,738,9.791666666666666,0.135163813829422,0.0,Low,Retain: Enrol in VIP loyalty program + send thank-you offer
13768,Lost Customers,726,2,875.97,437.985,730,4.0,,,Lapsed,[Lapsed] Last Chance: Final win-back email + maximum discount
13769,Champions,1,20,5478.12,273.906,723,37.526315789473685,0.17767570912837982,0.0,Low,Retain: Enrol in VIP loyalty program + send thank-you offer
13770,At Risk,421,4,785.37,196.3425,729,102.33333333333333,,,Lapsed,[Lapsed] Recovery: Time-limited 30% win-back discount + feedback survey
13771,Champions,63,9,5728.82,636.5355555555556,652,73.125,0.3438568115234375,0.0,Low,Retain: Enrol in VIP loyalty program + send thank-you offer
13772,Champions,33,8,3114.2200000000003,389.27750000000003,653,88.14285714285714,0.36896824836730957,0.0,Medium,Early Alert: Personalised product recommendation based on past purchases
13773,Lost Customers,396,2,301.54,150.77,659,263.0,,,Lapsed,[Lapsed] Last Chance: Final win-back email + maximum discount
13774,Lost Customers,81,1,345.0,345.0,81,,0.5683245658874512,1.0,High,Last Chance: Final win-back email + maximum discount
13775,Lost Customers,590,1,1049.66,1049.66,590,,,,Lapsed,[Lapsed] Last Chance: Final win-back email + maximum discount
13776,Lost Customers,427,2,623.98,311.99,427,0.0,,,Lapsed,[Lapsed] Last Chance: Final win-back email + maximum discount
13777,Champions,0,61,49638.26,813.7419672131148,737,11.9,0.135163813829422,0.0,Low,Retain: Enrol in VIP loyalty program + send thank-you offer
13778,At Risk,102,4,1124.49,281.1225,564,153.66666666666666,0.6035956144332886,1.0,High,Recovery: Time-limited 30% win-back discount + feedback survey
13779,Lost Customers,515,1,161.13,161.13,515,,,,Lapsed,[Lapsed] Last Chance: Final win-back email + maximum discount
13780,Promising,6,3,735.82,245.27333333333334,406,199.5,0.5362259149551392,1.0,Medium,Nudge: Reminder email + product recommendation + limited offer
13781,At Risk,250,3,778.83,259.61,720,234.5,,,Lapsed,[Lapsed] Recovery: Time-limited 30% win-back discount + feedback survey
13782,Champions,12,13,1793.72,137.97846153846154,732,59.583333333333336,0.31933119893074036,0.0,Low,Retain: Enrol in VIP loyalty program + send thank-you offer
13783,At Risk,487,4,1542.09,385.5225,672,61.0,,,Lapsed,[Lapsed] Recovery: Time-limited 30% win-back discount + feedback survey
13784,Champions,9,14,2910.23,207.87357142857144,450,33.38461538461539,0.1702125519514084,0.0,Low,Retain: Enrol in VIP loyalty program + send thank-you offer
13785,At Risk,428,4,542.49,135.6225,459,10.0,,,Lapsed,[Lapsed] Recovery: Time-limited 30% win-back discount + feedback survey
13786,At Risk,366,6,3128.54,521.4233333333333,735,73.4,,,Lapsed,[Lapsed] Recovery: Time-limited 30% win-back discount + feedback survey
13787,At Risk,75,6,1222.5,203.75,694,123.4,0.5521591901779175,1.0,High,Recovery: Time-limited 30% win-back discount + feedback survey
13788,Lost Customers,504,1,3.75,3.75,504,,,,Lapsed,[Lapsed] Last Chance: Final win-back email + maximum discount
13789,Lost Customers,387,1,239.46,239.46,387,,,,Lapsed,[Lapsed] Last Chance: Final win-back email + maximum discount
13790,Promising,3,1,348.79999999999995,348.79999999999995,3,,0.5388541221618652,1.0,Medium,Nudge: Reminder email + product recommendation + limited offer
13791,At Risk,127,2,1516.0,758.0,167,40.0,0.3954230546951294,0.0,Medium,Re-engage: Best-seller showcase email + 15% discount
13792,Promising,65,3,383.95000000000005,127.98333333333335,422,178.0,0.5711309313774109,1.0,High,Urgent Re-engage: 20% discount coupon + highlight new arrivals
13793,Lost Customers,646,1,96.0,96.0,646,,,,Lapsed,[Lapsed] Last Chance: Final win-back email + maximum discount
13794,Lost Customers,546,1,126.03,126.03,546,,,,Lapsed,[Lapsed] Last Chance: Final win-back email + maximum discount
13795,At Risk,387,4,836.3,209.075,637,82.33333333333333,,,Lapsed,[Lapsed] Recovery: Time-limited 30% win-back discount + feedback survey
13796,Lost Customers,498,1,289.7,289.7,498,,,,Lapsed,[Lapsed] Last Chance: Final win-back email + maximum discount
13797,At Risk,436,3,1179.45,393.15000000000003,647,105.0,,,Lapsed,[Lapsed] Recovery: Time-limited 30% win-back discount + feedback survey
13798,Champions,0,110,75428.87,685.717,730,6.26605504587156,0.135163813829422,0.0,Low,Retain: Enrol in VIP loyalty program + send thank-you offer
13799,At Risk,116,9,2803.57,311.5077777777778,643,65.5,0.3977818489074707,0.0,Medium,Re-engage: Best-seller showcase email + 15% discount
13800,At Risk,309,3,1679.56,559.8533333333334,736,213.0,,,Lapsed,[Lapsed] Recovery: Time-limited 30% win-back discount + feedback survey
13801,Lost Customers,66,1,324.8,324.8,66,,0.5683245658874512,1.0,High,Last Chance: Final win-back email + maximum discount
13802,Champions,138,19,26259.11,1382.0584210526315,661,28.666666666666668,,,Lapsed,[Lapsed] VIP Win-Back: Personal call + exclusive loyalty reward + free shipping
13803,At Risk,254,3,1338.91,446.30333333333334,618,181.5,,,Lapsed,[Lapsed] Recovery: Time-limited 30% win-back discount + feedback survey
13804,Champions,30,9,3208.52,356.5022222222222,436,50.5,0.21731282770633698,0.0,Low,Retain: Enrol in VIP loyalty program + send thank-you offer
13805,Promising,51,2,924.6,462.3,128,76.0,0.4105833172798157,0.0,Medium,Nudge: Reminder email + product recommendation + limited offer
13806,Lost Customers,63,1,256.38,256.38,63,,0.5705286264419556,1.0,High,Last Chance: Final win-back email + maximum discount
13807,Lost Customers,366,3,422.2,140.73333333333332,735,184.0,,,Lapsed,[Lapsed] Last Chance: Final win-back email + maximum discount
13808,Promising,5,5,1747.66,349.53200000000004,96,22.25,0.1940586417913437,0.0,Low,Nurture: Monthly newsletter + loyalty point updates
13809,At Risk,304,3,679.7,226.5666666666667,460,77.0,,,Lapsed,[Lapsed] Recovery: Time-limited 30% win-back discount + feedback survey
13810,Promising,28,3,1499.01,499.67,55,13.5,0.2567172944545746,0.0,Low,Nurture: Monthly newsletter + loyalty point updates
13811,At Risk,183,3,814.5,271.5,238,27.0,,,Lapsed,[Lapsed] Recovery: Time-limited 30% win-back discount + feedback survey
13812,Promising,41,3,539.0,179.66666666666666,104,31.0,0.34353363513946533,0.0,Low,Nurture: Monthly newsletter + loyalty point updates
13813,At Risk,39,8,2765.4700000000003,345.68375000000003,733,98.71428571428571,0.3605726659297943,0.0,Medium,Re-engage: Best-seller showcase email + 15% discount
13814,At Risk,91,3,2257.3199999999997,752.4399999999999,526,216.5,0.5822048783302307,1.0,High,Recovery: Time-limited 30% win-back discount + feedback survey
13815,Champions,21,8,7475.74,934.4675,665,91.71428571428571,0.3317214250564575,0.0,Low,Retain: Enrol in VIP loyalty program + send thank-you offer
13816,Promising,23,2,571.6700000000001,285.83500000000004,63,40.0,0.3531293570995331,0.0,Medium,Nudge: Reminder email + product recommendation + limited offer
13817,Promising,28,2,382.98,191.49,351,322.0,0.6402402520179749,1.0,High,Urgent Re-engage: 20% discount coupon + highlight new arrivals
13818,Lost Customers,429,1,61.28,61.28,429,,,,Lapsed,[Lapsed] Last Chance: Final win-back email + maximum discount
13819,At Risk,301,6,2642.35,440.39166666666665,737,86.8,,,Lapsed,[Lapsed] Recovery: Time-limited 30% win-back discount + feedback survey
13820,Lost Customers,417,3,660.6500000000001,220.2166666666667,680,130.5,,,Lapsed,[Lapsed] Last Chance: Final win-back email + maximum discount
13821,At Risk,144,6,1410.73,235.12166666666667,703,111.2,,,Lapsed,[Lapsed] Recovery: Time-limited 30% win-back discount + feedback survey
13822,Promising,5,2,632.0,316.0,39,34.0,0.35729506611824036,0.0,Medium,Nudge: Reminder email + product recommendation + limited offer
13823,Champions,18,7,3403.45,486.20714285714286,723,117.0,0.44075891375541687,0.0,Medium,Early Alert: Personalised product recommendation based on past purchases
13824,Champions,32,12,3314.76,276.23,636,54.45454545454545,0.2482910007238388,0.0,Low,Retain: Enrol in VIP loyalty program + send thank-you offer
13825,Lost Customers,621,2,255.59000000000003,127.79500000000002,729,108.0,,,Lapsed,[Lapsed] Last Chance: Final win-back email + maximum discount
13826,Lost Customers,175,1,189.5,189.5,175,,,,Lapsed,[Lapsed] Last Chance: Final win-back email + maximum discount
13827,Promising,57,3,412.05,137.35,142,42.5,0.4201231896877289,0.0,Medium,Nudge: Reminder email + product recommendation + limited offer
13828,Promising,21,1,209.49,209.49,21,,0.5495615601539612,1.0,Medium,Nudge: Reminder email + product recommendation + limited offer
13829,Lost Customers,420,1,102.0,102.0,420,,,,Lapsed,[Lapsed] Last Chance: Final win-back email + maximum discount
13830,Lost Customers,581,1,156.85000000000002,156.85000000000002,581,,,,Lapsed,[Lapsed] Last Chance: Final win-back email + maximum discount
13831,Champions,15,18,6615.58,367.53222222222223,728,41.411764705882355,0.20310208201408386,0.0,Low,Retain: Enrol in VIP loyalty program + send thank-you offer
13832,Promising,18,2,613.69,306.845,421,403.0,0.5675963759422302,1.0,High,Urgent Re-engage: 20% discount coupon + highlight new arrivals
13833,Lost Customers,158,2,701.36,350.68,403,244.0,,,Lapsed,[Lapsed] Last Chance: Final win-back email + maximum discount
13834,Lost Customers,576,2,324.19,162.095,668,92.0,,,Lapsed,[Lapsed] Last Chance: Final win-back email + maximum discount
13835,Promising,24,7,1095.27,156.46714285714285,645,102.83333333333333,0.4107588827610016,0.0,Medium,Nudge: Reminder email + product recommendation + limited offer
13836,Lost Customers,398,2,620.37,310.185,413,15.0,,,Lapsed,[Lapsed] Last Chance: Final win-back email + maximum discount
13837,Lost Customers,211,2,271.24,135.62,317,105.0,,,Lapsed,[Lapsed] Last Chance: Final win-back email + maximum discount
13838,Champions,5,10,1727.98,172.798,579,63.55555555555556,0.3955197036266327,0.0,Medium,Early Alert: Personalised product recommendation based on past purchases
13839,Lost Customers,485,1,139.95000000000002,139.95000000000002,485,,,,Lapsed,[Lapsed] Last Chance: Final win-back email + maximum discount
13840,Lost Customers,415,1,651.4,651.4,415,,,,Lapsed,[Lapsed] Last Chance: Final win-back email + maximum discount
13841,Lost Customers,252,1,85.0,85.0,252,,,,Lapsed,[Lapsed] Last Chance: Final win-back email + maximum discount
13842,Champions,58,18,5319.34,295.5188888888889,660,34.94117647058823,0.2208114117383957,0.0,Low,Retain: Enrol in VIP loyalty program + send thank-you offer
13843,Lost Customers,380,1,319.75,319.75,380,,,,Lapsed,[Lapsed] Last Chance: Final win-back email + maximum discount
13844,Promising,10,1,361.62,361.62,10,,0.5266326069831848,1.0,Medium,Nudge: Reminder email + product recommendation + limited offer
13845,Lost Customers,64,1,312.98,312.98,64,,0.5683245658874512,1.0,High,Last Chance: Final win-back email + maximum discount
13846,Promising,24,4,1307.79,326.9475,399,124.33333333333333,0.44845494627952576,0.0,Medium,Nudge: Reminder email + product recommendation + limited offer
13847,Lost Customers,719,1,310.72,310.72,719,,,,Lapsed,[Lapsed] Last Chance: Final win-back email + maximum discount
13848,At Risk,91,8,3015.0,376.875,729,90.71428571428571,0.4109586477279663,0.0,Medium,Re-engage: Best-seller showcase email + 15% discount
13849,At Risk,51,5,3469.3,693.86,624,142.75,0.4791654646396637,0.0,Medium,Re-engage: Best-seller showcase email + 15% discount
13850,At Risk,128,1,1595.48,1595.48,128,,0.5311329364776611,1.0,Medium,Re-engage: Best-seller showcase email + 15% discount
13851,At Risk,95,8,4606.46,575.8075,679,82.85714285714286,0.3775407373905182,0.0,Medium,Re-engage: Best-seller showcase email + 15% discount
13852,Lost Customers,610,1,187.35000000000002,187.35000000000002,610,,,,Lapsed,[Lapsed] Last Chance: Final win-back email + maximum discount
13853,Promising,56,1,1090.1399999999999,1090.1399999999999,56,,0.537481427192688,1.0,Medium,Nudge: Reminder email + product recommendation + limited offer
13854,Champions,8,39,11944.56,306.2707692307692,700,17.736842105263158,0.1368802934885025,0.0,Low,Retain: Enrol in VIP loyalty program + send thank-you offer
13855,At Risk,500,4,1310.34,327.585,730,76.0,,,Lapsed,[Lapsed] Recovery: Time-limited 30% win-back discount + feedback survey
13856,At Risk,168,11,1142.03,103.82090909090908,618,44.5,,,Lapsed,[Lapsed] Recovery: Time-limited 30% win-back discount + feedback survey
13857,At Risk,392,6,1001.01,166.835,570,35.0,,,Lapsed,[Lapsed] Recovery: Time-limited 30% win-back discount + feedback survey
13858,Lost Customers,56,1,216.17000000000002,216.17000000000002,56,,0.5753371715545654,1.0,High,Last Chance: Final win-back email + maximum discount
13859,Lost Customers,325,2,515.86,257.93,528,203.0,,,Lapsed,[Lapsed] Last Chance: Final win-back email + maximum discount
13860,Promising,0,5,1245.9,249.18,86,20.75,0.22996141016483307,0.0,Low,Nurture: Monthly newsletter + loyalty point updates
13861,Lost Customers,428,2,273.26,136.63,530,101.0,,,Lapsed,[Lapsed] Last Chance: Final win-back email + maximum discount
13862,Champions,17,9,2556.09,284.01,388,45.875,0.198874831199646,0.0,Low,Retain: Enrol in VIP loyalty program + send thank-you offer
13863,At Risk,247,4,1239.55,309.8875,592,114.66666666666667,,,Lapsed,[Lapsed] Recovery: Time-limited 30% win-back discount + feedback survey
13864,Lost Customers,386,1,662.4000000000001,662.4000000000001,386,,,,Lapsed,[Lapsed] Last Chance: Final win-back email + maximum discount
13865,Promising,57,4,501.56,125.39,289,76.66666666666667,0.4220888912677765,0.0,Medium,Nudge: Reminder email + product recommendation + limited offer
13866,Lost Customers,73,1,145.67,145.67,73,,0.6302847862243652,1.0,High,Last Chance: Final win-back email + maximum discount
13867,Promising,30,3,1015.29,338.43,217,93.0,0.36687836050987244,0.0,Medium,Nudge: Reminder email + product recommendation + limited offer
13868,Promising,6,2,3192.54,1596.27,38,31.0,0.2728007733821869,0.0,Low,Nurture: Monthly newsletter + loyalty point updates
13869,At Risk,122,10,8111.570000000001,811.157,690,62.666666666666664,0.3834136128425598,0.0,Medium,Re-engage: Best-seller showcase email + 15% discount
13870,Champions,1,15,5712.08,380.80533333333335,669,47.285714285714285,0.18509358167648315,0.0,Low,Retain: Enrol in VIP loyalty program + send thank-you offer
13871,Champions,22,17,7885.85,463.8735294117647,718,43.0625,0.17829279601573944,0.0,Low,Retain: Enrol in VIP loyalty program + send thank-you offer
13872,At Risk,526,3,919.5699999999999,306.5233333333333,725,99.0,,,Lapsed,[Lapsed] Recovery: Time-limited 30% win-back discount + feedback survey
13873,At Risk,119,8,1038.92,129.865,646,74.57142857142857,0.49904346466064453,0.0,Medium,Re-engage: Best-seller showcase email + 15% discount
13874,At Risk,357,7,2049.15,292.7357142857143,672,52.0,,,Lapsed,[Lapsed] Recovery: Time-limited 30% win-back discount + feedback survey
13875,Champions,53,14,4814.37,343.88357142857143,722,51.15384615384615,0.2767508029937744,0.0,Low,Retain: Enrol in VIP loyalty program + send thank-you offer
13876,Lost Customers,63,1,122.7,122.7,63,,0.6352770328521729,1.0,High,Last Chance: Final win-back email + maximum discount
13877,Promising,85,3,449.68,149.89333333333335,689,301.0,0.622811496257782,1.0,High,Urgent Re-engage: 20% discount coupon + highlight new arrivals
13878,At Risk,54,4,2473.06,618.265,603,182.66666666666666,0.4468923807144165,0.0,Medium,Re-engage: Best-seller showcase email + 15% discount
13879,Lost Customers,645,1,395.5,395.5,645,,,,Lapsed,[Lapsed] Last Chance: Final win-back email + maximum discount
13880,Champions,20,17,4293.86,252.57999999999998,561,33.4375,0.15528003871440887,0.0,Low,Retain: Enrol in VIP loyalty program + send thank-you offer
13881,Champions,3,43,45179.1,1050.6767441860466,644,14.880952380952381,0.135163813829422,0.0,Low,Retain: Enrol in VIP loyalty program + send thank-you offer
13882,Promising,2,5,1191.13,238.22600000000003,63,14.75,0.22382771968841553,0.0,Low,Nurture: Monthly newsletter + loyalty point updates
13883,Champions,10,15,6560.02,437.3346666666667,730,51.0,0.23747780919075012,0.0,Low,Retain: Enrol in VIP loyalty program + send thank-you offer
13884,Champions,6,10,1888.48,188.848,469,51.0,0.31094101071357727,0.0,Low,Retain: Enrol in VIP loyalty program + send thank-you offer
13885,Lost Customers,188,2,506.80000000000007,253.40000000000003,200,11.0,,,Lapsed,[Lapsed] Last Chance: Final win-back email + maximum discount
13886,Lost Customers,70,1,243.56,243.56,70,,0.587601900100708,1.0,High,Last Chance: Final win-back email + maximum discount
13887,Lost Customers,203,1,349.55,349.55,203,,,,Lapsed,[Lapsed] Last Chance: Final win-back email + maximum discount
13888,At Risk,119,7,2169.05,309.86428571428576,575,75.5,0.4079924523830414,0.0,Medium,Re-engage: Best-seller showcase email + 15% discount
13889,At Risk,92,6,1991.23,331.87166666666667,685,118.2,0.5340840220451355,1.0,Medium,Re-engage: Best-seller showcase email + 15% discount
13890,Champions,0,14,2927.38,209.09857142857143,732,55.84615384615385,0.23902493715286255,0.0,Low,Retain: Enrol in VIP loyalty program + send thank-you offer
13891,At Risk,377,3,863.56,287.8533333333333,581,101.5,,,Lapsed,[Lapsed] Recovery: Time-limited 30% win-back discount + feedback survey
13892,Promising,26,6,1267.65,211.275,575,109.4,0.4475161135196686,0.0,Medium,Nudge: Reminder email + product recommendation + limited offer
13893,Lost Customers,297,1,821.1,821.1,297,,,,Lapsed,[Lapsed] Last Chance: Final win-back email + maximum discount
13894,Promising,23,3,564.62,188.20666666666668,309,143.0,0.4625316858291626,0.0,Medium,Nudge: Reminder email + product recommendation + limited offer
13895,Champions,27,6,4008.52,668.0866666666667,735,141.0,0.42614448070526123,0.0,Medium,Early Alert: Personalised product recommendation based on past purchases
13896,Lost Customers,625,1,388.55,388.55,625,,,,Lapsed,[Lapsed] Last Chance: Final win-back email + maximum discount
13897,Promising,49,3,1160.72,386.9066666666667,676,313.0,0.6656137704849243,1.0,High,Urgent Re-engage: 20% discount coupon + highlight new arrivals
13898,Lost Customers,325,2,686.4000000000001,343.20000000000005,410,85.0,,,Lapsed,[Lapsed] Last Chance: Final win-back email + maximum discount
13899,Promising,15,2,388.52,194.26,274,258.0,0.6147207021713257,1.0,High,Urgent Re-engage: 20% discount coupon + highlight new arrivals
13900,At Risk,182,6,1610.5900000000001,268.4316666666667,623,88.0,,,Lapsed,[Lapsed] Recovery: Time-limited 30% win-back discount + feedback survey
13901,Champions,71,15,5676.34,378.42266666666666,703,44.857142857142854,0.2486683577299118,0.0,Low,Retain: Enrol in VIP loyalty program + send thank-you offer
13902,At Risk,631,5,34095.259999999995,6819.051999999999,724,22.5,,,Lapsed,[Lapsed] Recovery: Time-limited 30% win-back discount + feedback survey
13903,Lost Customers,399,1,165.45000000000002,165.45000000000002,399,,,,Lapsed,[Lapsed] Last Chance: Final win-back email + maximum discount
13904,Promising,36,2,332.64,166.32,294,257.0,0.6656137704849243,1.0,High,Urgent Re-engage: 20% discount coupon + highlight new arrivals
13905,Lost Customers,732,1,312.65,312.65,732,,,,Lapsed,[Lapsed] Last Chance: Final win-back email + maximum discount
13906,Lost Customers,408,1,42.0,42.0,408,,,,Lapsed,[Lapsed] Last Chance: Final win-back email + maximum discount
13907,Lost Customers,691,1,136.8,136.8,691,,,,Lapsed,[Lapsed] Last Chance: Final win-back email + maximum discount
13908,At Risk,79,4,2369.55,592.3875,276,65.33333333333333,0.35310184955596924,0.0,Medium,Re-engage: Best-seller showcase email + 15% discount
13909,Lost Customers,422,2,286.6,143.3,520,98.0,,,Lapsed,[Lapsed] Last Chance: Final win-back email + maximum discount
13911,Champions,56,20,4234.99,211.74949999999998,647,30.57894736842105,0.21125522255897522,0.0,Low,Retain: Enrol in VIP loyalty program + send thank-you offer
13912,Lost Customers,423,1,124.95,124.95,423,,,,Lapsed,[Lapsed] Last Chance: Final win-back email + maximum discount
13913,Lost Customers,506,1,42.22,42.22,506,,,,Lapsed,[Lapsed] Last Chance: Final win-back email + maximum discount
13914,Promising,11,2,626.45,313.225,35,24.0,0.3531293570995331,0.0,Medium,Nudge: Reminder email + product recommendation + limited offer
13915,Lost Customers,393,1,70.80000000000001,70.80000000000001,393,,,,Lapsed,[Lapsed] Last Chance: Final win-back email + maximum discount
13916,At Risk,463,4,1275.81,318.9525,675,70.33333333333333,,,Lapsed,[Lapsed] Recovery: Time-limited 30% win-back discount + feedback survey
13917,Promising,49,2,272.03999999999996,136.01999999999998,191,141.0,0.564662754535675,1.0,High,Urgent Re-engage: 20% discount coupon + highlight new arrivals
13918,Promising,49,2,1212.8400000000001,606.4200000000001,252,203.0,0.4687364995479584,0.0,Medium,Nudge: Reminder email + product recommendation + limited offer
13919,At Risk,58,4,1360.68,340.17,540,160.0,0.5745803713798523,1.0,High,Recovery: Time-limited 30% win-back discount + feedback survey
13920,At Risk,431,4,1774.68,443.67,561,43.0,,,Lapsed,[Lapsed] Recovery: Time-limited 30% win-back discount + feedback survey
13921,At Risk,401,4,730.7,182.675,721,105.66666666666667,,,Lapsed,[Lapsed] Recovery: Time-limited 30% win-back discount + feedback survey
13922,At Risk,351,3,865.2,288.40000000000003,466,57.5,,,Lapsed,[Lapsed] Recovery: Time-limited 30% win-back discount + feedback survey
13923,Promising,53,1,351.13,351.13,53,,0.5683245658874512,1.0,High,Urgent Re-engage: 20% discount coupon + highlight new arrivals
13924,Promising,1,6,1838.85,306.47499999999997,71,13.4,0.1856718510389328,0.0,Low,Nurture: Monthly newsletter + loyalty point updates
13925,At Risk,92,4,678.25,169.5625,134,14.0,0.45427244901657104,0.0,Medium,Re-engage: Best-seller showcase email + 15% discount
13926,Promising,22,1,223.85000000000002,223.85000000000002,22,,0.5495615601539612,1.0,Medium,Nudge: Reminder email + product recommendation + limited offer
13927,Promising,74,2,708.26,354.13,436,362.0,0.6675500869750977,1.0,High,Urgent Re-engage: 20% discount coupon + highlight new arrivals
13928,Promising,10,4,464.57000000000005,116.14250000000001,132,40.333333333333336,0.3650174140930176,0.0,Medium,Nudge: Reminder email + product recommendation + limited offer
13929,At Risk,168,11,3494.1,317.6454545454545,694,52.3,,,Lapsed,[Lapsed] Recovery: Time-limited 30% win-back discount + feedback survey
13930,Promising,57,2,337.34000000000003,168.67000000000002,136,78.0,0.489560604095459,0.0,Medium,Nudge: Reminder email + product recommendation + limited offer
13931,At Risk,95,11,5257.38,477.94363636363636,736,63.7,0.3833179473876953,0.0,Medium,Re-engage: Best-seller showcase email + 15% discount
13932,Lost Customers,294,1,307.4,307.4,294,,,,Lapsed,[Lapsed] Last Chance: Final win-back email + maximum discount
13933,Lost Customers,108,2,608.79,304.395,147,39.0,0.409930020570755,0.0,Medium,Re-activation: Welcome-back campaign + highlight what's new
13934,Lost Customers,263,1,922.1,922.1,263,,,,Lapsed,[Lapsed] Last Chance: Final win-back email + maximum discount
13935,At Risk,596,3,6116.92,2038.9733333333334,651,27.5,,,Lapsed,[Lapsed] Recovery: Time-limited 30% win-back discount + feedback survey
13936,At Risk,179,3,939.66,313.21999999999997,413,116.5,,,Lapsed,[Lapsed] Recovery: Time-limited 30% win-back discount + feedback survey
13937,At Risk,168,2,880.13,440.065,402,233.0,,,Lapsed,[Lapsed] Recovery: Time-limited 30% win-back discount + feedback survey
13938,Lost Customers,34,1,71.66,71.66,34,,0.6097190380096436,1.0,High,Last Chance: Final win-back email + maximum discount
13939,Promising,22,7,1560.96,222.99428571428572,612,97.83333333333333,0.4156382381916046,0.0,Medium,Nudge: Reminder email + product recommendation + limited offer
13940,Promising,16,4,839.14,209.785,143,41.666666666666664,0.32593095302581787,0.0,Low,Nurture: Monthly newsletter + loyalty point updates
13941,Champions,21,15,10027.18,668.4786666666666,722,49.57142857142857,0.2380112111568451,0.0,Low,Retain: Enrol in VIP loyalty program + send thank-you offer
13942,Lost Customers,534,1,320.0,320.0,534,,,,Lapsed,[Lapsed] Last Chance: Final win-back email + maximum discount
13943,Lost Customers,577,1,246.54000000000002,246.54000000000002,577,,,,Lapsed,[Lapsed] Last Chance: Final win-back email + maximum discount
13944,Lost Customers,652,1,200.43,200.43,652,,,,Lapsed,[Lapsed] Last Chance: Final win-back email + maximum discount
13945,Lost Customers,394,2,854.15,427.075,479,85.0,,,Lapsed,[Lapsed] Last Chance: Final win-back email + maximum discount
13946,At Risk,78,6,1876.23,312.705,735,130.8,0.4854263365268707,0.0,Medium,Re-engage: Best-seller showcase email + 15% discount
13947,Lost Customers,64,1,90.60000000000001,90.60000000000001,64,,0.638552188873291,1.0,High,Last Chance: Final win-back email + maximum discount
13948,At Risk,360,4,548.76,137.19,735,124.66666666666667,,,Lapsed,[Lapsed] Recovery: Time-limited 30% win-back discount + feedback survey
13949,Champions,2,6,2427.32,404.55333333333334,94,17.8,0.17370596528053284,0.0,Low,Retain: Enrol in VIP loyalty program + send thank-you offer
13950,Promising,10,4,745.06,186.265,246,78.0,0.3997768461704254,0.0,Medium,Nudge: Reminder email + product recommendation + limited offer
13951,At Risk,175,3,674.45,224.8166666666667,293,58.5,,,Lapsed,[Lapsed] Recovery: Time-limited 30% win-back discount + feedback survey
13952,Champions,217,14,12823.521,915.9657857142857,723,38.38461538461539,,,Lapsed,[Lapsed] VIP Win-Back: Personal call + exclusive loyalty reward + free shipping
13953,Champions,6,12,6640.68,553.39,727,65.0909090909091,0.25286808609962463,0.0,Low,Retain: Enrol in VIP loyalty program + send thank-you offer
13954,Promising,1,2,439.91999999999996,219.95999999999998,70,69.0,0.40102824568748474,0.0,Medium,Nudge: Reminder email + product recommendation + limited offer
13955,At Risk,153,3,545.17,181.72333333333333,374,110.0,,,Lapsed,[Lapsed] Recovery: Time-limited 30% win-back discount + feedback survey
13956,Promising,4,5,1026.42,205.28400000000002,270,66.0,0.3174280524253845,0.0,Low,Nurture: Monthly newsletter + loyalty point updates
13957,Lost Customers,417,3,458.25,152.75,658,120.0,,,Lapsed,[Lapsed] Last Chance: Final win-back email + maximum discount
13958,At Risk,379,8,4709.23,588.65375,733,50.285714285714285,,,Lapsed,[Lapsed] Recovery: Time-limited 30% win-back discount + feedback survey
13959,At Risk,78,6,1076.18,179.36333333333334,510,85.8,0.4240104854106903,0.0,Medium,Re-engage: Best-seller showcase email + 15% discount
13960,Promising,20,2,230.22,115.11,71,50.0,0.49191004037857056,0.0,Medium,Nudge: Reminder email + product recommendation + limited offer
13961,Lost Customers,391,1,538.4,538.4,391,,,,Lapsed,[Lapsed] Last Chance: Final win-back email + maximum discount
13962,Promising,21,3,362.8,120.93333333333334,435,206.5,0.5726175904273987,1.0,High,Urgent Re-engage: 20% discount coupon + highlight new arrivals
13963,At Risk,307,17,2860.57,168.26882352941178,596,17.5625,,,Lapsed,[Lapsed] Recovery: Time-limited 30% win-back discount + feedback survey
13964,Lost Customers,386,2,438.9,219.45,430,43.0,,,Lapsed,[Lapsed] Last Chance: Final win-back email + maximum discount
13965,At Risk,476,3,996.6099999999999,332.2033333333333,702,113.0,,,Lapsed,[Lapsed] Recovery: Time-limited 30% win-back discount + feedback survey
13966,Lost Customers,434,1,390.86,390.86,434,,,,Lapsed,[Lapsed] Last Chance: Final win-back email + maximum discount
13967,Lost Customers,145,2,166.3,83.15,395,250.0,,,Lapsed,[Lapsed] Last Chance: Final win-back email + maximum discount
13968,Lost Customers,422,1,123.66,123.66,422,,,,Lapsed,[Lapsed] Last Chance: Final win-back email + maximum discount
13969,Champions,6,35,13048.28,372.808,623,17.676470588235293,0.135163813829422,0.0,Low,Retain: Enrol in VIP loyalty program + send thank-you offer
13970,Lost Customers,385,2,846.55,423.275,437,51.0,,,Lapsed,[Lapsed] Last Chance: Final win-back email + maximum discount
13971,Champions,18,14,4667.57,333.3978571428571,682,50.69230769230769,0.22666876018047333,0.0,Low,Retain: Enrol in VIP loyalty program + send thank-you offer
13972,Lost Customers,70,2,190.25,95.125,201,131.0,0.5634501576423645,1.0,High,Last Chance: Final win-back email + maximum discount
13973,Lost Customers,286,1,264.7,264.7,286,,,,Lapsed,[Lapsed] Last Chance: Final win-back email + maximum discount
13974,Promising,48,2,677.72,338.86,581,532.0,0.643561601638794,1.0,High,Urgent Re-engage: 20% discount coupon + highlight new arrivals
13975,Champions,30,12,5358.84,446.57,674,58.0,0.2610553801059723,0.0,Low,Retain: Enrol in VIP loyalty program + send thank-you offer
13976,At Risk,206,4,1192.3600000000001,298.09000000000003,667,153.33333333333334,,,Lapsed,[Lapsed] Recovery: Time-limited 30% win-back discount + feedback survey
13977,Lost Customers,410,1,519.8100000000001,519.8100000000001,410,,,,Lapsed,[Lapsed] Last Chance: Final win-back email + maximum discount
13978,Promising,14,2,196.79000000000002,98.39500000000001,44,30.0,0.4402591586112976,0.0,Medium,Nudge: Reminder email + product recommendation + limited offer
13979,At Risk,72,7,3416.23,488.03285714285715,736,110.0,0.47903281450271606,0.0,Medium,Re-engage: Best-seller showcase email + 15% discount
13980,At Risk,59,5,799.92,159.98399999999998,655,148.5,0.6065356135368347,1.0,High,Recovery: Time-limited 30% win-back discount + feedback survey
13981,Lost Customers,415,1,331.14,331.14,415,,,,Lapsed,[Lapsed] Last Chance: Final win-back email + maximum discount
13982,Champions,38,9,4016.99,446.3322222222222,687,80.625,0.3386492133140564,0.0,Low,Retain: Enrol in VIP loyalty program + send thank-you offer
13983,Champions,29,21,6779.09,322.81380952380954,729,34.5,0.1728517860174179,0.0,Low,Retain: Enrol in VIP loyalty program + send thank-you offer
13984,Champions,26,12,1893.8,157.81666666666666,732,63.63636363636363,0.3489552438259125,0.0,Low,Retain: Enrol in VIP loyalty program + send thank-you offer
13985,Champions,3,22,10020.86,455.49363636363637,667,31.142857142857142,0.1386200189590454,0.0,Low,Retain: Enrol in VIP loyalty program + send thank-you offer
13986,Promising,16,1,320.46,320.46,16,,0.5416027903556824,1.0,Medium,Nudge: Reminder email + product recommendation + limited offer
13987,Lost Customers,379,2,682.54,341.27,400,21.0,,,Lapsed,[Lapsed] Last Chance: Final win-back email + maximum discount
13988,Champions,19,8,4757.799999999999,594.7249999999999,625,85.85714285714286,0.27991625666618347,0.0,Low,Retain: Enrol in VIP loyalty program + send thank-you offer
13989,At Risk,65,5,2026.06,405.212,563,124.25,0.4475835859775543,0.0,Medium,Re-engage: Best-seller showcase email + 15% discount
13990,Lost Customers,212,1,311.3,311.3,212,,,,Lapsed,[Lapsed] Last Chance: Final win-back email + maximum discount
13991,Promising,11,6,855.9699999999999,142.66166666666666,142,25.8,0.24094709753990173,0.0,Low,Nurture: Monthly newsletter + loyalty point updates
13992,Promising,29,3,219.5,73.16666666666667,462,215.5,0.6081982851028442,1.0,High,Urgent Re-engage: 20% discount coupon + highlight new arrivals
13993,Champions,42,19,6775.71,356.6163157894737,736,38.111111111111114,0.19803443551063538,0.0,Low,Retain: Enrol in VIP loyalty program + send thank-you offer
13994,Champions,3,6,2313.14,385.5233333333333,147,28.2,0.1930597573518753,0.0,Low,Retain: Enrol in VIP loyalty program + send thank-you offer
13995,Champions,14,14,3902.01,278.71500000000003,721,53.92307692307692,0.28156033158302307,0.0,Low,Retain: Enrol in VIP loyalty program + send thank-you offer
13996,Lost Customers,385,2,895.76,447.88,398,13.0,,,Lapsed,[Lapsed] Last Chance: Final win-back email + maximum discount
13997,Lost Customers,518,3,382.31,127.43666666666667,549,15.5,,,Lapsed,[Lapsed] Last Chance: Final win-back email + maximum discount
13998,Lost Customers,446,3,566.7,188.9,575,64.5,,,Lapsed,[Lapsed] Last Chance: Final win-back email + maximum discount
13999,Champions,9,29,9502.26,327.6641379310345,734,25.428571428571427,0.15483880043029785,0.0,Low,Retain: Enrol in VIP loyalty program + send thank-you offer
14000,At Risk,210,5,2046.3400000000001,409.26800000000003,737,131.25,,,Lapsed,[Lapsed] Recovery: Time-limited 30% win-back discount + feedback survey
14001,Champions,45,9,4228.85,469.87222222222226,493,55.625,0.3229677379131317,0.0,Low,Retain: Enrol in VIP loyalty program + send thank-you offer
14002,Lost Customers,133,2,529.73,264.865,155,22.0,0.46550941467285156,0.0,Medium,Re-activation: Welcome-back campaign + highlight what's new
14003,Lost Customers,732,1,209.41,209.41,732,,,,Lapsed,[Lapsed] Last Chance: Final win-back email + maximum discount
14004,Champions,42,11,6258.45,568.9499999999999,435,38.9,0.21276254951953888,0.0,Low,Retain: Enrol in VIP loyalty program + send thank-you offer
14005,Promising,9,5,2874.72,574.944,215,51.25,0.23541958630084991,0.0,Low,Nurture: Monthly newsletter + loyalty point updates
14006,At Risk,115,7,2196.67,313.81,652,89.16666666666667,0.3921104073524475,0.0,Medium,Re-engage: Best-seller showcase email + 15% discount
14007,Lost Customers,512,1,79.48,79.48,512,,,,Lapsed,[Lapsed] Last Chance: Final win-back email + maximum discount
14008,Lost Customers,431,1,509.04,509.04,431,,,,Lapsed,[Lapsed] Last Chance: Final win-back email + maximum discount
14009,At Risk,197,3,1099.9099999999999,366.6366666666666,462,132.0,,,Lapsed,[Lapsed] Recovery: Time-limited 30% win-back discount + feedback survey
14010,Lost Customers,564,2,445.15000000000003,222.57500000000002,565,0.0,,,Lapsed,[Lapsed] Last Chance: Final win-back email + maximum discount
14011,Lost Customers,479,2,457.82,228.91,606,127.0,,,Lapsed,[Lapsed] Last Chance: Final win-back email + maximum discount
14012,Lost Customers,277,1,328.8,328.8,277,,,,Lapsed,[Lapsed] Last Chance: Final win-back email + maximum discount
14013,At Risk,109,5,1084.57,216.914,623,128.0,0.49627047777175903,0.0,Medium,Re-engage: Best-seller showcase email + 15% discount
14014,At Risk,76,3,1948.2099999999998,649.4033333333333,576,249.0,0.5666323900222778,1.0,High,Recovery: Time-limited 30% win-back discount + feedback survey
14015,Promising,52,1,917.34,917.34,52,,0.5229015350341797,1.0,Medium,Nudge: Reminder email + product recommendation + limited offer
14016,At Risk,161,11,11403.41,1036.6736363636364,699,53.4,,,Lapsed,[Lapsed] Recovery: Time-limited 30% win-back discount + feedback survey
14017,Lost Customers,570,1,229.75,229.75,570,,,,Lapsed,[Lapsed] Last Chance: Final win-back email + maximum discount
14018,Lost Customers,644,1,367.15,367.15,644,,,,Lapsed,[Lapsed] Last Chance: Final win-back email + maximum discount
14019,Promising,46,3,1421.6100000000001,473.87000000000006,137,45.0,0.2837585508823395,0.0,Low,Nurture: Monthly newsletter + loyalty point updates
14020,Promising,16,4,1249.01,312.2525,528,170.33333333333334,0.48720788955688477,0.0,Medium,Nudge: Reminder email + product recommendation + limited offer
14021,At Risk,154,7,1716.5800000000002,245.2257142857143,592,72.33333333333333,,,Lapsed,[Lapsed] Recovery: Time-limited 30% win-back discount + feedback survey
14022,Lost Customers,224,2,792.1500000000001,396.07500000000005,486,261.0,,,Lapsed,[Lapsed] Last Chance: Final win-back email + maximum discount
14023,Promising,6,2,584.0699999999999,292.03499999999997,249,242.0,0.48227742314338684,0.0,Medium,Nudge: Reminder email + product recommendation + limited offer
14024,At Risk,121,3,645.74,215.24666666666667,390,134.0,0.5394627451896667,1.0,Medium,Re-engage: Best-seller showcase email + 15% discount
14025,At Risk,464,8,4057.9,507.2375,583,16.571428571428573,,,Lapsed,[Lapsed] Recovery: Time-limited 30% win-back discount + feedback survey
14026,Lost Customers,470,2,713.11,356.555,624,154.0,,,Lapsed,[Lapsed] Last Chance: Final win-back email + maximum discount
14027,Lost Customers,60,1,104.82,104.82,60,,0.6170873045921326,1.0,High,Last Chance: Final win-back email + maximum discount
14028,At Risk,549,3,10396.5,3465.5,550,0.0,,,Lapsed,[Lapsed] Recovery: Time-limited 30% win-back discount + feedback survey
14029,Promising,62,2,467.65999999999997,233.82999999999998,143,80.0,0.45942339301109314,0.0,Medium,Nudge: Reminder email + product recommendation + limited offer
14030,Champions,17,20,7585.79,379.2895,728,36.94736842105263,0.20676907896995544,0.0,Low,Retain: Enrol in VIP loyalty program + send thank-you offer
14031,Champions,6,44,39099.1,888.6159090909091,735,16.53488372093023,0.135163813829422,0.0,Low,Retain: Enrol in VIP loyalty program + send thank-you offer
14032,Champions,1,16,4546.41,284.150625,725,47.733333333333334,0.20554526150226593,0.0,Low,Retain: Enrol in VIP loyalty program + send thank-you offer
14033,Lost Customers,554,1,109.44,109.44,554,,,,Lapsed,[Lapsed] Last Chance: Final win-back email + maximum discount
14034,Promising,21,3,651.8199999999999,217.2733333333333,156,67.5,0.342164009809494,0.0,Low,Nurture: Monthly newsletter + loyalty point updates
14035,Champions,28,9,2856.7200000000003,317.41333333333336,612,72.375,0.3031027019023895,0.0,Low,Retain: Enrol in VIP loyalty program + send thank-you offer
14036,Lost Customers,284,1,626.65,626.65,284,,,,Lapsed,[Lapsed] Last Chance: Final win-back email + maximum discount
14037,At Risk,175,6,836.95,139.49166666666667,732,110.6,,,Lapsed,[Lapsed] Recovery: Time-limited 30% win-back discount + feedback survey
14038,At Risk,77,5,3069.88,613.976,673,148.25,0.4700877070426941,0.0,Medium,Re-engage: Best-seller showcase email + 15% discount
14039,Promising,32,2,267.28,133.64,575,542.0,0.5849735736846924,1.0,High,Urgent Re-engage: 20% discount coupon + highlight new arrivals
14040,Champions,40,35,12645.57,361.30199999999996,738,20.058823529411764,0.18908275663852692,0.0,Low,Retain: Enrol in VIP loyalty program + send thank-you offer
14041,Lost Customers,265,1,141.41,141.41,265,,,,Lapsed,[Lapsed] Last Chance: Final win-back email + maximum discount
14042,Lost Customers,724,1,431.98,431.98,724,,,,Lapsed,[Lapsed] Last Chance: Final win-back email + maximum discount
14043,Lost Customers,490,2,304.25,152.125,728,238.0,,,Lapsed,[Lapsed] Last Chance: Final win-back email + maximum discount
14044,Champions,26,10,3123.1,312.31,683,72.55555555555556,0.40131911635398865,0.0,Medium,Early Alert: Personalised product recommendation based on past purchases
14045,Champions,108,16,10986.63,686.664375,700,38.86666666666667,0.3716558814048767,0.0,Medium,Early Alert: Personalised product recommendation based on past purchases
14046,Lost Customers,283,1,154.99,154.99,283,,,,Lapsed,[Lapsed] Last Chance: Final win-back email + maximum discount
14047,Champions,8,14,3968.11,283.43642857142856,676,51.0,0.29897505044937134,0.0,Low,Retain: Enrol in VIP loyalty program + send thank-you offer
14048,At Risk,304,3,748.69,249.56333333333336,381,38.5,,,Lapsed,[Lapsed] Recovery: Time-limited 30% win-back discount + feedback survey
14049,Champions,16,13,13239.03,1018.3869230769232,616,49.666666666666664,0.25232329964637756,0.0,Low,Retain: Enrol in VIP loyalty program + send thank-you offer
14050,Promising,31,2,746.36,373.18,105,74.0,0.4117056429386139,0.0,Medium,Nudge: Reminder email + product recommendation + limited offer
14051,Champions,0,37,21810.58,589.4751351351351,736,19.916666666666668,0.135163813829422,0.0,Low,Retain: Enrol in VIP loyalty program + send thank-you offer
14052,Promising,19,2,480.80999999999995,240.40499999999997,390,371.0,0.6360583305358887,1.0,High,Urgent Re-engage: 20% discount coupon + highlight new arrivals
14053,At Risk,123,4,572.3,143.075,486,120.33333333333333,0.5478753447532654,1.0,Medium,Re-engage: Best-seller showcase email + 15% discount
14054,Lost Customers,64,1,92.46000000000001,92.46000000000001,64,,0.638552188873291,1.0,High,Last Chance: Final win-back email + maximum discount
14055,At Risk,105,3,1520.96,506.9866666666667,722,308.0,0.5933711528778076,1.0,High,Recovery: Time-limited 30% win-back discount + feedback survey
14056,Champions,0,23,8214.65,357.1586956521739,283,12.318181818181818,0.135163813829422,0.0,Low,Retain: Enrol in VIP loyalty program + send thank-you offer
14057,Champions,23,22,8408.84,382.22,735,33.38095238095238,0.14949356019496918,0.0,Low,Retain: Enrol in VIP loyalty program + send thank-you offer
14058,Lost Customers,462,2,469.19000000000005,234.59500000000003,530,67.0,,,Lapsed,[Lapsed] Last Chance: Final win-back email + maximum discount
14059,Lost Customers,266,1,183.6,183.6,266,,,,Lapsed,[Lapsed] Last Chance: Final win-back email + maximum discount
14060,Champions,4,30,8898.24,296.608,638,21.379310344827587,0.14037325978279114,0.0,Low,Retain: Enrol in VIP loyalty program + send thank-you offer
14061,At Risk,506,3,917.4300000000001,305.81,737,114.5,,,Lapsed,[Lapsed] Recovery: Time-limited 30% win-back discount + feedback survey
14062,Champions,9,24,25604.2,1066.8416666666667,728,30.91304347826087,0.1675807535648346,0.0,Low,Retain: Enrol in VIP loyalty program + send thank-you offer
14063,At Risk,437,9,22710.2,2523.355555555556,730,36.25,,,Lapsed,[Lapsed] Recovery: Time-limited 30% win-back discount + feedback survey
14064,Champions,28,15,3332.42,222.16133333333335,686,46.57142857142857,0.2541610300540924,0.0,Low,Retain: Enrol in VIP loyalty program + send thank-you offer
14065,At Risk,388,3,891.02,297.00666666666666,431,21.0,,,Lapsed,[Lapsed] Recovery: Time-limited 30% win-back discount + feedback survey
14066,Lost Customers,266,1,152.55,152.55,266,,,,Lapsed,[Lapsed] Last Chance: Final win-back email + maximum discount
14067,Promising,63,2,374.7,187.35,96,32.0,0.4454526901245117,0.0,Medium,Nudge: Reminder email + product recommendation + limited offer
14068,At Risk,319,4,1528.37,382.0925,677,118.66666666666667,,,Lapsed,[Lapsed] Recovery: Time-limited 30% win-back discount + feedback survey
14069,Lost Customers,514,2,230.06,115.03,561,46.0,,,Lapsed,[Lapsed] Last Chance: Final win-back email + maximum discount
14070,Lost Customers,684,1,326.55,326.55,684,,,,Lapsed,[Lapsed] Last Chance: Final win-back email + maximum discount
14071,Champions,3,8,1438.82,179.8525,264,37.0,0.16084302961826324,0.0,Low,Retain: Enrol in VIP loyalty program + send thank-you offer
14072,Lost Customers,666,1,390.85,390.85,666,,,,Lapsed,[Lapsed] Last Chance: Final win-back email + maximum discount
14073,Promising,31,1,151.04,151.04,31,,0.5951904058456421,1.0,High,Urgent Re-engage: 20% discount coupon + highlight new arrivals
14074,Lost Customers,622,1,219.4,219.4,622,,,,Lapsed,[Lapsed] Last Chance: Final win-back email + maximum discount
14075,Promising,4,6,1734.87,289.145,540,106.6,0.3989710211753845,0.0,Medium,Nudge: Reminder email + product recommendation + limited offer
14076,Lost Customers,128,1,122.47,122.47,128,,0.6447242498397827,1.0,High,Last Chance: Final win-back email + maximum discount
14077,Promising,40,6,615.0799999999999,102.51333333333332,394,70.2,0.34791290760040283,0.0,Low,Nurture: Monthly newsletter + loyalty point updates
14078,At Risk,101,9,1556.39,172.93222222222224,620,64.5,0.3503777086734772,0.0,Medium,Re-engage: Best-seller showcase email + 15% discount
14079,Lost Customers,124,2,618.73,309.365,681,557.0,0.6675500869750977,1.0,High,Last Chance: Final win-back email + maximum discount
14080,Promising,32,5,1115.68,223.13600000000002,736,175.5,0.6348518133163452,1.0,High,Urgent Re-engage: 20% discount coupon + highlight new arrivals
14081,At Risk,301,10,4946.58,494.658,728,47.22222222222222,,,Lapsed,[Lapsed] Recovery: Time-limited 30% win-back discount + feedback survey
14082,Lost Customers,364,2,413.36,206.68,392,27.0,,,Lapsed,[Lapsed] Last Chance: Final win-back email + maximum discount
14083,Champions,3,11,1097.72,99.79272727272728,721,71.3,0.3197847008705139,0.0,Low,Retain: Enrol in VIP loyalty program + send thank-you offer
14084,Lost Customers,511,1,150.5,150.5,511,,,,Lapsed,[Lapsed] Last Chance: Final win-back email + maximum discount
14085,Champions,1,33,9796.92,296.87636363636364,730,22.375,0.1386200189590454,0.0,Low,Retain: Enrol in VIP loyalty program + send thank-you offer
14086,Lost Customers,462,1,39.95,39.95,462,,,,Lapsed,[Lapsed] Last Chance: Final win-back email + maximum discount
14087,Promising,2,3,846.22,282.0733333333333,734,366.0,0.6032010912895203,1.0,High,Urgent Re-engage: 20% discount coupon + highlight new arrivals
14088,Champions,9,16,64036.8,4002.3,420,26.933333333333334,0.1386200189590454,0.0,Low,Retain: Enrol in VIP loyalty program + send thank-you offer
14089,Lost Customers,56,1,161.0,161.0,56,,0.582169234752655,1.0,High,Last Chance: Final win-back email + maximum discount
14090,Lost Customers,324,1,76.32000000000001,76.32000000000001,324,,,,Lapsed,[Lapsed] Last Chance: Final win-back email + maximum discount
14091,At Risk,653,2,9530.08,4765.04,697,44.0,,,Lapsed,[Lapsed] Recovery: Time-limited 30% win-back discount + feedback survey
14092,Champions,7,24,7229.450000000001,301.2270833333334,722,30.695652173913043,0.14214089512825012,0.0,Low,Retain: Enrol in VIP loyalty program + send thank-you offer
14093,Promising,11,1,442.85,442.85,11,,0.4582790732383728,0.0,Medium,Nudge: Reminder email + product recommendation + limited offer
14094,Lost Customers,439,1,335.22,335.22,439,,,,Lapsed,[Lapsed] Last Chance: Final win-back email + maximum discount
14095,Lost Customers,722,1,2.95,2.95,722,,,,Lapsed,[Lapsed] Last Chance: Final win-back email + maximum discount
14096,Champions,3,17,65164.78999999999,3833.22294117647,101,5.625,0.135163813829422,0.0,Low,Retain: Enrol in VIP loyalty program + send thank-you offer
14097,Lost Customers,480,2,422.86,211.43,645,164.0,,,Lapsed,[Lapsed] Last Chance: Final win-back email + maximum discount
14098,Promising,36,1,147.35,147.35,36,,0.6219616532325745,1.0,High,Urgent Re-engage: 20% discount coupon + highlight new arrivals
14099,Champions,15,20,5765.71,288.2855,729,37.05263157894737,0.16221323609352112,0.0,Low,Retain: Enrol in VIP loyalty program + send thank-you offer
14100,Lost Customers,137,1,194.9,194.9,137,,,,Lapsed,[Lapsed] Last Chance: Final win-back email + maximum discount
14101,Champions,73,13,9961.93,766.3023076923077,620,45.083333333333336,0.3039471507072449,0.0,Low,Retain: Enrol in VIP loyalty program + send thank-you offer
14102,Promising,4,5,1360.28,272.056,44,9.25,0.21797297894954681,0.0,Low,Nurture: Monthly newsletter + loyalty point updates
14104,At Risk,154,5,771.58,154.316,559,100.75,,,Lapsed,[Lapsed] Recovery: Time-limited 30% win-back discount + feedback survey
14105,At Risk,238,5,5988.83,1197.766,720,120.0,,,Lapsed,[Lapsed] Recovery: Time-limited 30% win-back discount + feedback survey
14106,Lost Customers,736,1,214.8,214.8,736,,,,Lapsed,[Lapsed] Last Chance: Final win-back email + maximum discount
14107,Champions,51,11,4877.3,443.39090909090913,729,67.4,0.28139427304267883,0.0,Low,Retain: Enrol in VIP loyalty program + send thank-you offer
14108,Promising,30,4,1044.96,261.24,737,235.0,0.5400309562683105,1.0,Medium,Nudge: Reminder email + product recommendation + limited offer
14109,Lost Customers,72,1,144.2,144.2,72,,0.6302847862243652,1.0,High,Last Chance: Final win-back email + maximum discount
14110,Champions,3,33,12987.95,393.57424242424247,738,22.5625,0.14049620926380157,0.0,Low,Retain: Enrol in VIP loyalty program + send thank-you offer
14111,Promising,13,4,692.85,173.2125,241,75.33333333333333,0.40720006823539734,0.0,Medium,Nudge: Reminder email + product recommendation + limited offer
14112,Champions,22,13,5834.59,448.8146153846154,653,52.333333333333336,0.2375425547361374,0.0,Low,Retain: Enrol in VIP loyalty program + send thank-you offer
14113,Champions,3,16,7092.61,443.288125,731,48.06666666666667,0.2504018247127533,0.0,Low,Retain: Enrol in VIP loyalty program + send thank-you offer
14114,At Risk,273,7,1364.09,194.86999999999998,606,54.833333333333336,,,Lapsed,[Lapsed] Recovery: Time-limited 30% win-back discount + feedback survey
14115,Lost Customers,501,2,622.67,311.335,666,165.0,,,Lapsed,[Lapsed] Last Chance: Final win-back email + maximum discount
14116,Promising,19,5,1382.74,276.548,121,25.0,0.23822593688964844,0.0,Low,Nurture: Monthly newsletter + loyalty point updates
14117,Lost Customers,143,1,90.0,90.0,143,,,,Lapsed,[Lapsed] Last Chance: Final win-back email + maximum discount
14118,Lost Customers,428,1,458.45,458.45,428,,,,Lapsed,[Lapsed] Last Chance: Final win-back email + maximum discount
14119,Lost Customers,375,2,183.37,91.685,717,342.0,,,Lapsed,[Lapsed] Last Chance: Final win-back email + maximum discount
14121,Promising,3,4,2780.15,695.0375,59,18.0,0.22493965923786163,0.0,Low,Nurture: Monthly newsletter + loyalty point updates
14122,Lost Customers,405,3,362.42,120.80666666666667,736,165.0,,,Lapsed,[Lapsed] Last Chance: Final win-back email + maximum discount
14123,Lost Customers,732,1,436.18,436.18,732,,,,Lapsed,[Lapsed] Last Chance: Final win-back email + maximum discount
14124,Lost Customers,83,1,419.58,419.58,83,,0.5683245658874512,1.0,High,Last Chance: Final win-back email + maximum discount
14125,Promising,10,3,2740.43,913.4766666666666,77,33.5,0.22743666172027588,0.0,Low,Nurture: Monthly newsletter + loyalty point updates
14126,Promising,7,4,1172.46,293.115,443,145.0,0.44067543745040894,0.0,Medium,Nudge: Reminder email + product recommendation + limited offer
14127,At Risk,122,6,1900.08,316.68,425,59.8,0.4078998863697052,0.0,Medium,Re-engage: Best-seller showcase email + 15% discount
14128,Promising,60,3,924.21,308.07,550,245.0,0.5791479349136353,1.0,High,Urgent Re-engage: 20% discount coupon + highlight new arrivals
14129,Champions,1,9,2591.34,287.9266666666667,578,71.75,0.3409292995929718,0.0,Low,Retain: Enrol in VIP loyalty program + send thank-you offer
14130,At Risk,318,4,1882.67,470.6675,727,135.66666666666666,,,Lapsed,[Lapsed] Recovery: Time-limited 30% win-back discount + feedback survey
14131,Lost Customers,648,1,187.87,187.87,648,,,,Lapsed,[Lapsed] Last Chance: Final win-back email + maximum discount
14132,Champions,1,11,3586.03,326.00272727272727,183,17.7,0.1370006650686264,0.0,Low,Retain: Enrol in VIP loyalty program + send thank-you offer
14133,At Risk,129,4,911.14,227.785,733,201.0,0.4631664752960205,0.0,Medium,Re-engage: Best-seller showcase email + 15% discount
14134,At Risk,382,15,11123.35,741.5566666666667,729,24.428571428571427,,,Lapsed,[Lapsed] Recovery: Time-limited 30% win-back discount + feedback survey
14135,Champions,1,24,8839.67,368.31958333333336,737,31.608695652173914,0.14037325978279114,0.0,Low,Retain: Enrol in VIP loyalty program + send thank-you offer
14136,At Risk,400,5,1570.8100000000002,314.16200000000003,731,82.5,,,Lapsed,[Lapsed] Recovery: Time-limited 30% win-back discount + feedback survey
14137,Lost Customers,695,1,332.7,332.7,695,,,,Lapsed,[Lapsed] Last Chance: Final win-back email + maximum discount
14138,Promising,1,2,982.3800000000001,491.19000000000005,63,62.0,0.36079728603363037,0.0,Medium,Nudge: Reminder email + product recommendation + limited offer
14139,Promising,45,4,1086.8,271.7,542,165.0,0.5740008354187012,1.0,High,Urgent Re-engage: 20% discount coupon + highlight new arrivals
14140,Promising,3,2,935.05,467.525,31,27.0,0.3404286205768585,0.0,Low,Nurture: Monthly newsletter + loyalty point updates
14141,Promising,2,4,915.1300000000001,228.78250000000003,104,33.666666666666664,0.30158793926239014,0.0,Low,Nurture: Monthly newsletter + loyalty point updates
14142,Lost Customers,372,2,671.34,335.67,645,273.0,,,Lapsed,[Lapsed] Last Chance: Final win-back email + maximum discount
14143,Lost Customers,133,1,115.8,115.8,133,,0.626728892326355,1.0,High,Last Chance: Final win-back email + maximum discount
14144,Lost Customers,485,1,30.6,30.6,485,,,,Lapsed,[Lapsed] Last Chance: Final win-back email + maximum discount
14145,Champions,46,7,7600.049999999999,1085.7214285714285,610,93.5,0.34723249077796936,0.0,Low,Retain: Enrol in VIP loyalty program + send thank-you offer
14146,Champions,8,12,9450.3,787.525,694,62.09090909090909,0.23951683938503265,0.0,Low,Retain: Enrol in VIP loyalty program + send thank-you offer
14147,At Risk,77,9,2590.2000000000003,287.8,639,69.875,0.42054879665374756,0.0,Medium,Re-engage: Best-seller showcase email + 15% discount
14148,Lost Customers,233,2,466.29,233.145,413,180.0,,,Lapsed,[Lapsed] Last Chance: Final win-back email + maximum discount
14149,Lost Customers,220,1,446.62,446.62,220,,,,Lapsed,[Lapsed] Last Chance: Final win-back email + maximum discount
14150,Promising,35,2,658.64,329.32,359,324.0,0.5704746246337891,1.0,High,Urgent Re-engage: 20% discount coupon + highlight new arrivals
14151,Lost Customers,672,2,679.45,339.725,716,43.0,,,Lapsed,[Lapsed] Last Chance: Final win-back email + maximum discount
14152,At Risk,74,7,1997.3400000000001,285.3342857142857,658,96.83333333333333,0.43688085675239563,0.0,Medium,Re-engage: Best-seller showcase email + 15% discount
14153,Lost Customers,482,1,233.39999999999998,233.39999999999998,482,,,,Lapsed,[Lapsed] Last Chance: Final win-back email + maximum discount
14154,At Risk,238,8,6460.7,807.5875,695,64.85714285714286,,,Lapsed,[Lapsed] Recovery: Time-limited 30% win-back discount + feedback survey
14155,Lost Customers,265,1,118.75,118.75,265,,,,Lapsed,[Lapsed] Last Chance: Final win-back email + maximum discount
14156,Champions,9,156,313624.17,2010.4113461538461,738,4.283870967741936,0.13636454939842224,0.0,Low,Retain: Enrol in VIP loyalty program + send thank-you offer
14157,Promising,19,5,1002.7800000000001,200.556,645,155.75,0.5532873272895813,1.0,High,Urgent Re-engage: 20% discount coupon + highlight new arrivals
14158,Promising,39,1,507.65999999999997,507.65999999999997,39,,0.5359801650047302,1.0,Medium,Nudge: Reminder email + product recommendation + limited offer
14159,Champions,19,20,7938.01,396.9005,736,37.26315789473684,0.1460847109556198,0.0,Low,Retain: Enrol in VIP loyalty program + send thank-you offer
14160,At Risk,609,7,8421.470000000001,1203.067142857143,698,14.5,,,Lapsed,[Lapsed] Recovery: Time-limited 30% win-back discount + feedback survey
14161,At Risk,215,7,3035.73,433.67571428571426,726,84.5,,,Lapsed,[Lapsed] Recovery: Time-limited 30% win-back discount + feedback survey
14162,Lost Customers,173,2,289.36,144.68,292,118.0,,,Lapsed,[Lapsed] Last Chance: Final win-back email + maximum discount
14163,At Risk,86,5,2594.62,518.924,461,93.25,0.3655455708503723,0.0,Medium,Re-engage: Best-seller showcase email + 15% discount
14164,At Risk,70,2,1631.77,815.885,80,10.0,0.5256418585777283,1.0,Medium,Re-engage: Best-seller showcase email + 15% discount
14165,Lost Customers,275,1,122.53999999999999,122.53999999999999,275,,,,Lapsed,[Lapsed] Last Chance: Final win-back email + maximum discount
14166,Lost Customers,504,2,256.85,128.425,625,121.0,,,Lapsed,[Lapsed] Last Chance: Final win-back email + maximum discount
14167,At Risk,38,8,1296.49,162.06125,680,91.0,0.42227306962013245,0.0,Medium,Re-engage: Best-seller showcase email + 15% discount
14168,Lost Customers,420,2,370.45,185.225,564,143.0,,,Lapsed,[Lapsed] Last Chance: Final win-back email + maximum discount
14169,Lost Customers,430,2,624.4300000000001,312.21500000000003,443,13.0,,,Lapsed,[Lapsed] Last Chance: Final win-back email + maximum discount
14170,Lost Customers,374,3,597.33,199.11,394,9.0,,,Lapsed,[Lapsed] Last Chance: Final win-back email + maximum discount
14171,Lost Customers,97,2,498.79,249.395,729,632.0,0.6622891426086426,1.0,High,Last Chance: Final win-back email + maximum discount
14172,Lost Customers,604,3,402.72,134.24,642,18.5,,,Lapsed,[Lapsed] Last Chance: Final win-back email + maximum discount
14173,Promising,10,6,586.0,97.66666666666667,730,143.6,0.45113295316696167,0.0,Medium,Nudge: Reminder email + product recommendation + limited offer
14174,Promising,32,1,134.46,134.46,32,,0.6003561615943909,1.0,High,Urgent Re-engage: 20% discount coupon + highlight new arrivals
14175,Champions,59,8,7678.88,959.86,627,80.57142857142857,0.35411739349365234,0.0,Medium,Early Alert: Personalised product recommendation based on past purchases
14176,At Risk,296,5,756.46,151.292,380,20.5,,,Lapsed,[Lapsed] Recovery: Time-limited 30% win-back discount + feedback survey
14177,At Risk,85,13,2229.34,171.48769230769233,651,46.916666666666664,0.4011477828025818,0.0,Medium,Re-engage: Best-seller showcase email + 15% discount
14178,Promising,8,7,1620.93,231.5614285714286,181,28.5,0.1917647421360016,0.0,Low,Nurture: Monthly newsletter + loyalty point updates
14179,Promising,40,2,719.7800000000001,359.89000000000004,51,11.0,0.4907582998275757,0.0,Medium,Nudge: Reminder email + product recommendation + limited offer
14180,Champions,10,33,6117.5,185.37878787878788,547,16.375,0.1532987654209137,0.0,Low,Retain: Enrol in VIP loyalty program + send thank-you offer
14181,Lost Customers,410,2,310.55,155.275,562,151.0,,,Lapsed,[Lapsed] Last Chance: Final win-back email + maximum discount
14182,At Risk,443,4,678.77,169.6925,595,50.666666666666664,,,Lapsed,[Lapsed] Recovery: Time-limited 30% win-back discount + feedback survey
14183,Lost Customers,410,2,286.29,143.145,480,69.0,,,Lapsed,[Lapsed] Last Chance: Final win-back email + maximum discount
14184,Lost Customers,66,1,452.89,452.89,66,,0.5482667684555054,1.0,Medium,Re-activation: Welcome-back campaign + highlight what's new
14185,Lost Customers,330,1,197.65,197.65,330,,,,Lapsed,[Lapsed] Last Chance: Final win-back email + maximum discount
14186,At Risk,426,5,1550.63,310.12600000000003,644,53.75,,,Lapsed,[Lapsed] Recovery: Time-limited 30% win-back discount + feedback survey
14187,Lost Customers,473,1,123.5,123.5,473,,,,Lapsed,[Lapsed] Last Chance: Final win-back email + maximum discount
14188,At Risk,30,6,2054.36,342.3933333333334,309,55.4,0.251981258392334,0.0,Low,Monitor: Add to re-engagement campaign
14189,Champions,1,16,5503.150000000001,343.94687500000003,388,25.2,0.14214089512825012,0.0,Low,Retain: Enrol in VIP loyalty program + send thank-you offer
14190,Lost Customers,665,1,79.9,79.9,665,,,,Lapsed,[Lapsed] Last Chance: Final win-back email + maximum discount
14191,Champions,1,15,4817.66,321.1773333333333,728,51.5,0.2018185257911682,0.0,Low,Retain: Enrol in VIP loyalty program + send thank-you offer
14192,Lost Customers,387,1,293.74,293.74,387,,,,Lapsed,[Lapsed] Last Chance: Final win-back email + maximum discount
14193,At Risk,67,3,1210.19,403.3966666666667,396,163.5,0.5146661400794983,1.0,Medium,Re-engage: Best-seller showcase email + 15% discount
14194,Champions,4,36,18670.59,518.6275,702,19.685714285714287,0.135163813829422,0.0,Low,Retain: Enrol in VIP loyalty program + send thank-you offer
14195,At Risk,201,6,2615.6,435.93333333333334,633,86.2,,,Lapsed,[Lapsed] Recovery: Time-limited 30% win-back discount + feedback survey
14196,Lost Customers,106,1,335.52,335.52,106,,0.5683245658874512,1.0,High,Last Chance: Final win-back email + maximum discount
14197,Lost Customers,410,1,390.05,390.05,410,,,,Lapsed,[Lapsed] Last Chance: Final win-back email + maximum discount
14198,Champions,17,9,1569.73,174.41444444444446,703,85.375,0.401652067899704,0.0,Medium,Early Alert: Personalised product recommendation based on past purchases
14199,At Risk,217,4,1091.6999999999998,272.92499999999995,530,103.66666666666667,,,Lapsed,[Lapsed] Recovery: Time-limited 30% win-back discount + feedback survey
14200,Lost Customers,616,1,379.2,379.2,616,,,,Lapsed,[Lapsed] Last Chance: Final win-back email + maximum discount
14201,At Risk,59,10,1193.54,119.354,587,58.22222222222222,0.3543122112751007,0.0,Medium,Re-engage: Best-seller showcase email + 15% discount
14202,At Risk,380,3,847.76,282.58666666666664,624,121.5,,,Lapsed,[Lapsed] Recovery: Time-limited 30% win-back discount + feedback survey
14203,Lost Customers,396,1,339.34,339.34,396,,,,Lapsed,[Lapsed] Last Chance: Final win-back email + maximum discount
14204,Promising,1,4,1062.96,265.74,736,244.66666666666666,0.5706179141998291,1.0,High,Urgent Re-engage: 20% discount coupon + highlight new arrivals
14205,Champions,16,9,2414.2,268.2444444444444,642,77.75,0.4453360438346863,0.0,Medium,Early Alert: Personalised product recommendation based on past purchases
14206,At Risk,238,3,1185.01,395.00333333333333,402,81.0,,,Lapsed,[Lapsed] Recovery: Time-limited 30% win-back discount + feedback survey
14207,Lost Customers,687,1,157.8,157.8,687,,,,Lapsed,[Lapsed] Last Chance: Final win-back email + maximum discount
14208,Lost Customers,94,2,567.05,283.525,550,456.0,0.6567181348800659,1.0,High,Last Chance: Final win-back email + maximum discount
14209,Champions,10,15,4993.27,332.8846666666667,686,47.714285714285715,0.21121558547019958,0.0,Low,Retain: Enrol in VIP loyalty program + send thank-you offer
14210,Champions,105,16,5556.57,347.285625,702,39.333333333333336,0.3108484148979187,0.0,Low,Retain: Enrol in VIP loyalty program + send thank-you offer
14211,Champions,52,18,4402.29,244.57166666666666,730,39.411764705882355,0.2171735018491745,0.0,Low,Retain: Enrol in VIP loyalty program + send thank-you offer
14212,At Risk,89,2,2190.1400000000003,1095.0700000000002,445,356.0,0.5515362024307251,1.0,High,Recovery: Time-limited 30% win-back discount + feedback survey
14213,Lost Customers,404,1,1192.2,1192.2,404,,,,Lapsed,[Lapsed] Last Chance: Final win-back email + maximum discount
14214,Promising,30,5,1004.38,200.876,277,61.25,0.3121444582939148,0.0,Low,Nurture: Monthly newsletter + loyalty point updates
14215,Champions,11,9,3250.33,361.1477777777778,731,89.625,0.29804694652557373,0.0,Low,Retain: Enrol in VIP loyalty program + send thank-you offer
14216,Promising,2,5,2150.04,430.008,413,102.25,0.32811439037323,0.0,Low,Nurture: Monthly newsletter + loyalty point updates
14217,Champions,1,23,3298.59,143.41695652173914,526,23.363636363636363,0.15324875712394714,0.0,Low,Retain: Enrol in VIP loyalty program + send thank-you offer
14218,Lost Customers,42,1,169.48000000000002,169.48000000000002,42,,0.5867663025856018,1.0,High,Last Chance: Final win-back email + maximum discount
14219,Promising,3,3,633.8299999999999,211.27666666666664,492,244.0,0.5504651665687561,1.0,High,Urgent Re-engage: 20% discount coupon + highlight new arrivals
14220,At Risk,246,4,1515.0,378.75,568,107.0,,,Lapsed,[Lapsed] Recovery: Time-limited 30% win-back discount + feedback survey
14221,Champions,41,17,6517.49,383.38176470588235,611,35.25,0.19015367329120636,0.0,Low,Retain: Enrol in VIP loyalty program + send thank-you offer
14222,Lost Customers,176,1,683.17,683.17,176,,,,Lapsed,[Lapsed] Last Chance: Final win-back email + maximum discount
14223,At Risk,91,3,991.13,330.37666666666667,263,85.5,0.383372038602829,0.0,Medium,Re-engage: Best-seller showcase email + 15% discount
14224,At Risk,109,9,1897.9,210.8777777777778,543,53.75,0.3653920292854309,0.0,Medium,Re-engage: Best-seller showcase email + 15% discount
14225,At Risk,434,4,2037.02,509.255,695,87.0,,,Lapsed,[Lapsed] Recovery: Time-limited 30% win-back discount + feedback survey
14226,At Risk,28,6,3002.53,500.4216666666667,440,82.0,0.29524943232536316,0.0,Low,Monitor: Add to re-engagement campaign
14227,Champions,25,15,6368.71,424.5806666666667,669,45.714285714285715,0.20544204115867615,0.0,Low,Retain: Enrol in VIP loyalty program + send thank-you offer
14228,At Risk,437,3,745.5,248.5,546,53.5,,,Lapsed,[Lapsed] Recovery: Time-limited 30% win-back discount + feedback survey
14229,At Risk,51,7,2594.04,370.57714285714286,471,69.5,0.3632185757160187,0.0,Medium,Re-engage: Best-seller showcase email + 15% discount
14230,At Risk,435,3,979.8000000000001,326.6,547,56.0,,,Lapsed,[Lapsed] Recovery: Time-limited 30% win-back discount + feedback survey
14231,At Risk,183,4,1235.62,308.905,450,88.66666666666667,,,Lapsed,[Lapsed] Recovery: Time-limited 30% win-back discount + feedback survey
14232,At Risk,42,5,2048.07,409.61400000000003,264,54.75,0.2593228816986084,0.0,Low,Monitor: Add to re-engagement campaign
14233,At Risk,48,7,2904.27,414.8957142857143,643,98.66666666666667,0.366397500038147,0.0,Medium,Re-engage: Best-seller showcase email + 15% discount
14234,Promising,21,4,775.4599999999999,193.86499999999998,56,11.666666666666666,0.36004161834716797,0.0,Medium,Nudge: Reminder email + product recommendation + limited offer
14235,At Risk,74,9,4717.990000000001,524.2211111111112,618,67.5,0.2901110053062439,0.0,Low,Monitor: Add to re-engagement campaign
14236,At Risk,80,5,1555.3400000000001,311.06800000000004,504,105.75,0.5299838185310364,1.0,Medium,Re-engage: Best-seller showcase email + 15% discount
14237,Lost Customers,372,2,471.14,235.57,590,217.0,,,Lapsed,[Lapsed] Last Chance: Final win-back email + maximum discount
14238,Lost Customers,325,3,434.23,144.74333333333334,734,204.0,,,Lapsed,[Lapsed] Last Chance: Final win-back email + maximum discount
14239,Champions,42,21,4263.17,203.00809523809525,734,34.05,0.19469498097896576,0.0,Low,Retain: Enrol in VIP loyalty program + send thank-you offer
14240,Promising,29,3,1247.49,415.83,423,196.0,0.47939637303352356,0.0,Medium,Nudge: Reminder email + product recommendation + limited offer
14241,Lost Customers,183,2,333.70000000000005,166.85000000000002,695,512.0,,,Lapsed,[Lapsed] Last Chance: Final win-back email + maximum discount
14242,Lost Customers,234,2,280.54999999999995,140.27499999999998,325,91.0,,,Lapsed,[Lapsed] Last Chance: Final win-back email + maximum discount
14243,Champions,8,17,7217.75,424.5735294117647,475,28.6875,0.17967920005321503,0.0,Low,Retain: Enrol in VIP loyalty program + send thank-you offer
14244,Lost Customers,660,1,366.41999999999996,366.41999999999996,660,,,,Lapsed,[Lapsed] Last Chance: Final win-back email + maximum discount
14245,At Risk,219,2,1693.45,846.725,263,43.0,,,Lapsed,[Lapsed] Recovery: Time-limited 30% win-back discount + feedback survey
14246,At Risk,110,3,1474.06,491.3533333333333,245,67.5,0.37307098507881165,0.0,Medium,Re-engage: Best-seller showcase email + 15% discount
14247,At Risk,277,5,772.66,154.53199999999998,550,67.75,,,Lapsed,[Lapsed] Recovery: Time-limited 30% win-back discount + feedback survey
14248,At Risk,317,3,1032.95,344.31666666666666,514,98.0,,,Lapsed,[Lapsed] Recovery: Time-limited 30% win-back discount + feedback survey
14249,At Risk,410,12,5625.461,468.7884166666667,678,24.181818181818183,,,Lapsed,[Lapsed] Recovery: Time-limited 30% win-back discount + feedback survey
14250,Promising,6,3,1904.05,634.6833333333333,88,41.0,0.2504018247127533,0.0,Low,Nurture: Monthly newsletter + loyalty point updates
14251,Champions,1,5,2879.7,575.9399999999999,57,13.5,0.17370596528053284,0.0,Low,Retain: Enrol in VIP loyalty program + send thank-you offer
14252,Lost Customers,380,1,350.99,350.99,380,,,,Lapsed,[Lapsed] Last Chance: Final win-back email + maximum discount
14253,Lost Customers,492,2,363.40000000000003,181.70000000000002,622,129.0,,,Lapsed,[Lapsed] Last Chance: Final win-back email + maximum discount
14254,Lost Customers,432,1,601.03,601.03,432,,,,Lapsed,[Lapsed] Last Chance: Final win-back email + maximum discount
14255,Lost Customers,545,1,1000.63,1000.63,545,,,,Lapsed,[Lapsed] Last Chance: Final win-back email + maximum discount
14256,At Risk,259,5,2473.9900000000002,494.79800000000006,694,108.25,,,Lapsed,[Lapsed] Recovery: Time-limited 30% win-back discount + feedback survey
14257,Champions,63,9,5954.45,661.6055555555555,647,72.5,0.2796327471733093,0.0,Low,Retain: Enrol in VIP loyalty program + send thank-you offer
14258,Champions,8,25,32051.34,1282.0536,735,29.791666666666668,0.1775558590888977,0.0,Low,Retain: Enrol in VIP loyalty program + send thank-you offer
14259,Lost Customers,141,1,120.0,120.0,141,,,,Lapsed,[Lapsed] Last Chance: Final win-back email + maximum discount
14260,At Risk,470,3,824.28,274.76,548,38.5,,,Lapsed,[Lapsed] Recovery: Time-limited 30% win-back discount + feedback survey
14261,Promising,50,2,1163.45,581.725,78,27.0,0.37911951541900635,0.0,Medium,Nudge: Reminder email + product recommendation + limited offer
14262,Champions,7,8,2618.23,327.27875,240,32.714285714285715,0.14810724556446075,0.0,Low,Retain: Enrol in VIP loyalty program + send thank-you offer
14263,Lost Customers,422,1,322.93,322.93,422,,,,Lapsed,[Lapsed] Last Chance: Final win-back email + maximum discount
14264,At Risk,154,6,1517.3600000000001,252.89333333333335,610,91.0,,,Lapsed,[Lapsed] Recovery: Time-limited 30% win-back discount + feedback survey
14265,At Risk,108,4,1373.35,343.3375,611,167.0,0.5229935050010681,1.0,Medium,Re-engage: Best-seller showcase email + 15% discount
14266,Lost Customers,427,1,40.56,40.56,427,,,,Lapsed,[Lapsed] Last Chance: Final win-back email + maximum discount
14267,At Risk,162,3,1516.24,505.41333333333336,260,48.5,,,Lapsed,[Lapsed] Recovery: Time-limited 30% win-back discount + feedback survey
14268,Lost Customers,470,1,354.85,354.85,470,,,,Lapsed,[Lapsed] Last Chance: Final win-back email + maximum discount
14269,Lost Customers,438,1,295.73,295.73,438,,,,Lapsed,[Lapsed] Last Chance: Final win-back email + maximum discount
14270,Lost Customers,331,1,492.65000000000003,492.65000000000003,331,,,,Lapsed,[Lapsed] Last Chance: Final win-back email + maximum discount
14271,Lost Customers,225,2,219.13,109.565,408,183.0,,,Lapsed,[Lapsed] Last Chance: Final win-back email + maximum discount
14272,At Risk,73,4,920.8100000000001,230.20250000000001,581,169.0,0.5732903480529785,1.0,High,Recovery: Time-limited 30% win-back discount + feedback survey
14273,Promising,50,4,559.97,139.9925,241,63.0,0.3940567076206207,0.0,Medium,Nudge: Reminder email + product recommendation + limited offer
14274,Lost Customers,685,1,256.6,256.6,685,,,,Lapsed,[Lapsed] Last Chance: Final win-back email + maximum discount
14275,At Risk,395,6,1189.3799999999999,198.23,607,42.0,,,Lapsed,[Lapsed] Recovery: Time-limited 30% win-back discount + feedback survey
14276,At Risk,98,7,2102.68,300.3828571428571,659,93.16666666666667,0.37796854972839355,0.0,Medium,Re-engage: Best-seller showcase email + 15% discount
14277,Champions,14,9,17225.809999999998,1913.9788888888886,725,88.375,0.31472110748291016,0.0,Low,Retain: Enrol in VIP loyalty program + send thank-you offer
14278,Lost Customers,409,1,205.83,205.83,409,,,,Lapsed,[Lapsed] Last Chance: Final win-back email + maximum discount
14279,Lost Customers,520,2,191.86,95.93,680,160.0,,,Lapsed,[Lapsed] Last Chance: Final win-back email + maximum discount
14280,Lost Customers,196,1,134.04,134.04,196,,,,Lapsed,[Lapsed] Last Chance: Final win-back email + maximum discount
14281,Lost Customers,407,1,245.15,245.15,407,,,,Lapsed,[Lapsed] Last Chance: Final win-back email + maximum discount
14282,Champions,2,25,7278.66,291.14639999999997,662,27.041666666666668,0.14300549030303955,0.0,Low,Retain: Enrol in VIP loyalty program + send thank-you offer
14283,At Risk,462,4,628.44,157.11,569,35.333333333333336,,,Lapsed,[Lapsed] Recovery: Time-limited 30% win-back discount + feedback survey
14284,Promising,30,3,1299.65,433.2166666666667,653,311.0,0.5568394064903259,1.0,High,Urgent Re-engage: 20% discount coupon + highlight new arrivals
14285,Champions,20,8,3284.42,410.5525,730,100.85714285714286,0.32829445600509644,0.0,Low,Retain: Enrol in VIP loyalty program + send thank-you offer
14286,Champions,23,7,8479.76,1211.3942857142858,735,118.5,0.3783118426799774,0.0,Medium,Early Alert: Personalised product recommendation based on past purchases
14287,Promising,7,3,176.63,58.876666666666665,198,95.0,0.44526025652885437,0.0,Medium,Nudge: Reminder email + product recommendation + limited offer
14288,Lost Customers,212,1,426.6,426.6,212,,,,Lapsed,[Lapsed] Last Chance: Final win-back email + maximum discount
14289,Promising,8,6,911.26,151.87666666666667,289,55.6,0.3065952658653259,0.0,Low,Nurture: Monthly newsletter + loyalty point updates
14290,Champions,10,8,4516.56,564.57,731,102.28571428571429,0.2640284597873688,0.0,Low,Retain: Enrol in VIP loyalty program + send thank-you offer
14291,Champions,1,23,7904.1,343.6565217391304,730,32.90909090909091,0.1440567672252655,0.0,Low,Retain: Enrol in VIP loyalty program + send thank-you offer
14292,Champions,7,16,9226.25,576.640625,630,41.2,0.16466940939426422,0.0,Low,Retain: Enrol in VIP loyalty program + send thank-you offer
14293,Champions,2,9,2903.01,322.5566666666667,729,90.125,0.42497220635414124,0.0,Medium,Early Alert: Personalised product recommendation based on past purchases
14294,Lost Customers,406,1,375.34000000000003,375.34000000000003,406,,,,Lapsed,[Lapsed] Last Chance: Final win-back email + maximum discount
14295,At Risk,39,5,2362.91,472.582,731,172.25,0.5809381604194641,1.0,High,Recovery: Time-limited 30% win-back discount + feedback survey
14296,Lost Customers,420,2,456.4,228.2,573,152.0,,,Lapsed,[Lapsed] Last Chance: Final win-back email + maximum discount
14297,Promising,17,4,1305.33,326.3325,274,85.33333333333333,0.3564451336860657,0.0,Medium,Nudge: Reminder email + product recommendation + limited offer
14298,Champions,7,82,91194.49,1112.1279268292683,727,8.592592592592593,0.135163813829422,0.0,Low,Retain: Enrol in VIP loyalty program + send thank-you offer
14299,Champions,7,27,14070.25,521.1203703703703,737,27.653846153846153,0.14721709489822388,0.0,Low,Retain: Enrol in VIP loyalty program + send thank-you offer
14300,Promising,18,1,43.2,43.2,18,,0.6259864568710327,1.0,High,Urgent Re-engage: 20% discount coupon + highlight new arrivals
14301,At Risk,116,4,1992.18,498.045,665,183.0,0.49538958072662354,0.0,Medium,Re-engage: Best-seller showcase email + 15% discount
14302,At Risk,430,3,742.9000000000001,247.63333333333335,737,153.0,,,Lapsed,[Lapsed] Recovery: Time-limited 30% win-back discount + feedback survey
14303,Lost Customers,406,2,277.94,138.97,434,27.0,,,Lapsed,[Lapsed] Last Chance: Final win-back email + maximum discount
14304,At Risk,222,3,1725.01,575.0033333333333,570,173.5,,,Lapsed,[Lapsed] Recovery: Time-limited 30% win-back discount + feedback survey
14305,At Risk,70,3,1858.96,619.6533333333333,134,31.5,0.31177377700805664,0.0,Low,Monitor: Add to re-engagement campaign
14306,At Risk,50,6,3151.4,525.2333333333333,676,124.6,0.4075080454349518,0.0,Medium,Re-engage: Best-seller showcase email + 15% discount
14307,At Risk,88,10,4287.92,428.79200000000003,731,70.88888888888889,0.3076845705509186,0.0,Low,Monitor: Add to re-engagement campaign
14308,Lost Customers,548,2,1147.02,573.51,548,0.0,,,Lapsed,[Lapsed] Last Chance: Final win-back email + maximum discount
14309,Champions,7,11,3780.81,343.71,550,53.6,0.21986430883407593,0.0,Low,Retain: Enrol in VIP loyalty program + send thank-you offer
14310,Lost Customers,432,1,492.1,492.1,432,,,,Lapsed,[Lapsed] Last Chance: Final win-back email + maximum discount
14311,Lost Customers,242,2,516.45,258.225,567,324.0,,,Lapsed,[Lapsed] Last Chance: Final win-back email + maximum discount
14312,Champions,46,11,3090.29,280.93545454545455,503,45.2,0.23789727687835693,0.0,Low,Retain: Enrol in VIP loyalty program + send thank-you offer
14314,Lost Customers,106,2,229.8,114.9,430,324.0,0.6379284262657166,1.0,High,Last Chance: Final win-back email + maximum discount
14315,At Risk,44,8,3197.8199999999997,399.72749999999996,634,83.71428571428571,0.28577321767807007,0.0,Low,Monitor: Add to re-engagement campaign
14316,At Risk,421,5,1370.34,274.068,629,51.5,,,Lapsed,[Lapsed] Recovery: Time-limited 30% win-back discount + feedback survey
14317,Promising,64,1,508.58,508.58,64,,0.5534994006156921,1.0,High,Urgent Re-engage: 20% discount coupon + highlight new arrivals
14318,Lost Customers,459,1,158.02,158.02,459,,,,Lapsed,[Lapsed] Last Chance: Final win-back email + maximum discount
14319,Lost Customers,423,1,494.85,494.85,423,,,,Lapsed,[Lapsed] Last Chance: Final win-back email + maximum discount
14320,At Risk,206,5,1346.75,269.35,687,120.0,,,Lapsed,[Lapsed] Recovery: Time-limited 30% win-back discount + feedback survey
14321,Champions,10,7,2218.06,316.86571428571426,472,76.5,0.31833139061927795,0.0,Low,Retain: Enrol in VIP loyalty program + send thank-you offer
14322,Lost Customers,428,4,474.1,118.525,659,76.66666666666667,,,Lapsed,[Lapsed] Last Chance: Final win-back email + maximum discount
14323,Lost Customers,114,2,605.06,302.53,238,123.0,0.4812558889389038,0.0,Medium,Re-activation: Welcome-back campaign + highlight what's new
14324,Lost Customers,409,2,701.61,350.805,692,283.0,,,Lapsed,[Lapsed] Last Chance: Final win-back email + maximum discount
14325,Lost Customers,569,1,245.48000000000002,245.48000000000002,569,,,,Lapsed,[Lapsed] Last Chance: Final win-back email + maximum discount
14326,At Risk,241,3,940.98,313.66,532,145.0,,,Lapsed,[Lapsed] Recovery: Time-limited 30% win-back discount + feedback survey
14327,At Risk,162,6,1894.93,315.82166666666666,699,106.8,,,Lapsed,[Lapsed] Recovery: Time-limited 30% win-back discount + feedback survey
14328,Lost Customers,437,1,445.05,445.05,437,,,,Lapsed,[Lapsed] Last Chance: Final win-back email + maximum discount
14329,Champions,16,15,9927.22,661.8146666666667,722,50.0,0.20640717446804047,0.0,Low,Retain: Enrol in VIP loyalty program + send thank-you offer
14330,Lost Customers,623,1,200.63,200.63,623,,,,Lapsed,[Lapsed] Last Chance: Final win-back email + maximum discount
14331,Lost Customers,123,2,462.66,231.33,134,10.0,0.5511848330497742,1.0,High,Last Chance: Final win-back email + maximum discount
14332,Promising,22,5,1943.5100000000002,388.70200000000006,415,98.0,0.40148335695266724,0.0,Medium,Nudge: Reminder email + product recommendation + limited offer
14333,Lost Customers,67,1,415.2,415.2,67,,0.5683245658874512,1.0,High,Last Chance: Final win-back email + maximum discount
14334,Champions,16,12,4318.4800000000005,359.8733333333334,568,49.54545454545455,0.21003152430057526,0.0,Low,Retain: Enrol in VIP loyalty program + send thank-you offer
14335,Promising,15,2,468.26,234.13,95,80.0,0.4503755271434784,0.0,Medium,Nudge: Reminder email + product recommendation + limited offer
14336,Promising,16,4,1614.91,403.7275,275,85.66666666666667,0.35006216168403625,0.0,Medium,Nudge: Reminder email + product recommendation + limited offer
14338,At Risk,160,3,928.1,309.3666666666667,536,187.5,,,Lapsed,[Lapsed] Recovery: Time-limited 30% win-back discount + feedback survey
14339,Lost Customers,242,2,620.27,310.135,428,186.0,,,Lapsed,[Lapsed] Last Chance: Final win-back email + maximum discount
14340,Lost Customers,218,1,134.7,134.7,218,,,,Lapsed,[Lapsed] Last Chance: Final win-back email + maximum discount
14341,Champions,44,18,4467.32,248.18444444444444,738,40.470588235294116,0.21030597388744354,0.0,Low,Retain: Enrol in VIP loyalty program + send thank-you offer
14342,Promising,20,6,918.44,153.07333333333335,471,89.8,0.40601274371147156,0.0,Medium,Nudge: Reminder email + product recommendation + limited offer
14343,At Risk,420,4,1088.91,272.2275,689,89.0,,,Lapsed,[Lapsed] Recovery: Time-limited 30% win-back discount + feedback survey
14344,Champions,126,20,2993.05,149.6525,625,25.736842105263158,0.41974446177482605,0.0,Medium,Early Alert: Personalised product recommendation based on past purchases
14345,Lost Customers,38,1,108.98,108.98,38,,0.6086515188217163,1.0,High,Last Chance: Final win-back email + maximum discount
14346,At Risk,120,5,2315.75,463.15,497,93.75,0.3967181146144867,0.0,Medium,Re-engage: Best-seller showcase email + 15% discount
14347,Lost Customers,736,1,82.60000000000001,82.60000000000001,736,,,,Lapsed,[Lapsed] Last Chance: Final win-back email + maximum discount
14348,Lost Customers,259,1,409.57,409.57,259,,,,Lapsed,[Lapsed] Last Chance: Final win-back email + maximum discount
14349,Promising,9,1,133.5,133.5,9,,0.5936691761016846,1.0,High,Urgent Re-engage: 20% discount coupon + highlight new arrivals
14350,At Risk,273,3,972.03,324.01,429,77.5,,,Lapsed,[Lapsed] Recovery: Time-limited 30% win-back discount + feedback survey
14351,Lost Customers,164,1,51.0,51.0,164,,,,Lapsed,[Lapsed] Last Chance: Final win-back email + maximum discount
14352,At Risk,156,4,1078.96,269.74,272,38.333333333333336,,,Lapsed,[Lapsed] Recovery: Time-limited 30% win-back discount + feedback survey
14353,Lost Customers,214,3,376.5,125.5,431,108.0,,,Lapsed,[Lapsed] Last Chance: Final win-back email + maximum discount
14354,Promising,5,2,163.62,81.81,29,24.0,0.44139426946640015,0.0,Medium,Nudge: Reminder email + product recommendation + limited offer
14355,At Risk,365,3,840.05,280.01666666666665,626,130.5,,,Lapsed,[Lapsed] Recovery: Time-limited 30% win-back discount + feedback survey
14356,Promising,79,2,701.23,350.615,80,1.0,0.5612068772315979,1.0,High,Urgent Re-engage: 20% discount coupon + highlight new arrivals
14357,Promising,42,1,225.77,225.77,42,,0.5894957184791565,1.0,High,Urgent Re-engage: 20% discount coupon + highlight new arrivals
14358,Lost Customers,388,2,400.05999999999995,200.02999999999997,427,38.0,,,Lapsed,[Lapsed] Last Chance: Final win-back email + maximum discount
14359,Promising,18,3,912.1800000000001,304.06,87,33.5,0.296469509601593,0.0,Low,Nurture: Monthly newsletter + loyalty point updates
14360,Promising,31,4,2128.23,532.0575,94,20.666666666666668,0.251712441444397,0.0,Low,Nurture: Monthly newsletter + loyalty point updates
14361,Lost Customers,578,1,214.71,214.71,578,,,,Lapsed,[Lapsed] Last Chance: Final win-back email + maximum discount
14362,Promising,21,1,161.2,161.2,21,,0.5668433904647827,1.0,High,Urgent Re-engage: 20% discount coupon + highlight new arrivals
14363,Lost Customers,401,2,227.47,113.735,450,49.0,,,Lapsed,[Lapsed] Last Chance: Final win-back email + maximum discount
14364,At Risk,108,8,3717.35,464.66875,210,14.142857142857142,0.38322100043296814,0.0,Medium,Re-engage: Best-seller showcase email + 15% discount
14365,Lost Customers,394,2,634.6800000000001,317.34000000000003,681,287.0,,,Lapsed,[Lapsed] Last Chance: Final win-back email + maximum discount
14366,Lost Customers,524,1,136.0,136.0,524,,,,Lapsed,[Lapsed] Last Chance: Final win-back email + maximum discount
14367,Champions,7,16,9261.52,578.845,275,17.466666666666665,0.135163813829422,0.0,Low,Retain: Enrol in VIP loyalty program + send thank-you offer
14368,Lost Customers,319,1,155.0,155.0,319,,,,Lapsed,[Lapsed] Last Chance: Final win-back email + maximum discount
14369,Lost Customers,641,2,469.13,234.565,661,19.0,,,Lapsed,[Lapsed] Last Chance: Final win-back email + maximum discount
14370,At Risk,450,6,1175.78,195.96333333333334,676,44.8,,,Lapsed,[Lapsed] Recovery: Time-limited 30% win-back discount + feedback survey
14371,Lost Customers,294,1,100.5,100.5,294,,,,Lapsed,[Lapsed] Last Chance: Final win-back email + maximum discount
14372,Lost Customers,442,2,860.08,430.04,598,156.0,,,Lapsed,[Lapsed] Last Chance: Final win-back email + maximum discount
14373,Lost Customers,357,1,76.55,76.55,357,,,,Lapsed,[Lapsed] Last Chance: Final win-back email + maximum discount
14374,Lost Customers,540,1,108.0,108.0,540,,,,Lapsed,[Lapsed] Last Chance: Final win-back email + maximum discount
14375,At Risk,184,3,1132.99,377.66333333333336,540,177.5,,,Lapsed,[Lapsed] Recovery: Time-limited 30% win-back discount + feedback survey
14376,Lost Customers,682,1,215.46,215.46,682,,,,Lapsed,[Lapsed] Last Chance: Final win-back email + maximum discount
14377,Lost Customers,190,2,617.05,308.525,261,70.0,,,Lapsed,[Lapsed] Last Chance: Final win-back email + maximum discount
14378,Lost Customers,621,1,131.25,131.25,621,,,,Lapsed,[Lapsed] Last Chance: Final win-back email + maximum discount
14379,Promising,43,4,1268.9099999999999,317.22749999999996,479,145.0,0.5744990706443787,1.0,High,Urgent Re-engage: 20% discount coupon + highlight new arrivals
14380,Lost Customers,681,1,48.96,48.96,681,,,,Lapsed,[Lapsed] Last Chance: Final win-back email + maximum discount
14381,Promising,51,2,631.34,315.67,450,399.0,0.6285195350646973,1.0,High,Urgent Re-engage: 20% discount coupon + highlight new arrivals
14382,Promising,25,2,1246.8000000000002,623.4000000000001,389,363.0,0.5593870878219604,1.0,High,Urgent Re-engage: 20% discount coupon + highlight new arrivals
14383,Promising,37,3,1247.69,415.8966666666667,163,62.5,0.3229251503944397,0.0,Low,Nurture: Monthly newsletter + loyalty point updates
14384,Lost Customers,500,1,58.5,58.5,500,,,,Lapsed,[Lapsed] Last Chance: Final win-back email + maximum discount
14385,Promising,8,3,202.11,67.37,23,7.0,0.47059762477874756,0.0,Medium,Nudge: Reminder email + product recommendation + limited offer
14386,Lost Customers,296,1,142.4,142.4,296,,,,Lapsed,[Lapsed] Last Chance: Final win-back email + maximum discount
14387,Promising,32,3,1770.56,590.1866666666666,108,37.5,0.2488667070865631,0.0,Low,Nurture: Monthly newsletter + loyalty point updates
14388,Champions,9,16,6388.2,399.2625,688,44.733333333333334,0.19506637752056122,0.0,Low,Retain: Enrol in VIP loyalty program + send thank-you offer
14389,At Risk,64,5,1898.01,379.602,589,130.75,0.4685617685317993,0.0,Medium,Re-engage: Best-seller showcase email + 15% discount
14390,Champions,9,13,6176.13,475.0869230769231,424,34.166666666666664,0.1474405825138092,0.0,Low,Retain: Enrol in VIP loyalty program + send thank-you offer
14391,Lost Customers,576,1,135.6,135.6,576,,,,Lapsed,[Lapsed] Last Chance: Final win-back email + maximum discount
14392,Lost Customers,431,1,266.4,266.4,431,,,,Lapsed,[Lapsed] Last Chance: Final win-back email + maximum discount
14393,Lost Customers,217,1,67.95,67.95,217,,,,Lapsed,[Lapsed] Last Chance: Final win-back email + maximum discount
14394,Lost Customers,564,1,93.8,93.8,564,,,,Lapsed,[Lapsed] Last Chance: Final win-back email + maximum discount
14395,Champions,1,20,7899.33,394.9665,599,31.05263157894737,0.16109569370746613,0.0,Low,Retain: Enrol in VIP loyalty program + send thank-you offer
14396,At Risk,64,7,2011.58,287.36857142857144,736,111.66666666666667,0.5420697927474976,1.0,Medium,Re-engage: Best-seller showcase email + 15% discount
14397,Champions,2,19,2612.96,137.52421052631578,213,11.277777777777779,0.13945765793323517,0.0,Low,Retain: Enrol in VIP loyalty program + send thank-you offer
14398,Lost Customers,400,2,707.79,353.895,527,126.0,,,Lapsed,[Lapsed] Last Chance: Final win-back email + maximum discount
14399,At Risk,393,8,2113.16,264.145,673,39.57142857142857,,,Lapsed,[Lapsed] Recovery: Time-limited 30% win-back discount + feedback survey
14400,At Risk,148,3,1732.47,577.49,631,241.0,,,Lapsed,[Lapsed] Recovery: Time-limited 30% win-back discount + feedback survey
14401,Champions,3,22,6795.9,308.9045454545454,724,33.80952380952381,0.15483880043029785,0.0,Low,Retain: Enrol in VIP loyalty program + send thank-you offer
14402,Lost Customers,651,1,285.6,285.6,651,,,,Lapsed,[Lapsed] Last Chance: Final win-back email + maximum discount
14403,At Risk,129,6,1880.5100000000002,313.41833333333335,638,101.2,0.3727753162384033,0.0,Medium,Re-engage: Best-seller showcase email + 15% discount
14404,Champions,33,13,2765.63,212.74076923076925,718,56.75,0.308275431394577,0.0,Low,Retain: Enrol in VIP loyalty program + send thank-you offer
14405,Lost Customers,386,1,195.0,195.0,386,,,,Lapsed,[Lapsed] Last Chance: Final win-back email + maximum discount
14406,Lost Customers,118,1,156.75,156.75,118,,0.6006208062171936,1.0,High,Last Chance: Final win-back email + maximum discount
14407,At Risk,106,6,2157.73,359.62166666666667,276,33.6,0.312875896692276,0.0,Low,Monitor: Add to re-engagement campaign
14408,Champions,10,11,4109.77,373.6154545454546,732,71.8,0.267814964056015,0.0,Low,Retain: Enrol in VIP loyalty program + send thank-you offer
14409,At Risk,70,9,3427.29,380.81,566,61.5,0.3377739489078522,0.0,Low,Monitor: Add to re-engagement campaign
14410,At Risk,91,11,2651.1400000000003,241.0127272727273,436,34.0,0.2914518415927887,0.0,Low,Monitor: Add to re-engagement campaign
14411,Lost Customers,310,1,1063.0,1063.0,310,,,,Lapsed,[Lapsed] Last Chance: Final win-back email + maximum discount
14412,Promising,42,3,1426.19,475.3966666666667,424,190.5,0.47342222929000854,0.0,Medium,Nudge: Reminder email + product recommendation + limited offer
14413,At Risk,361,4,770.37,192.5925,688,108.33333333333333,,,Lapsed,[Lapsed] Recovery: Time-limited 30% win-back discount + feedback survey
14414,At Risk,91,8,2399.33,299.91625,374,40.0,0.3050912916660309,0.0,Low,Monitor: Add to re-engagement campaign
14415,Champions,0,23,12091.6,525.7217391304348,722,32.31818181818182,0.14214089512825012,0.0,Low,Retain: Enrol in VIP loyalty program + send thank-you offer
14416,Promising,21,2,490.22,245.11,41,20.0,0.37125062942504883,0.0,Medium,Nudge: Reminder email + product recommendation + limited offer
14417,Lost Customers,387,1,604.2,604.2,387,,,,Lapsed,[Lapsed] Last Chance: Final win-back email + maximum discount
14418,Promising,3,3,1937.25,645.75,107,51.5,0.2697995901107788,0.0,Low,Nurture: Monthly newsletter + loyalty point updates
14419,Promising,10,7,1260.91,180.13000000000002,382,61.333333333333336,0.32547706365585327,0.0,Low,Nurture: Monthly newsletter + loyalty point updates
14420,At Risk,98,4,1639.17,409.7925,691,197.0,0.538230299949646,1.0,Medium,Re-engage: Best-seller showcase email + 15% discount
14421,At Risk,56,6,2469.37,411.56166666666667,691,126.2,0.4854397177696228,0.0,Medium,Re-engage: Best-seller showcase email + 15% discount
14422,Champions,0,19,10271.52,540.6063157894737,722,39.55555555555556,0.1898285299539566,0.0,Low,Retain: Enrol in VIP loyalty program + send thank-you offer
14423,At Risk,217,3,916.61,305.5366666666667,694,237.5,,,Lapsed,[Lapsed] Recovery: Time-limited 30% win-back discount + feedback survey
14424,Promising,17,1,322.08,322.08,17,,0.5416027903556824,1.0,Medium,Nudge: Reminder email + product recommendation + limited offer
14425,Lost Customers,434,3,661.39,220.46333333333334,737,151.0,,,Lapsed,[Lapsed] Last Chance: Final win-back email + maximum discount
14426,Champions,23,17,11727.94,689.8788235294118,644,38.375,0.16482006013393402,0.0,Low,Retain: Enrol in VIP loyalty program + send thank-you offer
14427,At Risk,49,4,1263.52,315.88,631,193.33333333333334,0.5222620368003845,1.0,Medium,Re-engage: Best-seller showcase email + 15% discount
14428,Promising,6,5,1244.83,248.96599999999998,324,79.0,0.3523733913898468,0.0,Medium,Nudge: Reminder email + product recommendation + limited offer
14429,Lost Customers,403,1,516.28,516.28,403,,,,Lapsed,[Lapsed] Last Chance: Final win-back email + maximum discount
14430,At Risk,511,3,1220.9,406.9666666666667,606,47.5,,,Lapsed,[Lapsed] Recovery: Time-limited 30% win-back discount + feedback survey
14431,At Risk,302,4,2614.2,653.55,687,127.66666666666667,,,Lapsed,[Lapsed] Recovery: Time-limited 30% win-back discount + feedback survey
14432,Promising,9,6,2255.51,375.91833333333335,88,15.4,0.18258774280548096,0.0,Low,Nurture: Monthly newsletter + loyalty point updates
14433,Lost Customers,465,1,289.6,289.6,465,,,,Lapsed,[Lapsed] Last Chance: Final win-back email + maximum discount
14434,Promising,21,6,1372.7999999999997,228.79999999999995,71,9.6,0.2414056807756424,0.0,Low,Nurture: Monthly newsletter + loyalty point updates
14435,Lost Customers,501,1,90.42,90.42,501,,,,Lapsed,[Lapsed] Last Chance: Final win-back email + maximum discount
14436,Lost Customers,98,2,271.7,135.85,553,454.0,0.6347918510437012,1.0,High,Last Chance: Final win-back email + maximum discount
14437,At Risk,365,5,895.84,179.168,583,54.0,,,Lapsed,[Lapsed] Recovery: Time-limited 30% win-back discount + feedback survey
14438,Lost Customers,305,1,131.9,131.9,305,,,,Lapsed,[Lapsed] Last Chance: Final win-back email + maximum discount
14439,At Risk,319,5,9443.039999999999,1888.6079999999997,686,91.5,,,Lapsed,[Lapsed] Recovery: Time-limited 30% win-back discount + feedback survey
14440,Champions,7,13,5982.030000000001,460.15615384615387,737,60.25,0.2954898774623871,0.0,Low,Retain: Enrol in VIP loyalty program + send thank-you offer
14441,Champions,0,11,4611.69,419.2445454545454,690,68.4,0.3108143210411072,0.0,Low,Retain: Enrol in VIP loyalty program + send thank-you offer
14442,At Risk,204,7,5367.02,766.7171428571429,689,80.66666666666667,,,Lapsed,[Lapsed] Recovery: Time-limited 30% win-back discount + feedback survey
14443,At Risk,53,5,2082.97,416.59399999999994,378,80.75,0.3747212588787079,0.0,Medium,Re-engage: Best-seller showcase email + 15% discount
14444,Lost Customers,455,1,132.04,132.04,455,,,,Lapsed,[Lapsed] Last Chance: Final win-back email + maximum discount
14445,Lost Customers,455,1,221.65,221.65,455,,,,Lapsed,[Lapsed] Last Chance: Final win-back email + maximum discount
14446,Promising,0,5,1241.31,248.262,386,96.0,0.36805957555770874,0.0,Medium,Nudge: Reminder email + product recommendation + limited offer
14447,Promising,18,6,1711.73,285.28833333333336,399,75.8,0.377753883600235,0.0,Medium,Nudge: Reminder email + product recommendation + limited offer
14448,Promising,8,2,375.35,187.675,363,354.0,0.64092618227005,1.0,High,Urgent Re-engage: 20% discount coupon + highlight new arrivals
14449,Champions,18,8,2272.56,284.07,435,59.142857142857146,0.34078872203826904,0.0,Low,Retain: Enrol in VIP loyalty program + send thank-you offer
14450,At Risk,180,7,1128.44,161.2057142857143,610,71.16666666666667,,,Lapsed,[Lapsed] Recovery: Time-limited 30% win-back discount + feedback survey
14451,Champions,59,12,3308.77,275.73083333333335,691,57.0,0.3919537365436554,0.0,Medium,Early Alert: Personalised product recommendation based on past purchases
14452,Promising,10,4,665.59,166.3975,520,170.0,0.5672591328620911,1.0,High,Urgent Re-engage: 20% discount coupon + highlight new arrivals
14453,Lost Customers,189,1,119.93,119.93,189,,,,Lapsed,[Lapsed] Last Chance: Final win-back email + maximum discount
14454,At Risk,375,5,977.3,195.45999999999998,732,88.75,,,Lapsed,[Lapsed] Recovery: Time-limited 30% win-back discount + feedback survey
14455,At Risk,431,4,628.21,157.0525,494,20.666666666666668,,,Lapsed,[Lapsed] Recovery: Time-limited 30% win-back discount + feedback survey
14456,Champions,4,9,3062.4,340.26666666666665,141,16.75,0.14445416629314423,0.0,Low,Retain: Enrol in VIP loyalty program + send thank-you offer
14457,Lost Customers,310,1,113.64,113.64,310,,,,Lapsed,[Lapsed] Last Chance: Final win-back email + maximum discount
14458,Lost Customers,380,1,237.42,237.42,380,,,,Lapsed,[Lapsed] Last Chance: Final win-back email + maximum discount
14459,At Risk,154,2,5375.741,2687.8705,650,496.0,,,Lapsed,[Lapsed] Recovery: Time-limited 30% win-back discount + feedback survey
14460,At Risk,109,9,1093.5,121.5,723,76.25,0.44697305560112,0.0,Medium,Re-engage: Best-seller showcase email + 15% discount
14461,At Risk,147,13,6713.5,516.4230769230769,690,44.75,,,Lapsed,[Lapsed] Recovery: Time-limited 30% win-back discount + feedback survey
14462,At Risk,65,12,2270.01,189.16750000000002,431,32.81818181818182,0.2208114117383957,0.0,Low,Monitor: Add to re-engagement campaign
14463,At Risk,97,4,786.5699999999999,196.64249999999998,499,133.33333333333334,0.4850236475467682,0.0,Medium,Re-engage: Best-seller showcase email + 15% discount
14464,Lost Customers,567,2,111.0,55.5,626,59.0,,,Lapsed,[Lapsed] Last Chance: Final win-back email + maximum discount
14465,At Risk,246,11,3946.03,358.73,700,45.0,,,Lapsed,[Lapsed] Recovery: Time-limited 30% win-back discount + feedback survey
14466,Champions,28,13,4267.15,328.2423076923077,725,57.583333333333336,0.251981258392334,0.0,Low,Retain: Enrol in VIP loyalty program + send thank-you offer
14467,Champions,17,12,2220.99,185.08249999999998,737,65.0,0.3474974036216736,0.0,Low,Retain: Enrol in VIP loyalty program + send thank-you offer
14468,Lost Customers,733,1,204.24,204.24,733,,,,Lapsed,[Lapsed] Last Chance: Final win-back email + maximum discount
14469,At Risk,415,4,2112.21,528.0525,679,87.0,,,Lapsed,[Lapsed] Recovery: Time-limited 30% win-back discount + feedback survey
14470,Promising,11,3,712.04,237.34666666666666,430,208.5,0.49894803762435913,0.0,Medium,Nudge: Reminder email + product recommendation + limited offer
14471,Lost Customers,590,2,400.95,200.475,732,141.0,,,Lapsed,[Lapsed] Last Chance: Final win-back email + maximum discount
14472,At Risk,103,9,2228.2200000000003,247.58000000000004,688,72.625,0.2957034707069397,0.0,Low,Monitor: Add to re-engagement campaign
14473,Lost Customers,73,2,234.34,117.17,281,208.0,0.616399347782135,1.0,High,Last Chance: Final win-back email + maximum discount
14474,Promising,45,2,1278.08,639.04,579,533.0,0.5642465949058533,1.0,High,Urgent Re-engage: 20% discount coupon + highlight new arrivals
14475,At Risk,71,4,1151.15,287.7875,408,112.0,0.4587124288082123,0.0,Medium,Re-engage: Best-seller showcase email + 15% discount
14476,Lost Customers,256,1,215.7,215.7,256,,,,Lapsed,[Lapsed] Last Chance: Final win-back email + maximum discount
14477,Promising,19,7,1969.6,281.37142857142857,703,113.5,0.40094858407974243,0.0,Medium,Nudge: Reminder email + product recommendation + limited offer
14478,At Risk,381,4,1276.6599999999999,319.16499999999996,737,118.33333333333333,,,Lapsed,[Lapsed] Recovery: Time-limited 30% win-back discount + feedback survey
14479,At Risk,253,4,1124.71,281.1775,732,159.33333333333334,,,Lapsed,[Lapsed] Recovery: Time-limited 30% win-back discount + feedback survey
14480,Promising,10,4,1299.52,324.88,717,235.33333333333334,0.5618070960044861,1.0,High,Urgent Re-engage: 20% discount coupon + highlight new arrivals
14481,At Risk,164,5,2311.49,462.29799999999994,677,127.5,,,Lapsed,[Lapsed] Recovery: Time-limited 30% win-back discount + feedback survey
14482,Champions,17,12,4357.91,363.15916666666664,469,40.72727272727273,0.2013108730316162,0.0,Low,Retain: Enrol in VIP loyalty program + send thank-you offer
14483,Lost Customers,281,2,257.1,128.55,736,455.0,,,Lapsed,[Lapsed] Last Chance: Final win-back email + maximum discount
14484,Promising,49,4,1070.98,267.745,722,223.66666666666666,0.6206101775169373,1.0,High,Urgent Re-engage: 20% discount coupon + highlight new arrivals
14485,Promising,38,1,165.75,165.75,38,,0.5811315774917603,1.0,High,Urgent Re-engage: 20% discount coupon + highlight new arrivals
14486,Lost Customers,511,2,175.5,87.75,553,41.0,,,Lapsed,[Lapsed] Last Chance: Final win-back email + maximum discount
14487,Promising,26,7,1328.51,189.78714285714287,378,58.166666666666664,0.3035253584384918,0.0,Low,Nurture: Monthly newsletter + loyalty point updates
14488,Promising,67,1,1064.28,1064.28,67,,0.5369819402694702,1.0,Medium,Nudge: Reminder email + product recommendation + limited offer
14489,At Risk,206,4,1574.93,393.7325,612,134.66666666666666,,,Lapsed,[Lapsed] Recovery: Time-limited 30% win-back discount + feedback survey
14490,At Risk,405,2,1273.47,636.735,428,22.0,,,Lapsed,[Lapsed] Recovery: Time-limited 30% win-back discount + feedback survey
14491,Lost Customers,174,2,340.93,170.465,372,197.0,,,Lapsed,[Lapsed] Last Chance: Final win-back email + maximum discount
14492,At Risk,429,7,1921.91,274.55857142857144,618,31.166666666666668,,,Lapsed,[Lapsed] Recovery: Time-limited 30% win-back discount + feedback survey
14493,Champions,6,10,5130.15,513.015,641,70.11111111111111,0.24892614781856537,0.0,Low,Retain: Enrol in VIP loyalty program + send thank-you offer
14494,Promising,25,3,401.46000000000004,133.82000000000002,730,352.0,0.5857821702957153,1.0,High,Urgent Re-engage: 20% discount coupon + highlight new arrivals
14495,Promising,50,3,174.8,58.26666666666667,659,304.0,0.6400020718574524,1.0,High,Urgent Re-engage: 20% discount coupon + highlight new arrivals
14496,At Risk,311,7,2363.89,337.6985714285714,632,53.0,,,Lapsed,[Lapsed] Recovery: Time-limited 30% win-back discount + feedback survey
14497,Lost Customers,308,2,697.06,348.53,673,364.0,,,Lapsed,[Lapsed] Last Chance: Final win-back email + maximum discount
14498,Champions,42,10,3911.27,391.127,549,55.77777777777778,0.2593228816986084,0.0,Low,Retain: Enrol in VIP loyalty program + send thank-you offer
14499,At Risk,25,7,2138.9700000000003,305.56714285714287,469,73.33333333333333,0.40131911635398865,0.0,Medium,Re-engage: Best-seller showcase email + 15% discount
14500,Promising,87,3,356.85,118.95,189,50.0,0.42821061611175537,0.0,Medium,Nudge: Reminder email + product recommendation + limited offer
14501,Lost Customers,183,2,251.21,125.605,319,136.0,,,Lapsed,[Lapsed] Last Chance: Final win-back email + maximum discount
14502,Champions,19,11,2470.67,224.60636363636365,312,28.9,0.1489250659942627,0.0,Low,Retain: Enrol in VIP loyalty program + send thank-you offer
14503,Champions,2,6,3543.26,590.5433333333334,178,34.6,0.17780070006847382,0.0,Low,Retain: Enrol in VIP loyalty program + send thank-you offer
14504,Promising,46,4,673.26,168.315,277,76.33333333333333,0.4047262966632843,0.0,Medium,Nudge: Reminder email + product recommendation + limited offer
14505,Champions,16,19,12001.84,631.6757894736842,729,39.22222222222222,0.18638037145137787,0.0,Low,Retain: Enrol in VIP loyalty program + send thank-you offer
14506,Champions,16,7,3020.97,431.5671428571428,599,96.33333333333333,0.3352314829826355,0.0,Low,Retain: Enrol in VIP loyalty program + send thank-you offer
14507,Champions,23,11,3284.4300000000003,298.5845454545455,728,70.1,0.34259748458862305,0.0,Low,Retain: Enrol in VIP loyalty program + send thank-you offer
14508,Promising,21,5,874.94,174.988,539,129.25,0.49699243903160095,0.0,Medium,Nudge: Reminder email + product recommendation + limited offer
14509,Lost Customers,533,1,110.95,110.95,533,,,,Lapsed,[Lapsed] Last Chance: Final win-back email + maximum discount
14510,At Risk,375,3,1007.28,335.76,435,30.0,,,Lapsed,[Lapsed] Recovery: Time-limited 30% win-back discount + feedback survey
14511,Promising,10,5,1314.81,262.962,133,30.25,0.23510156571865082,0.0,Low,Nurture: Monthly newsletter + loyalty point updates
14512,At Risk,187,7,1223.47,174.78142857142856,731,90.33333333333333,,,Lapsed,[Lapsed] Recovery: Time-limited 30% win-back discount + feedback survey
14513,At Risk,100,6,788.01,131.335,567,92.8,0.47459349036216736,0.0,Medium,Re-engage: Best-seller showcase email + 15% discount
14514,At Risk,60,9,4598.98,510.99777777777774,725,82.875,0.3875614404678345,0.0,Medium,Re-engage: Best-seller showcase email + 15% discount
14515,Champions,17,12,3749.26,312.43833333333333,550,48.0,0.22249075770378113,0.0,Low,Retain: Enrol in VIP loyalty program + send thank-you offer
14516,Lost Customers,515,1,163.92,163.92,515,,,,Lapsed,[Lapsed] Last Chance: Final win-back email + maximum discount
14517,Promising,32,2,330.45,165.225,141,108.0,0.5224539041519165,1.0,Medium,Nudge: Reminder email + product recommendation + limited offer
14518,Lost Customers,63,1,174.37,174.37,63,,0.5848687291145325,1.0,High,Last Chance: Final win-back email + maximum discount
14519,Lost Customers,683,2,206.08999999999997,103.04499999999999,728,45.0,,,Lapsed,[Lapsed] Last Chance: Final win-back email + maximum discount
14520,Promising,1,2,270.6,135.3,290,289.0,0.6487911343574524,1.0,High,Urgent Re-engage: 20% discount coupon + highlight new arrivals
14521,Lost Customers,490,1,199.45000000000002,199.45000000000002,490,,,,Lapsed,[Lapsed] Last Chance: Final win-back email + maximum discount
14522,Champions,23,8,1758.62,219.8275,683,93.71428571428571,0.38106831908226013,0.0,Medium,Early Alert: Personalised product recommendation based on past purchases
14523,Lost Customers,107,1,241.09,241.09,107,,0.5901312232017517,1.0,High,Last Chance: Final win-back email + maximum discount
14524,Champions,31,13,2933.71,225.67000000000002,416,31.583333333333332,0.17245613038539886,0.0,Low,Retain: Enrol in VIP loyalty program + send thank-you offer
14525,Champions,19,17,8240.64,484.74352941176465,725,43.5625,0.18964941799640656,0.0,Low,Retain: Enrol in VIP loyalty program + send thank-you offer
14526,Lost Customers,388,1,262.4,262.4,388,,,,Lapsed,[Lapsed] Last Chance: Final win-back email + maximum discount
14527,Champions,2,122,27274.97,223.56532786885248,737,5.545454545454546,0.135163813829422,0.0,Low,Retain: Enrol in VIP loyalty program + send thank-you offer
14528,Promising,36,1,364.21999999999997,364.21999999999997,36,,0.5575777888298035,1.0,High,Urgent Re-engage: 20% discount coupon + highlight new arrivals
14529,Promising,59,3,620.04,206.67999999999998,109,24.5,0.39770588278770447,0.0,Medium,Nudge: Reminder email + product recommendation + limited offer
14530,Champions,25,16,6197.4,387.3375,687,43.666666666666664,0.20145636796951294,0.0,Low,Retain: Enrol in VIP loyalty program + send thank-you offer
14531,Lost Customers,479,1,376.34,376.34,479,,,,Lapsed,[Lapsed] Last Chance: Final win-back email + maximum discount
14532,At Risk,235,11,3859.18,350.83454545454543,698,45.8,,,Lapsed,[Lapsed] Recovery: Time-limited 30% win-back discount + feedback survey
14533,Champions,24,11,3466.37,315.12454545454545,610,58.2,0.2793038487434387,0.0,Low,Retain: Enrol in VIP loyalty program + send thank-you offer
14534,Champions,2,26,6271.11,241.19653846153844,633,24.84,0.14214089512825012,0.0,Low,Retain: Enrol in VIP loyalty program + send thank-you offer
14535,Champions,59,9,6030.73,670.0811111111111,652,73.5,0.3496512770652771,0.0,Low,Retain: Enrol in VIP loyalty program + send thank-you offer
14536,Lost Customers,259,1,171.8,171.8,259,,,,Lapsed,[Lapsed] Last Chance: Final win-back email + maximum discount
14537,Promising,57,2,641.4,320.7,622,565.0,0.6622891426086426,1.0,High,Urgent Re-engage: 20% discount coupon + highlight new arrivals
14538,At Risk,64,5,1370.8400000000001,274.168,682,154.0,0.579467236995697,1.0,High,Recovery: Time-limited 30% win-back discount + feedback survey
14539,Promising,15,2,537.48,268.74,44,28.0,0.3531293570995331,0.0,Medium,Nudge: Reminder email + product recommendation + limited offer
14540,Champions,9,11,3795.34,345.0309090909091,731,71.7,0.3686651885509491,0.0,Medium,Early Alert: Personalised product recommendation based on past purchases
14541,Champions,58,14,2499.6800000000003,178.54857142857145,701,48.92307692307692,0.27325400710105896,0.0,Low,Retain: Enrol in VIP loyalty program + send thank-you offer
14542,Lost Customers,185,1,103.25,103.25,185,,,,Lapsed,[Lapsed] Last Chance: Final win-back email + maximum discount
14543,Champions,28,39,14906.77,382.22487179487183,737,18.210526315789473,0.1571047157049179,0.0,Low,Retain: Enrol in VIP loyalty program + send thank-you offer
14544,Promising,23,3,2982.4300000000003,994.1433333333334,469,222.5,0.4418157935142517,0.0,Medium,Nudge: Reminder email + product recommendation + limited offer
14545,Lost Customers,673,1,349.25,349.25,673,,,,Lapsed,[Lapsed] Last Chance: Final win-back email + maximum discount
14546,Champions,4,11,5197.9,472.5363636363636,732,72.2,0.2523348927497864,0.0,Low,Retain: Enrol in VIP loyalty program + send thank-you offer
14547,Champions,3,8,4007.54,500.9425,53,6.714285714285714,0.14003151655197144,0.0,Low,Retain: Enrol in VIP loyalty program + send thank-you offer
14548,At Risk,150,9,2627.49,291.9433333333333,732,72.625,,,Lapsed,[Lapsed] Recovery: Time-limited 30% win-back discount + feedback survey
14549,At Risk,310,4,916.5500000000001,229.13750000000002,736,141.33333333333334,,,Lapsed,[Lapsed] Recovery: Time-limited 30% win-back discount + feedback survey
14550,Promising,10,4,1353.31,338.3275,483,157.0,0.4669676721096039,0.0,Medium,Nudge: Reminder email + product recommendation + limited offer
14551,Promising,17,7,880.04,125.72,681,110.16666666666667,0.508084237575531,1.0,Medium,Nudge: Reminder email + product recommendation + limited offer
14552,Lost Customers,151,3,511.28,170.42666666666665,591,220.0,,,Lapsed,[Lapsed] Last Chance: Final win-back email + maximum discount
14553,Champions,18,9,1841.54,204.61555555555555,509,60.875,0.3364025950431824,0.0,Low,Retain: Enrol in VIP loyalty program + send thank-you offer
14554,Promising,9,4,2381.04,595.26,51,13.666666666666666,0.23030784726142883,0.0,Low,Nurture: Monthly newsletter + loyalty point updates
14555,At Risk,56,6,2315.63,385.93833333333333,721,132.2,0.5474345088005066,1.0,Medium,Re-engage: Best-seller showcase email + 15% discount
14556,At Risk,595,3,835.3399999999999,278.44666666666666,688,45.5,,,Lapsed,[Lapsed] Recovery: Time-limited 30% win-back discount + feedback survey
14557,Lost Customers,84,1,788.38,788.38,84,,0.5216760039329529,1.0,Medium,Re-activation: Welcome-back campaign + highlight what's new
14558,Lost Customers,653,3,655.5,218.5,731,38.0,,,Lapsed,[Lapsed] Last Chance: Final win-back email + maximum discount
14559,Lost Customers,389,1,75.6,75.6,389,,,,Lapsed,[Lapsed] Last Chance: Final win-back email + maximum discount
14560,Champions,6,44,6114.03,138.95522727272726,737,16.627906976744185,0.1494911164045334,0.0,Low,Retain: Enrol in VIP loyalty program + send thank-you offer
14561,At Risk,75,3,1080.76,360.25333333333333,183,54.0,0.35623255372047424,0.0,Medium,Re-engage: Best-seller showcase email + 15% discount
14562,Champions,3,26,6729.4,258.8230769230769,669,26.12,0.1386200189590454,0.0,Low,Retain: Enrol in VIP loyalty program + send thank-you offer
14563,Lost Customers,509,2,679.4399999999999,339.71999999999997,591,82.0,,,Lapsed,[Lapsed] Last Chance: Final win-back email + maximum discount
14564,At Risk,434,2,2605.62,1302.81,735,300.0,,,Lapsed,[Lapsed] Recovery: Time-limited 30% win-back discount + feedback survey
14565,At Risk,95,5,3859.2200000000003,771.844,473,94.0,0.37139418721199036,0.0,Medium,Re-engage: Best-seller showcase email + 15% discount
14566,At Risk,110,4,4092.0,1023.0,533,140.66666666666666,0.47289666533470154,0.0,Medium,Re-engage: Best-seller showcase email + 15% discount
14567,Promising,56,2,1530.3600000000001,765.1800000000001,129,73.0,0.37883925437927246,0.0,Medium,Nudge: Reminder email + product recommendation + limited offer
14568,Lost Customers,434,1,919.7,919.7,434,,,,Lapsed,[Lapsed] Last Chance: Final win-back email + maximum discount
14569,Promising,0,4,598.98,149.745,603,200.33333333333334,0.5405423641204834,1.0,Medium,Nudge: Reminder email + product recommendation + limited offer
14570,Lost Customers,280,3,613.75,204.58333333333334,442,81.0,,,Lapsed,[Lapsed] Last Chance: Final win-back email + maximum discount
14571,Lost Customers,424,1,161.65,161.65,424,,,,Lapsed,[Lapsed] Last Chance: Final win-back email + maximum discount
14572,Champions,2,11,5615.18,510.4709090909091,620,61.4,0.2614958882331848,0.0,Low,Retain: Enrol in VIP loyalty program + send thank-you offer
14573,At Risk,179,13,2208.32,169.87076923076924,699,42.833333333333336,,,Lapsed,[Lapsed] Recovery: Time-limited 30% win-back discount + feedback survey
14574,Lost Customers,732,1,143.70000000000002,143.70000000000002,732,,,,Lapsed,[Lapsed] Last Chance: Final win-back email + maximum discount
14575,Lost Customers,487,1,460.71,460.71,487,,,,Lapsed,[Lapsed] Last Chance: Final win-back email + maximum discount
14576,Lost Customers,371,1,35.400000000000006,35.400000000000006,371,,,,Lapsed,[Lapsed] Last Chance: Final win-back email + maximum discount
14577,Promising,12,7,1374.25,196.32142857142858,728,119.16666666666667,0.4278828799724579,0.0,Medium,Nudge: Reminder email + product recommendation + limited offer
14578,Promising,2,1,168.63,168.63,2,,0.5384879112243652,1.0,Medium,Nudge: Reminder email + product recommendation + limited offer
14579,Lost Customers,431,1,105.56,105.56,431,,,,Lapsed,[Lapsed] Last Chance: Final win-back email + maximum discount
14580,Lost Customers,517,1,14.85,14.85,517,,,,Lapsed,[Lapsed] Last Chance: Final win-back email + maximum discount
14581,Promising,16,2,433.79999999999995,216.89999999999998,543,527.0,0.5952858924865723,1.0,High,Urgent Re-engage: 20% discount coupon + highlight new arrivals
14582,Lost Customers,40,1,114.11,114.11,40,,0.6086515188217163,1.0,High,Last Chance: Final win-back email + maximum discount
14583,Champions,5,8,1781.03,222.62875,620,87.42857142857143,0.36039742827415466,0.0,Medium,Early Alert: Personalised product recommendation based on past purchases
14584,At Risk,168,8,1747.91,218.48875,659,69.71428571428571,,,Lapsed,[Lapsed] Recovery: Time-limited 30% win-back discount + feedback survey
14585,At Risk,49,5,1143.27,228.654,416,91.0,0.5027888417243958,1.0,Medium,Re-engage: Best-seller showcase email + 15% discount
14586,Lost Customers,276,1,237.35999999999999,237.35999999999999,276,,,,Lapsed,[Lapsed] Last Chance: Final win-back email + maximum discount
14587,Champions,18,9,1601.1399999999999,177.90444444444444,330,38.625,0.20756252110004425,0.0,Low,Retain: Enrol in VIP loyalty program + send thank-you offer
14588,Lost Customers,577,1,135.39,135.39,577,,,,Lapsed,[Lapsed] Last Chance: Final win-back email + maximum discount
14589,Lost Customers,371,1,39.75,39.75,371,,,,Lapsed,[Lapsed] Last Chance: Final win-back email + maximum discount
14590,At Risk,424,20,3006.62,150.331,731,15.631578947368421,,,Lapsed,[Lapsed] Recovery: Time-limited 30% win-back discount + feedback survey
14591,Promising,14,4,1447.14,361.785,212,65.66666666666667,0.2981022000312805,0.0,Low,Nurture: Monthly newsletter + loyalty point updates
14592,Promising,34,3,570.46,190.15333333333334,63,14.0,0.3749133348464966,0.0,Medium,Nudge: Reminder email + product recommendation + limited offer
14593,Champions,21,12,3712.0099999999998,309.33416666666665,729,64.18181818181819,0.3489552438259125,0.0,Low,Retain: Enrol in VIP loyalty program + send thank-you offer
14594,Promising,6,2,379.83,189.915,372,365.0,0.5952858924865723,1.0,High,Urgent Re-engage: 20% discount coupon + highlight new arrivals
14595,Champions,19,8,2164.4500000000003,270.55625000000003,687,94.85714285714286,0.2938153147697449,0.0,Low,Retain: Enrol in VIP loyalty program + send thank-you offer
14596,Lost Customers,626,1,229.47,229.47,626,,,,Lapsed,[Lapsed] Last Chance: Final win-back email + maximum discount
14597,Promising,10,6,2201.54,366.92333333333335,436,84.8,0.41568779945373535,0.0,Medium,Nudge: Reminder email + product recommendation + limited offer
14598,Promising,43,2,384.03999999999996,192.01999999999998,568,525.0,0.6457337141036987,1.0,High,Urgent Re-engage: 20% discount coupon + highlight new arrivals
14599,Lost Customers,389,2,474.53999999999996,237.26999999999998,508,118.0,,,Lapsed,[Lapsed] Last Chance: Final win-back email + maximum discount
14600,Lost Customers,305,2,865.1700000000001,432.58500000000004,392,87.0,,,Lapsed,[Lapsed] Last Chance: Final win-back email + maximum discount
14601,Promising,10,1,213.96,213.96,10,,0.545484721660614,1.0,Medium,Nudge: Reminder email + product recommendation + limited offer
14602,Lost Customers,655,1,205.35999999999999,205.35999999999999,655,,,,Lapsed,[Lapsed] Last Chance: Final win-back email + maximum discount
14603,Lost Customers,274,1,660.0,660.0,274,,,,Lapsed,[Lapsed] Last Chance: Final win-back email + maximum discount
14604,Lost Customers,632,1,143.85999999999999,143.85999999999999,632,,,,Lapsed,[Lapsed] Last Chance: Final win-back email + maximum discount
14605,At Risk,373,4,937.1600000000001,234.29000000000002,730,118.66666666666667,,,Lapsed,[Lapsed] Recovery: Time-limited 30% win-back discount + feedback survey
14606,Champions,0,192,30254.18,157.57385416666668,736,3.392670157068063,0.135163813829422,0.0,Low,Retain: Enrol in VIP loyalty program + send thank-you offer
14607,Champions,15,22,24137.63,1097.165,724,33.523809523809526,0.1386200189590454,0.0,Low,Retain: Enrol in VIP loyalty program + send thank-you offer
14608,Champions,3,11,3352.94,304.8127272727273,733,72.4,0.3217742145061493,0.0,Low,Retain: Enrol in VIP loyalty program + send thank-you offer
14609,At Risk,71,10,1486.2,148.62,668,65.66666666666667,0.39106622338294983,0.0,Medium,Re-engage: Best-seller showcase email + 15% discount
14610,Lost Customers,395,2,24.35,12.175,513,118.0,,,Lapsed,[Lapsed] Last Chance: Final win-back email + maximum discount
14611,Lost Customers,443,2,604.3299999999999,302.16499999999996,598,154.0,,,Lapsed,[Lapsed] Last Chance: Final win-back email + maximum discount
14612,Lost Customers,414,1,877.7,877.7,414,,,,Lapsed,[Lapsed] Last Chance: Final win-back email + maximum discount
14613,Lost Customers,679,1,76.32000000000001,76.32000000000001,679,,,,Lapsed,[Lapsed] Last Chance: Final win-back email + maximum discount
14614,Lost Customers,385,1,295.13,295.13,385,,,,Lapsed,[Lapsed] Last Chance: Final win-back email + maximum discount
14615,At Risk,393,5,951.76,190.352,547,38.0,,,Lapsed,[Lapsed] Recovery: Time-limited 30% win-back discount + feedback survey
14616,At Risk,242,5,527.78,105.556,548,75.75,,,Lapsed,[Lapsed] Recovery: Time-limited 30% win-back discount + feedback survey
14617,Lost Customers,402,2,190.47,95.235,415,13.0,,,Lapsed,[Lapsed] Last Chance: Final win-back email + maximum discount
14618,Promising,8,7,1342.3200000000002,191.76000000000002,546,89.16666666666667,0.40601274371147156,0.0,Medium,Nudge: Reminder email + product recommendation + limited offer
14619,At Risk,245,2,1291.24,645.62,540,295.0,,,Lapsed,[Lapsed] Recovery: Time-limited 30% win-back discount + feedback survey
14620,Lost Customers,205,2,412.78,206.39,283,78.0,,,Lapsed,[Lapsed] Last Chance: Final win-back email + maximum discount
14621,Champions,0,9,3000.57,333.3966666666667,683,84.875,0.28418704867362976,0.0,Low,Retain: Enrol in VIP loyalty program + send thank-you offer
14622,Lost Customers,184,1,320.58000000000004,320.58000000000004,184,,,,Lapsed,[Lapsed] Last Chance: Final win-back email + maximum discount
14623,Champions,31,10,2059.58,205.958,601,62.77777777777778,0.31923907995224,0.0,Low,Retain: Enrol in VIP loyalty program + send thank-you offer
14624,At Risk,56,6,814.07,135.67833333333334,604,108.8,0.5539646744728088,1.0,High,Recovery: Time-limited 30% win-back discount + feedback survey
14625,At Risk,195,11,4497.88,408.89818181818185,722,52.3,,,Lapsed,[Lapsed] Recovery: Time-limited 30% win-back discount + feedback survey
14626,Champions,23,11,5410.92,491.9018181818182,728,70.1,0.32606935501098633,0.0,Low,Retain: Enrol in VIP loyalty program + send thank-you offer
14627,Lost Customers,378,1,462.75,462.75,378,,,,Lapsed,[Lapsed] Last Chance: Final win-back email + maximum discount
14628,At Risk,90,5,1998.0,399.6,682,147.5,0.5222213268280029,1.0,Medium,Re-engage: Best-seller showcase email + 15% discount
14629,Promising,3,2,959.01,479.505,46,43.0,0.33511587977409363,0.0,Low,Nurture: Monthly newsletter + loyalty point updates
14630,Lost Customers,483,1,338.65,338.65,483,,,,Lapsed,[Lapsed] Last Chance: Final win-back email + maximum discount
14631,At Risk,50,6,2025.69,337.615,486,86.6,0.386457234621048,0.0,Medium,Re-engage: Best-seller showcase email + 15% discount
14632,Lost Customers,262,1,114.56,114.56,262,,,,Lapsed,[Lapsed] Last Chance: Final win-back email + maximum discount
14633,Lost Customers,265,1,344.90000000000003,344.90000000000003,265,,,,Lapsed,[Lapsed] Last Chance: Final win-back email + maximum discount
14634,At Risk,437,4,2124.46,531.115,541,34.0,,,Lapsed,[Lapsed] Recovery: Time-limited 30% win-back discount + feedback survey
14635,Lost Customers,453,1,215.22,215.22,453,,,,Lapsed,[Lapsed] Last Chance: Final win-back email + maximum discount
14636,Promising,35,2,609.85,304.925,268,232.0,0.5400309562683105,1.0,Medium,Nudge: Reminder email + product recommendation + limited offer
14637,Lost Customers,676,1,106.68,106.68,676,,,,Lapsed,[Lapsed] Last Chance: Final win-back email + maximum discount
14638,Promising,50,1,443.6,443.6,50,,0.49653545022010803,0.0,Medium,Nudge: Reminder email + product recommendation + limited offer
14639,Champions,51,9,4978.96,553.2177777777778,661,75.875,0.28538113832473755,0.0,Low,Retain: Enrol in VIP loyalty program + send thank-you offer
14640,Champions,23,10,3667.06,366.706,685,73.11111111111111,0.2716614305973053,0.0,Low,Retain: Enrol in VIP loyalty program + send thank-you offer
14641,Promising,21,1,110.46000000000001,110.46000000000001,21,,0.5780557990074158,1.0,High,Urgent Re-engage: 20% discount coupon + highlight new arrivals
14642,Lost Customers,58,1,96.12,96.12,58,,0.638552188873291,1.0,High,Last Chance: Final win-back email + maximum discount
14643,At Risk,169,5,1679.89,335.978,728,139.0,,,Lapsed,[Lapsed] Recovery: Time-limited 30% win-back discount + feedback survey
14644,At Risk,67,7,2247.7200000000003,321.1028571428572,735,111.0,0.4821650981903076,0.0,Medium,Re-engage: Best-seller showcase email + 15% discount
14645,At Risk,156,3,876.8900000000001,292.2966666666667,634,238.0,,,Lapsed,[Lapsed] Recovery: Time-limited 30% win-back discount + feedback survey
14646,Champions,1,151,528602.52,3500.678940397351,736,4.58,0.135163813829422,0.0,Low,Retain: Enrol in VIP loyalty program + send thank-you offer
14647,Lost Customers,200,2,519.97,259.985,522,322.0,,,Lapsed,[Lapsed] Last Chance: Final win-back email + maximum discount
14648,At Risk,415,15,4546.86,303.12399999999997,728,21.928571428571427,,,Lapsed,[Lapsed] Recovery: Time-limited 30% win-back discount + feedback survey
14649,Champions,4,9,3775.31,419.4788888888889,687,85.25,0.3358851373195648,0.0,Low,Retain: Enrol in VIP loyalty program + send thank-you offer
14650,Lost Customers,588,1,62.5,62.5,588,,,,Lapsed,[Lapsed] Last Chance: Final win-back email + maximum discount
14651,At Risk,66,9,2034.1200000000001,226.01333333333335,631,70.125,0.42326995730400085,0.0,Medium,Re-engage: Best-seller showcase email + 15% discount
14652,Lost Customers,76,1,114.18,114.18,76,,0.6170873045921326,1.0,High,Last Chance: Final win-back email + maximum discount
14653,Champions,0,12,3614.54,301.21166666666664,737,66.45454545454545,0.2549190819263458,0.0,Low,Retain: Enrol in VIP loyalty program + send thank-you offer
14654,Lost Customers,737,1,246.86,246.86,737,,,,Lapsed,[Lapsed] Last Chance: Final win-back email + maximum discount
14655,Champions,7,7,3878.51,554.0728571428572,595,97.66666666666667,0.3296257257461548,0.0,Low,Retain: Enrol in VIP loyalty program + send thank-you offer
14656,At Risk,168,5,814.65,162.93,603,108.25,,,Lapsed,[Lapsed] Recovery: Time-limited 30% win-back discount + feedback survey
14657,Promising,17,6,1460.87,243.47833333333332,434,83.0,0.4110507667064667,0.0,Medium,Nudge: Reminder email + product recommendation + limited offer
14658,Promising,4,2,247.15,123.575,116,111.0,0.5004966855049133,1.0,Medium,Nudge: Reminder email + product recommendation + limited offer
14659,Champions,8,9,2529.93,281.1033333333333,315,37.875,0.1647157073020935,0.0,Low,Retain: Enrol in VIP loyalty program + send thank-you offer
14660,Lost Customers,86,2,285.74,142.87,100,14.0,0.4817589223384857,0.0,Medium,Re-activation: Welcome-back campaign + highlight what's new
14661,Promising,26,1,107.95,107.95,26,,0.5856977701187134,1.0,High,Urgent Re-engage: 20% discount coupon + highlight new arrivals
14662,At Risk,28,7,1416.33,202.33285714285714,735,117.5,0.45515352487564087,0.0,Medium,Re-engage: Best-seller showcase email + 15% discount
14663,Lost Customers,429,2,490.6,245.3,429,0.0,,,Lapsed,[Lapsed] Last Chance: Final win-back email + maximum discount
14664,Promising,19,2,637.89,318.945,32,13.0,0.3635742962360382,0.0,Medium,Nudge: Reminder email + product recommendation + limited offer
14665,At Risk,60,7,2749.65,392.8071428571429,592,88.33333333333333,0.29759034514427185,0.0,Low,Monitor: Add to re-engagement campaign
14666,Promising,23,1,195.25,195.25,23,,0.541612446308136,1.0,Medium,Nudge: Reminder email + product recommendation + limited offer
14667,Champions,10,54,20729.43,383.87833333333333,737,13.20754716981132,0.135163813829422,0.0,Low,Retain: Enrol in VIP loyalty program + send thank-you offer
14668,Lost Customers,444,1,111.63,111.63,444,,,,Lapsed,[Lapsed] Last Chance: Final win-back email + maximum discount
14669,At Risk,241,7,3243.9300000000003,463.41857142857145,736,82.16666666666667,,,Lapsed,[Lapsed] Recovery: Time-limited 30% win-back discount + feedback survey
14670,Lost Customers,279,3,602.0,200.66666666666666,731,225.5,,,Lapsed,[Lapsed] Last Chance: Final win-back email + maximum discount
14671,Lost Customers,548,2,1127.45,563.725,567,18.0,,,Lapsed,[Lapsed] Last Chance: Final win-back email + maximum discount
14672,At Risk,234,4,1113.1399999999999,278.28499999999997,680,148.0,,,Lapsed,[Lapsed] Recovery: Time-limited 30% win-back discount + feedback survey
14673,Champions,2,7,3037.3199999999997,433.9028571428571,409,67.33333333333333,0.29889050126075745,0.0,Low,Retain: Enrol in VIP loyalty program + send thank-you offer
14674,Lost Customers,508,1,173.66,173.66,508,,,,Lapsed,[Lapsed] Last Chance: Final win-back email + maximum discount
14675,Promising,15,2,1066.9,533.45,388,372.0,0.5378918647766113,1.0,Medium,Nudge: Reminder email + product recommendation + limited offer
14676,Champions,30,12,8356.789999999999,696.3991666666666,639,54.81818181818182,0.24901635944843292,0.0,Low,Retain: Enrol in VIP loyalty program + send thank-you offer
14677,Lost Customers,592,1,184.91,184.91,592,,,,Lapsed,[Lapsed] Last Chance: Final win-back email + maximum discount
14678,Lost Customers,578,1,403.39,403.39,578,,,,Lapsed,[Lapsed] Last Chance: Final win-back email + maximum discount
14679,At Risk,381,3,1289.44,429.81333333333333,730,174.5,,,Lapsed,[Lapsed] Recovery: Time-limited 30% win-back discount + feedback survey
14680,Champions,24,58,55731.89,960.8946551724138,735,11.894736842105264,0.21855469048023224,0.0,Low,Retain: Enrol in VIP loyalty program + send thank-you offer
14681,At Risk,70,6,875.1500000000001,145.85833333333335,653,116.2,0.47857019305229187,0.0,Medium,Re-engage: Best-seller showcase email + 15% discount
14682,At Risk,187,6,1514.81,252.46833333333333,671,96.6,,,Lapsed,[Lapsed] Recovery: Time-limited 30% win-back discount + feedback survey
14683,Lost Customers,587,1,146.56,146.56,587,,,,Lapsed,[Lapsed] Last Chance: Final win-back email + maximum discount
14684,Promising,25,6,1468.55,244.75833333333333,389,72.4,0.3438038229942322,0.0,Low,Nurture: Monthly newsletter + loyalty point updates
14685,At Risk,575,8,4619.79,577.47375,726,21.0,,,Lapsed,[Lapsed] Recovery: Time-limited 30% win-back discount + feedback survey
14686,At Risk,413,5,885.8299999999999,177.166,658,61.0,,,Lapsed,[Lapsed] Recovery: Time-limited 30% win-back discount + feedback survey
14687,At Risk,106,3,1402.06,467.3533333333333,551,222.0,0.5826585292816162,1.0,High,Recovery: Time-limited 30% win-back discount + feedback survey
14688,Champions,7,28,7268.59,259.59250000000003,456,16.185185185185187,0.1368802934885025,0.0,Low,Retain: Enrol in VIP loyalty program + send thank-you offer
14689,Lost Customers,208,1,112.80000000000001,112.80000000000001,208,,,,Lapsed,[Lapsed] Last Chance: Final win-back email + maximum discount
14690,Promising,43,4,794.33,198.5825,410,121.66666666666667,0.5449933409690857,1.0,Medium,Nudge: Reminder email + product recommendation + limited offer
14691,At Risk,30,5,2114.33,422.866,212,45.25,0.20567558705806732,0.0,Low,Monitor: Add to re-engagement campaign
14692,At Risk,136,12,1745.0900000000001,145.42416666666668,616,43.18181818181818,,,Lapsed,[Lapsed] Recovery: Time-limited 30% win-back discount + feedback survey
14693,At Risk,264,7,1165.3600000000001,166.48000000000002,525,43.0,,,Lapsed,[Lapsed] Recovery: Time-limited 30% win-back discount + feedback survey
14694,Lost Customers,616,1,244.31,244.31,616,,,,Lapsed,[Lapsed] Last Chance: Final win-back email + maximum discount
14695,At Risk,518,3,1620.0700000000002,540.0233333333334,732,106.5,,,Lapsed,[Lapsed] Recovery: Time-limited 30% win-back discount + feedback survey
14696,Champions,3,8,2473.28,309.16,421,59.0,0.2665468752384186,0.0,Low,Retain: Enrol in VIP loyalty program + send thank-you offer
14697,Lost Customers,217,2,188.61,94.305,217,0.0,,,Lapsed,[Lapsed] Last Chance: Final win-back email + maximum discount
14698,Promising,1,5,1250.76,250.152,50,12.0,0.22149281203746796,0.0,Low,Nurture: Monthly newsletter + loyalty point updates
14699,At Risk,213,4,702.6,175.65,525,103.33333333333333,,,Lapsed,[Lapsed] Recovery: Time-limited 30% win-back discount + feedback survey
14700,At Risk,31,5,3116.26,623.2520000000001,485,113.0,0.38213616609573364,0.0,Medium,Re-engage: Best-seller showcase email + 15% discount
14701,Champions,10,15,4562.09,304.13933333333335,684,47.714285714285715,0.19558236002922058,0.0,Low,Retain: Enrol in VIP loyalty program + send thank-you offer
14702,Champions,0,29,6435.52,221.9144827586207,728,25.392857142857142,0.1407230645418167,0.0,Low,Retain: Enrol in VIP loyalty program + send thank-you offer
14703,Promising,14,1,318.17,318.17,14,,0.5306585431098938,1.0,Medium,Nudge: Reminder email + product recommendation + limited offer
14704,Champions,10,11,1813.5700000000002,164.87,623,60.8,0.2469252198934555,0.0,Low,Retain: Enrol in VIP loyalty program + send thank-you offer
14705,Lost Customers,198,1,179.0,179.0,198,,,,Lapsed,[Lapsed] Last Chance: Final win-back email + maximum discount
14706,Lost Customers,618,1,390.69,390.69,618,,,,Lapsed,[Lapsed] Last Chance: Final win-back email + maximum discount
14707,Lost Customers,435,2,139.2,69.6,576,141.0,,,Lapsed,[Lapsed] Last Chance: Final win-back email + maximum discount
14708,Promising,2,5,1793.22,358.644,455,113.0,0.44161975383758545,0.0,Medium,Nudge: Reminder email + product recommendation + limited offer
14709,Champions,14,25,8886.33,355.4532,733,29.458333333333332,0.14214089512825012,0.0,Low,Retain: Enrol in VIP loyalty program + send thank-you offer
14710,Champions,13,13,1922.5900000000001,147.89153846153846,735,59.666666666666664,0.34282606840133667,0.0,Low,Retain: Enrol in VIP loyalty program + send thank-you offer
14711,Champions,9,11,2868.8,260.8,261,24.5,0.1726895421743393,0.0,Low,Retain: Enrol in VIP loyalty program + send thank-you offer
14712,Promising,28,4,1328.0700000000002,332.01750000000004,417,129.0,0.43094170093536377,0.0,Medium,Nudge: Reminder email + product recommendation + limited offer
14713,Champions,8,21,5119.92,243.8057142857143,735,35.8,0.17253445088863373,0.0,Low,Retain: Enrol in VIP loyalty program + send thank-you offer
14714,Promising,23,4,906.24,226.56,687,220.66666666666666,0.577846348285675,1.0,High,Urgent Re-engage: 20% discount coupon + highlight new arrivals
14715,Champions,24,8,1840.45,230.05625,689,94.57142857142857,0.4133375287055969,0.0,Medium,Early Alert: Personalised product recommendation based on past purchases
14716,Promising,42,3,565.45,188.48333333333335,444,200.5,0.5546895861625671,1.0,High,Urgent Re-engage: 20% discount coupon + highlight new arrivals
14717,Lost Customers,732,1,81.3,81.3,732,,,,Lapsed,[Lapsed] Last Chance: Final win-back email + maximum discount
14718,Lost Customers,409,1,226.42,226.42,409,,,,Lapsed,[Lapsed] Last Chance: Final win-back email + maximum discount
14719,Promising,1,5,1602.13,320.42600000000004,248,61.25,0.2671194076538086,0.0,Low,Nurture: Monthly newsletter + loyalty point updates
14720,Promising,5,3,663.81,221.26999999999998,126,60.0,0.34411120414733887,0.0,Low,Nurture: Monthly newsletter + loyalty point updates
14721,Lost Customers,378,1,115.77,115.77,378,,,,Lapsed,[Lapsed] Last Chance: Final win-back email + maximum discount
14722,Lost Customers,146,3,513.37,171.12333333333333,485,169.5,,,Lapsed,[Lapsed] Last Chance: Final win-back email + maximum discount
14723,Champions,9,11,1842.12,167.46545454545455,735,72.1,0.37471967935562134,0.0,Medium,Early Alert: Personalised product recommendation based on past purchases
14724,Lost Customers,589,1,345.25,345.25,589,,,,Lapsed,[Lapsed] Last Chance: Final win-back email + maximum discount
14725,Promising,24,4,1315.24,328.81,534,170.0,0.5021073818206787,1.0,Medium,Nudge: Reminder email + product recommendation + limited offer
14726,Lost Customers,654,1,124.75,124.75,654,,,,Lapsed,[Lapsed] Last Chance: Final win-back email + maximum discount
14727,Lost Customers,273,3,467.93,155.97666666666666,545,136.0,,,Lapsed,[Lapsed] Last Chance: Final win-back email + maximum discount
14728,Lost Customers,412,1,190.58,190.58,412,,,,Lapsed,[Lapsed] Last Chance: Final win-back email + maximum discount
14729,Lost Customers,373,3,593.8900000000001,197.96333333333337,624,125.5,,,Lapsed,[Lapsed] Last Chance: Final win-back email + maximum discount
14730,Champions,0,8,2005.06,250.6325,276,39.142857142857146,0.19084614515304565,0.0,Low,Retain: Enrol in VIP loyalty program + send thank-you offer
14731,Promising,46,3,380.02,126.67333333333333,211,82.0,0.4810543358325958,0.0,Medium,Nudge: Reminder email + product recommendation + limited offer
14732,Champions,7,19,5517.07,290.3721052631579,730,39.611111111111114,0.18200576305389404,0.0,Low,Retain: Enrol in VIP loyalty program + send thank-you offer
14733,Champions,15,15,14354.95,956.9966666666667,401,27.071428571428573,0.18166771531105042,0.0,Low,Retain: Enrol in VIP loyalty program + send thank-you offer
14734,At Risk,425,4,1056.42,264.105,550,41.666666666666664,,,Lapsed,[Lapsed] Recovery: Time-limited 30% win-back discount + feedback survey
14735,Champions,3,56,12240.16,218.5742857142857,735,12.927272727272728,0.135163813829422,0.0,Low,Retain: Enrol in VIP loyalty program + send thank-you offer
14736,Lost Customers,484,2,401.08,200.54,484,0.0,,,Lapsed,[Lapsed] Last Chance: Final win-back email + maximum discount
14737,Promising,3,4,3554.17,888.5425,400,132.0,0.39915895462036133,0.0,Medium,Nudge: Reminder email + product recommendation + limited offer
14738,At Risk,42,9,1821.9,202.43333333333334,732,85.625,0.35300830006599426,0.0,Medium,Re-engage: Best-seller showcase email + 15% discount
14739,Champions,3,25,11573.62,462.94480000000004,736,30.041666666666668,0.1816728711128235,0.0,Low,Retain: Enrol in VIP loyalty program + send thank-you offer
14740,At Risk,196,11,4161.06,378.27818181818185,652,45.0,,,Lapsed,[Lapsed] Recovery: Time-limited 30% win-back discount + feedback survey
14741,Promising,11,7,1713.09,244.72714285714284,417,67.16666666666667,0.3188357949256897,0.0,Low,Nurture: Monthly newsletter + loyalty point updates
14742,Lost Customers,434,1,579.85,579.85,434,,,,Lapsed,[Lapsed] Last Chance: Final win-back email + maximum discount
14743,Lost Customers,592,1,50.480000000000004,50.480000000000004,592,,,,Lapsed,[Lapsed] Last Chance: Final win-back email + maximum discount
14744,Champions,15,14,3660.08,261.4342857142857,569,42.15384615384615,0.2582132816314697,0.0,Low,Retain: Enrol in VIP loyalty program + send thank-you offer
14745,At Risk,112,12,2571.81,214.3175,637,47.27272727272727,0.3324773609638214,0.0,Low,Monitor: Add to re-engagement campaign
14746,At Risk,405,4,593.5,148.375,423,5.666666666666667,,,Lapsed,[Lapsed] Recovery: Time-limited 30% win-back discount + feedback survey
14747,Lost Customers,248,1,328.2,328.2,248,,,,Lapsed,[Lapsed] Last Chance: Final win-back email + maximum discount
14748,Champions,28,10,2681.9,268.19,644,68.0,0.33305883407592773,0.0,Low,Retain: Enrol in VIP loyalty program + send thank-you offer
14749,Lost Customers,479,1,310.15,310.15,479,,,,Lapsed,[Lapsed] Last Chance: Final win-back email + maximum discount
14750,Lost Customers,735,1,112.03,112.03,735,,,,Lapsed,[Lapsed] Last Chance: Final win-back email + maximum discount
14751,Lost Customers,683,2,126.45,63.225,725,41.0,,,Lapsed,[Lapsed] Last Chance: Final win-back email + maximum discount
14752,Promising,43,1,389.64000000000004,389.64000000000004,43,,0.5667715072631836,1.0,High,Urgent Re-engage: 20% discount coupon + highlight new arrivals
14753,Promising,86,2,869.51,434.755,460,373.0,0.5968014597892761,1.0,High,Urgent Re-engage: 20% discount coupon + highlight new arrivals
14754,At Risk,44,6,1550.48,258.41333333333336,690,128.6,0.4601280987262726,0.0,Medium,Re-engage: Best-seller showcase email + 15% discount
14755,Champions,9,25,9972.55,398.902,735,29.833333333333332,0.1440567672252655,0.0,Low,Retain: Enrol in VIP loyalty program + send thank-you offer
14756,Promising,14,3,2653.76,884.5866666666667,424,204.0,0.49785399436950684,0.0,Medium,Nudge: Reminder email + product recommendation + limited offer
14757,Lost Customers,74,1,420.5,420.5,74,,0.5683245658874512,1.0,High,Last Chance: Final win-back email + maximum discount
14758,At Risk,144,7,2864.97,409.28142857142853,610,77.16666666666667,,,Lapsed,[Lapsed] Recovery: Time-limited 30% win-back discount + feedback survey
14759,Promising,4,3,1625.97,541.99,232,113.5,0.37433740496635437,0.0,Medium,Nudge: Reminder email + product recommendation + limited offer
14760,Lost Customers,296,1,89.2,89.2,296,,,,Lapsed,[Lapsed] Last Chance: Final win-back email + maximum discount
14761,Promising,58,3,447.92,149.30666666666667,443,192.5,0.5414464473724365,1.0,Medium,Nudge: Reminder email + product recommendation + limited offer
14762,Lost Customers,263,2,417.57,208.785,625,362.0,,,Lapsed,[Lapsed] Last Chance: Final win-back email + maximum discount
14764,Promising,46,1,278.3,278.3,46,,0.5629966855049133,1.0,High,Urgent Re-engage: 20% discount coupon + highlight new arrivals
14765,Promising,28,3,254.11,84.70333333333333,175,73.0,0.47692885994911194,0.0,Medium,Nudge: Reminder email + product recommendation + limited offer
14766,Champions,7,11,6375.73,579.6118181818182,551,53.8,0.23872430622577667,0.0,Low,Retain: Enrol in VIP loyalty program + send thank-you offer
14767,Lost Customers,473,1,382.81,382.81,473,,,,Lapsed,[Lapsed] Last Chance: Final win-back email + maximum discount
14768,Promising,16,2,192.60000000000002,96.30000000000001,126,109.0,0.5009170174598694,1.0,Medium,Nudge: Reminder email + product recommendation + limited offer
14769,Champions,2,17,15771.880000000001,927.7576470588236,723,44.5,0.19283631443977356,0.0,Low,Retain: Enrol in VIP loyalty program + send thank-you offer
14770,At Risk,231,8,3637.6400000000003,454.70500000000004,651,59.42857142857143,,,Lapsed,[Lapsed] Recovery: Time-limited 30% win-back discount + feedback survey
14771,Lost Customers,620,2,594.62,297.31,736,115.0,,,Lapsed,[Lapsed] Last Chance: Final win-back email + maximum discount
14772,Lost Customers,111,1,139.26,139.26,111,,0.6397879719734192,1.0,High,Last Chance: Final win-back email + maximum discount
14773,Lost Customers,592,1,140.55,140.55,592,,,,Lapsed,[Lapsed] Last Chance: Final win-back email + maximum discount
14774,Lost Customers,528,1,241.45000000000002,241.45000000000002,528,,,,Lapsed,[Lapsed] Last Chance: Final win-back email + maximum discount
14775,Promising,57,3,1011.9,337.3,371,156.5,0.5279861688613892,1.0,Medium,Nudge: Reminder email + product recommendation + limited offer
14776,Champions,50,15,3708.2999999999997,247.21999999999997,445,27.785714285714285,0.20676448941230774,0.0,Low,Retain: Enrol in VIP loyalty program + send thank-you offer
14777,Lost Customers,403,1,307.56,307.56,403,,,,Lapsed,[Lapsed] Last Chance: Final win-back email + maximum discount
14778,Lost Customers,126,2,730.86,365.43,308,181.0,0.48415839672088623,0.0,Medium,Re-activation: Welcome-back campaign + highlight what's new
14779,Lost Customers,280,3,386.15,128.71666666666667,323,21.5,,,Lapsed,[Lapsed] Last Chance: Final win-back email + maximum discount
14780,Promising,54,2,447.68,223.84,78,24.0,0.4314364194869995,0.0,Medium,Nudge: Reminder email + product recommendation + limited offer
14782,Lost Customers,319,1,200.10000000000002,200.10000000000002,319,,,,Lapsed,[Lapsed] Last Chance: Final win-back email + maximum discount
14783,Lost Customers,658,1,307.3,307.3,658,,,,Lapsed,[Lapsed] Last Chance: Final win-back email + maximum discount
14784,Promising,25,3,449.93,149.97666666666666,389,181.0,0.5503109693527222,1.0,High,Urgent Re-engage: 20% discount coupon + highlight new arrivals
14785,Promising,9,2,77.4,38.7,14,4.0,0.5492737889289856,1.0,Medium,Nudge: Reminder email + product recommendation + limited offer
14786,Lost Customers,549,1,90.96,90.96,549,,,,Lapsed,[Lapsed] Last Chance: Final win-back email + maximum discount
14787,Lost Customers,470,1,110.65,110.65,470,,,,Lapsed,[Lapsed] Last Chance: Final win-back email + maximum discount
14788,Promising,6,3,1156.32,385.44,595,294.0,0.4966181814670563,0.0,Medium,Nudge: Reminder email + product recommendation + limited offer
14789,Promising,28,1,197.64,197.64,28,,0.5515878200531006,1.0,High,Urgent Re-engage: 20% discount coupon + highlight new arrivals
14790,Champions,16,10,2526.62,252.66199999999998,727,78.55555555555556,0.3997768461704254,0.0,Medium,Early Alert: Personalised product recommendation based on past purchases
14791,Lost Customers,606,1,303.63,303.63,606,,,,Lapsed,[Lapsed] Last Chance: Final win-back email + maximum discount
14792,Lost Customers,63,1,6.2,6.2,63,,0.6113699078559875,1.0,High,Last Chance: Final win-back email + maximum discount
14793,Promising,20,2,625.9000000000001,312.95000000000005,534,513.0,0.6360583305358887,1.0,High,Urgent Re-engage: 20% discount coupon + highlight new arrivals
14794,Champions,2,10,1953.9,195.39000000000001,486,53.22222222222222,0.28258809447288513,0.0,Low,Retain: Enrol in VIP loyalty program + send thank-you offer
14795,Lost Customers,165,1,131.45000000000002,131.45000000000002,165,,,,Lapsed,[Lapsed] Last Chance: Final win-back email + maximum discount
14796,Champions,0,27,10218.43,378.46037037037036,724,27.307692307692307,0.15483880043029785,0.0,Low,Retain: Enrol in VIP loyalty program + send thank-you offer
14797,Lost Customers,506,1,300.31,300.31,506,,,,Lapsed,[Lapsed] Last Chance: Final win-back email + maximum discount
14798,At Risk,52,8,724.3100000000001,90.53875000000001,648,84.42857142857143,0.45308974385261536,0.0,Medium,Re-engage: Best-seller showcase email + 15% discount
14799,Promising,50,2,338.15,169.075,737,686.0,0.608125627040863,1.0,High,Urgent Re-engage: 20% discount coupon + highlight new arrivals
14800,Champions,47,17,7218.4800000000005,424.6164705882353,434,23.8125,0.20291031897068024,0.0,Low,Retain: Enrol in VIP loyalty program + send thank-you offer
14801,Lost Customers,60,1,193.14,193.14,60,,0.5707129240036011,1.0,High,Last Chance: Final win-back email + maximum discount
14802,At Risk,437,2,1502.98,751.49,437,0.0,,,Lapsed,[Lapsed] Recovery: Time-limited 30% win-back discount + feedback survey
14803,At Risk,161,3,845.55,281.84999999999997,291,64.5,,,Lapsed,[Lapsed] Recovery: Time-limited 30% win-back discount + feedback survey
14804,Promising,8,1,353.27,353.27,8,,0.5266326069831848,1.0,Medium,Nudge: Reminder email + product recommendation + limited offer
14805,Promising,14,7,1104.64,157.8057142857143,621,100.66666666666667,0.40254470705986023,0.0,Medium,Nudge: Reminder email + product recommendation + limited offer
14806,Lost Customers,74,2,303.43,151.715,438,363.0,0.6334937810897827,1.0,High,Last Chance: Final win-back email + maximum discount
14807,Lost Customers,390,2,519.29,259.645,649,259.0,,,Lapsed,[Lapsed] Last Chance: Final win-back email + maximum discount
14808,At Risk,39,8,2741.17,342.64625,171,18.571428571428573,0.19442807137966156,0.0,Low,Monitor: Add to re-engagement campaign
14809,Lost Customers,620,2,686.76,343.38,620,0.0,,,Lapsed,[Lapsed] Last Chance: Final win-back email + maximum discount
14810,Champions,40,13,2356.58,181.2753846153846,428,31.833333333333332,0.1875600814819336,0.0,Low,Retain: Enrol in VIP loyalty program + send thank-you offer
14811,Lost Customers,386,1,170.5,170.5,386,,,,Lapsed,[Lapsed] Last Chance: Final win-back email + maximum discount
14812,Lost Customers,598,1,185.8,185.8,598,,,,Lapsed,[Lapsed] Last Chance: Final win-back email + maximum discount
14813,At Risk,369,4,935.4399999999999,233.85999999999999,610,80.0,,,Lapsed,[Lapsed] Recovery: Time-limited 30% win-back discount + feedback survey
14814,Lost Customers,580,1,160.46,160.46,580,,,,Lapsed,[Lapsed] Last Chance: Final win-back email + maximum discount
14815,Promising,36,2,778.5,389.25,67,31.0,0.35673603415489197,0.0,Medium,Nudge: Reminder email + product recommendation + limited offer
14816,Lost Customers,196,1,271.85,271.85,196,,,,Lapsed,[Lapsed] Last Chance: Final win-back email + maximum discount
14817,At Risk,199,7,3959.86,565.6942857142857,627,70.66666666666667,,,Lapsed,[Lapsed] Recovery: Time-limited 30% win-back discount + feedback survey
14818,At Risk,73,6,1170.41,195.06833333333336,647,114.2,0.48215168714523315,0.0,Medium,Re-engage: Best-seller showcase email + 15% discount
14819,Promising,63,4,470.15999999999997,117.53999999999999,717,217.33333333333334,0.6121070981025696,1.0,High,Urgent Re-engage: 20% discount coupon + highlight new arrivals
14820,Promising,20,9,1274.76,141.64,677,81.5,0.40329697728157043,0.0,Medium,Nudge: Reminder email + product recommendation + limited offer
14821,At Risk,366,7,1237.65,176.80714285714288,675,51.166666666666664,,,Lapsed,[Lapsed] Recovery: Time-limited 30% win-back discount + feedback survey
14822,Lost Customers,484,1,157.7,157.7,484,,,,Lapsed,[Lapsed] Last Chance: Final win-back email + maximum discount
14823,Lost Customers,179,3,321.43,107.14333333333333,194,6.5,,,Lapsed,[Lapsed] Last Chance: Final win-back email + maximum discount
14824,Champions,9,10,4022.9100000000003,402.29100000000005,636,69.11111111111111,0.330218642950058,0.0,Low,Retain: Enrol in VIP loyalty program + send thank-you offer
14825,Champions,3,24,4740.9800000000005,197.54083333333335,611,26.043478260869566,0.1552872508764267,0.0,Low,Retain: Enrol in VIP loyalty program + send thank-you offer
14826,Lost Customers,581,2,385.20000000000005,192.60000000000002,694,113.0,,,Lapsed,[Lapsed] Last Chance: Final win-back email + maximum discount
14828,At Risk,196,13,9839.46,756.8815384615384,732,44.166666666666664,,,Lapsed,[Lapsed] Recovery: Time-limited 30% win-back discount + feedback survey
14829,At Risk,28,7,1455.8700000000001,207.98142857142858,435,67.5,0.386069655418396,0.0,Medium,Re-engage: Best-seller showcase email + 15% discount
14830,Lost Customers,52,1,197.13,197.13,52,,0.5659311413764954,1.0,High,Last Chance: Final win-back email + maximum discount
14831,At Risk,679,3,1676.5700000000002,558.8566666666667,737,28.5,,,Lapsed,[Lapsed] Recovery: Time-limited 30% win-back discount + feedback survey
14832,Lost Customers,629,1,322.69,322.69,629,,,,Lapsed,[Lapsed] Last Chance: Final win-back email + maximum discount
14833,Lost Customers,498,1,94.8,94.8,498,,,,Lapsed,[Lapsed] Last Chance: Final win-back email + maximum discount
14834,Champions,17,7,2206.16,315.1657142857143,406,64.16666666666667,0.27831923961639404,0.0,Low,Retain: Enrol in VIP loyalty program + send thank-you offer
14835,Lost Customers,528,2,297.0,148.5,616,88.0,,,Lapsed,[Lapsed] Last Chance: Final win-back email + maximum discount
14836,Promising,9,3,102.44999999999999,34.15,29,10.0,0.4299582242965698,0.0,Medium,Nudge: Reminder email + product recommendation + limited offer
14837,At Risk,89,9,3460.32,384.48,684,73.875,0.36677950620651245,0.0,Medium,Re-engage: Best-seller showcase email + 15% discount
14838,Lost Customers,422,2,773.6700000000001,386.83500000000004,736,313.0,,,Lapsed,[Lapsed] Last Chance: Final win-back email + maximum discount
14839,At Risk,417,3,915.28,305.0933333333333,703,142.5,,,Lapsed,[Lapsed] Recovery: Time-limited 30% win-back discount + feedback survey
14840,Lost Customers,267,2,362.71000000000004,181.35500000000002,538,271.0,,,Lapsed,[Lapsed] Last Chance: Final win-back email + maximum discount
14841,Champions,52,14,7163.0,511.64285714285717,736,52.15384615384615,0.2717870771884918,0.0,Low,Retain: Enrol in VIP loyalty program + send thank-you offer
14842,At Risk,43,4,2824.69,706.1725,307,87.66666666666667,0.33839598298072815,0.0,Low,Monitor: Add to re-engagement campaign
14843,Lost Customers,436,1,211.8,211.8,436,,,,Lapsed,[Lapsed] Last Chance: Final win-back email + maximum discount
14844,Champions,63,10,6702.43,670.243,606,60.0,0.3303525149822235,0.0,Low,Retain: Enrol in VIP loyalty program + send thank-you offer
14845,Lost Customers,599,1,150.0,150.0,599,,,,Lapsed,[Lapsed] Last Chance: Final win-back email + maximum discount
14846,Lost Customers,426,1,437.4,437.4,426,,,,Lapsed,[Lapsed] Last Chance: Final win-back email + maximum discount
14847,At Risk,148,3,1348.95,449.65000000000003,564,207.5,,,Lapsed,[Lapsed] Recovery: Time-limited 30% win-back discount + feedback survey
14848,Lost Customers,404,1,310.56,310.56,404,,,,Lapsed,[Lapsed] Last Chance: Final win-back email + maximum discount
14849,Champions,21,43,15407.61,358.316511627907,698,15.880952380952381,0.14026284217834473,0.0,Low,Retain: Enrol in VIP loyalty program + send thank-you offer
14850,At Risk,311,7,1794.0100000000002,256.2871428571429,567,42.5,,,Lapsed,[Lapsed] Recovery: Time-limited 30% win-back discount + feedback survey
14851,Promising,22,3,829.4100000000001,276.47,630,303.0,0.5318450331687927,1.0,Medium,Nudge: Reminder email + product recommendation + limited offer
14852,Champions,57,18,6147.18,341.51,643,34.11764705882353,0.26324889063835144,0.0,Low,Retain: Enrol in VIP loyalty program + send thank-you offer
14853,Promising,23,5,1376.8700000000001,275.374,605,145.0,0.4877074956893921,0.0,Medium,Nudge: Reminder email + product recommendation + limited offer
14854,At Risk,77,11,4322.86,392.9872727272727,686,60.4,0.3043615520000458,0.0,Low,Monitor: Add to re-engagement campaign
14855,At Risk,118,7,6520.3,931.4714285714286,610,81.66666666666667,0.41165658831596375,0.0,Medium,Re-engage: Best-seller showcase email + 15% discount
14856,Promising,35,3,1311.3799999999999,437.1266666666666,56,10.0,0.3551100194454193,0.0,Medium,Nudge: Reminder email + product recommendation + limited offer
14857,At Risk,59,7,3651.851,521.693,634,95.5,0.38947775959968567,0.0,Medium,Re-engage: Best-seller showcase email + 15% discount
14858,Lost Customers,505,1,180.75,180.75,505,,,,Lapsed,[Lapsed] Last Chance: Final win-back email + maximum discount
14859,Promising,12,5,1705.64,341.12800000000004,554,135.0,0.38477739691734314,0.0,Medium,Nudge: Reminder email + product recommendation + limited offer
14860,Promising,18,1,170.32,170.32,18,,0.5517621040344238,1.0,High,Urgent Re-engage: 20% discount coupon + highlight new arrivals
14861,At Risk,51,10,1380.73,138.073,731,75.11111111111111,0.5828241109848022,1.0,High,Recovery: Time-limited 30% win-back discount + feedback survey
14862,Promising,25,2,841.2,420.6,148,122.0,0.468515545129776,0.0,Medium,Nudge: Reminder email + product recommendation + limited offer
14863,Promising,28,1,266.76,266.76,28,,0.5514017343521118,1.0,High,Urgent Re-engage: 20% discount coupon + highlight new arrivals
14865,Promising,6,4,92.52000000000001,23.130000000000003,737,243.0,0.5301719307899475,1.0,Medium,Nudge: Reminder email + product recommendation + limited offer
14866,Champions,10,19,20746.54,1091.923157894737,470,25.055555555555557,0.14049620926380157,0.0,Low,Retain: Enrol in VIP loyalty program + send thank-you offer
14867,At Risk,185,16,2952.06,184.50375,733,36.2,,,Lapsed,[Lapsed] Recovery: Time-limited 30% win-back discount + feedback survey
14868,Champions,2,12,4184.01,348.6675,419,37.45454545454545,0.15205149352550507,0.0,Low,Retain: Enrol in VIP loyalty program + send thank-you offer
14869,Champions,8,6,2804.24,467.3733333333333,723,142.6,0.45599788427352905,0.0,Medium,Early Alert: Personalised product recommendation based on past purchases
14870,At Risk,261,6,1838.95,306.4916666666667,683,84.2,,,Lapsed,[Lapsed] Recovery: Time-limited 30% win-back discount + feedback survey
14871,Champions,2,9,1258.97,139.88555555555556,738,91.375,0.412534236907959,0.0,Medium,Early Alert: Personalised product recommendation based on past purchases
14872,At Risk,483,3,816.6,272.2,632,74.5,,,Lapsed,[Lapsed] Recovery: Time-limited 30% win-back discount + feedback survey
14873,Lost Customers,209,2,854.1299999999999,427.06499999999994,633,423.0,,,Lapsed,[Lapsed] Last Chance: Final win-back email + maximum discount
14874,Lost Customers,534,1,116.18,116.18,534,,,,Lapsed,[Lapsed] Last Chance: Final win-back email + maximum discount
14875,At Risk,107,3,2862.3999999999996,954.1333333333332,441,167.0,0.48989710211753845,0.0,Medium,Re-engage: Best-seller showcase email + 15% discount
14876,Lost Customers,520,2,256.7,128.35,560,40.0,,,Lapsed,[Lapsed] Last Chance: Final win-back email + maximum discount
14877,Lost Customers,417,2,437.0,218.5,642,224.0,,,Lapsed,[Lapsed] Last Chance: Final win-back email + maximum discount
14878,Champions,12,25,4105.24,164.2096,656,26.291666666666668,0.17237409949302673,0.0,Low,Retain: Enrol in VIP loyalty program + send thank-you offer
14879,Lost Customers,684,1,185.06,185.06,684,,,,Lapsed,[Lapsed] Last Chance: Final win-back email + maximum discount
14880,Promising,76,3,706.19,235.39666666666668,288,105.5,0.48215168714523315,0.0,Medium,Nudge: Reminder email + product recommendation + limited offer
14881,Promising,19,1,255.4,255.4,19,,0.5414256453514099,1.0,Medium,Nudge: Reminder email + product recommendation + limited offer
14882,Champions,26,14,3628.15,259.1535714285714,618,45.23076923076923,0.3513043522834778,0.0,Medium,Early Alert: Personalised product recommendation based on past purchases
14883,Promising,18,6,761.59,126.93166666666667,211,38.0,0.25876152515411377,0.0,Low,Nurture: Monthly newsletter + loyalty point updates
14884,Lost Customers,668,1,120.6,120.6,668,,,,Lapsed,[Lapsed] Last Chance: Final win-back email + maximum discount
14885,At Risk,131,3,1598.12,532.7066666666666,465,166.5,0.5146602392196655,1.0,Medium,Re-engage: Best-seller showcase email + 15% discount
14886,Lost Customers,252,1,364.8,364.8,252,,,,Lapsed,[Lapsed] Last Chance: Final win-back email + maximum discount
14887,Promising,78,1,1862.0,1862.0,78,,0.5311329364776611,1.0,Medium,Nudge: Reminder email + product recommendation + limited offer
14888,Lost Customers,206,1,369.2,369.2,206,,,,Lapsed,[Lapsed] Last Chance: Final win-back email + maximum discount
14889,Lost Customers,335,1,135.9,135.9,335,,,,Lapsed,[Lapsed] Last Chance: Final win-back email + maximum discount
14890,At Risk,253,3,817.25,272.4166666666667,659,203.0,,,Lapsed,[Lapsed] Recovery: Time-limited 30% win-back discount + feedback survey
14891,At Risk,147,4,1106.73,276.6825,436,95.33333333333333,,,Lapsed,[Lapsed] Recovery: Time-limited 30% win-back discount + feedback survey
14892,Lost Customers,690,1,202.35000000000002,202.35000000000002,690,,,,Lapsed,[Lapsed] Last Chance: Final win-back email + maximum discount
14893,Promising,9,3,1809.6100000000001,603.2033333333334,617,304.0,0.46964192390441895,0.0,Medium,Nudge: Reminder email + product recommendation + limited offer
14894,At Risk,84,3,1492.81,497.6033333333333,737,325.5,0.5966303944587708,1.0,High,Recovery: Time-limited 30% win-back discount + feedback survey
14895,Champions,7,38,25119.54,661.0405263157895,728,19.135135135135137,0.135163813829422,0.0,Low,Retain: Enrol in VIP loyalty program + send thank-you offer
14896,At Risk,204,8,1835.2,229.4,733,75.0,,,Lapsed,[Lapsed] Recovery: Time-limited 30% win-back discount + feedback survey
14897,Champions,7,8,3140.54,392.5675,723,101.85714285714286,0.34948840737342834,0.0,Low,Retain: Enrol in VIP loyalty program + send thank-you offer
14898,Champions,22,14,3409.31,243.52214285714285,735,54.30769230769231,0.29128995537757874,0.0,Low,Retain: Enrol in VIP loyalty program + send thank-you offer
14899,Lost Customers,394,1,1384.88,1384.88,394,,,,Lapsed,[Lapsed] Last Chance: Final win-back email + maximum discount
14900,Lost Customers,521,1,13.919999999999998,13.919999999999998,521,,,,Lapsed,[Lapsed] Last Chance: Final win-back email + maximum discount
14901,Champions,10,12,1927.25,160.60416666666666,498,43.81818181818182,0.24880601465702057,0.0,Low,Retain: Enrol in VIP loyalty program + send thank-you offer
14902,Promising,25,3,1035.6200000000001,345.2066666666667,553,263.5,0.6541378498077393,1.0,High,Urgent Re-engage: 20% discount coupon + highlight new arrivals
14903,Promising,20,5,2810.63,562.126,278,64.0,0.27355286478996277,0.0,Low,Nurture: Monthly newsletter + loyalty point updates
14904,Promising,1,4,1640.6399999999999,410.15999999999997,427,141.33333333333334,0.4456372559070587,0.0,Medium,Nudge: Reminder email + product recommendation + limited offer
14905,At Risk,157,8,1971.39,246.42375,735,82.28571428571429,,,Lapsed,[Lapsed] Recovery: Time-limited 30% win-back discount + feedback survey
14906,Lost Customers,444,1,68.44,68.44,444,,,,Lapsed,[Lapsed] Last Chance: Final win-back email + maximum discount
14907,Champions,2,16,5547.72,346.7325,601,39.53333333333333,0.19667331874370575,0.0,Low,Retain: Enrol in VIP loyalty program + send thank-you offer
14908,Promising,73,2,381.90000000000003,190.95000000000002,462,388.0,0.6670376658439636,1.0,High,Urgent Re-engage: 20% discount coupon + highlight new arrivals
14909,At Risk,436,3,1404.6799999999998,468.22666666666663,662,112.5,,,Lapsed,[Lapsed] Recovery: Time-limited 30% win-back discount + feedback survey
14910,Promising,2,4,434.35,108.5875,54,17.0,0.37509599328041077,0.0,Medium,Nudge: Reminder email + product recommendation + limited offer
14911,Champions,0,398,291561.05,732.5654522613065,738,1.4710327455919396,0.1691170483827591,0.0,Low,Retain: Enrol in VIP loyalty program + send thank-you offer
14912,Promising,16,6,1889.25,314.875,681,132.6,0.45044830441474915,0.0,Medium,Nudge: Reminder email + product recommendation + limited offer
14913,Champions,35,8,4073.13,509.14125,485,63.714285714285715,0.32888516783714294,0.0,Low,Retain: Enrol in VIP loyalty program + send thank-you offer
14915,At Risk,90,11,1811.25,164.6590909090909,736,64.2,0.45600247383117676,0.0,Medium,Re-engage: Best-seller showcase email + 15% discount
14916,At Risk,70,8,3042.95,380.36875,617,77.57142857142857,0.374152809381485,0.0,Medium,Re-engage: Best-seller showcase email + 15% discount
14917,Lost Customers,596,2,1123.75,561.875,596,0.0,,,Lapsed,[Lapsed] Last Chance: Final win-back email + maximum discount
14918,At Risk,115,9,5955.81,661.7566666666667,610,61.625,0.38490891456604004,0.0,Medium,Re-engage: Best-seller showcase email + 15% discount
14919,Lost Customers,538,1,359.35,359.35,538,,,,Lapsed,[Lapsed] Last Chance: Final win-back email + maximum discount
14920,At Risk,212,3,1607.17,535.7233333333334,564,176.0,,,Lapsed,[Lapsed] Recovery: Time-limited 30% win-back discount + feedback survey
14921,Promising,29,2,1316.07,658.035,200,171.0,0.4808235764503479,0.0,Medium,Nudge: Reminder email + product recommendation + limited offer
14922,Lost Customers,393,2,843.74,421.87,507,114.0,,,Lapsed,[Lapsed] Last Chance: Final win-back email + maximum discount
14923,Promising,50,1,749.1,749.1,50,,0.5246787071228027,1.0,Medium,Nudge: Reminder email + product recommendation + limited offer
14924,At Risk,245,3,931.01,310.33666666666664,638,196.5,,,Lapsed,[Lapsed] Recovery: Time-limited 30% win-back discount + feedback survey
14926,Lost Customers,381,2,359.4,179.7,598,216.0,,,Lapsed,[Lapsed] Last Chance: Final win-back email + maximum discount
14927,Lost Customers,396,1,308.2,308.2,396,,,,Lapsed,[Lapsed] Last Chance: Final win-back email + maximum discount
14928,Lost Customers,627,1,223.91000000000003,223.91000000000003,627,,,,Lapsed,[Lapsed] Last Chance: Final win-back email + maximum discount
14929,Promising,31,2,836.69,418.345,421,389.0,0.6411587595939636,1.0,High,Urgent Re-engage: 20% discount coupon + highlight new arrivals
14930,At Risk,108,6,5246.63,874.4383333333334,606,99.2,0.3732597529888153,0.0,Medium,Re-engage: Best-seller showcase email + 15% discount
14931,Promising,4,5,1257.68,251.536,240,58.5,0.29404500126838684,0.0,Low,Nurture: Monthly newsletter + loyalty point updates
14932,Lost Customers,365,2,666.13,333.065,385,20.0,,,Lapsed,[Lapsed] Last Chance: Final win-back email + maximum discount
14933,At Risk,443,4,1770.0,442.5,443,0.0,,,Lapsed,[Lapsed] Recovery: Time-limited 30% win-back discount + feedback survey
14934,At Risk,81,5,3503.5,700.7,441,89.5,0.3609868586063385,0.0,Medium,Re-engage: Best-seller showcase email + 15% discount
14935,At Risk,296,2,2849.83,1424.915,619,322.0,,,Lapsed,[Lapsed] Recovery: Time-limited 30% win-back discount + feedback survey
14936,Champions,33,12,12410.81,1034.2341666666666,583,49.72727272727273,0.19445306062698364,0.0,Low,Retain: Enrol in VIP loyalty program + send thank-you offer
14937,At Risk,56,3,1621.8799999999999,540.6266666666667,129,36.5,0.2967144548892975,0.0,Low,Monitor: Add to re-engagement campaign
14938,At Risk,561,2,2322.43,1161.215,561,0.0,,,Lapsed,[Lapsed] Recovery: Time-limited 30% win-back discount + feedback survey
14940,Lost Customers,417,2,531.49,265.745,732,315.0,,,Lapsed,[Lapsed] Last Chance: Final win-back email + maximum discount
14941,Lost Customers,578,1,182.1,182.1,578,,,,Lapsed,[Lapsed] Last Chance: Final win-back email + maximum discount
14942,At Risk,401,4,746.56,186.64,729,109.0,,,Lapsed,[Lapsed] Recovery: Time-limited 30% win-back discount + feedback survey
14943,Lost Customers,662,1,107.62,107.62,662,,,,Lapsed,[Lapsed] Last Chance: Final win-back email + maximum discount
14944,Champions,29,19,9784.67,514.9826315789473,660,34.833333333333336,0.15171988308429718,0.0,Low,Retain: Enrol in VIP loyalty program + send thank-you offer
14945,Lost Customers,413,1,179.4,179.4,413,,,,Lapsed,[Lapsed] Last Chance: Final win-back email + maximum discount
14946,Promising,13,1,100.9,100.9,13,,0.5780557990074158,1.0,High,Urgent Re-engage: 20% discount coupon + highlight new arrivals
14947,At Risk,71,6,1049.79,174.965,624,110.0,0.5379791259765625,1.0,Medium,Re-engage: Best-seller showcase email + 15% discount
14948,Promising,22,6,1101.97,183.66166666666666,218,38.8,0.2478320449590683,0.0,Low,Nurture: Monthly newsletter + loyalty point updates
14949,Lost Customers,468,4,515.0,128.75,720,83.33333333333333,,,Lapsed,[Lapsed] Last Chance: Final win-back email + maximum discount
14950,Promising,18,1,371.2,371.2,18,,0.5416027903556824,1.0,Medium,Nudge: Reminder email + product recommendation + limited offer
14951,Lost Customers,78,1,311.69,311.69,78,,0.5613951683044434,1.0,High,Last Chance: Final win-back email + maximum discount
14952,Champions,59,32,17629.350000000002,550.9171875000001,735,21.516129032258064,0.20180778205394745,0.0,Low,Retain: Enrol in VIP loyalty program + send thank-you offer
14953,Promising,24,4,1013.77,253.4425,435,136.66666666666666,0.5244386196136475,1.0,Medium,Nudge: Reminder email + product recommendation + limited offer
14954,Promising,11,2,503.44000000000005,251.72000000000003,702,690.0,0.64092618227005,1.0,High,Urgent Re-engage: 20% discount coupon + highlight new arrivals
14955,Lost Customers,732,1,163.77,163.77,732,,,,Lapsed,[Lapsed] Last Chance: Final win-back email + maximum discount
14956,Lost Customers,420,1,1325.0,1325.0,420,,,,Lapsed,[Lapsed] Last Chance: Final win-back email + maximum discount
14957,Lost Customers,252,2,333.29,166.645,644,391.0,,,Lapsed,[Lapsed] Last Chance: Final win-back email + maximum discount
14958,At Risk,146,6,957.94,159.65666666666667,735,117.2,,,Lapsed,[Lapsed] Recovery: Time-limited 30% win-back discount + feedback survey
14959,Promising,63,4,695.4200000000001,173.85500000000002,295,76.66666666666667,0.4222988188266754,0.0,Medium,Nudge: Reminder email + product recommendation + limited offer
14960,Promising,7,2,221.26999999999998,110.63499999999999,170,162.0,0.5663776397705078,1.0,High,Urgent Re-engage: 20% discount coupon + highlight new arrivals
14961,Champions,10,22,16410.15,745.9159090909092,735,34.04761904761905,0.17348603904247284,0.0,Low,Retain: Enrol in VIP loyalty program + send thank-you offer
14962,Lost Customers,270,4,366.91,91.7275,583,104.0,,,Lapsed,[Lapsed] Last Chance: Final win-back email + maximum discount
14963,Champions,9,12,3164.48,263.70666666666665,525,46.54545454545455,0.2196086049079895,0.0,Low,Retain: Enrol in VIP loyalty program + send thank-you offer
14964,Lost Customers,246,1,206.21,206.21,246,,,,Lapsed,[Lapsed] Last Chance: Final win-back email + maximum discount
14965,Lost Customers,95,2,599.0,299.5,95,0.0,0.5579396486282349,1.0,High,Last Chance: Final win-back email + maximum discount
14966,Promising,14,6,1115.84,185.97333333333333,723,141.6,0.5629842877388,1.0,High,Urgent Re-engage: 20% discount coupon + highlight new arrivals
14967,At Risk,49,6,1982.6100000000001,330.435,735,136.8,0.4823521673679352,0.0,Medium,Re-engage: Best-seller showcase email + 15% discount
14968,Promising,29,2,504.99,252.495,457,428.0,0.5934664607048035,1.0,High,Urgent Re-engage: 20% discount coupon + highlight new arrivals
14969,Lost Customers,703,1,906.23,906.23,703,,,,Lapsed,[Lapsed] Last Chance: Final win-back email + maximum discount
14970,Champions,67,12,4919.35,409.9458333333334,662,53.63636363636363,0.3304392993450165,0.0,Low,Retain: Enrol in VIP loyalty program + send thank-you offer
14971,Promising,34,3,1116.57,372.19,42,4.0,0.40794050693511963,0.0,Medium,Nudge: Reminder email + product recommendation + limited offer
14972,Lost Customers,127,2,145.07,72.535,380,252.0,0.6339606642723083,1.0,High,Last Chance: Final win-back email + maximum discount
14973,At Risk,106,3,1314.45,438.15000000000003,225,58.5,0.37180694937705994,0.0,Medium,Re-engage: Best-seller showcase email + 15% discount
14974,Lost Customers,36,1,114.39,114.39,36,,0.6086515188217163,1.0,High,Last Chance: Final win-back email + maximum discount
14975,Promising,56,2,472.39,236.195,420,363.0,0.6588200330734253,1.0,High,Urgent Re-engage: 20% discount coupon + highlight new arrivals
14976,At Risk,56,7,790.86,112.98,326,44.666666666666664,0.3215591013431549,0.0,Low,Monitor: Add to re-engagement campaign
14977,Lost Customers,725,1,31.93,31.93,725,,,,Lapsed,[Lapsed] Last Chance: Final win-back email + maximum discount
14978,At Risk,71,10,3142.14,314.214,590,57.111111111111114,0.28527021408081055,0.0,Low,Monitor: Add to re-engagement campaign
14979,Lost Customers,734,1,439.46000000000004,439.46000000000004,734,,,,Lapsed,[Lapsed] Last Chance: Final win-back email + maximum discount
14980,Lost Customers,736,1,150.68,150.68,736,,,,Lapsed,[Lapsed] Last Chance: Final win-back email + maximum discount
14981,Lost Customers,245,2,372.92,186.46,423,177.0,,,Lapsed,[Lapsed] Last Chance: Final win-back email + maximum discount
14982,Lost Customers,571,1,237.78,237.78,571,,,,Lapsed,[Lapsed] Last Chance: Final win-back email + maximum discount
14983,Lost Customers,688,1,183.20000000000002,183.20000000000002,688,,,,Lapsed,[Lapsed] Last Chance: Final win-back email + maximum discount
14984,Promising,18,6,1271.41,211.90166666666667,696,135.2,0.5319503545761108,1.0,Medium,Nudge: Reminder email + product recommendation + limited offer
14985,Lost Customers,197,2,296.75,148.375,357,159.0,,,Lapsed,[Lapsed] Last Chance: Final win-back email + maximum discount
14986,Lost Customers,375,2,566.9,283.45,683,307.0,,,Lapsed,[Lapsed] Last Chance: Final win-back email + maximum discount
14987,Champions,15,8,1550.6499999999999,193.83124999999998,736,102.42857142857143,0.4550841152667999,0.0,Medium,Early Alert: Personalised product recommendation based on past purchases
14988,At Risk,211,7,2066.6,295.2285714285714,601,64.5,,,Lapsed,[Lapsed] Recovery: Time-limited 30% win-back discount + feedback survey
14989,Lost Customers,661,1,342.4,342.4,661,,,,Lapsed,[Lapsed] Last Chance: Final win-back email + maximum discount
14990,Lost Customers,611,2,305.42,152.71,729,118.0,,,Lapsed,[Lapsed] Last Chance: Final win-back email + maximum discount
14991,Lost Customers,429,1,314.67,314.67,429,,,,Lapsed,[Lapsed] Last Chance: Final win-back email + maximum discount
14992,Lost Customers,441,1,210.5,210.5,441,,,,Lapsed,[Lapsed] Last Chance: Final win-back email + maximum discount
14993,Lost Customers,563,1,36.13,36.13,563,,,,Lapsed,[Lapsed] Last Chance: Final win-back email + maximum discount
14994,At Risk,381,5,960.63,192.126,622,59.75,,,Lapsed,[Lapsed] Recovery: Time-limited 30% win-back discount + feedback survey
14995,Promising,38,2,233.23000000000002,116.61500000000001,279,241.0,0.6344777941703796,1.0,High,Urgent Re-engage: 20% discount coupon + highlight new arrivals
14996,Lost Customers,480,2,442.29,221.145,480,0.0,,,Lapsed,[Lapsed] Last Chance: Final win-back email + maximum discount
14997,Promising,45,4,776.6,194.15,655,202.33333333333334,0.46482935547828674,0.0,Medium,Nudge: Reminder email + product recommendation + limited offer
14998,At Risk,169,4,770.73,192.6825,604,144.66666666666666,,,Lapsed,[Lapsed] Recovery: Time-limited 30% win-back discount + feedback survey
14999,Lost Customers,592,1,129.48000000000002,129.48000000000002,592,,,,Lapsed,[Lapsed] Last Chance: Final win-back email + maximum discount
15000,Promising,47,1,490.52,490.52,47,,0.5407172441482544,1.0,Medium,Nudge: Reminder email + product recommendation + limited offer
15001,Lost Customers,393,2,230.85999999999999,115.42999999999999,393,0.0,,,Lapsed,[Lapsed] Last Chance: Final win-back email + maximum discount
15002,At Risk,115,9,4185.63,465.07,696,72.25,0.3805156648159027,0.0,Medium,Re-engage: Best-seller showcase email + 15% discount
15003,At Risk,472,6,1060.7,176.78333333333333,681,41.2,,,Lapsed,[Lapsed] Recovery: Time-limited 30% win-back discount + feedback survey
15004,Lost Customers,146,1,1246.32,1246.32,146,,,,Lapsed,[Lapsed] Last Chance: Final win-back email + maximum discount
15005,Champions,15,56,13883.7,247.9232142857143,737,12.654545454545454,0.135163813829422,0.0,Low,Retain: Enrol in VIP loyalty program + send thank-you offer
15006,Promising,50,2,825.14,412.57,452,402.0,0.572780430316925,1.0,High,Urgent Re-engage: 20% discount coupon + highlight new arrivals
15007,Lost Customers,158,1,156.91,156.91,158,,,,Lapsed,[Lapsed] Last Chance: Final win-back email + maximum discount
15008,Lost Customers,479,2,360.0,180.0,637,157.0,,,Lapsed,[Lapsed] Last Chance: Final win-back email + maximum discount
15009,Promising,11,3,1261.7800000000002,420.5933333333334,24,6.0,0.3218878209590912,0.0,Low,Nurture: Monthly newsletter + loyalty point updates
15010,Promising,35,1,308.94,308.94,35,,0.5506122708320618,1.0,High,Urgent Re-engage: 20% discount coupon + highlight new arrivals
15011,Lost Customers,395,2,416.6,208.3,416,20.0,,,Lapsed,[Lapsed] Last Chance: Final win-back email + maximum discount
15012,Promising,53,3,669.56,223.18666666666664,576,261.0,0.6632132530212402,1.0,High,Urgent Re-engage: 20% discount coupon + highlight new arrivals
15013,At Risk,487,10,1641.3,164.13,677,20.666666666666668,,,Lapsed,[Lapsed] Recovery: Time-limited 30% win-back discount + feedback survey
15014,Promising,42,2,260.16999999999996,130.08499999999998,175,133.0,0.529520571231842,1.0,Medium,Nudge: Reminder email + product recommendation + limited offer
15015,At Risk,500,13,2365.02,181.92461538461538,724,18.166666666666668,,,Lapsed,[Lapsed] Recovery: Time-limited 30% win-back discount + feedback survey
15016,At Risk,172,5,630.3,126.05999999999999,542,92.5,,,Lapsed,[Lapsed] Recovery: Time-limited 30% win-back discount + feedback survey
15017,Promising,33,1,125.58,125.58,33,,0.5978121757507324,1.0,High,Urgent Re-engage: 20% discount coupon + highlight new arrivals
15018,Promising,38,3,496.21000000000004,165.40333333333334,367,164.0,0.5781183242797852,1.0,High,Urgent Re-engage: 20% discount coupon + highlight new arrivals
15019,Lost Customers,266,1,266.0,266.0,266,,,,Lapsed,[Lapsed] Last Chance: Final win-back email + maximum discount
15020,Lost Customers,378,1,203.42,203.42,378,,,,Lapsed,[Lapsed] Last Chance: Final win-back email + maximum discount
15021,Champions,8,12,2578.19,214.84916666666666,497,43.90909090909091,0.1875949651002884,0.0,Low,Retain: Enrol in VIP loyalty program + send thank-you offer
15022,Promising,11,5,1186.0900000000001,237.21800000000002,676,165.75,0.44442927837371826,0.0,Medium,Nudge: Reminder email + product recommendation + limited offer
15023,Champions,2,20,11710.08,585.504,673,34.89473684210526,0.15856115520000458,0.0,Low,Retain: Enrol in VIP loyalty program + send thank-you offer
15024,Champions,9,16,3584.29,224.018125,423,27.266666666666666,0.17938406765460968,0.0,Low,Retain: Enrol in VIP loyalty program + send thank-you offer
15025,Promising,32,2,1013.09,506.545,567,535.0,0.643561601638794,1.0,High,Urgent Re-engage: 20% discount coupon + highlight new arrivals
15026,At Risk,79,5,1061.6100000000001,212.32200000000003,447,91.25,0.48415449261665344,0.0,Medium,Re-engage: Best-seller showcase email + 15% discount
15027,Champions,30,10,3195.6000000000004,319.56000000000006,623,65.44444444444444,0.32328054308891296,0.0,Low,Retain: Enrol in VIP loyalty program + send thank-you offer
15028,Promising,7,6,971.74,161.95666666666668,393,76.6,0.4147506058216095,0.0,Medium,Nudge: Reminder email + product recommendation + limited offer
15029,Lost Customers,619,1,365.1,365.1,619,,,,Lapsed,[Lapsed] Last Chance: Final win-back email + maximum discount
15030,At Risk,71,8,1979.91,247.48875,644,81.42857142857143,0.42624491453170776,0.0,Medium,Re-engage: Best-seller showcase email + 15% discount
15031,Champions,3,14,3156.58,225.47,730,55.53846153846154,0.3313184976577759,0.0,Low,Retain: Enrol in VIP loyalty program + send thank-you offer
15032,At Risk,255,8,11010.05,1376.25625,728,67.14285714285714,,,Lapsed,[Lapsed] Recovery: Time-limited 30% win-back discount + feedback survey
15033,Champions,4,10,2586.67,258.66700000000003,328,35.44444444444444,0.15030869841575623,0.0,Low,Retain: Enrol in VIP loyalty program + send thank-you offer
15034,Champions,15,14,8313.4,593.8142857142857,576,42.69230769230769,0.17880544066429138,0.0,Low,Retain: Enrol in VIP loyalty program + send thank-you offer
15035,Lost Customers,89,1,252.73000000000002,252.73000000000002,89,,0.5705286264419556,1.0,High,Last Chance: Final win-back email + maximum discount
15036,Promising,71,3,465.54999999999995,155.1833333333333,179,53.5,0.4342079162597656,0.0,Medium,Nudge: Reminder email + product recommendation + limited offer
15037,Lost Customers,375,2,402.51,201.255,376,0.0,,,Lapsed,[Lapsed] Last Chance: Final win-back email + maximum discount
15038,At Risk,58,9,1183.43,131.49222222222224,424,45.25,0.31594568490982056,0.0,Low,Monitor: Add to re-engagement campaign
15039,Champions,9,93,39419.92,423.8701075268817,729,7.358695652173913,0.135163813829422,0.0,Low,Retain: Enrol in VIP loyalty program + send thank-you offer
15040,Lost Customers,541,1,7.49,7.49,541,,,,Lapsed,[Lapsed] Last Chance: Final win-back email + maximum discount
15041,Lost Customers,169,2,294.02,147.01,443,274.0,,,Lapsed,[Lapsed] Last Chance: Final win-back email + maximum discount
15042,Lost Customers,198,2,315.45000000000005,157.72500000000002,594,396.0,,,Lapsed,[Lapsed] Last Chance: Final win-back email + maximum discount
15043,At Risk,30,6,2873.8,478.9666666666667,532,99.6,0.4231283664703369,0.0,Medium,Re-engage: Best-seller showcase email + 15% discount
15044,Champions,18,35,16204.330000000002,462.9808571428572,722,20.352941176470587,0.14030569791793823,0.0,Low,Retain: Enrol in VIP loyalty program + send thank-you offer
15045,Lost Customers,151,2,735.66,367.83,257,105.0,,,Lapsed,[Lapsed] Last Chance: Final win-back email + maximum discount
15046,Champions,8,25,7812.389999999999,312.49559999999997,693,28.083333333333332,0.14214089512825012,0.0,Low,Retain: Enrol in VIP loyalty program + send thank-you offer
15047,Lost Customers,269,1,343.62,343.62,269,,,,Lapsed,[Lapsed] Last Chance: Final win-back email + maximum discount
15048,Promising,64,4,384.05,96.0125,368,100.33333333333333,0.48738881945610046,0.0,Medium,Nudge: Reminder email + product recommendation + limited offer
15049,Lost Customers,273,1,121.17000000000002,121.17000000000002,273,,,,Lapsed,[Lapsed] Last Chance: Final win-back email + maximum discount
15050,At Risk,24,5,4193.79,838.758,480,113.5,0.39095911383628845,0.0,Medium,Re-engage: Best-seller showcase email + 15% discount
15051,Champions,22,9,3935.16,437.24,737,88.875,0.3622978627681732,0.0,Medium,Early Alert: Personalised product recommendation based on past purchases
15052,Lost Customers,318,1,215.78,215.78,318,,,,Lapsed,[Lapsed] Last Chance: Final win-back email + maximum discount
15053,Promising,4,3,697.79,232.59666666666666,281,138.0,0.42798033356666565,0.0,Medium,Nudge: Reminder email + product recommendation + limited offer
15054,Promising,11,2,302.1,151.05,39,28.0,0.39525970816612244,0.0,Medium,Nudge: Reminder email + product recommendation + limited offer
15055,Lost Customers,474,3,560.07,186.69000000000003,722,123.5,,,Lapsed,[Lapsed] Last Chance: Final win-back email + maximum discount
15056,Lost Customers,519,1,133.45,133.45,519,,,,Lapsed,[Lapsed] Last Chance: Final win-back email + maximum discount
15057,At Risk,274,5,3255.96,651.192,733,114.25,,,Lapsed,[Lapsed] Recovery: Time-limited 30% win-back discount + feedback survey
15058,Champions,24,16,3410.03,213.126875,652,41.53333333333333,0.20907238125801086,0.0,Low,Retain: Enrol in VIP loyalty program + send thank-you offer
15059,Champions,40,19,3523.5699999999997,185.45105263157893,733,38.05555555555556,0.23453684151172638,0.0,Low,Retain: Enrol in VIP loyalty program + send thank-you offer
15060,Promising,7,4,303.09,75.7725,8,0.0,0.4743189215660095,0.0,Medium,Nudge: Reminder email + product recommendation + limited offer
15061,Champions,3,127,126389.02,995.1891338582677,738,5.555555555555555,0.135163813829422,0.0,Low,Retain: Enrol in VIP loyalty program + send thank-you offer
15062,At Risk,70,8,2585.62,323.2025,609,76.28571428571429,0.3857481777667999,0.0,Medium,Re-engage: Best-seller showcase email + 15% discount
15063,Lost Customers,212,1,370.79999999999995,370.79999999999995,212,,,,Lapsed,[Lapsed] Last Chance: Final win-back email + maximum discount
15064,At Risk,409,4,1254.41,313.6025,716,101.66666666666667,,,Lapsed,[Lapsed] Recovery: Time-limited 30% win-back discount + feedback survey
15065,At Risk,37,5,3326.86,665.3720000000001,410,92.75,0.3385551869869232,0.0,Low,Monitor: Add to re-engagement campaign
15066,Promising,52,1,893.59,893.59,52,,0.516347348690033,1.0,Medium,Nudge: Reminder email + product recommendation + limited offer
15067,At Risk,77,5,3877.8799999999997,775.5759999999999,606,131.75,0.4212210178375244,0.0,Medium,Re-engage: Best-seller showcase email + 15% discount
15068,Promising,45,4,1176.85,294.2125,620,191.33333333333334,0.4921516180038452,0.0,Medium,Nudge: Reminder email + product recommendation + limited offer
15069,Lost Customers,178,1,1109.53,1109.53,178,,,,Lapsed,[Lapsed] Last Chance: Final win-back email + maximum discount
15070,At Risk,372,3,737.0500000000001,245.68333333333337,723,175.5,,,Lapsed,[Lapsed] Recovery: Time-limited 30% win-back discount + feedback survey
15071,At Risk,93,4,1455.5600000000002,363.89000000000004,570,158.66666666666666,0.508261501789093,1.0,Medium,Re-engage: Best-seller showcase email + 15% discount
15072,Lost Customers,478,1,187.52,187.52,478,,,,Lapsed,[Lapsed] Last Chance: Final win-back email + maximum discount
15073,Champions,9,8,2788.02,348.5025,681,95.42857142857143,0.38245582580566406,0.0,Medium,Early Alert: Personalised product recommendation based on past purchases
15074,At Risk,104,3,1566.33,522.11,467,180.5,0.48415839672088623,0.0,Medium,Re-engage: Best-seller showcase email + 15% discount
15075,Promising,77,1,773.03,773.03,77,,0.5216760039329529,1.0,Medium,Nudge: Reminder email + product recommendation + limited offer
15076,At Risk,172,3,1447.7400000000002,482.5800000000001,521,174.0,,,Lapsed,[Lapsed] Recovery: Time-limited 30% win-back discount + feedback survey
15077,At Risk,494,2,2428.08,1214.04,729,235.0,,,Lapsed,[Lapsed] Recovery: Time-limited 30% win-back discount + feedback survey
15078,Champions,6,53,17286.73,326.1647169811321,735,13.653846153846153,0.135163813829422,0.0,Low,Retain: Enrol in VIP loyalty program + send thank-you offer
15079,At Risk,212,11,3625.4,329.58181818181816,731,51.6,,,Lapsed,[Lapsed] Recovery: Time-limited 30% win-back discount + feedback survey
15080,Lost Customers,427,2,546.25,273.125,501,74.0,,,Lapsed,[Lapsed] Last Chance: Final win-back email + maximum discount
15081,Champions,21,12,1854.57,154.54749999999999,535,46.18181818181818,0.3628084361553192,0.0,Medium,Early Alert: Personalised product recommendation based on past purchases
15082,Lost Customers,668,1,93.35000000000001,93.35000000000001,668,,,,Lapsed,[Lapsed] Last Chance: Final win-back email + maximum discount
15083,Lost Customers,256,1,88.2,88.2,256,,,,Lapsed,[Lapsed] Last Chance: Final win-back email + maximum discount
15084,Lost Customers,379,2,965.1999999999999,482.59999999999997,645,266.0,,,Lapsed,[Lapsed] Last Chance: Final win-back email + maximum discount
15085,Lost Customers,729,1,347.54,347.54,729,,,,Lapsed,[Lapsed] Last Chance: Final win-back email + maximum discount
15086,Lost Customers,564,2,218.53,109.265,624,60.0,,,Lapsed,[Lapsed] Last Chance: Final win-back email + maximum discount
15087,Lost Customers,281,1,306.94,306.94,281,,,,Lapsed,[Lapsed] Last Chance: Final win-back email + maximum discount
15088,Promising,20,2,1160.0700000000002,580.0350000000001,66,45.0,0.3185914158821106,0.0,Low,Nurture: Monthly newsletter + loyalty point updates
15089,Champions,9,6,2420.84,403.47333333333336,127,23.2,0.1816728711128235,0.0,Low,Retain: Enrol in VIP loyalty program + send thank-you offer
15090,Lost Customers,307,1,381.32,381.32,307,,,,Lapsed,[Lapsed] Last Chance: Final win-back email + maximum discount
15091,At Risk,67,3,1046.6100000000001,348.87000000000006,674,303.5,0.5866357088088989,1.0,High,Recovery: Time-limited 30% win-back discount + feedback survey
15092,At Risk,214,3,776.46,258.82,462,123.0,,,Lapsed,[Lapsed] Recovery: Time-limited 30% win-back discount + feedback survey
15093,Champions,17,23,13702.380000000001,595.7556521739131,731,32.04545454545455,0.19984973967075348,0.0,Low,Retain: Enrol in VIP loyalty program + send thank-you offer
15094,Lost Customers,462,2,83.0,41.5,643,181.0,,,Lapsed,[Lapsed] Last Chance: Final win-back email + maximum discount
15095,At Risk,103,10,3141.64,314.164,687,64.55555555555556,0.39196106791496277,0.0,Medium,Re-engage: Best-seller showcase email + 15% discount
15096,Promising,42,1,219.39000000000001,219.39000000000001,42,,0.5804558992385864,1.0,High,Urgent Re-engage: 20% discount coupon + highlight new arrivals
15097,Promising,3,3,908.3499999999999,302.7833333333333,582,289.0,0.6416168808937073,1.0,High,Urgent Re-engage: 20% discount coupon + highlight new arrivals
15098,At Risk,181,3,39916.5,13305.5,181,0.0,,,Lapsed,[Lapsed] Recovery: Time-limited 30% win-back discount + feedback survey
15099,Lost Customers,83,1,410.48,410.48,83,,0.5683245658874512,1.0,High,Last Chance: Final win-back email + maximum discount
15100,At Risk,333,7,2193.8999999999996,313.41428571428565,700,60.666666666666664,,,Lapsed,[Lapsed] Recovery: Time-limited 30% win-back discount + feedback survey
15101,Promising,8,6,1477.94,246.32333333333335,589,115.8,0.4969055950641632,0.0,Medium,Nudge: Reminder email + product recommendation + limited offer
15102,Lost Customers,530,2,554.67,277.335,546,16.0,,,Lapsed,[Lapsed] Last Chance: Final win-back email + maximum discount
15103,Promising,30,2,703.36,351.68,85,55.0,0.3513043522834778,0.0,Medium,Nudge: Reminder email + product recommendation + limited offer
15104,At Risk,196,2,1027.44,513.72,281,85.0,,,Lapsed,[Lapsed] Recovery: Time-limited 30% win-back discount + feedback survey
15105,Champions,17,9,3094.91,343.87888888888887,626,75.75,0.28050747513771057,0.0,Low,Retain: Enrol in VIP loyalty program + send thank-you offer
15106,Promising,17,5,1422.52,284.504,268,62.25,0.3091786205768585,0.0,Low,Nurture: Monthly newsletter + loyalty point updates
15107,At Risk,310,9,824.35,91.59444444444445,451,17.0,,,Lapsed,[Lapsed] Recovery: Time-limited 30% win-back discount + feedback survey
15108,At Risk,141,4,1300.25,325.0625,227,28.333333333333332,,,Lapsed,[Lapsed] Recovery: Time-limited 30% win-back discount + feedback survey
15109,At Risk,245,3,983.0999999999999,327.7,735,244.5,,,Lapsed,[Lapsed] Recovery: Time-limited 30% win-back discount + feedback survey
15110,Promising,23,6,1505.85,250.975,484,92.0,0.37256863713264465,0.0,Medium,Nudge: Reminder email + product recommendation + limited offer
15111,At Risk,28,5,2442.37,488.474,591,140.25,0.43918508291244507,0.0,Medium,Re-engage: Best-seller showcase email + 15% discount
15112,Lost Customers,610,1,209.4,209.4,610,,,,Lapsed,[Lapsed] Last Chance: Final win-back email + maximum discount
15113,Promising,9,3,3609.33,1203.11,53,21.5,0.22198234498500824,0.0,Low,Nurture: Monthly newsletter + loyalty point updates
15114,Champions,29,12,3400.12,283.3433333333333,420,35.0,0.16911490261554718,0.0,Low,Retain: Enrol in VIP loyalty program + send thank-you offer
15115,Promising,17,2,531.85,265.925,732,714.0,0.648995578289032,1.0,High,Urgent Re-engage: 20% discount coupon + highlight new arrivals
15116,Promising,17,4,1352.75,338.1875,204,62.333333333333336,0.3221515119075775,0.0,Low,Nurture: Monthly newsletter + loyalty point updates
15117,Champions,14,8,2485.97,310.74625,633,88.0,0.31945347785949707,0.0,Low,Retain: Enrol in VIP loyalty program + send thank-you offer
15118,Lost Customers,133,1,244.8,244.8,133,,0.5901312232017517,1.0,High,Last Chance: Final win-back email + maximum discount
15119,Lost Customers,245,1,266.4,266.4,245,,,,Lapsed,[Lapsed] Last Chance: Final win-back email + maximum discount
15120,Lost Customers,133,1,358.82,358.82,133,,0.5683245658874512,1.0,High,Last Chance: Final win-back email + maximum discount
15121,Promising,49,2,457.71999999999997,228.85999999999999,288,238.0,0.5641701221466064,1.0,High,Urgent Re-engage: 20% discount coupon + highlight new arrivals
15122,At Risk,113,11,4497.47,408.8609090909091,618,50.2,0.36358940601348877,0.0,Medium,Re-engage: Best-seller showcase email + 15% discount
15123,Champions,6,5,4656.17,931.234,633,156.0,0.38091105222702026,0.0,Medium,Early Alert: Personalised product recommendation based on past purchases
15124,Promising,22,4,450.82,112.705,651,209.33333333333334,0.5762441158294678,1.0,High,Urgent Re-engage: 20% discount coupon + highlight new arrivals
15125,Champions,24,24,17024.87,709.3695833333333,617,25.565217391304348,0.15867578983306885,0.0,Low,Retain: Enrol in VIP loyalty program + send thank-you offer
15126,Lost Customers,536,2,449.49,224.745,686,150.0,,,Lapsed,[Lapsed] Last Chance: Final win-back email + maximum discount
15127,Promising,65,2,711.5,355.75,519,454.0,0.6473719477653503,1.0,High,Urgent Re-engage: 20% discount coupon + highlight new arrivals
15128,At Risk,59,5,1783.6799999999998,356.736,429,91.75,0.3625618517398834,0.0,Medium,Re-engage: Best-seller showcase email + 15% discount
15129,Champions,49,23,6860.18,298.2686956521739,609,25.0,0.21577435731887817,0.0,Low,Retain: Enrol in VIP loyalty program + send thank-you offer
15130,Lost Customers,169,1,330.11,330.11,169,,,,Lapsed,[Lapsed] Last Chance: Final win-back email + maximum discount
15131,Lost Customers,394,1,80.28,80.28,394,,,,Lapsed,[Lapsed] Last Chance: Final win-back email + maximum discount
15132,Promising,17,5,977.9300000000001,195.586,262,60.75,0.3313501179218292,0.0,Low,Nurture: Monthly newsletter + loyalty point updates
15133,At Risk,127,5,1806.9,361.38,520,97.75,0.39143139123916626,0.0,Medium,Re-engage: Best-seller showcase email + 15% discount
15134,Champions,14,10,1596.29,159.629,422,44.77777777777778,0.20845375955104828,0.0,Low,Retain: Enrol in VIP loyalty program + send thank-you offer
15135,Lost Customers,238,2,305.68,152.84,555,317.0,,,Lapsed,[Lapsed] Last Chance: Final win-back email + maximum discount
15136,Promising,2,4,1286.7,321.675,95,31.0,0.28141045570373535,0.0,Low,Nurture: Monthly newsletter + loyalty point updates
15137,Lost Customers,520,2,823.4,411.7,679,159.0,,,Lapsed,[Lapsed] Last Chance: Final win-back email + maximum discount
15138,Lost Customers,393,1,502.52,502.52,393,,,,Lapsed,[Lapsed] Last Chance: Final win-back email + maximum discount
15139,Lost Customers,239,2,178.95999999999998,89.47999999999999,336,96.0,,,Lapsed,[Lapsed] Last Chance: Final win-back email + maximum discount
15140,At Risk,51,8,3243.69,405.46125,441,55.42857142857143,0.28274255990982056,0.0,Low,Monitor: Add to re-engagement campaign
15141,At Risk,457,7,1388.47,198.35285714285715,620,26.833333333333332,,,Lapsed,[Lapsed] Recovery: Time-limited 30% win-back discount + feedback survey
15142,At Risk,45,6,2619.92,436.65333333333336,500,90.6,0.43164002895355225,0.0,Medium,Re-engage: Best-seller showcase email + 15% discount
15143,Lost Customers,225,2,563.63,281.815,431,206.0,,,Lapsed,[Lapsed] Last Chance: Final win-back email + maximum discount
15144,Champions,7,29,12160.31,419.3210344827586,726,25.25,0.1386200189590454,0.0,Low,Retain: Enrol in VIP loyalty program + send thank-you offer
15145,Promising,3,4,1194.73,298.6825,247,81.0,0.3608775734901428,0.0,Medium,Nudge: Reminder email + product recommendation + limited offer
15146,At Risk,164,2,1327.16,663.58,290,126.0,,,Lapsed,[Lapsed] Recovery: Time-limited 30% win-back discount + feedback survey
15147,Lost Customers,239,1,623.5,623.5,239,,,,Lapsed,[Lapsed] Last Chance: Final win-back email + maximum discount
15148,Promising,10,1,301.29,301.29,10,,0.5237090587615967,1.0,Medium,Nudge: Reminder email + product recommendation + limited offer
15149,At Risk,133,5,1554.6100000000001,310.922,649,128.75,0.4777998626232147,0.0,Medium,Re-engage: Best-seller showcase email + 15% discount
15150,Champions,16,13,9001.08,692.3907692307693,543,43.416666666666664,0.175314262509346,0.0,Low,Retain: Enrol in VIP loyalty program + send thank-you offer
15151,At Risk,422,2,2085.61,1042.805,509,86.0,,,Lapsed,[Lapsed] Recovery: Time-limited 30% win-back discount + feedback survey
15152,Champions,9,14,5263.83,375.98785714285714,700,52.69230769230769,0.19851964712142944,0.0,Low,Retain: Enrol in VIP loyalty program + send thank-you offer
15153,Promising,30,1,329.25,329.25,30,,0.5515782237052917,1.0,High,Urgent Re-engage: 20% discount coupon + highlight new arrivals
15154,At Risk,74,3,1388.41,462.80333333333334,477,201.0,0.5312163233757019,1.0,Medium,Re-engage: Best-seller showcase email + 15% discount
15155,Lost Customers,382,1,383.96999999999997,383.96999999999997,382,,,,Lapsed,[Lapsed] Last Chance: Final win-back email + maximum discount
15156,Promising,0,3,961.49,320.49666666666667,33,15.5,0.29637908935546875,0.0,Low,Nurture: Monthly newsletter + loyalty point updates
15157,Promising,3,5,2654.11,530.822,728,180.75,0.3821862041950226,0.0,Medium,Nudge: Reminder email + product recommendation + limited offer
15158,Promising,44,2,606.02,303.01,400,356.0,0.643561601638794,1.0,High,Urgent Re-engage: 20% discount coupon + highlight new arrivals
15159,Champions,1,34,22116.73,650.4920588235294,431,12.666666666666666,0.135163813829422,0.0,Low,Retain: Enrol in VIP loyalty program + send thank-you offer
15160,At Risk,356,4,589.27,147.3175,420,20.666666666666668,,,Lapsed,[Lapsed] Recovery: Time-limited 30% win-back discount + feedback survey
15161,Lost Customers,387,1,119.92,119.92,387,,,,Lapsed,[Lapsed] Last Chance: Final win-back email + maximum discount
15162,Lost Customers,730,1,312.9,312.9,730,,,,Lapsed,[Lapsed] Last Chance: Final win-back email + maximum discount
15163,Promising,17,2,304.47,152.235,191,173.0,0.5559740662574768,1.0,High,Urgent Re-engage: 20% discount coupon + highlight new arrivals
15164,At Risk,68,9,2068.92,229.88,689,77.125,0.432130366563797,0.0,Medium,Re-engage: Best-seller showcase email + 15% discount
15165,Lost Customers,372,1,487.75,487.75,372,,,,Lapsed,[Lapsed] Last Chance: Final win-back email + maximum discount
15166,Lost Customers,467,1,167.16,167.16,467,,,,Lapsed,[Lapsed] Last Chance: Final win-back email + maximum discount
15167,At Risk,320,5,1659.67,331.934,672,87.75,,,Lapsed,[Lapsed] Recovery: Time-limited 30% win-back discount + feedback survey
15168,Promising,25,1,106.56,106.56,25,,0.5780557990074158,1.0,High,Urgent Re-engage: 20% discount coupon + highlight new arrivals
15169,Lost Customers,381,2,569.22,284.61,726,344.0,,,Lapsed,[Lapsed] Last Chance: Final win-back email + maximum discount
15170,Lost Customers,406,1,81.15,81.15,406,,,,Lapsed,[Lapsed] Last Chance: Final win-back email + maximum discount
15171,Lost Customers,330,1,1289.5,1289.5,330,,,,Lapsed,[Lapsed] Last Chance: Final win-back email + maximum discount
15172,Promising,8,5,1624.05,324.81,236,56.5,0.2633286416530609,0.0,Low,Nurture: Monthly newsletter + loyalty point updates
15173,At Risk,380,7,1494.6,213.5142857142857,617,38.833333333333336,,,Lapsed,[Lapsed] Recovery: Time-limited 30% win-back discount + feedback survey
15174,Lost Customers,322,2,481.46,240.73,410,87.0,,,Lapsed,[Lapsed] Last Chance: Final win-back email + maximum discount
15175,Lost Customers,71,1,224.14,224.14,71,,0.5785501003265381,1.0,High,Last Chance: Final win-back email + maximum discount
15176,Lost Customers,667,1,988.0400000000001,988.0400000000001,667,,,,Lapsed,[Lapsed] Last Chance: Final win-back email + maximum discount
15177,Lost Customers,425,1,948.9300000000001,948.9300000000001,425,,,,Lapsed,[Lapsed] Last Chance: Final win-back email + maximum discount
15178,Lost Customers,259,1,40.5,40.5,259,,,,Lapsed,[Lapsed] Last Chance: Final win-back email + maximum discount
15179,Champions,17,13,7491.92,576.3015384615385,736,59.416666666666664,0.2744264304637909,0.0,Low,Retain: Enrol in VIP loyalty program + send thank-you offer
15180,At Risk,366,3,816.9300000000001,272.31,588,110.5,,,Lapsed,[Lapsed] Recovery: Time-limited 30% win-back discount + feedback survey
15181,At Risk,65,5,1200.2,240.04000000000002,730,166.0,0.5054128170013428,1.0,Medium,Re-engage: Best-seller showcase email + 15% discount
15182,At Risk,153,11,2998.952,272.632,656,50.0,,,Lapsed,[Lapsed] Recovery: Time-limited 30% win-back discount + feedback survey
15183,Lost Customers,547,3,639.9300000000001,213.31000000000003,584,18.0,,,Lapsed,[Lapsed] Last Chance: Final win-back email + maximum discount
15184,Promising,28,4,689.95,172.4875,723,231.0,0.5967288613319397,1.0,High,Urgent Re-engage: 20% discount coupon + highlight new arrivals
15185,Lost Customers,69,1,310.62,310.62,69,,0.5613951683044434,1.0,High,Last Chance: Final win-back email + maximum discount
15186,Promising,13,5,1403.2,280.64,696,170.25,0.5521401762962341,1.0,High,Urgent Re-engage: 20% discount coupon + highlight new arrivals
15187,Champions,1,16,4777.18,298.57375,211,13.6,0.135163813829422,0.0,Low,Retain: Enrol in VIP loyalty program + send thank-you offer
15188,Lost Customers,724,1,310.43,310.43,724,,,,Lapsed,[Lapsed] Last Chance: Final win-back email + maximum discount
15189,Champions,0,46,17524.38,380.96478260869566,508,10.8,0.135163813829422,0.0,Low,Retain: Enrol in VIP loyalty program + send thank-you offer
15190,Lost Customers,433,1,834.4399999999999,834.4399999999999,433,,,,Lapsed,[Lapsed] Last Chance: Final win-back email + maximum discount
15191,Lost Customers,462,3,588.05,196.01666666666665,688,112.5,,,Lapsed,[Lapsed] Last Chance: Final win-back email + maximum discount
15192,At Risk,119,5,1666.3899999999999,333.27799999999996,679,139.75,0.46084102988243103,0.0,Medium,Re-engage: Best-seller showcase email + 15% discount
15193,Promising,60,1,499.32,499.32,60,,0.5534994006156921,1.0,High,Urgent Re-engage: 20% discount coupon + highlight new arrivals
15194,Champions,2,28,12021.53,429.34035714285716,736,26.703703703703702,0.14214089512825012,0.0,Low,Retain: Enrol in VIP loyalty program + send thank-you offer
15195,Promising,2,1,3861.0,3861.0,2,,0.45333898067474365,0.0,Medium,Nudge: Reminder email + product recommendation + limited offer
15196,Lost Customers,432,2,316.25,158.125,726,293.0,,,Lapsed,[Lapsed] Last Chance: Final win-back email + maximum discount
15197,Promising,10,6,1877.5100000000002,312.91833333333335,727,143.0,0.41676393151283264,0.0,Medium,Nudge: Reminder email + product recommendation + limited offer
15198,At Risk,91,5,571.35,114.27000000000001,689,148.75,0.6066240072250366,1.0,High,Recovery: Time-limited 30% win-back discount + feedback survey
15199,At Risk,58,10,3122.4,312.24,575,56.77777777777778,0.3574550449848175,0.0,Medium,Re-engage: Best-seller showcase email + 15% discount
15200,Lost Customers,494,1,549.0500000000001,549.0500000000001,494,,,,Lapsed,[Lapsed] Last Chance: Final win-back email + maximum discount
15201,At Risk,86,7,1842.95,263.2785714285714,610,87.0,0.3651725649833679,0.0,Medium,Re-engage: Best-seller showcase email + 15% discount
15202,At Risk,419,3,6001.49,2000.4966666666667,420,0.0,,,Lapsed,[Lapsed] Recovery: Time-limited 30% win-back discount + feedback survey
15203,Champions,25,15,4400.18,293.3453333333334,730,49.857142857142854,0.20888496935367584,0.0,Low,Retain: Enrol in VIP loyalty program + send thank-you offer
15204,Lost Customers,356,1,316.58,316.58,356,,,,Lapsed,[Lapsed] Last Chance: Final win-back email + maximum discount
15205,Promising,84,2,653.24,326.62,126,42.0,0.4022763669490814,0.0,Medium,Nudge: Reminder email + product recommendation + limited offer
15206,Promising,9,4,420.30000000000007,105.07500000000002,275,88.33333333333333,0.4721405506134033,0.0,Medium,Nudge: Reminder email + product recommendation + limited offer
15207,Lost Customers,415,3,683.92,227.97333333333333,546,65.0,,,Lapsed,[Lapsed] Last Chance: Final win-back email + maximum discount
15208,Promising,0,6,970.52,161.75333333333333,423,84.2,0.37826815247535706,0.0,Medium,Nudge: Reminder email + product recommendation + limited offer
15209,Lost Customers,729,1,178.98000000000002,178.98000000000002,729,,,,Lapsed,[Lapsed] Last Chance: Final win-back email + maximum discount
15210,At Risk,224,3,1176.19,392.06333333333333,574,174.5,,,Lapsed,[Lapsed] Recovery: Time-limited 30% win-back discount + feedback survey
15211,Promising,59,2,894.4100000000001,447.20500000000004,364,304.0,0.5966328978538513,1.0,High,Urgent Re-engage: 20% discount coupon + highlight new arrivals
15212,Lost Customers,240,2,208.27999999999997,104.13999999999999,376,135.0,,,Lapsed,[Lapsed] Last Chance: Final win-back email + maximum discount
15213,Lost Customers,318,2,328.34999999999997,164.17499999999998,329,11.0,,,Lapsed,[Lapsed] Last Chance: Final win-back email + maximum discount
15214,Champions,1,8,1661.44,207.68,242,34.0,0.16084302961826324,0.0,Low,Retain: Enrol in VIP loyalty program + send thank-you offer
15215,At Risk,46,7,2422.43,346.06142857142856,612,94.0,0.40948188304901123,0.0,Medium,Re-engage: Best-seller showcase email + 15% discount
15216,Lost Customers,87,2,486.09000000000003,243.04500000000002,618,531.0,0.6196220517158508,1.0,High,Last Chance: Final win-back email + maximum discount
15217,Lost Customers,562,1,426.24,426.24,562,,,,Lapsed,[Lapsed] Last Chance: Final win-back email + maximum discount
15218,Champions,10,22,11516.57,523.4804545454546,682,31.61904761904762,0.15483880043029785,0.0,Low,Retain: Enrol in VIP loyalty program + send thank-you offer
15219,Lost Customers,175,2,685.45,342.725,648,472.0,,,Lapsed,[Lapsed] Last Chance: Final win-back email + maximum discount
15220,At Risk,51,6,1778.96,296.49333333333334,280,45.2,0.23065528273582458,0.0,Low,Monitor: Add to re-engagement campaign
15221,At Risk,365,4,2062.2,515.55,637,90.0,,,Lapsed,[Lapsed] Recovery: Time-limited 30% win-back discount + feedback survey
15222,At Risk,318,11,3550.91,322.81,722,39.8,,,Lapsed,[Lapsed] Recovery: Time-limited 30% win-back discount + feedback survey
15223,At Risk,225,5,1417.95,283.59000000000003,734,126.75,,,Lapsed,[Lapsed] Recovery: Time-limited 30% win-back discount + feedback survey
15224,At Risk,357,5,871.36,174.272,692,83.25,,,Lapsed,[Lapsed] Recovery: Time-limited 30% win-back discount + feedback survey
15225,Lost Customers,233,1,409.40000000000003,409.40000000000003,233,,,,Lapsed,[Lapsed] Last Chance: Final win-back email + maximum discount
15226,Lost Customers,310,1,154.41,154.41,310,,,,Lapsed,[Lapsed] Last Chance: Final win-back email + maximum discount
15227,Champions,36,9,2488.4900000000002,276.4988888888889,633,74.25,0.35178330540657043,0.0,Medium,Early Alert: Personalised product recommendation based on past purchases
15228,At Risk,65,6,5580.27,930.0450000000001,499,86.2,0.3512474298477173,0.0,Medium,Re-engage: Best-seller showcase email + 15% discount
15229,Lost Customers,585,1,160.5,160.5,585,,,,Lapsed,[Lapsed] Last Chance: Final win-back email + maximum discount
15230,Lost Customers,238,2,429.6,214.8,240,1.0,,,Lapsed,[Lapsed] Last Chance: Final win-back email + maximum discount
15231,Lost Customers,620,1,250.26000000000002,250.26000000000002,620,,,,Lapsed,[Lapsed] Last Chance: Final win-back email + maximum discount
15232,Lost Customers,112,2,612.06,306.03,140,27.0,0.4429856240749359,0.0,Medium,Re-activation: Welcome-back campaign + highlight what's new
15233,Lost Customers,400,1,59.400000000000006,59.400000000000006,400,,,,Lapsed,[Lapsed] Last Chance: Final win-back email + maximum discount
15234,Lost Customers,276,1,197.0,197.0,276,,,,Lapsed,[Lapsed] Last Chance: Final win-back email + maximum discount
15235,At Risk,217,16,2772.76,173.2975,388,11.0,,,Lapsed,[Lapsed] Recovery: Time-limited 30% win-back discount + feedback survey
15236,Lost Customers,298,1,321.05,321.05,298,,,,Lapsed,[Lapsed] Last Chance: Final win-back email + maximum discount
15237,Promising,1,4,1412.3200000000002,353.08000000000004,226,74.66666666666667,0.3299277424812317,0.0,Low,Nurture: Monthly newsletter + loyalty point updates
15238,Promising,28,3,1071.99,357.33,183,76.5,0.36755669116973877,0.0,Medium,Nudge: Reminder email + product recommendation + limited offer
15239,Promising,9,2,780.59,390.295,78,68.0,0.35808059573173523,0.0,Medium,Nudge: Reminder email + product recommendation + limited offer
15240,Champions,44,12,4459.9800000000005,371.665,733,62.18181818181818,0.267170250415802,0.0,Low,Retain: Enrol in VIP loyalty program + send thank-you offer
15241,At Risk,66,11,3050.16,277.2872727272727,653,58.2,0.2791271507740021,0.0,Low,Monitor: Add to re-engagement campaign
15242,Lost Customers,421,1,302.04,302.04,421,,,,Lapsed,[Lapsed] Last Chance: Final win-back email + maximum discount
15243,Promising,73,2,927.28,463.64,434,360.0,0.6745148301124573,1.0,High,Urgent Re-engage: 20% discount coupon + highlight new arrivals
15244,Promising,64,3,912.0799999999999,304.02666666666664,665,300.0,0.6028187870979309,1.0,High,Urgent Re-engage: 20% discount coupon + highlight new arrivals
15245,At Risk,133,8,4610.84,576.355,594,65.42857142857143,0.372012734413147,0.0,Medium,Re-engage: Best-seller showcase email + 15% discount
15246,At Risk,237,3,780.4,260.1333333333333,555,158.0,,,Lapsed,[Lapsed] Recovery: Time-limited 30% win-back discount + feedback survey
15247,At Risk,121,3,976.06,325.3533333333333,536,207.0,0.6079477071762085,1.0,High,Recovery: Time-limited 30% win-back discount + feedback survey
15248,At Risk,410,3,1893.93,631.3100000000001,533,60.5,,,Lapsed,[Lapsed] Recovery: Time-limited 30% win-back discount + feedback survey
15249,Champions,31,18,9266.0,514.7777777777778,622,34.411764705882355,0.17400701344013214,0.0,Low,Retain: Enrol in VIP loyalty program + send thank-you offer
15250,Lost Customers,640,1,60.0,60.0,640,,,,Lapsed,[Lapsed] Last Chance: Final win-back email + maximum discount
15251,Champions,8,21,20324.54,967.8352380952381,679,33.05,0.15483880043029785,0.0,Low,Retain: Enrol in VIP loyalty program + send thank-you offer
15252,At Risk,35,5,2103.41,420.68199999999996,611,143.5,0.5063774585723877,1.0,Medium,Re-engage: Best-seller showcase email + 15% discount
15253,Champions,15,8,2055.09,256.88625,586,81.14285714285714,0.3732263147830963,0.0,Medium,Early Alert: Personalised product recommendation based on past purchases
15254,At Risk,126,3,1088.35,362.7833333333333,560,216.5,0.6191826462745667,1.0,High,Recovery: Time-limited 30% win-back discount + feedback survey
15255,At Risk,66,9,3729.42,414.38,736,83.25,0.4257162809371948,0.0,Medium,Re-engage: Best-seller showcase email + 15% discount
15256,Lost Customers,148,2,170.4,85.2,561,413.0,,,Lapsed,[Lapsed] Last Chance: Final win-back email + maximum discount
15257,Lost Customers,282,2,685.9,342.95,413,130.0,,,Lapsed,[Lapsed] Last Chance: Final win-back email + maximum discount
15258,Lost Customers,168,2,623.1600000000001,311.58000000000004,216,48.0,,,Lapsed,[Lapsed] Last Chance: Final win-back email + maximum discount
15259,At Risk,512,4,1182.3799999999999,295.59499999999997,682,56.333333333333336,,,Lapsed,[Lapsed] Recovery: Time-limited 30% win-back discount + feedback survey
15260,Champions,99,25,8767.73,350.7092,733,25.958333333333332,0.39195680618286133,0.0,Medium,Early Alert: Personalised product recommendation based on past purchases
15261,At Risk,134,4,1508.0,377.0,434,99.0,0.48026520013809204,0.0,Medium,Re-engage: Best-seller showcase email + 15% discount
15262,Lost Customers,323,3,418.82000000000005,139.60666666666668,487,81.5,,,Lapsed,[Lapsed] Last Chance: Final win-back email + maximum discount
15263,Lost Customers,106,1,156.51,156.51,106,,0.6006208062171936,1.0,High,Last Chance: Final win-back email + maximum discount
15264,Promising,63,2,848.4000000000001,424.20000000000005,529,466.0,0.6473719477653503,1.0,High,Urgent Re-engage: 20% discount coupon + highlight new arrivals
15265,At Risk,150,4,3345.64,836.41,737,195.33333333333334,,,Lapsed,[Lapsed] Recovery: Time-limited 30% win-back discount + feedback survey
15266,At Risk,337,5,852.21,170.442,701,90.25,,,Lapsed,[Lapsed] Recovery: Time-limited 30% win-back discount + feedback survey
15267,Promising,21,5,1717.36,343.472,182,39.75,0.2010076344013214,0.0,Low,Nurture: Monthly newsletter + loyalty point updates
15268,At Risk,478,3,961.9000000000001,320.6333333333334,605,63.0,,,Lapsed,[Lapsed] Recovery: Time-limited 30% win-back discount + feedback survey
15269,Promising,23,3,1225.3600000000001,408.4533333333334,389,183.0,0.5516820549964905,1.0,High,Urgent Re-engage: 20% discount coupon + highlight new arrivals
15270,Champions,15,21,8524.86,405.9457142857143,721,35.0,0.19982054829597473,0.0,Low,Retain: Enrol in VIP loyalty program + send thank-you offer
15271,Champions,6,24,4597.79,191.57458333333332,490,20.47826086956522,0.1411609947681427,0.0,Low,Retain: Enrol in VIP loyalty program + send thank-you offer
15272,At Risk,56,6,2085.48,347.58,662,120.6,0.47466176748275757,0.0,Medium,Re-engage: Best-seller showcase email + 15% discount
15273,Lost Customers,599,1,228.96,228.96,599,,,,Lapsed,[Lapsed] Last Chance: Final win-back email + maximum discount
15274,Promising,3,2,716.57,358.285,17,14.0,0.3677081763744354,0.0,Medium,Nudge: Reminder email + product recommendation + limited offer
15275,Promising,37,1,615.14,615.14,37,,0.5389482378959656,1.0,Medium,Nudge: Reminder email + product recommendation + limited offer
15276,Promising,65,4,649.53,162.3825,434,122.66666666666667,0.6301171183586121,1.0,High,Urgent Re-engage: 20% discount coupon + highlight new arrivals
15277,Promising,46,2,476.34,238.17,424,378.0,0.6525472402572632,1.0,High,Urgent Re-engage: 20% discount coupon + highlight new arrivals
15278,Lost Customers,561,4,496.16,124.04,664,34.333333333333336,,,Lapsed,[Lapsed] Last Chance: Final win-back email + maximum discount
15279,At Risk,354,5,1580.54,316.108,675,79.75,,,Lapsed,[Lapsed] Recovery: Time-limited 30% win-back discount + feedback survey
15280,Lost Customers,171,3,406.22,135.40666666666667,570,199.0,,,Lapsed,[Lapsed] Last Chance: Final win-back email + maximum discount
15281,Champions,58,16,8543.57,533.973125,427,24.066666666666666,0.23101860284805298,0.0,Low,Retain: Enrol in VIP loyalty program + send thank-you offer
15282,Lost Customers,569,1,348.59,348.59,569,,,,Lapsed,[Lapsed] Last Chance: Final win-back email + maximum discount
15283,Lost Customers,389,3,148.32999999999998,49.44333333333333,517,63.5,,,Lapsed,[Lapsed] Last Chance: Final win-back email + maximum discount
15284,Lost Customers,499,1,24.75,24.75,499,,,,Lapsed,[Lapsed] Last Chance: Final win-back email + maximum discount
15285,Lost Customers,407,1,94.92,94.92,407,,,,Lapsed,[Lapsed] Last Chance: Final win-back email + maximum discount
15286,Lost Customers,49,1,240.55,240.55,49,,0.5828706622123718,1.0,High,Last Chance: Final win-back email + maximum discount
15287,Promising,21,5,856.0300000000001,171.20600000000002,737,178.5,0.4682036340236664,0.0,Medium,Nudge: Reminder email + product recommendation + limited offer
15288,Champions,42,10,3717.48,371.748,664,68.55555555555556,0.2694082260131836,0.0,Low,Retain: Enrol in VIP loyalty program + send thank-you offer
15289,Promising,28,5,1593.0900000000001,318.61800000000005,621,147.75,0.4655330181121826,0.0,Medium,Nudge: Reminder email + product recommendation + limited offer
15290,Champions,4,26,10496.28,403.70307692307694,653,25.52,0.1386200189590454,0.0,Low,Retain: Enrol in VIP loyalty program + send thank-you offer
15291,Champions,25,40,13517.76,337.944,736,17.743589743589745,0.1571047157049179,0.0,Low,Retain: Enrol in VIP loyalty program + send thank-you offer
15292,Lost Customers,200,1,180.94,180.94,200,,,,Lapsed,[Lapsed] Last Chance: Final win-back email + maximum discount
15293,Lost Customers,665,1,247.5,247.5,665,,,,Lapsed,[Lapsed] Last Chance: Final win-back email + maximum discount
15294,Lost Customers,410,1,233.35,233.35,410,,,,Lapsed,[Lapsed] Last Chance: Final win-back email + maximum discount
15295,Lost Customers,653,1,217.23999999999998,217.23999999999998,653,,,,Lapsed,[Lapsed] Last Chance: Final win-back email + maximum discount
15296,Champions,50,12,10342.83,861.9025,686,57.45454545454545,0.27880793809890747,0.0,Low,Retain: Enrol in VIP loyalty program + send thank-you offer
15297,Promising,9,3,641.94,213.98000000000002,63,26.5,0.32593095302581787,0.0,Low,Nurture: Monthly newsletter + loyalty point updates
15298,Champions,1,23,9061.77,393.99,730,32.63636363636363,0.14226925373077393,0.0,Low,Retain: Enrol in VIP loyalty program + send thank-you offer
15299,Champions,66,10,6156.53,615.653,696,69.66666666666667,0.3483397364616394,0.0,Low,Retain: Enrol in VIP loyalty program + send thank-you offer
15300,Promising,63,1,496.44,496.44,63,,0.5534994006156921,1.0,High,Urgent Re-engage: 20% discount coupon + highlight new arrivals
15301,Champions,50,17,6930.07,407.6511764705882,449,24.5,0.20291031897068024,0.0,Low,Retain: Enrol in VIP loyalty program + send thank-you offer
15302,Lost Customers,729,1,308.0,308.0,729,,,,Lapsed,[Lapsed] Last Chance: Final win-back email + maximum discount
15303,At Risk,289,3,1224.18,408.06,683,196.5,,,Lapsed,[Lapsed] Recovery: Time-limited 30% win-back discount + feedback survey
15304,At Risk,60,9,796.4,88.48888888888888,421,44.75,0.31594568490982056,0.0,Low,Monitor: Add to re-engagement campaign
15305,Lost Customers,554,1,93.6,93.6,554,,,,Lapsed,[Lapsed] Last Chance: Final win-back email + maximum discount
15306,At Risk,63,9,3484.73,387.1922222222222,658,73.875,0.37014418840408325,0.0,Medium,Re-engage: Best-seller showcase email + 15% discount
15307,Lost Customers,95,1,205.3,205.3,95,,0.5810954570770264,1.0,High,Last Chance: Final win-back email + maximum discount
15308,Lost Customers,273,1,310.47,310.47,273,,,,Lapsed,[Lapsed] Last Chance: Final win-back email + maximum discount
15309,At Risk,610,4,797.96,199.49,734,41.333333333333336,,,Lapsed,[Lapsed] Recovery: Time-limited 30% win-back discount + feedback survey
15310,Lost Customers,478,1,1634.64,1634.64,478,,,,Lapsed,[Lapsed] Last Chance: Final win-back email + maximum discount
15311,Champions,0,208,115147.09,553.5917788461538,738,3.0386473429951693,0.135163813829422,0.0,Low,Retain: Enrol in VIP loyalty program + send thank-you offer
15312,At Risk,74,12,2930.19,244.1825,723,58.45454545454545,0.3667781352996826,0.0,Medium,Re-engage: Best-seller showcase email + 15% discount
15313,Lost Customers,109,1,52.0,52.0,109,,0.6660829782485962,1.0,High,Last Chance: Final win-back email + maximum discount
15314,At Risk,198,3,820.45,273.48333333333335,427,114.0,,,Lapsed,[Lapsed] Recovery: Time-limited 30% win-back discount + feedback survey
15315,Promising,63,2,570.5,285.25,115,51.0,0.39746934175491333,0.0,Medium,Nudge: Reminder email + product recommendation + limited offer
15316,Lost Customers,326,1,165.0,165.0,326,,,,Lapsed,[Lapsed] Last Chance: Final win-back email + maximum discount
15317,Lost Customers,676,1,129.75,129.75,676,,,,Lapsed,[Lapsed] Last Chance: Final win-back email + maximum discount
15318,Promising,3,1,312.62,312.62,3,,0.5359395146369934,1.0,Medium,Nudge: Reminder email + product recommendation + limited offer
15319,Lost Customers,283,1,204.5,204.5,283,,,,Lapsed,[Lapsed] Last Chance: Final win-back email + maximum discount
15320,Promising,43,1,267.13,267.13,43,,0.5724438428878784,1.0,High,Urgent Re-engage: 20% discount coupon + highlight new arrivals
15321,Champions,70,12,6709.73,559.1441666666666,674,54.54545454545455,0.31601372361183167,0.0,Low,Retain: Enrol in VIP loyalty program + send thank-you offer
15322,At Risk,85,2,1390.86,695.43,475,390.0,0.5867293477058411,1.0,High,Recovery: Time-limited 30% win-back discount + feedback survey
15323,Lost Customers,562,3,434.6,144.86666666666667,661,49.0,,,Lapsed,[Lapsed] Last Chance: Final win-back email + maximum discount
15324,Lost Customers,700,1,140.22000000000003,140.22000000000003,700,,,,Lapsed,[Lapsed] Last Chance: Final win-back email + maximum discount
15325,At Risk,103,8,1602.01,200.25125,660,79.14285714285714,0.5488364100456238,1.0,Medium,Re-engage: Best-seller showcase email + 15% discount
15326,At Risk,333,5,1700.52,340.104,737,100.75,,,Lapsed,[Lapsed] Recovery: Time-limited 30% win-back discount + feedback survey
15327,Lost Customers,52,1,208.75,208.75,52,,0.5737903714179993,1.0,High,Last Chance: Final win-back email + maximum discount
15328,Lost Customers,407,1,107.24,107.24,407,,,,Lapsed,[Lapsed] Last Chance: Final win-back email + maximum discount
15329,Champions,38,11,2984.33,271.3027272727273,725,68.2,0.3269321322441101,0.0,Low,Retain: Enrol in VIP loyalty program + send thank-you offer
15330,Promising,31,2,714.96,357.48,60,28.0,0.35673603415489197,0.0,Medium,Nudge: Reminder email + product recommendation + limited offer
15331,At Risk,499,3,767.9100000000001,255.97000000000003,608,54.5,,,Lapsed,[Lapsed] Recovery: Time-limited 30% win-back discount + feedback survey
15332,At Risk,365,6,4892.68,815.4466666666667,512,29.0,,,Lapsed,[Lapsed] Recovery: Time-limited 30% win-back discount + feedback survey
15333,Lost Customers,207,1,1028.56,1028.56,207,,,,Lapsed,[Lapsed] Last Chance: Final win-back email + maximum discount
15334,Lost Customers,156,3,351.67,117.22333333333334,172,8.0,,,Lapsed,[Lapsed] Last Chance: Final win-back email + maximum discount
15335,Lost Customers,53,1,173.97,173.97,53,,0.5816690921783447,1.0,High,Last Chance: Final win-back email + maximum discount
15336,Lost Customers,401,1,240.5,240.5,401,,,,Lapsed,[Lapsed] Last Chance: Final win-back email + maximum discount
15337,Lost Customers,410,1,373.02,373.02,410,,,,Lapsed,[Lapsed] Last Chance: Final win-back email + maximum discount
15338,Lost Customers,676,1,283.43,283.43,676,,,,Lapsed,[Lapsed] Last Chance: Final win-back email + maximum discount
15339,At Risk,65,7,1827.84,261.12,668,99.83333333333333,0.43423697352409363,0.0,Medium,Re-engage: Best-seller showcase email + 15% discount
15340,Lost Customers,561,1,105.5,105.5,561,,,,Lapsed,[Lapsed] Last Chance: Final win-back email + maximum discount
15341,At Risk,80,2,2402.72,1201.36,448,368.0,0.5259777307510376,1.0,Medium,Re-engage: Best-seller showcase email + 15% discount
15342,Lost Customers,129,1,406.09000000000003,406.09000000000003,129,,0.5683245658874512,1.0,High,Last Chance: Final win-back email + maximum discount
15343,Lost Customers,86,1,364.5,364.5,86,,0.5683245658874512,1.0,High,Last Chance: Final win-back email + maximum discount
15344,Promising,0,3,563.9399999999999,187.98,73,36.5,0.3313184976577759,0.0,Low,Nurture: Monthly newsletter + loyalty point updates
15345,Promising,45,1,393.54,393.54,45,,0.5667715072631836,1.0,High,Urgent Re-engage: 20% discount coupon + highlight new arrivals
15346,Lost Customers,332,3,596.12,198.70666666666668,430,48.5,,,Lapsed,[Lapsed] Last Chance: Final win-back email + maximum discount
15347,At Risk,365,4,1162.0,290.5,437,23.333333333333332,,,Lapsed,[Lapsed] Recovery: Time-limited 30% win-back discount + feedback survey
15348,Lost Customers,71,1,158.04,158.04,71,,0.6050295829772949,1.0,High,Last Chance: Final win-back email + maximum discount
15349,Lost Customers,157,2,473.81,236.905,186,29.0,,,Lapsed,[Lapsed] Last Chance: Final win-back email + maximum discount
15350,Lost Customers,372,2,547.6,273.8,382,9.0,,,Lapsed,[Lapsed] Last Chance: Final win-back email + maximum discount
15351,Champions,11,10,3463.62,346.36199999999997,432,46.111111111111114,0.21970632672309875,0.0,Low,Retain: Enrol in VIP loyalty program + send thank-you offer
15352,Lost Customers,548,1,114.95,114.95,548,,,,Lapsed,[Lapsed] Last Chance: Final win-back email + maximum discount
15353,At Risk,254,7,2864.3,409.1857142857143,737,80.0,,,Lapsed,[Lapsed] Recovery: Time-limited 30% win-back discount + feedback survey
15354,Lost Customers,602,3,284.4,94.8,602,0.0,,,Lapsed,[Lapsed] Last Chance: Final win-back email + maximum discount
15355,Promising,28,2,277.05,138.525,52,23.0,0.438886821269989,0.0,Medium,Nudge: Reminder email + product recommendation + limited offer
15356,Champions,30,13,3314.73,254.97923076923078,421,32.083333333333336,0.17937292158603668,0.0,Low,Retain: Enrol in VIP loyalty program + send thank-you offer
15358,Champions,4,42,16425.86,391.0919047619048,732,17.4390243902439,0.135163813829422,0.0,Low,Retain: Enrol in VIP loyalty program + send thank-you offer
15359,Lost Customers,662,8,181.35,22.66875,693,4.142857142857143,,,Lapsed,[Lapsed] Last Chance: Final win-back email + maximum discount
15360,Promising,39,1,427.93,427.93,39,,0.5697451233863831,1.0,High,Urgent Re-engage: 20% discount coupon + highlight new arrivals
15361,At Risk,361,4,689.07,172.2675,542,60.0,,,Lapsed,[Lapsed] Recovery: Time-limited 30% win-back discount + feedback survey
15362,Lost Customers,448,2,613.0799999999999,306.53999999999996,738,290.0,,,Lapsed,[Lapsed] Last Chance: Final win-back email + maximum discount
15363,Lost Customers,372,2,678.11,339.055,492,120.0,,,Lapsed,[Lapsed] Last Chance: Final win-back email + maximum discount
15364,At Risk,95,2,913.19,456.595,253,158.0,0.5251514315605164,1.0,Medium,Re-engage: Best-seller showcase email + 15% discount
15365,Champions,25,13,4557.13,350.54846153846154,672,53.666666666666664,0.2650996148586273,0.0,Low,Retain: Enrol in VIP loyalty program + send thank-you offer
15366,At Risk,74,7,2389.08,341.29714285714283,651,95.33333333333333,0.4311918616294861,0.0,Medium,Re-engage: Best-seller showcase email + 15% discount
15367,Champions,56,11,5081.33,461.9390909090909,728,66.8,0.32798102498054504,0.0,Low,Retain: Enrol in VIP loyalty program + send thank-you offer
15368,Promising,20,2,722.74,361.37,393,372.0,0.5203831195831299,1.0,Medium,Nudge: Reminder email + product recommendation + limited offer
15369,At Risk,491,11,6251.26,568.2963636363637,731,23.5,,,Lapsed,[Lapsed] Recovery: Time-limited 30% win-back discount + feedback survey
15370,Champions,40,8,3739.01,467.37625,410,52.285714285714285,0.248871847987175,0.0,Low,Retain: Enrol in VIP loyalty program + send thank-you offer
15371,Lost Customers,661,1,59.400000000000006,59.400000000000006,661,,,,Lapsed,[Lapsed] Last Chance: Final win-back email + maximum discount
15372,At Risk,136,8,6017.0599999999995,752.1324999999999,663,75.0,,,Lapsed,[Lapsed] Recovery: Time-limited 30% win-back discount + feedback survey
15373,Champions,7,17,3087.09,181.5935294117647,586,35.75,0.17108701169490814,0.0,Low,Retain: Enrol in VIP loyalty program + send thank-you offer
15374,Lost Customers,128,2,307.32,153.66,624,495.0,0.6532506942749023,1.0,High,Last Chance: Final win-back email + maximum discount
15375,Lost Customers,689,1,60.959999999999994,60.959999999999994,689,,,,Lapsed,[Lapsed] Last Chance: Final win-back email + maximum discount
15376,Promising,39,3,1233.36,411.11999999999995,221,90.5,0.3835058808326721,0.0,Medium,Nudge: Reminder email + product recommendation + limited offer
15377,At Risk,382,4,1211.75,302.9375,415,10.666666666666666,,,Lapsed,[Lapsed] Recovery: Time-limited 30% win-back discount + feedback survey
15378,Lost Customers,462,2,246.5,123.25,501,39.0,,,Lapsed,[Lapsed] Last Chance: Final win-back email + maximum discount
15379,At Risk,168,8,4877.84,609.73,400,32.42857142857143,,,Lapsed,[Lapsed] Recovery: Time-limited 30% win-back discount + feedback survey
15380,Champions,8,11,3248.96,295.36,737,72.6,0.26450473070144653,0.0,Low,Retain: Enrol in VIP loyalty program + send thank-you offer
15381,At Risk,213,5,1890.57,378.114,582,92.0,,,Lapsed,[Lapsed] Recovery: Time-limited 30% win-back discount + feedback survey
15382,Champions,14,12,13733.55,1144.4624999999999,734,65.18181818181819,0.23122474551200867,0.0,Low,Retain: Enrol in VIP loyalty program + send thank-you offer
15384,At Risk,169,4,2027.79,506.9475,592,140.0,,,Lapsed,[Lapsed] Recovery: Time-limited 30% win-back discount + feedback survey
15385,Promising,39,3,942.0799999999999,314.02666666666664,676,318.0,0.6656137704849243,1.0,High,Urgent Re-engage: 20% discount coupon + highlight new arrivals
15386,Lost Customers,185,1,394.14,394.14,185,,,,Lapsed,[Lapsed] Last Chance: Final win-back email + maximum discount
15387,Lost Customers,491,1,468.65,468.65,491,,,,Lapsed,[Lapsed] Last Chance: Final win-back email + maximum discount
15388,Lost Customers,269,1,140.54,140.54,269,,,,Lapsed,[Lapsed] Last Chance: Final win-back email + maximum discount
15389,At Risk,171,5,2733.8,546.76,681,126.75,,,Lapsed,[Lapsed] Recovery: Time-limited 30% win-back discount + feedback survey
15390,At Risk,395,2,1216.66,608.33,408,12.0,,,Lapsed,[Lapsed] Recovery: Time-limited 30% win-back discount + feedback survey
15391,Lost Customers,583,1,289.87,289.87,583,,,,Lapsed,[Lapsed] Last Chance: Final win-back email + maximum discount
15392,Champions,4,7,2911.62,415.94571428571425,431,70.66666666666667,0.326112300157547,0.0,Low,Retain: Enrol in VIP loyalty program + send thank-you offer
15393,Promising,15,5,891.34,178.268,723,176.25,0.5719398260116577,1.0,High,Urgent Re-engage: 20% discount coupon + highlight new arrivals
15394,Champions,9,11,5286.8,480.6181818181818,723,71.1,0.327311635017395,0.0,Low,Retain: Enrol in VIP loyalty program + send thank-you offer
15395,Lost Customers,325,1,107.45,107.45,325,,,,Lapsed,[Lapsed] Last Chance: Final win-back email + maximum discount
15396,At Risk,112,2,796.3800000000001,398.19000000000005,583,471.0,0.6670376658439636,1.0,High,Recovery: Time-limited 30% win-back discount + feedback survey
15397,Lost Customers,289,1,94.0,94.0,289,,,,Lapsed,[Lapsed] Last Chance: Final win-back email + maximum discount
15398,Promising,15,2,1345.53,672.765,77,62.0,0.34886202216148376,0.0,Low,Nurture: Monthly newsletter + loyalty point updates
15399,Promising,0,3,815.77,271.92333333333335,78,38.0,0.3313184976577759,0.0,Low,Nurture: Monthly newsletter + loyalty point updates
15400,At Risk,91,8,1302.3,162.7875,560,66.42857142857143,0.36012884974479675,0.0,Medium,Re-engage: Best-seller showcase email + 15% discount
15401,Lost Customers,451,2,216.95,108.475,568,116.0,,,Lapsed,[Lapsed] Last Chance: Final win-back email + maximum discount
15402,At Risk,148,6,1830.5400000000002,305.09000000000003,591,88.0,,,Lapsed,[Lapsed] Recovery: Time-limited 30% win-back discount + feedback survey
15403,Lost Customers,491,2,170.88,85.44,730,238.0,,,Lapsed,[Lapsed] Last Chance: Final win-back email + maximum discount
15404,Lost Customers,375,1,257.06,257.06,375,,,,Lapsed,[Lapsed] Last Chance: Final win-back email + maximum discount
15405,Lost Customers,188,2,659.84,329.92,575,386.0,,,Lapsed,[Lapsed] Last Chance: Final win-back email + maximum discount
15406,Promising,30,4,975.87,243.9675,452,140.33333333333334,0.483782023191452,0.0,Medium,Nudge: Reminder email + product recommendation + limited offer
15407,Promising,33,4,1056.44,264.11,304,90.33333333333333,0.3853295147418976,0.0,Medium,Nudge: Reminder email + product recommendation + limited offer
15408,Lost Customers,263,1,267.18,267.18,263,,,,Lapsed,[Lapsed] Last Chance: Final win-back email + maximum discount
15409,Lost Customers,720,1,131.25,131.25,720,,,,Lapsed,[Lapsed] Last Chance: Final win-back email + maximum discount
15410,At Risk,83,10,4685.72,468.572,599,56.77777777777778,0.2908666729927063,0.0,Low,Monitor: Add to re-engagement campaign
15411,Promising,25,4,1358.88,339.72,182,52.0,0.29049578309059143,0.0,Low,Nurture: Monthly newsletter + loyalty point updates
15412,Lost Customers,170,1,190.53,190.53,170,,,,Lapsed,[Lapsed] Last Chance: Final win-back email + maximum discount
15413,At Risk,691,5,6798.72,1359.7440000000001,738,11.0,,,Lapsed,[Lapsed] Recovery: Time-limited 30% win-back discount + feedback survey
15414,Promising,9,3,774.9000000000001,258.3,241,116.0,0.4269537925720215,0.0,Medium,Nudge: Reminder email + product recommendation + limited offer
15415,Lost Customers,312,1,572.8100000000001,572.8100000000001,312,,,,Lapsed,[Lapsed] Last Chance: Final win-back email + maximum discount
15416,At Risk,64,7,4572.82,653.26,676,101.5,0.34797316789627075,0.0,Low,Monitor: Add to re-engagement campaign
15417,Lost Customers,84,1,508.8,508.8,84,,0.5534994006156921,1.0,High,Last Chance: Final win-back email + maximum discount
15418,Lost Customers,424,2,452.32000000000005,226.16000000000003,586,161.0,,,Lapsed,[Lapsed] Last Chance: Final win-back email + maximum discount
15419,Promising,24,1,135.86,135.86,24,,0.5936691761016846,1.0,High,Urgent Re-engage: 20% discount coupon + highlight new arrivals
15420,At Risk,433,6,743.0,123.83333333333333,733,59.6,,,Lapsed,[Lapsed] Recovery: Time-limited 30% win-back discount + feedback survey
15421,Champions,58,10,3805.34,380.534,731,74.33333333333333,0.3885420858860016,0.0,Medium,Early Alert: Personalised product recommendation based on past purchases
15422,At Risk,322,7,1619.97,231.42428571428573,670,57.333333333333336,,,Lapsed,[Lapsed] Recovery: Time-limited 30% win-back discount + feedback survey
15423,Promising,37,3,266.89,88.96333333333332,620,291.0,0.6106268763542175,1.0,High,Urgent Re-engage: 20% discount coupon + highlight new arrivals
15424,Lost Customers,253,3,597.78,199.26,462,104.0,,,Lapsed,[Lapsed] Last Chance: Final win-back email + maximum discount
15425,At Risk,399,4,1944.5700000000002,486.14250000000004,663,87.33333333333333,,,Lapsed,[Lapsed] Recovery: Time-limited 30% win-back discount + feedback survey
15426,Champions,18,9,2203.97,244.88555555555553,585,70.5,0.3626255989074707,0.0,Medium,Early Alert: Personalised product recommendation based on past purchases
15427,Promising,32,3,1483.1399999999999,494.37999999999994,46,6.5,0.32873231172561646,0.0,Low,Nurture: Monthly newsletter + loyalty point updates
15428,Promising,14,4,762.75,190.6875,721,235.0,0.5404312610626221,1.0,Medium,Nudge: Reminder email + product recommendation + limited offer
15429,Promising,26,2,397.35,198.675,74,48.0,0.3949606120586395,0.0,Medium,Nudge: Reminder email + product recommendation + limited offer
15430,Lost Customers,467,2,954.75,477.375,527,60.0,,,Lapsed,[Lapsed] Last Chance: Final win-back email + maximum discount
15431,Lost Customers,502,1,153.24,153.24,502,,,,Lapsed,[Lapsed] Last Chance: Final win-back email + maximum discount
15432,Promising,22,2,320.76,160.38,540,518.0,0.616497814655304,1.0,High,Urgent Re-engage: 20% discount coupon + highlight new arrivals
15433,Lost Customers,213,2,533.3,266.65,266,53.0,,,Lapsed,[Lapsed] Last Chance: Final win-back email + maximum discount
15434,Champions,7,11,2567.06,233.36909090909091,683,67.3,0.3174280524253845,0.0,Low,Retain: Enrol in VIP loyalty program + send thank-you offer
15435,Promising,21,1,149.29,149.29,21,,0.5884762406349182,1.0,High,Urgent Re-engage: 20% discount coupon + highlight new arrivals
15436,Promising,11,3,1122.53,374.1766666666667,233,110.0,0.39265310764312744,0.0,Medium,Nudge: Reminder email + product recommendation + limited offer
15437,Lost Customers,261,2,393.45000000000005,196.72500000000002,640,378.0,,,Lapsed,[Lapsed] Last Chance: Final win-back email + maximum discount
15438,Lost Customers,130,1,156.57999999999998,156.57999999999998,130,,0.6006208062171936,1.0,High,Last Chance: Final win-back email + maximum discount
15439,At Risk,404,4,1269.0500000000002,317.26250000000005,653,82.66666666666667,,,Lapsed,[Lapsed] Recovery: Time-limited 30% win-back discount + feedback survey
15440,Promising,54,3,383.68,127.89333333333333,208,76.5,0.4811156988143921,0.0,Medium,Nudge: Reminder email + product recommendation + limited offer
15441,At Risk,395,3,1254.21,418.07,729,166.5,,,Lapsed,[Lapsed] Recovery: Time-limited 30% win-back discount + feedback survey
15442,Lost Customers,248,1,594.0,594.0,248,,,,Lapsed,[Lapsed] Last Chance: Final win-back email + maximum discount
15443,Champions,1,14,5175.93,369.7092857142857,642,48.76923076923077,0.19798031449317932,0.0,Low,Retain: Enrol in VIP loyalty program + send thank-you offer
15444,Promising,8,2,1418.2599999999998,709.1299999999999,39,31.0,0.2979716658592224,0.0,Low,Nurture: Monthly newsletter + loyalty point updates
15445,Lost Customers,263,2,284.5,142.25,589,326.0,,,Lapsed,[Lapsed] Last Chance: Final win-back email + maximum discount
15446,Lost Customers,376,3,406.95000000000005,135.65,725,174.5,,,Lapsed,[Lapsed] Last Chance: Final win-back email + maximum discount
15447,At Risk,330,5,492.88,98.576,624,73.25,,,Lapsed,[Lapsed] Recovery: Time-limited 30% win-back discount + feedback survey
15448,Lost Customers,312,2,788.81,394.405,673,361.0,,,Lapsed,[Lapsed] Last Chance: Final win-back email + maximum discount
15449,Promising,25,3,974.52,324.84,261,117.0,0.4349786341190338,0.0,Medium,Nudge: Reminder email + product recommendation + limited offer
15450,Promising,29,1,429.84,429.84,29,,0.5541040301322937,1.0,High,Urgent Re-engage: 20% discount coupon + highlight new arrivals
15451,Lost Customers,433,2,233.21,116.605,598,164.0,,,Lapsed,[Lapsed] Last Chance: Final win-back email + maximum discount
15452,At Risk,29,6,1799.1100000000001,299.8516666666667,510,95.8,0.4046076834201813,0.0,Medium,Re-engage: Best-seller showcase email + 15% discount
15453,Promising,1,7,1388.37,198.3385714285714,187,30.333333333333332,0.23510156571865082,0.0,Low,Nurture: Monthly newsletter + loyalty point updates
15454,Lost Customers,361,2,307.69,153.845,617,256.0,,,Lapsed,[Lapsed] Last Chance: Final win-back email + maximum discount
15455,Lost Customers,597,1,38.25,38.25,597,,,,Lapsed,[Lapsed] Last Chance: Final win-back email + maximum discount
15456,At Risk,282,10,2119.27,211.927,730,49.22222222222222,,,Lapsed,[Lapsed] Recovery: Time-limited 30% win-back discount + feedback survey
15457,Lost Customers,261,1,237.07,237.07,261,,,,Lapsed,[Lapsed] Last Chance: Final win-back email + maximum discount
15458,Promising,24,2,370.44,185.22,401,376.0,0.596663236618042,1.0,High,Urgent Re-engage: 20% discount coupon + highlight new arrivals
15459,Lost Customers,416,2,202.83,101.415,496,80.0,,,Lapsed,[Lapsed] Last Chance: Final win-back email + maximum discount
15460,Lost Customers,353,1,216.76,216.76,353,,,,Lapsed,[Lapsed] Last Chance: Final win-back email + maximum discount
15461,Lost Customers,460,2,429.7,214.85,631,170.0,,,Lapsed,[Lapsed] Last Chance: Final win-back email + maximum discount
15462,At Risk,93,4,737.05,184.2625,445,116.66666666666667,0.5212652087211609,1.0,Medium,Re-engage: Best-seller showcase email + 15% discount
15463,Promising,28,1,126.14,126.14,28,,0.608744740486145,1.0,High,Urgent Re-engage: 20% discount coupon + highlight new arrivals
15464,Lost Customers,337,1,1048.85,1048.85,337,,,,Lapsed,[Lapsed] Last Chance: Final win-back email + maximum discount
15465,Champions,19,32,12119.9,378.746875,729,22.35483870967742,0.15713442862033844,0.0,Low,Retain: Enrol in VIP loyalty program + send thank-you offer
15466,At Risk,84,4,1571.01,392.7525,736,216.66666666666666,0.6219432950019836,1.0,High,Recovery: Time-limited 30% win-back discount + feedback survey
15467,Promising,8,3,524.88,174.96,151,71.0,0.39353078603744507,0.0,Medium,Nudge: Reminder email + product recommendation + limited offer
15468,Promising,50,3,1430.48,476.82666666666665,392,170.5,0.5047783255577087,1.0,Medium,Nudge: Reminder email + product recommendation + limited offer
15469,Promising,49,3,874.25,291.4166666666667,438,193.5,0.49040505290031433,0.0,Medium,Nudge: Reminder email + product recommendation + limited offer
15470,Lost Customers,575,1,63.419999999999995,63.419999999999995,575,,,,Lapsed,[Lapsed] Last Chance: Final win-back email + maximum discount
15471,Promising,1,3,1316.56,438.8533333333333,550,273.5,0.5487865209579468,1.0,Medium,Nudge: Reminder email + product recommendation + limited offer
15472,Lost Customers,112,1,371.56,371.56,112,,0.5683245658874512,1.0,High,Last Chance: Final win-back email + maximum discount
15473,Champions,13,8,2046.0,255.75,444,61.142857142857146,0.28569093346595764,0.0,Low,Retain: Enrol in VIP loyalty program + send thank-you offer
15474,Lost Customers,595,1,163.1,163.1,595,,,,Lapsed,[Lapsed] Last Chance: Final win-back email + maximum discount
15475,Lost Customers,76,1,454.11,454.11,76,,0.5482667684555054,1.0,Medium,Re-activation: Welcome-back campaign + highlight what's new
15476,At Risk,379,4,2209.98,552.495,441,20.333333333333332,,,Lapsed,[Lapsed] Recovery: Time-limited 30% win-back discount + feedback survey
15477,Lost Customers,649,1,368.4,368.4,649,,,,Lapsed,[Lapsed] Last Chance: Final win-back email + maximum discount
15478,Promising,39,3,2024.98,674.9933333333333,574,267.0,0.5339507460594177,1.0,Medium,Nudge: Reminder email + product recommendation + limited offer
15479,Lost Customers,732,1,147.4,147.4,732,,,,Lapsed,[Lapsed] Last Chance: Final win-back email + maximum discount
15480,At Risk,115,5,6279.0,1255.8,675,139.5,0.48315101861953735,0.0,Medium,Re-engage: Best-seller showcase email + 15% discount
15481,At Risk,400,1,1993.34,1993.34,400,,,,Lapsed,[Lapsed] Recovery: Time-limited 30% win-back discount + feedback survey
15482,Champions,15,19,14592.56,768.0294736842105,736,39.72222222222222,0.17152653634548187,0.0,Low,Retain: Enrol in VIP loyalty program + send thank-you offer
15483,At Risk,160,10,862.1999999999999,86.22,683,57.77777777777778,,,Lapsed,[Lapsed] Recovery: Time-limited 30% win-back discount + feedback survey
15484,Champions,0,6,4656.0,776.0,733,146.0,0.3649410009384155,0.0,Medium,Early Alert: Personalised product recommendation based on past purchases
15485,Champions,29,7,4821.42,688.7742857142857,737,117.5,0.42726489901542664,0.0,Medium,Early Alert: Personalised product recommendation based on past purchases
15486,Lost Customers,526,1,102.0,102.0,526,,,,Lapsed,[Lapsed] Last Chance: Final win-back email + maximum discount
15487,Lost Customers,679,1,231.32,231.32,679,,,,Lapsed,[Lapsed] Last Chance: Final win-back email + maximum discount
15488,At Risk,92,5,431.92,86.384,582,122.25,0.6353346705436707,1.0,High,Recovery: Time-limited 30% win-back discount + feedback survey
15489,Champions,22,8,2419.61,302.45125,692,95.28571428571429,0.36392006278038025,0.0,Medium,Early Alert: Personalised product recommendation based on past purchases
15490,Lost Customers,429,1,217.6,217.6,429,,,,Lapsed,[Lapsed] Last Chance: Final win-back email + maximum discount
15491,At Risk,94,6,3100.09,516.6816666666667,235,27.6,0.31737470626831055,0.0,Low,Monitor: Add to re-engagement campaign
15492,Promising,27,2,659.46,329.73,73,46.0,0.3513043522834778,0.0,Medium,Nudge: Reminder email + product recommendation + limited offer
15493,Champions,32,9,4314.98,479.4422222222222,654,77.25,0.2716614305973053,0.0,Low,Retain: Enrol in VIP loyalty program + send thank-you offer
15494,Champions,20,5,3780.05,756.01,728,176.25,0.4556999206542969,0.0,Medium,Early Alert: Personalised product recommendation based on past purchases
15495,Lost Customers,378,1,246.5,246.5,378,,,,Lapsed,[Lapsed] Last Chance: Final win-back email + maximum discount
15496,Lost Customers,630,1,146.14,146.14,630,,,,Lapsed,[Lapsed] Last Chance: Final win-back email + maximum discount
15497,Champions,17,9,8657.39,961.9322222222222,720,87.25,0.3911498785018921,0.0,Medium,Early Alert: Personalised product recommendation based on past purchases
15498,Champions,2,44,25062.86,569.6104545454546,722,16.3953488372093,0.135163813829422,0.0,Low,Retain: Enrol in VIP loyalty program + send thank-you offer
15499,Lost Customers,723,1,161.6,161.6,723,,,,Lapsed,[Lapsed] Last Chance: Final win-back email + maximum discount
15500,Promising,7,4,1131.56,282.89,80,23.666666666666668,0.27398985624313354,0.0,Low,Nurture: Monthly newsletter + loyalty point updates
15501,Lost Customers,404,2,402.5,201.25,415,10.0,,,Lapsed,[Lapsed] Last Chance: Final win-back email + maximum discount
15502,Champions,15,14,13064.07,933.1478571428571,554,41.07692307692308,0.16267013549804688,0.0,Low,Retain: Enrol in VIP loyalty program + send thank-you offer
15503,Lost Customers,362,2,267.15,133.575,726,363.0,,,Lapsed,[Lapsed] Last Chance: Final win-back email + maximum discount
15504,Promising,80,4,423.85,105.9625,665,194.33333333333334,0.6368836164474487,1.0,High,Urgent Re-engage: 20% discount coupon + highlight new arrivals
15505,At Risk,52,5,3610.96,722.192,154,25.25,0.2542983591556549,0.0,Low,Monitor: Add to re-engagement campaign
15506,Promising,22,6,2040.03,340.005,477,90.6,0.3901442587375641,0.0,Medium,Nudge: Reminder email + product recommendation + limited offer
15507,Lost Customers,171,1,492.36,492.36,171,,,,Lapsed,[Lapsed] Last Chance: Final win-back email + maximum discount
15508,At Risk,188,6,1000.27,166.71166666666667,234,8.8,,,Lapsed,[Lapsed] Recovery: Time-limited 30% win-back discount + feedback survey
15509,Lost Customers,379,1,166.51,166.51,379,,,,Lapsed,[Lapsed] Last Chance: Final win-back email + maximum discount
15510,Lost Customers,330,1,250.0,250.0,330,,,,Lapsed,[Lapsed] Last Chance: Final win-back email + maximum discount
15511,Promising,11,5,909.23,181.846,84,18.0,0.23552316427230835,0.0,Low,Nurture: Monthly newsletter + loyalty point updates
15512,Lost Customers,155,4,331.58000000000004,82.89500000000001,675,172.66666666666666,,,Lapsed,[Lapsed] Last Chance: Final win-back email + maximum discount
15513,Champions,32,35,26437.05,755.3442857142857,694,19.08823529411765,0.17785489559173584,0.0,Low,Retain: Enrol in VIP loyalty program + send thank-you offer
15514,Champions,11,18,6598.55,366.5861111111111,734,42.0,0.1736120879650116,0.0,Low,Retain: Enrol in VIP loyalty program + send thank-you offer
15515,Lost Customers,386,1,171.81,171.81,386,,,,Lapsed,[Lapsed] Last Chance: Final win-back email + maximum discount
15516,Lost Customers,44,3,62.43,20.81,46,0.5,0.6228601336479187,1.0,High,Last Chance: Final win-back email + maximum discount
15517,Lost Customers,232,1,267.03,267.03,232,,,,Lapsed,[Lapsed] Last Chance: Final win-back email + maximum discount
15518,Champions,63,15,4218.94,281.26266666666663,719,46.357142857142854,0.2503872513771057,0.0,Low,Retain: Enrol in VIP loyalty program + send thank-you offer
15519,Lost Customers,382,2,344.61,172.305,445,63.0,,,Lapsed,[Lapsed] Last Chance: Final win-back email + maximum discount
15520,Promising,1,1,343.5,343.5,1,,0.5388541221618652,1.0,Medium,Nudge: Reminder email + product recommendation + limited offer
15521,Champions,39,16,7106.69,444.168125,703,43.86666666666667,0.21027566492557526,0.0,Low,Retain: Enrol in VIP loyalty program + send thank-you offer
15522,Promising,32,2,398.84,199.42,87,54.0,0.402601420879364,0.0,Medium,Nudge: Reminder email + product recommendation + limited offer
15523,Champions,83,16,17359.99,1084.999375,736,43.06666666666667,0.4522690176963806,0.0,Medium,Early Alert: Personalised product recommendation based on past purchases
15524,Promising,24,2,591.4,295.7,606,582.0,0.6418378949165344,1.0,High,Urgent Re-engage: 20% discount coupon + highlight new arrivals
15525,Promising,1,4,981.77,245.4425,382,126.33333333333333,0.43641334772109985,0.0,Medium,Nudge: Reminder email + product recommendation + limited offer
15526,Promising,32,2,148.44,74.22,32,0.0,0.6383754014968872,1.0,High,Urgent Re-engage: 20% discount coupon + highlight new arrivals
15527,Champions,18,23,5575.64,242.41913043478263,723,31.636363636363637,0.16344672441482544,0.0,Low,Retain: Enrol in VIP loyalty program + send thank-you offer
15528,Lost Customers,253,1,229.33,229.33,253,,,,Lapsed,[Lapsed] Last Chance: Final win-back email + maximum discount
15529,Champions,22,12,4816.29,401.3575,393,33.18181818181818,0.15867578983306885,0.0,Low,Retain: Enrol in VIP loyalty program + send thank-you offer
15530,Promising,21,5,1813.72,362.744,512,122.5,0.4025842547416687,0.0,Medium,Nudge: Reminder email + product recommendation + limited offer
15531,Promising,7,2,2007.44,1003.72,29,22.0,0.2722216248512268,0.0,Low,Nurture: Monthly newsletter + loyalty point updates
15532,Champions,24,10,3771.9,377.19,548,57.666666666666664,0.30146482586860657,0.0,Low,Retain: Enrol in VIP loyalty program + send thank-you offer
15533,Promising,18,3,807.5699999999999,269.19,88,34.5,0.32593095302581787,0.0,Low,Nurture: Monthly newsletter + loyalty point updates
15534,Lost Customers,725,1,162.25,162.25,725,,,,Lapsed,[Lapsed] Last Chance: Final win-back email + maximum discount
15535,At Risk,172,6,1087.8200000000002,181.30333333333337,448,54.8,,,Lapsed,[Lapsed] Recovery: Time-limited 30% win-back discount + feedback survey
15536,Lost Customers,408,1,259.09,259.09,408,,,,Lapsed,[Lapsed] Last Chance: Final win-back email + maximum discount
15537,Lost Customers,162,1,110.92,110.92,162,,,,Lapsed,[Lapsed] Last Chance: Final win-back email + maximum discount
15538,At Risk,537,6,3358.4,559.7333333333333,663,24.8,,,Lapsed,[Lapsed] Recovery: Time-limited 30% win-back discount + feedback survey
15539,Promising,6,1,538.46,538.46,6,,0.4923345148563385,0.0,Medium,Nudge: Reminder email + product recommendation + limited offer
15540,Promising,10,2,460.68,230.34,375,364.0,0.6273956894874573,1.0,High,Urgent Re-engage: 20% discount coupon + highlight new arrivals
15541,Lost Customers,113,1,85.13000000000001,85.13000000000001,113,,0.6479616165161133,1.0,High,Last Chance: Final win-back email + maximum discount
15542,At Risk,511,3,918.45,306.15000000000003,737,112.5,,,Lapsed,[Lapsed] Recovery: Time-limited 30% win-back discount + feedback survey
15543,Lost Customers,287,2,242.84,121.42,459,171.0,,,Lapsed,[Lapsed] Last Chance: Final win-back email + maximum discount
15544,Champions,8,20,7807.89,390.3945,679,34.8421052631579,0.17619092762470245,0.0,Low,Retain: Enrol in VIP loyalty program + send thank-you offer
15545,Promising,53,2,292.72,146.36,370,316.0,0.633759617805481,1.0,High,Urgent Re-engage: 20% discount coupon + highlight new arrivals
15546,Lost Customers,606,2,1079.1000000000001,539.5500000000001,606,0.0,,,Lapsed,[Lapsed] Last Chance: Final win-back email + maximum discount
15547,Champions,6,26,10154.39,390.55346153846153,732,28.6,0.1386200189590454,0.0,Low,Retain: Enrol in VIP loyalty program + send thank-you offer
15548,Lost Customers,595,1,158.09,158.09,595,,,,Lapsed,[Lapsed] Last Chance: Final win-back email + maximum discount
15549,At Risk,76,8,2345.96,293.245,696,88.14285714285714,0.3684096038341522,0.0,Medium,Re-engage: Best-seller showcase email + 15% discount
15550,Champions,3,12,2218.8,184.9,735,66.0909090909091,0.34768146276474,0.0,Low,Retain: Enrol in VIP loyalty program + send thank-you offer
15551,At Risk,36,7,1710.08,244.29714285714286,549,85.16666666666667,0.4465821385383606,0.0,Medium,Re-engage: Best-seller showcase email + 15% discount
15552,Lost Customers,216,2,252.52,126.26,622,405.0,,,Lapsed,[Lapsed] Last Chance: Final win-back email + maximum discount
15553,Promising,59,1,437.23,437.23,59,,0.5722622275352478,1.0,High,Urgent Re-engage: 20% discount coupon + highlight new arrivals
15554,Lost Customers,277,1,217.2,217.2,277,,,,Lapsed,[Lapsed] Last Chance: Final win-back email + maximum discount
15555,Champions,11,36,11293.57,313.7102777777778,733,20.228571428571428,0.13682304322719574,0.0,Low,Retain: Enrol in VIP loyalty program + send thank-you offer
15556,Promising,23,1,279.77,279.77,23,,0.5386476516723633,1.0,Medium,Nudge: Reminder email + product recommendation + limited offer
15557,Promising,28,1,473.65000000000003,473.65000000000003,28,,0.5362029075622559,1.0,Medium,Nudge: Reminder email + product recommendation + limited offer
15558,Lost Customers,638,1,214.13,214.13,638,,,,Lapsed,[Lapsed] Last Chance: Final win-back email + maximum discount
15559,Lost Customers,567,1,1109.4,1109.4,567,,,,Lapsed,[Lapsed] Last Chance: Final win-back email + maximum discount
15560,Lost Customers,397,2,153.52,76.76,397,0.0,,,Lapsed,[Lapsed] Last Chance: Final win-back email + maximum discount
15561,Champions,11,8,1934.3899999999999,241.79874999999998,663,92.57142857142857,0.4156382381916046,0.0,Medium,Early Alert: Personalised product recommendation based on past purchases
15562,Lost Customers,351,3,673.3800000000001,224.46000000000004,725,186.5,,,Lapsed,[Lapsed] Last Chance: Final win-back email + maximum discount
15563,Champions,21,7,2867.0,409.57142857142856,680,109.5,0.3769490718841553,0.0,Medium,Early Alert: Personalised product recommendation based on past purchases
15564,Lost Customers,462,2,70.74000000000001,35.370000000000005,675,212.0,,,Lapsed,[Lapsed] Last Chance: Final win-back email + maximum discount
15565,Promising,49,2,173.16000000000003,86.58000000000001,70,20.0,0.50506591796875,1.0,Medium,Nudge: Reminder email + product recommendation + limited offer
15566,Lost Customers,392,2,227.87,113.935,723,331.0,,,Lapsed,[Lapsed] Last Chance: Final win-back email + maximum discount
15567,Promising,18,1,186.01,186.01,18,,0.5487217307090759,1.0,Medium,Nudge: Reminder email + product recommendation + limited offer
15568,Promising,2,3,758.29,252.76333333333332,72,34.5,0.3313184976577759,0.0,Low,Nurture: Monthly newsletter + loyalty point updates
15569,At Risk,103,10,3586.3500000000004,358.63500000000005,649,60.22222222222222,0.35803377628326416,0.0,Medium,Re-engage: Best-seller showcase email + 15% discount
15570,Champions,6,25,8793.39,351.7356,620,25.083333333333332,0.15483880043029785,0.0,Low,Retain: Enrol in VIP loyalty program + send thank-you offer
15571,Champions,11,14,4051.6299999999997,289.40214285714285,733,55.0,0.3335725665092468,0.0,Low,Retain: Enrol in VIP loyalty program + send thank-you offer
15572,Champions,4,10,4068.67,406.867,603,66.11111111111111,0.24648061394691467,0.0,Low,Retain: Enrol in VIP loyalty program + send thank-you offer
15573,Promising,31,5,1207.1799999999998,241.43599999999998,728,173.75,0.5107917785644531,1.0,Medium,Nudge: Reminder email + product recommendation + limited offer
15574,At Risk,177,6,1143.05,190.50833333333333,463,56.8,,,Lapsed,[Lapsed] Recovery: Time-limited 30% win-back discount + feedback survey
15575,Lost Customers,619,1,30.1,30.1,619,,,,Lapsed,[Lapsed] Last Chance: Final win-back email + maximum discount
15576,Promising,37,1,940.67,940.67,37,,0.5067129731178284,1.0,Medium,Nudge: Reminder email + product recommendation + limited offer
15577,At Risk,150,5,397.98,79.596,725,143.25,,,Lapsed,[Lapsed] Recovery: Time-limited 30% win-back discount + feedback survey
15578,Lost Customers,161,1,127.1,127.1,161,,,,Lapsed,[Lapsed] Last Chance: Final win-back email + maximum discount
15579,At Risk,68,5,1302.5,260.5,431,90.5,0.4977862238883972,0.0,Medium,Re-engage: Best-seller showcase email + 15% discount
15580,At Risk,376,8,1381.19,172.64875,670,41.57142857142857,,,Lapsed,[Lapsed] Recovery: Time-limited 30% win-back discount + feedback survey
15581,Champions,120,38,7522.25,197.95394736842104,737,16.216216216216218,0.3986835479736328,0.0,Medium,Early Alert: Personalised product recommendation based on past purchases
15582,Promising,24,3,682.9100000000001,227.63666666666668,219,97.5,0.4199109375476837,0.0,Medium,Nudge: Reminder email + product recommendation + limited offer
15583,Lost Customers,375,1,107.86,107.86,375,,,,Lapsed,[Lapsed] Last Chance: Final win-back email + maximum discount
15584,Promising,23,6,1277.5,212.91666666666666,670,128.8,0.44317710399627686,0.0,Medium,Nudge: Reminder email + product recommendation + limited offer
15585,Lost Customers,176,1,455.3,455.3,176,,,,Lapsed,[Lapsed] Last Chance: Final win-back email + maximum discount
15586,At Risk,592,3,1139.1000000000001,379.70000000000005,700,54.0,,,Lapsed,[Lapsed] Recovery: Time-limited 30% win-back discount + feedback survey
15587,At Risk,49,7,1522.08,217.44,491,73.16666666666667,0.3915040194988251,0.0,Medium,Re-engage: Best-seller showcase email + 15% discount
15588,Lost Customers,677,1,579.6,579.6,677,,,,Lapsed,[Lapsed] Last Chance: Final win-back email + maximum discount
15589,Lost Customers,255,3,478.53,159.51,310,27.0,,,Lapsed,[Lapsed] Last Chance: Final win-back email + maximum discount
15590,At Risk,381,5,1496.6,299.32,606,55.75,,,Lapsed,[Lapsed] Recovery: Time-limited 30% win-back discount + feedback survey
15591,Lost Customers,582,3,217.9,72.63333333333334,673,45.0,,,Lapsed,[Lapsed] Last Chance: Final win-back email + maximum discount
15592,Promising,46,1,388.58,388.58,46,,0.5667715072631836,1.0,High,Urgent Re-engage: 20% discount coupon + highlight new arrivals
15593,Lost Customers,70,1,199.8,199.8,70,,0.5785501003265381,1.0,High,Last Chance: Final win-back email + maximum discount
15594,Promising,15,5,1771.7800000000002,354.35600000000005,234,54.5,0.2610864043235779,0.0,Low,Nurture: Monthly newsletter + loyalty point updates
15595,Lost Customers,487,1,357.59999999999997,357.59999999999997,487,,,,Lapsed,[Lapsed] Last Chance: Final win-back email + maximum discount
15596,At Risk,100,9,2727.72,303.08,499,49.5,0.3343099057674408,0.0,Low,Monitor: Add to re-engagement campaign
15597,Promising,34,2,563.37,281.685,574,540.0,0.6656137704849243,1.0,High,Urgent Re-engage: 20% discount coupon + highlight new arrivals
15598,Promising,52,2,548.02,274.01,427,374.0,0.6541615724563599,1.0,High,Urgent Re-engage: 20% discount coupon + highlight new arrivals
15599,Promising,26,3,1250.06,416.68666666666667,445,209.0,0.5482487082481384,1.0,Medium,Nudge: Reminder email + product recommendation + limited offer
15600,At Risk,427,4,1199.31,299.8275,593,54.666666666666664,,,Lapsed,[Lapsed] Recovery: Time-limited 30% win-back discount + feedback survey
15601,Champions,10,30,14191.74,473.058,737,24.586206896551722,0.15713442862033844,0.0,Low,Retain: Enrol in VIP loyalty program + send thank-you offer
15602,Champions,7,16,3137.96,196.1225,737,48.0,0.23242641985416412,0.0,Low,Retain: Enrol in VIP loyalty program + send thank-you offer
15603,Lost Customers,78,2,88.48,44.24,647,569.0,0.6332933306694031,1.0,High,Last Chance: Final win-back email + maximum discount
15604,Lost Customers,51,1,216.39000000000001,216.39000000000001,51,,0.5737903714179993,1.0,High,Last Chance: Final win-back email + maximum discount
15605,At Risk,35,9,1741.95,193.55,693,81.75,0.3711622953414917,0.0,Medium,Re-engage: Best-seller showcase email + 15% discount
15606,Champions,60,17,5230.99,307.70529411764704,646,36.1875,0.22134758532047272,0.0,Low,Retain: Enrol in VIP loyalty program + send thank-you offer
15607,At Risk,336,9,1708.97,189.88555555555556,700,45.125,,,Lapsed,[Lapsed] Recovery: Time-limited 30% win-back discount + feedback survey
15608,Promising,27,5,1785.98,357.196,415,96.25,0.35849523544311523,0.0,Medium,Nudge: Reminder email + product recommendation + limited offer
15609,Lost Customers,183,1,298.48,298.48,183,,,,Lapsed,[Lapsed] Last Chance: Final win-back email + maximum discount
15610,Lost Customers,51,1,112.46000000000001,112.46000000000001,51,,0.60676109790802,1.0,High,Last Chance: Final win-back email + maximum discount
15611,Champions,9,26,2997.28,115.28,682,26.44,0.15324875712394714,0.0,Low,Retain: Enrol in VIP loyalty program + send thank-you offer
15612,Promising,35,2,195.15,97.575,61,25.0,0.4503311216831207,0.0,Medium,Nudge: Reminder email + product recommendation + limited offer
15613,Lost Customers,609,1,433.71999999999997,433.71999999999997,609,,,,Lapsed,[Lapsed] Last Chance: Final win-back email + maximum discount
15614,At Risk,437,4,3147.36,786.84,626,62.666666666666664,,,Lapsed,[Lapsed] Recovery: Time-limited 30% win-back discount + feedback survey
15615,Champions,9,47,21373.97,454.7653191489362,736,15.391304347826088,0.13861103355884552,0.0,Low,Retain: Enrol in VIP loyalty program + send thank-you offer
15616,Lost Customers,437,1,317.11,317.11,437,,,,Lapsed,[Lapsed] Last Chance: Final win-back email + maximum discount
15617,At Risk,395,3,828.55,276.18333333333334,506,55.0,,,Lapsed,[Lapsed] Recovery: Time-limited 30% win-back discount + feedback survey
15618,Promising,32,4,776.851,194.21275,136,34.333333333333336,0.3327431082725525,0.0,Low,Nurture: Monthly newsletter + loyalty point updates
15619,Promising,10,1,336.4,336.4,10,,0.5266326069831848,1.0,Medium,Nudge: Reminder email + product recommendation + limited offer
15620,At Risk,56,4,1942.36,485.59,409,117.33333333333333,0.43672069907188416,0.0,Medium,Re-engage: Best-seller showcase email + 15% discount
15621,Promising,3,4,1293.03,323.2575,21,5.333333333333333,0.29878246784210205,0.0,Low,Nurture: Monthly newsletter + loyalty point updates
15622,Champions,42,17,7852.61,461.9182352941176,645,37.375,0.1801731437444687,0.0,Low,Retain: Enrol in VIP loyalty program + send thank-you offer
15623,At Risk,140,8,2437.05,304.63125,728,83.57142857142857,,,Lapsed,[Lapsed] Recovery: Time-limited 30% win-back discount + feedback survey
15624,At Risk,116,4,588.13,147.0325,255,46.0,0.4030669629573822,0.0,Medium,Re-engage: Best-seller showcase email + 15% discount
15625,At Risk,103,9,3236.4,359.6,541,54.25,0.3617442846298218,0.0,Medium,Re-engage: Best-seller showcase email + 15% discount
15626,At Risk,74,3,1067.52,355.84,420,172.5,0.5117315053939819,1.0,Medium,Re-engage: Best-seller showcase email + 15% discount
15627,Lost Customers,456,2,566.9000000000001,283.45000000000005,522,65.0,,,Lapsed,[Lapsed] Last Chance: Final win-back email + maximum discount
15628,Champions,4,17,5333.08,313.7105882352941,725,44.5625,0.17263510823249817,0.0,Low,Retain: Enrol in VIP loyalty program + send thank-you offer
15629,At Risk,449,4,2240.9,560.225,532,27.333333333333332,,,Lapsed,[Lapsed] Recovery: Time-limited 30% win-back discount + feedback survey
15630,Promising,44,3,1481.4,493.8,643,299.0,0.5289756059646606,1.0,Medium,Nudge: Reminder email + product recommendation + limited offer
15631,Lost Customers,641,1,596.67,596.67,641,,,,Lapsed,[Lapsed] Last Chance: Final win-back email + maximum discount
15632,Champions,15,8,3285.31,410.66375,274,36.57142857142857,0.17348603904247284,0.0,Low,Retain: Enrol in VIP loyalty program + send thank-you offer
15633,At Risk,508,13,4352.46,334.8046153846154,730,17.916666666666668,,,Lapsed,[Lapsed] Recovery: Time-limited 30% win-back discount + feedback survey
15634,Promising,16,2,554.6500000000001,277.32500000000005,382,366.0,0.6360583305358887,1.0,High,Urgent Re-engage: 20% discount coupon + highlight new arrivals
15635,Lost Customers,395,1,100.35,100.35,395,,,,Lapsed,[Lapsed] Last Chance: Final win-back email + maximum discount
15636,At Risk,89,4,1444.58,361.145,569,159.33333333333334,0.5177997946739197,1.0,Medium,Re-engage: Best-seller showcase email + 15% discount
15637,At Risk,52,5,797.59,159.518,723,167.5,0.5777618885040283,1.0,High,Recovery: Time-limited 30% win-back discount + feedback survey
15638,At Risk,378,6,2265.2,377.5333333333333,609,46.0,,,Lapsed,[Lapsed] Recovery: Time-limited 30% win-back discount + feedback survey
15639,At Risk,133,3,1065.08,355.02666666666664,604,235.0,0.6048582196235657,1.0,High,Recovery: Time-limited 30% win-back discount + feedback survey
15640,Champions,3,29,23623.86,814.6158620689655,724,25.357142857142858,0.14214089512825012,0.0,Low,Retain: Enrol in VIP loyalty program + send thank-you offer
15641,At Risk,104,12,5345.55,445.46250000000003,732,56.63636363636363,0.35607728362083435,0.0,Medium,Re-engage: Best-seller showcase email + 15% discount
15642,Lost Customers,729,1,105.78,105.78,729,,,,Lapsed,[Lapsed] Last Chance: Final win-back email + maximum discount
15643,At Risk,191,3,664.0,221.33333333333334,281,45.0,,,Lapsed,[Lapsed] Recovery: Time-limited 30% win-back discount + feedback survey
15644,At Risk,165,4,813.0,203.25,260,31.0,,,Lapsed,[Lapsed] Recovery: Time-limited 30% win-back discount + feedback survey
15645,Promising,18,3,1055.17,351.72333333333336,424,203.0,0.4843517541885376,0.0,Medium,Nudge: Reminder email + product recommendation + limited offer
15646,At Risk,157,5,784.8100000000001,156.96200000000002,409,63.0,,,Lapsed,[Lapsed] Recovery: Time-limited 30% win-back discount + feedback survey
15647,Lost Customers,414,1,169.0,169.0,414,,,,Lapsed,[Lapsed] Last Chance: Final win-back email + maximum discount
15648,Lost Customers,203,2,657.35,328.675,266,62.0,,,Lapsed,[Lapsed] Last Chance: Final win-back email + maximum discount
15649,At Risk,335,4,1660.35,415.0875,386,16.666666666666668,,,Lapsed,[Lapsed] Recovery: Time-limited 30% win-back discount + feedback survey
15650,Lost Customers,521,2,553.88,276.94,628,106.0,,,Lapsed,[Lapsed] Last Chance: Final win-back email + maximum discount
15651,Promising,36,5,1259.06,251.81199999999998,595,139.5,0.4639812409877777,0.0,Medium,Nudge: Reminder email + product recommendation + limited offer
15652,At Risk,90,5,1420.34,284.068,484,97.75,0.5091142058372498,1.0,Medium,Re-engage: Best-seller showcase email + 15% discount
15653,Promising,92,2,877.44,438.72,115,23.0,0.4429405927658081,0.0,Medium,Nudge: Reminder email + product recommendation + limited offer
15654,Promising,8,2,922.53,461.265,25,16.0,0.3470500707626343,0.0,Low,Nurture: Monthly newsletter + loyalty point updates
15655,Lost Customers,242,1,560.6700000000001,560.6700000000001,242,,,,Lapsed,[Lapsed] Last Chance: Final win-back email + maximum discount
15656,Promising,44,4,748.5,187.125,283,79.33333333333333,0.40945297479629517,0.0,Medium,Nudge: Reminder email + product recommendation + limited offer
15657,Lost Customers,22,1,30.0,30.0,22,,0.6259864568710327,1.0,High,Last Chance: Final win-back email + maximum discount
15658,At Risk,189,8,2117.27,264.65875,736,77.57142857142857,,,Lapsed,[Lapsed] Recovery: Time-limited 30% win-back discount + feedback survey
15659,Promising,43,3,532.49,177.49666666666667,652,304.0,0.6656137704849243,1.0,High,Urgent Re-engage: 20% discount coupon + highlight new arrivals
15660,Champions,24,15,2603.69,173.57933333333332,671,45.785714285714285,0.2435695379972458,0.0,Low,Retain: Enrol in VIP loyalty program + send thank-you offer
15661,At Risk,316,8,1215.9499999999998,151.99374999999998,578,36.857142857142854,,,Lapsed,[Lapsed] Recovery: Time-limited 30% win-back discount + feedback survey
15662,Lost Customers,660,2,283.73,141.865,737,77.0,,,Lapsed,[Lapsed] Last Chance: Final win-back email + maximum discount
15663,Lost Customers,105,1,138.14,138.14,105,,0.6447242498397827,1.0,High,Last Chance: Final win-back email + maximum discount
15664,At Risk,50,4,1254.03,313.5075,649,199.0,0.5546895861625671,1.0,High,Recovery: Time-limited 30% win-back discount + feedback survey
15665,At Risk,167,5,4015.12,803.024,634,116.25,,,Lapsed,[Lapsed] Recovery: Time-limited 30% win-back discount + feedback survey
15666,Lost Customers,471,2,632.94,316.47,494,23.0,,,Lapsed,[Lapsed] Last Chance: Final win-back email + maximum discount
15667,Promising,39,1,301.32000000000005,301.32000000000005,39,,0.5575624108314514,1.0,High,Urgent Re-engage: 20% discount coupon + highlight new arrivals
15668,Lost Customers,217,1,76.32000000000001,76.32000000000001,217,,,,Lapsed,[Lapsed] Last Chance: Final win-back email + maximum discount
15669,Promising,39,4,684.34,171.085,263,74.0,0.40453439950942993,0.0,Medium,Nudge: Reminder email + product recommendation + limited offer
15670,Lost Customers,296,2,325.20000000000005,162.60000000000002,555,259.0,,,Lapsed,[Lapsed] Last Chance: Final win-back email + maximum discount
15671,Champions,18,7,2657.13,379.59000000000003,270,41.5,0.19506637752056122,0.0,Low,Retain: Enrol in VIP loyalty program + send thank-you offer
15672,Lost Customers,724,1,45.300000000000004,45.300000000000004,724,,,,Lapsed,[Lapsed] Last Chance: Final win-back email + maximum discount
15673,At Risk,87,9,6414.79,712.7544444444444,654,70.25,0.3664437234401703,0.0,Medium,Re-engage: Best-seller showcase email + 15% discount
15674,Champions,72,13,6948.23,534.4792307692308,730,54.333333333333336,0.2804441750049591,0.0,Low,Retain: Enrol in VIP loyalty program + send thank-you offer
15675,At Risk,80,4,542.04,135.51,403,107.33333333333333,0.5301754474639893,1.0,Medium,Re-engage: Best-seller showcase email + 15% discount
15676,Promising,18,3,3435.76,1145.2533333333333,283,132.0,0.3867412507534027,0.0,Medium,Nudge: Reminder email + product recommendation + limited offer
15677,Promising,48,3,1305.63,435.21000000000004,463,207.0,0.5704335570335388,1.0,High,Urgent Re-engage: 20% discount coupon + highlight new arrivals
15678,At Risk,52,3,1893.89,631.2966666666667,522,234.5,0.608053982257843,1.0,High,Recovery: Time-limited 30% win-back discount + feedback survey
15679,Promising,23,4,781.28,195.32,182,52.333333333333336,0.32593095302581787,0.0,Low,Nurture: Monthly newsletter + loyalty point updates
15680,Champions,8,10,4028.6900000000005,402.869,737,80.33333333333333,0.4084700047969818,0.0,Medium,Early Alert: Personalised product recommendation based on past purchases
15681,Champions,24,14,2989.7,213.54999999999998,563,41.15384615384615,0.22085081040859222,0.0,Low,Retain: Enrol in VIP loyalty program + send thank-you offer
15682,Lost Customers,598,2,318.24,159.12,686,88.0,,,Lapsed,[Lapsed] Last Chance: Final win-back email + maximum discount
15683,Lost Customers,116,2,524.54,262.27,473,356.0,0.6289328336715698,1.0,High,Last Chance: Final win-back email + maximum discount
15684,Lost Customers,546,3,173.95,57.98333333333333,734,93.5,,,Lapsed,[Lapsed] Last Chance: Final win-back email + maximum discount
15685,Lost Customers,449,1,55.980000000000004,55.980000000000004,449,,,,Lapsed,[Lapsed] Last Chance: Final win-back email + maximum discount
15686,Lost Customers,419,1,90.0,90.0,419,,,,Lapsed,[Lapsed] Last Chance: Final win-back email + maximum discount
15687,Champions,8,9,2993.1,332.56666666666666,329,39.625,0.1697118729352951,0.0,Low,Retain: Enrol in VIP loyalty program + send thank-you offer
15688,Lost Customers,418,1,190.57,190.57,418,,,,Lapsed,[Lapsed] Last Chance: Final win-back email + maximum discount
15689,At Risk,119,3,521.03,173.67666666666665,617,248.5,0.6193483471870422,1.0,High,Recovery: Time-limited 30% win-back discount + feedback survey
15690,Promising,3,2,239.76,119.88,100,96.0,0.48549601435661316,0.0,Medium,Nudge: Reminder email + product recommendation + limited offer
15691,At Risk,251,4,571.3,142.825,732,160.0,,,Lapsed,[Lapsed] Recovery: Time-limited 30% win-back discount + feedback survey
15692,Promising,27,1,191.04,191.04,27,,0.5586685538291931,1.0,High,Urgent Re-engage: 20% discount coupon + highlight new arrivals
15693,Lost Customers,658,1,37.5,37.5,658,,,,Lapsed,[Lapsed] Last Chance: Final win-back email + maximum discount
15694,Champions,0,24,9978.48,415.77,731,31.304347826086957,0.14226925373077393,0.0,Low,Retain: Enrol in VIP loyalty program + send thank-you offer
15695,At Risk,266,4,1131.04,282.76,681,137.66666666666666,,,Lapsed,[Lapsed] Recovery: Time-limited 30% win-back discount + feedback survey
15696,Champions,32,13,3906.5699999999997,300.50538461538457,683,53.75,0.23134906589984894,0.0,Low,Retain: Enrol in VIP loyalty program + send thank-you offer
15697,Lost Customers,689,1,246.75,246.75,689,,,,Lapsed,[Lapsed] Last Chance: Final win-back email + maximum discount
15698,Lost Customers,623,1,46.2,46.2,623,,,,Lapsed,[Lapsed] Last Chance: Final win-back email + maximum discount
15699,Promising,17,1,309.65,309.65,17,,0.5345957279205322,1.0,Medium,Nudge: Reminder email + product recommendation + limited offer
15700,Lost Customers,171,2,696.68,348.34,172,1.0,,,Lapsed,[Lapsed] Last Chance: Final win-back email + maximum discount
15701,Promising,1,4,1542.1399999999999,385.53499999999997,110,35.666666666666664,0.24503189325332642,0.0,Low,Nurture: Monthly newsletter + loyalty point updates
15702,Lost Customers,475,2,140.39,70.195,681,205.0,,,Lapsed,[Lapsed] Last Chance: Final win-back email + maximum discount
15703,Lost Customers,264,1,211.5,211.5,264,,,,Lapsed,[Lapsed] Last Chance: Final win-back email + maximum discount
15704,At Risk,139,6,3817.96,636.3266666666667,582,88.2,,,Lapsed,[Lapsed] Recovery: Time-limited 30% win-back discount + feedback survey
15705,Lost Customers,200,1,143.1,143.1,200,,,,Lapsed,[Lapsed] Last Chance: Final win-back email + maximum discount
15706,At Risk,63,4,1060.56,265.14,115,16.666666666666668,0.3542991578578949,0.0,Medium,Re-engage: Best-seller showcase email + 15% discount
15707,Promising,34,4,945.5799999999999,236.39499999999998,85,16.333333333333332,0.30785250663757324,0.0,Low,Nurture: Monthly newsletter + loyalty point updates
15708,Champions,40,9,4028.04,447.56,425,47.625,0.20841071009635925,0.0,Low,Retain: Enrol in VIP loyalty program + send thank-you offer
15709,Lost Customers,283,2,327.85,163.925,588,305.0,,,Lapsed,[Lapsed] Last Chance: Final win-back email + maximum discount
15710,Lost Customers,416,1,898.87,898.87,416,,,,Lapsed,[Lapsed] Last Chance: Final win-back email + maximum discount
15711,Lost Customers,556,2,420.25,210.125,684,128.0,,,Lapsed,[Lapsed] Last Chance: Final win-back email + maximum discount
15712,Champions,8,12,3472.4100000000003,289.3675,738,65.81818181818181,0.3151214122772217,0.0,Low,Retain: Enrol in VIP loyalty program + send thank-you offer
15713,At Risk,142,4,839.6400000000001,209.91000000000003,723,193.0,,,Lapsed,[Lapsed] Recovery: Time-limited 30% win-back discount + feedback survey
15714,Promising,11,5,784.8100000000001,156.96200000000002,555,135.5,0.47741982340812683,0.0,Medium,Nudge: Reminder email + product recommendation + limited offer
15715,At Risk,555,5,658.02,131.60399999999998,619,15.75,,,Lapsed,[Lapsed] Recovery: Time-limited 30% win-back discount + feedback survey
15716,At Risk,145,11,2509.71,228.15545454545455,732,58.1,,,Lapsed,[Lapsed] Recovery: Time-limited 30% win-back discount + feedback survey
15717,At Risk,233,5,607.0,121.4,592,89.0,,,Lapsed,[Lapsed] Recovery: Time-limited 30% win-back discount + feedback survey
15718,Lost Customers,539,1,293.79,293.79,539,,,,Lapsed,[Lapsed] Last Chance: Final win-back email + maximum discount
15719,Champions,32,31,10223.06,329.77612903225804,738,23.1,0.17416313290596008,0.0,Low,Retain: Enrol in VIP loyalty program + send thank-you offer
15720,Promising,23,2,741.9200000000001,370.96000000000004,549,525.0,0.543239176273346,1.0,Medium,Nudge: Reminder email + product recommendation + limited offer
15721,Promising,11,1,507.08000000000004,507.08000000000004,11,,0.49501410126686096,0.0,Medium,Nudge: Reminder email + product recommendation + limited offer
15722,Champions,35,11,5258.1,478.00909090909096,639,60.0,0.26464688777923584,0.0,Low,Retain: Enrol in VIP loyalty program + send thank-you offer
15723,At Risk,364,4,947.6500000000001,236.91250000000002,573,69.33333333333333,,,Lapsed,[Lapsed] Recovery: Time-limited 30% win-back discount + feedback survey
15724,Lost Customers,200,3,310.85,103.61666666666667,400,99.5,,,Lapsed,[Lapsed] Last Chance: Final win-back email + maximum discount
15725,Promising,14,1,415.25,415.25,14,,0.5306585431098938,1.0,Medium,Nudge: Reminder email + product recommendation + limited offer
15726,Lost Customers,389,1,321.91,321.91,389,,,,Lapsed,[Lapsed] Last Chance: Final win-back email + maximum discount
15727,Champions,16,15,9445.51,629.7006666666667,684,47.214285714285715,0.20247618854045868,0.0,Low,Retain: Enrol in VIP loyalty program + send thank-you offer
15728,Lost Customers,379,2,544.6,272.3,443,64.0,,,Lapsed,[Lapsed] Last Chance: Final win-back email + maximum discount
15729,Lost Customers,212,3,192.55,64.18333333333334,402,95.0,,,Lapsed,[Lapsed] Last Chance: Final win-back email + maximum discount
15730,At Risk,65,5,1726.58,345.316,430,91.0,0.38287806510925293,0.0,Medium,Re-engage: Best-seller showcase email + 15% discount
15731,Lost Customers,553,1,125.3,125.3,553,,,,Lapsed,[Lapsed] Last Chance: Final win-back email + maximum discount
15732,At Risk,211,10,1543.97,154.397,673,50.77777777777778,,,Lapsed,[Lapsed] Recovery: Time-limited 30% win-back discount + feedback survey
15733,Lost Customers,282,1,162.3,162.3,282,,,,Lapsed,[Lapsed] Last Chance: Final win-back email + maximum discount
15734,At Risk,114,4,2263.3,565.825,546,143.66666666666666,0.49217528104782104,0.0,Medium,Re-engage: Best-seller showcase email + 15% discount
15735,Lost Customers,420,1,327.68,327.68,420,,,,Lapsed,[Lapsed] Last Chance: Final win-back email + maximum discount
15736,At Risk,434,2,1815.72,907.86,434,0.0,,,Lapsed,[Lapsed] Recovery: Time-limited 30% win-back discount + feedback survey
15737,Promising,14,8,1205.1200000000001,150.64000000000001,242,32.285714285714285,0.19807495176792145,0.0,Low,Nurture: Monthly newsletter + loyalty point updates
15738,Champions,18,41,13043.32,318.12975609756097,728,17.2,0.1532987654209137,0.0,Low,Retain: Enrol in VIP loyalty program + send thank-you offer
15739,Lost Customers,65,1,449.12,449.12,65,,0.5040864944458008,1.0,Medium,Re-activation: Welcome-back campaign + highlight what's new
15740,Lost Customers,48,1,154.88,154.88,48,,0.5858664512634277,1.0,High,Last Chance: Final win-back email + maximum discount
15741,Lost Customers,457,2,208.62,104.31,618,160.0,,,Lapsed,[Lapsed] Last Chance: Final win-back email + maximum discount
15742,Lost Customers,618,1,156.87,156.87,618,,,,Lapsed,[Lapsed] Last Chance: Final win-back email + maximum discount
15743,Promising,15,4,784.46,196.115,184,56.0,0.3313184976577759,0.0,Low,Nurture: Monthly newsletter + loyalty point updates
15744,Lost Customers,77,1,34.8,34.8,77,,0.6592522859573364,1.0,High,Last Chance: Final win-back email + maximum discount
15745,Promising,18,4,1094.5900000000001,273.64750000000004,235,72.0,0.3546558916568756,0.0,Medium,Nudge: Reminder email + product recommendation + limited offer
15746,Lost Customers,133,1,196.88,196.88,133,,0.5732706785202026,1.0,High,Last Chance: Final win-back email + maximum discount
15747,Champions,12,9,2562.61,284.7344444444445,690,84.25,0.38891711831092834,0.0,Medium,Early Alert: Personalised product recommendation based on past purchases
15748,Promising,39,3,614.76,204.92,448,204.0,0.6215431690216064,1.0,High,Urgent Re-engage: 20% discount coupon + highlight new arrivals
15749,At Risk,234,3,44534.3,14844.766666666668,331,48.5,,,Lapsed,[Lapsed] Recovery: Time-limited 30% win-back discount + feedback survey
15750,Champions,2,18,6456.671,358.70394444444446,737,42.705882352941174,0.20183156430721283,0.0,Low,Retain: Enrol in VIP loyalty program + send thank-you offer
15751,At Risk,460,11,1380.44,125.49454545454546,732,27.0,,,Lapsed,[Lapsed] Recovery: Time-limited 30% win-back discount + feedback survey
15752,Champions,39,9,3947.8900000000003,438.6544444444445,457,51.625,0.24506831169128418,0.0,Low,Retain: Enrol in VIP loyalty program + send thank-you offer
15753,Lost Customers,304,1,79.2,79.2,304,,,,Lapsed,[Lapsed] Last Chance: Final win-back email + maximum discount
15754,At Risk,50,9,3037.6099999999997,337.5122222222222,654,75.0,0.450934499502182,0.0,Medium,Re-engage: Best-seller showcase email + 15% discount
15755,Champions,9,17,5993.12,352.53647058823526,735,44.875,0.19525671005249023,0.0,Low,Retain: Enrol in VIP loyalty program + send thank-you offer
15756,Promising,60,4,532.96,133.24,248,62.333333333333336,0.38605964183807373,0.0,Medium,Nudge: Reminder email + product recommendation + limited offer
15757,At Risk,65,6,2940.36,490.06,546,96.0,0.43777701258659363,0.0,Medium,Re-engage: Best-seller showcase email + 15% discount
15758,Promising,24,1,205.25,205.25,24,,0.5495615601539612,1.0,Medium,Nudge: Reminder email + product recommendation + limited offer
15759,At Risk,217,7,830.9300000000001,118.70428571428572,737,86.16666666666667,,,Lapsed,[Lapsed] Recovery: Time-limited 30% win-back discount + feedback survey
15760,At Risk,630,2,13916.34,6958.17,630,0.0,,,Lapsed,[Lapsed] Recovery: Time-limited 30% win-back discount + feedback survey
15761,Lost Customers,442,1,143.05,143.05,442,,,,Lapsed,[Lapsed] Last Chance: Final win-back email + maximum discount
15762,Promising,64,2,583.75,291.875,76,12.0,0.5122407674789429,1.0,Medium,Nudge: Reminder email + product recommendation + limited offer
15763,Promising,31,2,1086.92,543.46,77,45.0,0.32202091813087463,0.0,Low,Nurture: Monthly newsletter + loyalty point updates
15764,At Risk,87,8,4503.08,562.885,477,55.57142857142857,0.30316486954689026,0.0,Low,Monitor: Add to re-engagement campaign
15765,Lost Customers,666,1,370.63,370.63,666,,,,Lapsed,[Lapsed] Last Chance: Final win-back email + maximum discount
15766,Promising,63,3,831.0600000000001,277.02000000000004,681,308.5,0.6745148301124573,1.0,High,Urgent Re-engage: 20% discount coupon + highlight new arrivals
15768,Champions,115,34,15601.09,458.85558823529414,736,18.363636363636363,0.44954347610473633,0.0,Medium,Early Alert: Personalised product recommendation based on past purchases
15769,Champions,6,46,88612.52,1926.3591304347826,728,15.622222222222222,0.135163813829422,0.0,Low,Retain: Enrol in VIP loyalty program + send thank-you offer
15770,Lost Customers,612,1,321.45,321.45,612,,,,Lapsed,[Lapsed] Last Chance: Final win-back email + maximum discount
15771,At Risk,603,3,1006.54,335.5133333333333,693,44.5,,,Lapsed,[Lapsed] Recovery: Time-limited 30% win-back discount + feedback survey
15772,Lost Customers,417,1,280.88,280.88,417,,,,Lapsed,[Lapsed] Last Chance: Final win-back email + maximum discount
15773,Promising,5,2,774.5200000000001,387.26000000000005,408,403.0,0.5315263867378235,1.0,Medium,Nudge: Reminder email + product recommendation + limited offer
15774,At Risk,68,6,1329.94,221.65666666666667,655,117.2,0.5444344282150269,1.0,Medium,Re-engage: Best-seller showcase email + 15% discount
15775,Lost Customers,244,2,150.5,75.25,631,386.0,,,Lapsed,[Lapsed] Last Chance: Final win-back email + maximum discount
15776,Lost Customers,132,1,241.62,241.62,132,,0.5901312232017517,1.0,High,Last Chance: Final win-back email + maximum discount
15777,At Risk,240,7,1762.6100000000001,251.8014285714286,568,54.166666666666664,,,Lapsed,[Lapsed] Recovery: Time-limited 30% win-back discount + feedback survey
15778,Lost Customers,430,1,307.95000000000005,307.95000000000005,430,,,,Lapsed,[Lapsed] Last Chance: Final win-back email + maximum discount
15779,Lost Customers,462,2,124.08,62.04,531,69.0,,,Lapsed,[Lapsed] Last Chance: Final win-back email + maximum discount
15780,Lost Customers,183,3,475.28000000000003,158.42666666666668,357,86.5,,,Lapsed,[Lapsed] Last Chance: Final win-back email + maximum discount
15781,Promising,24,3,345.46000000000004,115.15333333333335,305,140.0,0.5278449058532715,1.0,Medium,Nudge: Reminder email + product recommendation + limited offer
15782,Promising,9,4,4014.1,1003.525,429,139.66666666666666,0.3544181287288666,0.0,Medium,Nudge: Reminder email + product recommendation + limited offer
15783,Promising,10,1,246.3,246.3,10,,0.5547000765800476,1.0,High,Urgent Re-engage: 20% discount coupon + highlight new arrivals
15784,Lost Customers,467,2,848.3299999999999,424.16499999999996,671,204.0,,,Lapsed,[Lapsed] Last Chance: Final win-back email + maximum discount
15785,Champions,32,16,5969.93,373.120625,723,45.8,0.20800098776817322,0.0,Low,Retain: Enrol in VIP loyalty program + send thank-you offer
15786,At Risk,45,5,8514.82,1702.964,536,122.25,0.37950944900512695,0.0,Medium,Re-engage: Best-seller showcase email + 15% discount
15787,Promising,25,3,948.0500000000001,316.0166666666667,60,17.5,0.3015730082988739,0.0,Low,Nurture: Monthly newsletter + loyalty point updates
15788,Lost Customers,508,1,221.83,221.83,508,,,,Lapsed,[Lapsed] Last Chance: Final win-back email + maximum discount
15789,At Risk,357,6,1962.01,327.00166666666667,623,52.8,,,Lapsed,[Lapsed] Recovery: Time-limited 30% win-back discount + feedback survey
15790,Promising,9,1,220.85,220.85,9,,0.545484721660614,1.0,Medium,Nudge: Reminder email + product recommendation + limited offer
15791,At Risk,43,5,3608.34,721.668,641,149.25,0.4293750822544098,0.0,Medium,Re-engage: Best-seller showcase email + 15% discount
15792,Lost Customers,399,2,933.84,466.92,618,218.0,,,Lapsed,[Lapsed] Last Chance: Final win-back email + maximum discount
15793,Champions,14,8,2399.57,299.94625,737,103.0,0.40006956458091736,0.0,Medium,Early Alert: Personalised product recommendation based on past purchases
15794,Lost Customers,735,2,777.0,388.5,736,0.0,,,Lapsed,[Lapsed] Last Chance: Final win-back email + maximum discount
15795,At Risk,149,8,1979.87,247.48375,690,77.0,,,Lapsed,[Lapsed] Recovery: Time-limited 30% win-back discount + feedback survey
15796,Champions,0,17,5175.83,304.4605882352941,617,38.125,0.18188545107841492,0.0,Low,Retain: Enrol in VIP loyalty program + send thank-you offer
15797,At Risk,112,6,2821.08,470.18,680,113.4,0.4045969843864441,0.0,Medium,Re-engage: Best-seller showcase email + 15% discount
15798,At Risk,492,3,1535.37,511.78999999999996,681,94.0,,,Lapsed,[Lapsed] Recovery: Time-limited 30% win-back discount + feedback survey
15799,At Risk,75,4,1424.29,356.0725,417,114.0,0.47379955649375916,0.0,Medium,Re-engage: Best-seller showcase email + 15% discount
15800,At Risk,106,7,1242.58,177.51142857142855,617,85.0,0.4199434518814087,0.0,Medium,Re-engage: Best-seller showcase email + 15% discount
15801,Promising,45,3,1063.95,354.65000000000003,109,31.0,0.30603843927383423,0.0,Low,Nurture: Monthly newsletter + loyalty point updates
15802,Lost Customers,142,1,451.42,451.42,142,,,,Lapsed,[Lapsed] Last Chance: Final win-back email + maximum discount
15803,At Risk,50,4,1929.66,482.415,675,208.0,0.6065965294837952,1.0,High,Recovery: Time-limited 30% win-back discount + feedback survey
15804,Champions,0,13,4206.39,323.5684615384616,198,16.083333333333332,0.135163813829422,0.0,Low,Retain: Enrol in VIP loyalty program + send thank-you offer
15805,Champions,22,30,10189.23,339.64099999999996,728,24.03448275862069,0.14582152664661407,0.0,Low,Retain: Enrol in VIP loyalty program + send thank-you offer
15806,Promising,45,3,784.58,261.5266666666667,276,115.0,0.44806554913520813,0.0,Medium,Nudge: Reminder email + product recommendation + limited offer
15807,At Risk,49,5,1817.52,363.504,665,153.5,0.5057510137557983,1.0,Medium,Re-engage: Best-seller showcase email + 15% discount
15808,Champions,305,21,17388.48,828.0228571428571,737,21.05,,,Lapsed,[Lapsed] VIP Win-Back: Personal call + exclusive loyalty reward + free shipping
15809,At Risk,35,7,1274.44,182.06285714285715,534,82.66666666666667,0.3679742217063904,0.0,Medium,Re-engage: Best-seller showcase email + 15% discount
15810,At Risk,78,8,2999.04,374.88,672,84.28571428571429,0.3845953047275543,0.0,Medium,Re-engage: Best-seller showcase email + 15% discount
15811,Champions,21,7,3600.67,514.3814285714286,387,60.333333333333336,0.27670228481292725,0.0,Low,Retain: Enrol in VIP loyalty program + send thank-you offer
15812,At Risk,106,12,5201.47,433.4558333333334,723,55.63636363636363,0.3183985948562622,0.0,Low,Monitor: Add to re-engagement campaign
15813,At Risk,207,2,1303.9099999999999,651.9549999999999,239,31.0,,,Lapsed,[Lapsed] Recovery: Time-limited 30% win-back discount + feedback survey
15814,Champions,16,6,2634.44,439.0733333333333,602,116.8,0.3867805302143097,0.0,Medium,Early Alert: Personalised product recommendation based on past purchases
15815,At Risk,63,5,2100.6,420.12,259,48.75,0.25759175419807434,0.0,Low,Monitor: Add to re-engagement campaign
15816,Lost Customers,541,2,144.15,72.075,541,0.0,,,Lapsed,[Lapsed] Last Chance: Final win-back email + maximum discount
15817,At Risk,420,3,2766.4,922.1333333333333,542,60.5,,,Lapsed,[Lapsed] Recovery: Time-limited 30% win-back discount + feedback survey
15818,Lost Customers,587,1,340.5,340.5,587,,,,Lapsed,[Lapsed] Last Chance: Final win-back email + maximum discount
15819,Champions,48,10,3934.79,393.479,631,64.33333333333333,0.32999780774116516,0.0,Low,Retain: Enrol in VIP loyalty program + send thank-you offer
15820,Lost Customers,319,1,206.98,206.98,319,,,,Lapsed,[Lapsed] Last Chance: Final win-back email + maximum discount
15821,Promising,43,2,570.96,285.48,60,17.0,0.4117307960987091,0.0,Medium,Nudge: Reminder email + product recommendation + limited offer
15822,Promising,2,6,1840.06,306.6766666666667,732,145.6,0.46691781282424927,0.0,Medium,Nudge: Reminder email + product recommendation + limited offer
15823,At Risk,371,3,3882.1700000000005,1294.0566666666668,730,179.0,,,Lapsed,[Lapsed] Recovery: Time-limited 30% win-back discount + feedback survey
15824,Lost Customers,452,2,890.94,445.47,531,78.0,,,Lapsed,[Lapsed] Last Chance: Final win-back email + maximum discount
15825,Lost Customers,171,1,532.94,532.94,171,,,,Lapsed,[Lapsed] Last Chance: Final win-back email + maximum discount
15826,At Risk,55,4,2598.28,649.57,567,170.33333333333334,0.43696630001068115,0.0,Medium,Re-engage: Best-seller showcase email + 15% discount
15827,Champions,72,28,3603.14,128.6835714285714,700,22.88888888888889,0.2700384557247162,0.0,Low,Retain: Enrol in VIP loyalty program + send thank-you offer
15828,Lost Customers,374,1,1108.82,1108.82,374,,,,Lapsed,[Lapsed] Last Chance: Final win-back email + maximum discount
15829,Lost Customers,98,2,636.14,318.07,140,41.0,0.40800049901008606,0.0,Medium,Re-activation: Welcome-back campaign + highlight what's new
15830,Promising,37,1,576.0,576.0,37,,0.5389482378959656,1.0,Medium,Nudge: Reminder email + product recommendation + limited offer
15831,Promising,57,3,801.76,267.25333333333333,323,132.0,0.5004098415374756,1.0,Medium,Nudge: Reminder email + product recommendation + limited offer
15832,Lost Customers,253,1,836.79,836.79,253,,,,Lapsed,[Lapsed] Last Chance: Final win-back email + maximum discount
15833,Lost Customers,737,1,80.4,80.4,737,,,,Lapsed,[Lapsed] Last Chance: Final win-back email + maximum discount
15834,At Risk,69,7,3772.99,538.9985714285714,423,58.666666666666664,0.3303525149822235,0.0,Low,Monitor: Add to re-engagement campaign
15835,Promising,43,4,954.09,238.5225,330,95.0,0.38664647936820984,0.0,Medium,Nudge: Reminder email + product recommendation + limited offer
15836,Lost Customers,49,1,137.37,137.37,49,,0.620590329170227,1.0,High,Last Chance: Final win-back email + maximum discount
15837,Promising,64,2,777.01,388.505,485,420.0,0.6473719477653503,1.0,High,Urgent Re-engage: 20% discount coupon + highlight new arrivals
15838,Champions,10,34,73205.5,2153.1029411764707,724,21.242424242424242,0.1386200189590454,0.0,Low,Retain: Enrol in VIP loyalty program + send thank-you offer
15839,Promising,32,3,1048.49,349.49666666666667,147,57.0,0.3056420087814331,0.0,Low,Nurture: Monthly newsletter + loyalty point updates
15840,Promising,58,2,355.56,177.78,172,113.0,0.5420697927474976,1.0,Medium,Nudge: Reminder email + product recommendation + limited offer
15841,At Risk,72,9,2742.4100000000003,304.71222222222224,729,81.625,0.372749388217926,0.0,Medium,Re-engage: Best-seller showcase email + 15% discount
15842,Lost Customers,392,2,548.8,274.4,527,134.0,,,Lapsed,[Lapsed] Last Chance: Final win-back email + maximum discount
15843,Lost Customers,303,1,118.95,118.95,303,,,,Lapsed,[Lapsed] Last Chance: Final win-back email + maximum discount
15844,Lost Customers,45,1,130.73999999999998,130.73999999999998,45,,0.6269997954368591,1.0,High,Last Chance: Final win-back email + maximum discount
15845,Champions,17,11,4426.28,402.3890909090909,681,65.9,0.22439201176166534,0.0,Low,Retain: Enrol in VIP loyalty program + send thank-you offer
15846,Lost Customers,384,1,107.01,107.01,384,,,,Lapsed,[Lapsed] Last Chance: Final win-back email + maximum discount
15847,Promising,37,5,822.57,164.514,641,150.25,0.5786153674125671,1.0,High,Urgent Re-engage: 20% discount coupon + highlight new arrivals
15848,Lost Customers,621,1,139.94,139.94,621,,,,Lapsed,[Lapsed] Last Chance: Final win-back email + maximum discount
15850,Promising,18,6,1058.72,176.45333333333335,725,140.8,0.5719494223594666,1.0,High,Urgent Re-engage: 20% discount coupon + highlight new arrivals
15851,Lost Customers,526,1,109.73,109.73,526,,,,Lapsed,[Lapsed] Last Chance: Final win-back email + maximum discount
15852,Lost Customers,186,3,257.26,85.75333333333333,526,169.5,,,Lapsed,[Lapsed] Last Chance: Final win-back email + maximum discount
15853,Lost Customers,51,1,110.8,110.8,51,,0.60676109790802,1.0,High,Last Chance: Final win-back email + maximum discount
15854,Champions,3,21,5583.81,265.8957142857143,729,35.75,0.15987655520439148,0.0,Low,Retain: Enrol in VIP loyalty program + send thank-you offer
15855,At Risk,136,6,1052.72,175.45333333333335,475,67.6,,,Lapsed,[Lapsed] Recovery: Time-limited 30% win-back discount + feedback survey
15856,Champions,3,52,32649.02,627.8657692307693,735,13.901960784313726,0.135163813829422,0.0,Low,Retain: Enrol in VIP loyalty program + send thank-you offer
15857,Promising,18,2,570.48,285.24,429,411.0,0.648995578289032,1.0,High,Urgent Re-engage: 20% discount coupon + highlight new arrivals
15858,Champions,15,13,3576.44,275.1107692307692,729,58.833333333333336,0.3133084774017334,0.0,Low,Retain: Enrol in VIP loyalty program + send thank-you offer
15859,Lost Customers,431,1,438.46,438.46,431,,,,Lapsed,[Lapsed] Last Chance: Final win-back email + maximum discount
15860,Champions,40,17,2402.55,141.3264705882353,733,42.6875,0.2619098126888275,0.0,Low,Retain: Enrol in VIP loyalty program + send thank-you offer
15861,Champions,11,12,4401.79,366.81583333333333,679,60.45454545454545,0.2204056978225708,0.0,Low,Retain: Enrol in VIP loyalty program + send thank-you offer
15862,Champions,7,13,2574.06,198.0046153846154,722,59.25,0.35983118414878845,0.0,Medium,Early Alert: Personalised product recommendation based on past purchases
15863,Promising,25,5,358.7,71.74,722,174.0,0.632234513759613,1.0,High,Urgent Re-engage: 20% discount coupon + highlight new arrivals
15864,Champions,21,7,2180.76,311.5371428571429,380,59.5,0.2820682227611542,0.0,Low,Retain: Enrol in VIP loyalty program + send thank-you offer
15865,At Risk,40,5,2248.92,449.784,702,165.25,0.4829502999782562,0.0,Medium,Re-engage: Best-seller showcase email + 15% discount
15866,Lost Customers,100,1,230.53,230.53,100,,0.5901312232017517,1.0,High,Last Chance: Final win-back email + maximum discount
15867,Champions,4,31,8951.05,288.7435483870967,724,23.5,0.15713442862033844,0.0,Low,Retain: Enrol in VIP loyalty program + send thank-you offer
15868,Lost Customers,582,1,94.53,94.53,582,,,,Lapsed,[Lapsed] Last Chance: Final win-back email + maximum discount
15869,Lost Customers,276,3,323.66,107.88666666666667,625,174.5,,,Lapsed,[Lapsed] Last Chance: Final win-back email + maximum discount
15870,Promising,32,4,862.61,215.6525,445,137.66666666666666,0.5343438386917114,1.0,Medium,Nudge: Reminder email + product recommendation + limited offer
15871,Lost Customers,436,1,33.099999999999994,33.099999999999994,436,,,,Lapsed,[Lapsed] Last Chance: Final win-back email + maximum discount
15872,Promising,14,4,795.68,198.92,549,178.0,0.5222498774528503,1.0,Medium,Nudge: Reminder email + product recommendation + limited offer
15873,Lost Customers,499,4,313.92,78.48,500,0.3333333333333333,,,Lapsed,[Lapsed] Last Chance: Final win-back email + maximum discount
15874,Champions,63,21,11284.76,537.3695238095238,700,31.5,0.26798468828201294,0.0,Low,Retain: Enrol in VIP loyalty program + send thank-you offer
15875,Lost Customers,645,1,111.72,111.72,645,,,,Lapsed,[Lapsed] Last Chance: Final win-back email + maximum discount
15876,At Risk,408,2,1449.1399999999999,724.5699999999999,447,39.0,,,Lapsed,[Lapsed] Recovery: Time-limited 30% win-back discount + feedback survey
15877,Promising,1,2,493.28,246.64,17,16.0,0.37660712003707886,0.0,Medium,Nudge: Reminder email + product recommendation + limited offer
15878,Lost Customers,561,2,330.77,165.385,733,171.0,,,Lapsed,[Lapsed] Last Chance: Final win-back email + maximum discount
15879,At Risk,403,4,1157.3000000000002,289.32500000000005,721,105.0,,,Lapsed,[Lapsed] Recovery: Time-limited 30% win-back discount + feedback survey
15880,Lost Customers,368,1,343.28,343.28,368,,,,Lapsed,[Lapsed] Last Chance: Final win-back email + maximum discount
15881,At Risk,311,5,501.39000000000004,100.278,363,12.75,,,Lapsed,[Lapsed] Recovery: Time-limited 30% win-back discount + feedback survey
15882,At Risk,198,8,1124.66,140.5825,728,75.42857142857143,,,Lapsed,[Lapsed] Recovery: Time-limited 30% win-back discount + feedback survey
15883,Promising,1,2,396.48,198.24,32,31.0,0.40902841091156006,0.0,Medium,Nudge: Reminder email + product recommendation + limited offer
15884,Lost Customers,431,2,249.70000000000002,124.85000000000001,735,303.0,,,Lapsed,[Lapsed] Last Chance: Final win-back email + maximum discount
15885,At Risk,92,15,1951.8200000000002,130.12133333333335,687,42.07142857142857,0.4312361776828766,0.0,Medium,Re-engage: Best-seller showcase email + 15% discount
15886,At Risk,59,4,1052.8700000000001,263.21750000000003,597,179.0,0.5748813152313232,1.0,High,Recovery: Time-limited 30% win-back discount + feedback survey
15887,At Risk,406,3,1027.15,342.3833333333334,555,74.0,,,Lapsed,[Lapsed] Recovery: Time-limited 30% win-back discount + feedback survey
15888,Promising,80,3,429.15999999999997,143.0533333333333,526,222.5,0.6202440857887268,1.0,High,Urgent Re-engage: 20% discount coupon + highlight new arrivals
15889,At Risk,156,8,1508.3600000000001,188.54500000000002,729,81.28571428571429,,,Lapsed,[Lapsed] Recovery: Time-limited 30% win-back discount + feedback survey
15890,At Risk,394,5,535.65,107.13,604,52.25,,,Lapsed,[Lapsed] Recovery: Time-limited 30% win-back discount + feedback survey
15891,Lost Customers,226,1,524.52,524.52,226,,,,Lapsed,[Lapsed] Last Chance: Final win-back email + maximum discount
15892,Lost Customers,668,1,128.2,128.2,668,,,,Lapsed,[Lapsed] Last Chance: Final win-back email + maximum discount
15893,Lost Customers,481,1,305.28000000000003,305.28000000000003,481,,,,Lapsed,[Lapsed] Last Chance: Final win-back email + maximum discount
15894,Lost Customers,252,2,263.55,131.775,368,115.0,,,Lapsed,[Lapsed] Last Chance: Final win-back email + maximum discount
15895,Lost Customers,149,1,179.17,179.17,149,,,,Lapsed,[Lapsed] Last Chance: Final win-back email + maximum discount
15897,Lost Customers,193,2,222.05,111.025,193,0.0,,,Lapsed,[Lapsed] Last Chance: Final win-back email + maximum discount
15898,Champions,0,25,5074.62,202.9848,727,29.75,0.32194846868515015,0.0,Low,Retain: Enrol in VIP loyalty program + send thank-you offer
15899,Lost Customers,368,1,56.25,56.25,368,,,,Lapsed,[Lapsed] Last Chance: Final win-back email + maximum discount
15900,Promising,23,4,900.4000000000001,225.10000000000002,562,179.0,0.5516820549964905,1.0,High,Urgent Re-engage: 20% discount coupon + highlight new arrivals
15901,Promising,16,7,703.22,100.46000000000001,543,87.5,0.46491193771362305,0.0,Medium,Nudge: Reminder email + product recommendation + limited offer
15902,Lost Customers,379,1,145.01,145.01,379,,,,Lapsed,[Lapsed] Last Chance: Final win-back email + maximum discount
15903,Champions,9,12,8939.84,744.9866666666667,694,61.72727272727273,0.24908970296382904,0.0,Low,Retain: Enrol in VIP loyalty program + send thank-you offer
15904,Promising,7,1,164.68,164.68,7,,0.5476888418197632,1.0,Medium,Nudge: Reminder email + product recommendation + limited offer
15905,Lost Customers,542,1,114.69,114.69,542,,,,Lapsed,[Lapsed] Last Chance: Final win-back email + maximum discount
15906,Champions,19,10,2555.64,255.564,450,47.44444444444444,0.23257556557655334,0.0,Low,Retain: Enrol in VIP loyalty program + send thank-you offer
15907,Promising,3,3,967.45,322.48333333333335,209,102.5,0.38941115140914917,0.0,Medium,Nudge: Reminder email + product recommendation + limited offer
15908,Lost Customers,490,2,764.57,382.285,511,21.0,,,Lapsed,[Lapsed] Last Chance: Final win-back email + maximum discount
15909,Lost Customers,173,1,191.94,191.94,173,,,,Lapsed,[Lapsed] Last Chance: Final win-back email + maximum discount
15910,Champions,0,15,2681.8,178.7866666666667,687,48.642857142857146,0.23385362327098846,0.0,Low,Retain: Enrol in VIP loyalty program + send thank-you offer
15911,At Risk,623,8,1702.34,212.7925,729,14.857142857142858,,,Lapsed,[Lapsed] Recovery: Time-limited 30% win-back discount + feedback survey
15912,At Risk,177,9,1074.7,119.41111111111111,728,68.625,,,Lapsed,[Lapsed] Recovery: Time-limited 30% win-back discount + feedback survey
15913,Lost Customers,533,1,6.300000000000001,6.300000000000001,533,,,,Lapsed,[Lapsed] Last Chance: Final win-back email + maximum discount
15914,Lost Customers,377,2,205.98999999999998,102.99499999999999,377,0.0,,,Lapsed,[Lapsed] Last Chance: Final win-back email + maximum discount
15915,Lost Customers,401,1,429.21,429.21,401,,,,Lapsed,[Lapsed] Last Chance: Final win-back email + maximum discount
15916,Champions,15,13,3194.72,245.7476923076923,728,58.916666666666664,0.321102112531662,0.0,Low,Retain: Enrol in VIP loyalty program + send thank-you offer
15917,At Risk,247,5,560.63,112.126,736,122.0,,,Lapsed,[Lapsed] Recovery: Time-limited 30% win-back discount + feedback survey
15918,At Risk,190,3,582.88,194.29333333333332,631,220.0,,,Lapsed,[Lapsed] Recovery: Time-limited 30% win-back discount + feedback survey
15919,Promising,19,2,639.8900000000001,319.94500000000005,368,349.0,0.6417747735977173,1.0,High,Urgent Re-engage: 20% discount coupon + highlight new arrivals
15920,At Risk,153,9,571.64,63.51555555555555,724,71.25,,,Lapsed,[Lapsed] Recovery: Time-limited 30% win-back discount + feedback survey
15921,At Risk,172,4,802.11,200.5275,640,155.66666666666666,,,Lapsed,[Lapsed] Recovery: Time-limited 30% win-back discount + feedback survey
15922,Lost Customers,372,1,369.5,369.5,372,,,,Lapsed,[Lapsed] Last Chance: Final win-back email + maximum discount
15923,Lost Customers,372,1,127.08,127.08,372,,,,Lapsed,[Lapsed] Last Chance: Final win-back email + maximum discount
15924,Lost Customers,730,1,102.82,102.82,730,,,,Lapsed,[Lapsed] Last Chance: Final win-back email + maximum discount
15925,Lost Customers,193,1,207.15,207.15,193,,,,Lapsed,[Lapsed] Last Chance: Final win-back email + maximum discount
15926,Lost Customers,541,1,134.44,134.44,541,,,,Lapsed,[Lapsed] Last Chance: Final win-back email + maximum discount
15927,Lost Customers,646,1,123.39000000000001,123.39000000000001,646,,,,Lapsed,[Lapsed] Last Chance: Final win-back email + maximum discount
15928,Lost Customers,655,1,293.53,293.53,655,,,,Lapsed,[Lapsed] Last Chance: Final win-back email + maximum discount
15929,Lost Customers,643,1,594.0,594.0,643,,,,Lapsed,[Lapsed] Last Chance: Final win-back email + maximum discount
15930,Lost Customers,66,1,426.63,426.63,66,,0.5735530257225037,1.0,High,Last Chance: Final win-back email + maximum discount
15931,Lost Customers,427,1,239.9,239.9,427,,,,Lapsed,[Lapsed] Last Chance: Final win-back email + maximum discount
15932,Champions,3,8,2495.87,311.98375,288,40.285714285714285,0.19577144086360931,0.0,Low,Retain: Enrol in VIP loyalty program + send thank-you offer
15933,Promising,20,3,1107.46,369.15333333333336,86,32.0,0.2829561233520508,0.0,Low,Nurture: Monthly newsletter + loyalty point updates
15934,At Risk,417,2,2190.66,1095.33,429,11.0,,,Lapsed,[Lapsed] Recovery: Time-limited 30% win-back discount + feedback survey
15935,Lost Customers,238,2,416.86,208.43,241,2.0,,,Lapsed,[Lapsed] Last Chance: Final win-back email + maximum discount
15936,Lost Customers,378,2,282.79,141.395,467,88.0,,,Lapsed,[Lapsed] Last Chance: Final win-back email + maximum discount
15937,Lost Customers,63,1,145.35000000000002,145.35000000000002,63,,0.6302847862243652,1.0,High,Last Chance: Final win-back email + maximum discount
15938,At Risk,111,9,734.81,81.64555555555555,556,55.125,0.4012346565723419,0.0,Medium,Re-engage: Best-seller showcase email + 15% discount
15939,Champions,89,16,9060.390000000001,566.2743750000001,374,18.6,0.38641422986984253,0.0,Medium,Early Alert: Personalised product recommendation based on past purchases
15940,Lost Customers,310,1,35.8,35.8,310,,,,Lapsed,[Lapsed] Last Chance: Final win-back email + maximum discount
15941,Lost Customers,636,1,405.0,405.0,636,,,,Lapsed,[Lapsed] Last Chance: Final win-back email + maximum discount
15942,Lost Customers,133,1,337.44,337.44,133,,0.5683245658874512,1.0,High,Last Chance: Final win-back email + maximum discount
15943,Lost Customers,649,2,271.29,135.645,677,28.0,,,Lapsed,[Lapsed] Last Chance: Final win-back email + maximum discount
15944,At Risk,276,4,2164.24,541.06,725,149.66666666666666,,,Lapsed,[Lapsed] Recovery: Time-limited 30% win-back discount + feedback survey
15945,At Risk,364,4,646.27,161.5675,737,124.0,,,Lapsed,[Lapsed] Recovery: Time-limited 30% win-back discount + feedback survey
15946,At Risk,502,3,2304.18,768.06,633,65.5,,,Lapsed,[Lapsed] Recovery: Time-limited 30% win-back discount + feedback survey
15947,Promising,82,1,1708.24,1708.24,82,,0.5311329364776611,1.0,Medium,Nudge: Reminder email + product recommendation + limited offer
15948,Promising,7,3,1509.0900000000001,503.03000000000003,424,207.5,0.4668365716934204,0.0,Medium,Nudge: Reminder email + product recommendation + limited offer
15949,Promising,16,2,364.72,182.36,70,54.0,0.39117851853370667,0.0,Medium,Nudge: Reminder email + product recommendation + limited offer
15950,Champions,31,10,7180.71,718.071,682,71.88888888888889,0.3251873254776001,0.0,Low,Retain: Enrol in VIP loyalty program + send thank-you offer
15951,Promising,8,3,1013.1700000000001,337.72333333333336,380,185.5,0.46427229046821594,0.0,Medium,Nudge: Reminder email + product recommendation + limited offer
15952,Promising,33,4,806.57,201.6425,224,63.333333333333336,0.3487318754196167,0.0,Low,Nurture: Monthly newsletter + loyalty point updates
15953,Champions,14,18,3459.71,192.2061111111111,735,42.0,0.21051637828350067,0.0,Low,Retain: Enrol in VIP loyalty program + send thank-you offer
15954,Lost Customers,588,1,190.75,190.75,588,,,,Lapsed,[Lapsed] Last Chance: Final win-back email + maximum discount
15955,Champions,23,22,8085.9800000000005,367.54454545454547,653,29.61904761904762,0.14582152664661407,0.0,Low,Retain: Enrol in VIP loyalty program + send thank-you offer
15956,Lost Customers,550,2,617.5999999999999,308.79999999999995,726,175.0,,,Lapsed,[Lapsed] Last Chance: Final win-back email + maximum discount
15957,Promising,31,3,930.0999999999999,310.0333333333333,420,194.0,0.5541142225265503,1.0,High,Urgent Re-engage: 20% discount coupon + highlight new arrivals
15958,Promising,73,4,492.99,123.2475,550,158.33333333333334,0.6201246976852417,1.0,High,Urgent Re-engage: 20% discount coupon + highlight new arrivals
15959,Lost Customers,681,3,579.49,193.16333333333333,681,0.0,,,Lapsed,[Lapsed] Last Chance: Final win-back email + maximum discount
15960,Lost Customers,373,4,410.95000000000005,102.73750000000001,434,19.666666666666668,,,Lapsed,[Lapsed] Last Chance: Final win-back email + maximum discount
15961,Lost Customers,378,1,451.28999999999996,451.28999999999996,378,,,,Lapsed,[Lapsed] Last Chance: Final win-back email + maximum discount
15962,Lost Customers,448,1,295.83,295.83,448,,,,Lapsed,[Lapsed] Last Chance: Final win-back email + maximum discount
15963,Promising,19,2,470.76,235.38,44,25.0,0.3842985928058624,0.0,Medium,Nudge: Reminder email + product recommendation + limited offer
15964,Lost Customers,662,1,272.96000000000004,272.96000000000004,662,,,,Lapsed,[Lapsed] Last Chance: Final win-back email + maximum discount
15965,Champions,16,13,2856.9,219.76153846153846,736,59.5,0.34411120414733887,0.0,Low,Retain: Enrol in VIP loyalty program + send thank-you offer
15966,Lost Customers,450,1,426.53,426.53,450,,,,Lapsed,[Lapsed] Last Chance: Final win-back email + maximum discount
15967,Champions,22,12,3041.6,253.46666666666667,737,64.54545454545455,0.42989349365234375,0.0,Medium,Early Alert: Personalised product recommendation based on past purchases
15968,Lost Customers,387,1,418.05,418.05,387,,,,Lapsed,[Lapsed] Last Chance: Final win-back email + maximum discount
15969,Promising,2,5,1127.05,225.41,521,129.5,0.4214499890804291,0.0,Medium,Nudge: Reminder email + product recommendation + limited offer
15970,At Risk,303,2,1017.3199999999999,508.65999999999997,598,295.0,,,Lapsed,[Lapsed] Recovery: Time-limited 30% win-back discount + feedback survey
15971,Champions,17,18,5902.83,327.935,731,41.64705882352941,0.1736120879650116,0.0,Low,Retain: Enrol in VIP loyalty program + send thank-you offer
15972,At Risk,455,5,1810.27,362.054,599,35.5,,,Lapsed,[Lapsed] Recovery: Time-limited 30% win-back discount + feedback survey
15973,Lost Customers,366,3,680.6200000000001,226.87333333333336,428,31.0,,,Lapsed,[Lapsed] Last Chance: Final win-back email + maximum discount
15974,At Risk,38,7,3442.15,491.7357142857143,288,41.0,0.2016715258359909,0.0,Low,Monitor: Add to re-engagement campaign
15975,Lost Customers,83,1,371.01,371.01,83,,0.5683245658874512,1.0,High,Last Chance: Final win-back email + maximum discount
15976,At Risk,164,6,1746.6399999999999,291.1066666666666,550,76.6,,,Lapsed,[Lapsed] Recovery: Time-limited 30% win-back discount + feedback survey
15977,Promising,16,2,1054.73,527.365,38,21.0,0.33726680278778076,0.0,Low,Nurture: Monthly newsletter + loyalty point updates
15978,At Risk,76,3,3279.42,1093.14,643,283.0,0.5450762510299683,1.0,Medium,Re-engage: Best-seller showcase email + 15% discount
15979,Lost Customers,602,1,329.21999999999997,329.21999999999997,602,,,,Lapsed,[Lapsed] Last Chance: Final win-back email + maximum discount
15980,At Risk,88,7,6593.68,941.9542857142858,555,77.66666666666667,0.35597121715545654,0.0,Medium,Re-engage: Best-seller showcase email + 15% discount
15981,Champions,24,21,9362.77,445.8461904761905,620,29.4,0.17360925674438477,0.0,Low,Retain: Enrol in VIP loyalty program + send thank-you offer
15982,Lost Customers,604,1,324.51,324.51,604,,,,Lapsed,[Lapsed] Last Chance: Final win-back email + maximum discount
15983,Champions,21,8,3135.27,391.90875,732,101.14285714285714,0.42372289299964905,0.0,Medium,Early Alert: Personalised product recommendation based on past purchases
15984,Champions,2,30,8636.62,287.88733333333334,737,25.0,0.16109569370746613,0.0,Low,Retain: Enrol in VIP loyalty program + send thank-you offer
15985,At Risk,122,7,2715.28,387.8971428571429,560,72.5,0.3886004090309143,0.0,Medium,Re-engage: Best-seller showcase email + 15% discount
15986,Promising,29,2,354.42,177.21,381,351.0,0.6209481358528137,1.0,High,Urgent Re-engage: 20% discount coupon + highlight new arrivals
15987,Champions,11,8,1568.65,196.08125,378,52.0,0.2932177782058716,0.0,Low,Retain: Enrol in VIP loyalty program + send thank-you offer
15988,Promising,18,3,770.09,256.69666666666666,656,318.5,0.5832194685935974,1.0,High,Urgent Re-engage: 20% discount coupon + highlight new arrivals
15989,Lost Customers,375,2,372.51,186.255,736,361.0,,,Lapsed,[Lapsed] Last Chance: Final win-back email + maximum discount
15990,At Risk,43,7,2010.0500000000002,287.15000000000003,649,100.5,0.4209502041339874,0.0,Medium,Re-engage: Best-seller showcase email + 15% discount
15991,Lost Customers,533,1,150.55,150.55,533,,,,Lapsed,[Lapsed] Last Chance: Final win-back email + maximum discount
15992,Promising,3,3,896.6,298.8666666666667,453,224.5,0.5605218410491943,1.0,High,Urgent Re-engage: 20% discount coupon + highlight new arrivals
15993,Champions,8,7,2797.57,399.65285714285716,43,5.333333333333333,0.16933897137641907,0.0,Low,Retain: Enrol in VIP loyalty program + send thank-you offer
15994,Promising,54,3,1202.18,400.7266666666667,635,290.5,0.6575655341148376,1.0,High,Urgent Re-engage: 20% discount coupon + highlight new arrivals
15995,Lost Customers,413,1,696.19,696.19,413,,,,Lapsed,[Lapsed] Last Chance: Final win-back email + maximum discount
15996,At Risk,87,7,1423.65,203.37857142857143,396,51.333333333333336,0.3653160333633423,0.0,Medium,Re-engage: Best-seller showcase email + 15% discount
15998,Champions,36,16,8308.34,519.27125,738,46.2,0.19667331874370575,0.0,Low,Retain: Enrol in VIP loyalty program + send thank-you offer
15999,Lost Customers,735,1,20.4,20.4,735,,,,Lapsed,[Lapsed] Last Chance: Final win-back email + maximum discount
16000,Champions,2,3,12393.7,4131.233333333334,2,0.0,0.3137466013431549,0.0,Low,Retain: Enrol in VIP loyalty program + send thank-you offer
16001,Lost Customers,380,1,583.39,583.39,380,,,,Lapsed,[Lapsed] Last Chance: Final win-back email + maximum discount
16002,Lost Customers,624,1,169.21,169.21,624,,,,Lapsed,[Lapsed] Last Chance: Final win-back email + maximum discount
16003,Champions,29,10,5613.83,561.383,735,78.11111111111111,0.2685481309890747,0.0,Low,Retain: Enrol in VIP loyalty program + send thank-you offer
16004,At Risk,474,5,2146.39,429.27799999999996,682,52.0,,,Lapsed,[Lapsed] Recovery: Time-limited 30% win-back discount + feedback survey
16005,Champions,11,10,2436.2200000000003,243.622,449,48.22222222222222,0.3313184976577759,0.0,Low,Retain: Enrol in VIP loyalty program + send thank-you offer
16006,Lost Customers,210,2,347.17,173.585,387,176.0,,,Lapsed,[Lapsed] Last Chance: Final win-back email + maximum discount
16007,At Risk,47,7,3075.14,439.30571428571426,542,82.0,0.3572281002998352,0.0,Medium,Re-engage: Best-seller showcase email + 15% discount
16008,Champions,23,15,5384.13,358.942,630,42.785714285714285,0.3343534767627716,0.0,Low,Retain: Enrol in VIP loyalty program + send thank-you offer
16009,Promising,21,4,992.71,248.1775,159,45.666666666666664,0.29282230138778687,0.0,Low,Nurture: Monthly newsletter + loyalty point updates
16010,At Risk,245,11,1724.06,156.73272727272726,411,16.1,,,Lapsed,[Lapsed] Recovery: Time-limited 30% win-back discount + feedback survey
16011,Champions,7,29,5642.51,194.56931034482758,738,25.607142857142858,0.14480069279670715,0.0,Low,Retain: Enrol in VIP loyalty program + send thank-you offer
16012,At Risk,34,5,2989.79,597.958,529,123.25,0.4123832583427429,0.0,Medium,Re-engage: Best-seller showcase email + 15% discount
16013,Champions,3,84,56384.44,671.2433333333333,731,8.481927710843374,0.135163813829422,0.0,Low,Retain: Enrol in VIP loyalty program + send thank-you offer
16014,Promising,37,5,1130.27,226.054,677,159.5,0.4813274145126343,0.0,Medium,Nudge: Reminder email + product recommendation + limited offer
16015,Promising,3,3,705.39,235.13,48,22.0,0.3375009000301361,0.0,Low,Nurture: Monthly newsletter + loyalty point updates
16016,Champions,2,11,2151.67,195.60636363636365,401,39.4,0.23412398993968964,0.0,Low,Retain: Enrol in VIP loyalty program + send thank-you offer
16017,At Risk,46,5,1553.83,310.76599999999996,703,163.5,0.5787269473075867,1.0,High,Recovery: Time-limited 30% win-back discount + feedback survey
16018,Promising,38,4,698.13,174.5325,731,230.66666666666666,0.6002010703086853,1.0,High,Urgent Re-engage: 20% discount coupon + highlight new arrivals
16019,Champions,46,27,17465.85,646.8833333333333,724,25.615384615384617,0.20728005468845367,0.0,Low,Retain: Enrol in VIP loyalty program + send thank-you offer
16020,Promising,16,3,851.01,283.67,64,24.0,0.30606549978256226,0.0,Low,Nurture: Monthly newsletter + loyalty point updates
16021,Lost Customers,394,2,532.25,266.125,544,149.0,,,Lapsed,[Lapsed] Last Chance: Final win-back email + maximum discount
16022,Lost Customers,259,1,628.28,628.28,259,,,,Lapsed,[Lapsed] Last Chance: Final win-back email + maximum discount
16023,Promising,45,3,719.8100000000001,239.9366666666667,265,110.0,0.44806554913520813,0.0,Medium,Nudge: Reminder email + product recommendation + limited offer
16024,Promising,11,3,484.20000000000005,161.4,411,199.5,0.5570438504219055,1.0,High,Urgent Re-engage: 20% discount coupon + highlight new arrivals
16025,Promising,29,1,439.65999999999997,439.65999999999997,29,,0.5541040301322937,1.0,High,Urgent Re-engage: 20% discount coupon + highlight new arrivals
16026,Promising,42,1,236.09,236.09,42,,0.5894957184791565,1.0,High,Urgent Re-engage: 20% discount coupon + highlight new arrivals
16027,At Risk,91,15,2048.36,136.55733333333333,699,42.857142857142854,0.32785436511039734,0.0,Low,Monitor: Add to re-engagement campaign
16028,Lost Customers,595,1,82.2,82.2,595,,,,Lapsed,[Lapsed] Last Chance: Final win-back email + maximum discount
16029,Champions,38,107,117937.62,1102.2207476635513,731,6.188679245283019,0.17864184081554413,0.0,Low,Retain: Enrol in VIP loyalty program + send thank-you offer
16030,Lost Customers,309,1,331.24,331.24,309,,,,Lapsed,[Lapsed] Last Chance: Final win-back email + maximum discount
16031,Lost Customers,91,2,548.94,274.47,246,154.0,0.5334619879722595,1.0,Medium,Re-activation: Welcome-back campaign + highlight what's new
16032,At Risk,455,6,1970.45,328.40833333333336,522,13.0,,,Lapsed,[Lapsed] Recovery: Time-limited 30% win-back discount + feedback survey
16033,Champions,5,27,10680.49,395.5737037037037,484,17.96153846153846,0.13861103355884552,0.0,Low,Retain: Enrol in VIP loyalty program + send thank-you offer
16034,At Risk,195,6,928.72,154.78666666666666,408,42.4,,,Lapsed,[Lapsed] Recovery: Time-limited 30% win-back discount + feedback survey
16035,Lost Customers,559,1,217.73,217.73,559,,,,Lapsed,[Lapsed] Last Chance: Final win-back email + maximum discount
16036,At Risk,86,4,2556.84,639.21,619,177.33333333333334,0.4948292076587677,0.0,Medium,Re-engage: Best-seller showcase email + 15% discount
16037,At Risk,269,5,1509.3400000000001,301.86800000000005,648,94.0,,,Lapsed,[Lapsed] Recovery: Time-limited 30% win-back discount + feedback survey
16038,Promising,7,3,471.78,157.26,201,96.5,0.4453337788581848,0.0,Medium,Nudge: Reminder email + product recommendation + limited offer
16039,Lost Customers,423,2,456.40000000000003,228.20000000000002,627,204.0,,,Lapsed,[Lapsed] Last Chance: Final win-back email + maximum discount
16040,At Risk,64,7,2416.9,345.2714285714286,609,90.16666666666667,0.3869399130344391,0.0,Medium,Re-engage: Best-seller showcase email + 15% discount
16041,Promising,30,3,3166.4,1055.4666666666667,140,55.0,0.2882775664329529,0.0,Low,Nurture: Monthly newsletter + loyalty point updates
16042,Champions,21,8,2265.12,283.14,453,61.285714285714285,0.3287506103515625,0.0,Low,Retain: Enrol in VIP loyalty program + send thank-you offer
16043,At Risk,37,8,1856.5900000000001,232.07375000000002,481,63.0,0.35199761390686035,0.0,Medium,Re-engage: Best-seller showcase email + 15% discount
16044,Lost Customers,434,1,340.84000000000003,340.84000000000003,434,,,,Lapsed,[Lapsed] Last Chance: Final win-back email + maximum discount
16045,At Risk,119,8,3434.9300000000003,429.36625000000004,498,53.714285714285715,0.37668853998184204,0.0,Medium,Re-engage: Best-seller showcase email + 15% discount
16046,Lost Customers,561,1,235.78,235.78,561,,,,Lapsed,[Lapsed] Last Chance: Final win-back email + maximum discount
16047,Lost Customers,681,1,107.14,107.14,681,,,,Lapsed,[Lapsed] Last Chance: Final win-back email + maximum discount
16048,At Risk,372,4,818.7900000000001,204.69750000000002,549,58.333333333333336,,,Lapsed,[Lapsed] Recovery: Time-limited 30% win-back discount + feedback survey
16049,At Risk,39,6,1899.68,316.61333333333334,515,94.6,0.3640950322151184,0.0,Medium,Re-engage: Best-seller showcase email + 15% discount
16050,Lost Customers,173,3,300.70000000000005,100.23333333333335,400,113.0,,,Lapsed,[Lapsed] Last Chance: Final win-back email + maximum discount
16051,Lost Customers,681,1,188.44,188.44,681,,,,Lapsed,[Lapsed] Last Chance: Final win-back email + maximum discount
16052,Promising,53,1,362.06,362.06,53,,0.5683245658874512,1.0,High,Urgent Re-engage: 20% discount coupon + highlight new arrivals
16053,At Risk,32,6,3634.84,605.8066666666667,610,115.2,0.44310542941093445,0.0,Medium,Re-engage: Best-seller showcase email + 15% discount
16054,At Risk,144,4,2111.88,527.97,616,157.0,,,Lapsed,[Lapsed] Recovery: Time-limited 30% win-back discount + feedback survey
16055,Lost Customers,220,1,134.8,134.8,220,,,,Lapsed,[Lapsed] Last Chance: Final win-back email + maximum discount
16056,Promising,44,1,664.85,664.85,44,,0.5100717544555664,1.0,Medium,Nudge: Reminder email + product recommendation + limited offer
16057,Champions,15,10,3854.8500000000004,385.485,700,75.88888888888889,0.2795415222644806,0.0,Low,Retain: Enrol in VIP loyalty program + send thank-you offer
16058,Lost Customers,405,1,62.7,62.7,405,,,,Lapsed,[Lapsed] Last Chance: Final win-back email + maximum discount
16059,Champions,65,12,3099.52,258.29333333333335,568,45.18181818181818,0.2897140085697174,0.0,Low,Retain: Enrol in VIP loyalty program + send thank-you offer
16060,Lost Customers,400,3,541.95,180.65,493,46.5,,,Lapsed,[Lapsed] Last Chance: Final win-back email + maximum discount
16061,Lost Customers,430,1,89.65,89.65,430,,,,Lapsed,[Lapsed] Last Chance: Final win-back email + maximum discount
16062,Champions,9,8,2863.45,357.93125,535,74.71428571428571,0.36980605125427246,0.0,Medium,Early Alert: Personalised product recommendation based on past purchases
16063,Lost Customers,259,1,335.32,335.32,259,,,,Lapsed,[Lapsed] Last Chance: Final win-back email + maximum discount
16064,Lost Customers,724,1,111.0,111.0,724,,,,Lapsed,[Lapsed] Last Chance: Final win-back email + maximum discount
16065,At Risk,364,8,2010.53,251.31625,462,13.571428571428571,,,Lapsed,[Lapsed] Recovery: Time-limited 30% win-back discount + feedback survey
16066,Promising,16,5,1521.87,304.37399999999997,123,26.5,0.20425911247730255,0.0,Low,Nurture: Monthly newsletter + loyalty point updates
16067,At Risk,562,3,3395.29,1131.7633333333333,674,55.5,,,Lapsed,[Lapsed] Recovery: Time-limited 30% win-back discount + feedback survey
16068,Lost Customers,593,1,122.93,122.93,593,,,,Lapsed,[Lapsed] Last Chance: Final win-back email + maximum discount
16069,Lost Customers,417,1,457.7,457.7,417,,,,Lapsed,[Lapsed] Last Chance: Final win-back email + maximum discount
16070,Promising,21,2,852.1500000000001,426.07500000000005,31,9.0,0.42377498745918274,0.0,Medium,Nudge: Reminder email + product recommendation + limited offer
16071,Promising,44,4,1076.8000000000002,269.20000000000005,654,203.0,0.5546895861625671,1.0,High,Urgent Re-engage: 20% discount coupon + highlight new arrivals
16072,At Risk,287,4,4328.89,1082.2225,548,86.33333333333333,,,Lapsed,[Lapsed] Recovery: Time-limited 30% win-back discount + feedback survey
16073,Lost Customers,296,1,122.4,122.4,296,,,,Lapsed,[Lapsed] Last Chance: Final win-back email + maximum discount
16074,Lost Customers,389,1,265.25,265.25,389,,,,Lapsed,[Lapsed] Last Chance: Final win-back email + maximum discount
16075,Lost Customers,502,2,736.9300000000001,368.46500000000003,563,61.0,,,Lapsed,[Lapsed] Last Chance: Final win-back email + maximum discount
16076,Champions,2,10,2234.73,223.473,208,22.333333333333332,0.1568438708782196,0.0,Low,Retain: Enrol in VIP loyalty program + send thank-you offer
16077,At Risk,625,1,2300.4,2300.4,625,,,,Lapsed,[Lapsed] Recovery: Time-limited 30% win-back discount + feedback survey
16078,Lost Customers,283,2,362.99,181.495,668,385.0,,,Lapsed,[Lapsed] Last Chance: Final win-back email + maximum discount
16079,Promising,16,3,1352.0,450.6666666666667,39,11.5,0.3032815754413605,0.0,Low,Nurture: Monthly newsletter + loyalty point updates
16080,At Risk,81,4,602.56,150.64,449,122.33333333333333,0.5600816011428833,1.0,High,Recovery: Time-limited 30% win-back discount + feedback survey
16081,At Risk,55,8,4302.58,537.8225,674,87.71428571428571,0.3495190441608429,0.0,Low,Monitor: Add to re-engagement campaign
16082,Lost Customers,669,1,106.75,106.75,669,,,,Lapsed,[Lapsed] Last Chance: Final win-back email + maximum discount
16083,At Risk,100,4,2351.42,587.855,388,95.33333333333333,0.3913048803806305,0.0,Medium,Re-engage: Best-seller showcase email + 15% discount
16084,Lost Customers,298,1,436.18,436.18,298,,,,Lapsed,[Lapsed] Last Chance: Final win-back email + maximum discount
16085,Champions,22,12,2343.53,195.29416666666668,687,60.09090909090909,0.32627570629119873,0.0,Low,Retain: Enrol in VIP loyalty program + send thank-you offer
16086,At Risk,58,10,2687.73,268.773,736,74.66666666666667,0.3885420858860016,0.0,Medium,Re-engage: Best-seller showcase email + 15% discount
16087,At Risk,388,5,1739.92,347.98400000000004,689,74.5,,,Lapsed,[Lapsed] Recovery: Time-limited 30% win-back discount + feedback survey
16088,At Risk,575,2,1437.4299999999998,718.7149999999999,591,15.0,,,Lapsed,[Lapsed] Recovery: Time-limited 30% win-back discount + feedback survey
16089,Lost Customers,385,2,271.44,135.72,508,122.0,,,Lapsed,[Lapsed] Last Chance: Final win-back email + maximum discount
16090,Lost Customers,623,1,205.91,205.91,623,,,,Lapsed,[Lapsed] Last Chance: Final win-back email + maximum discount
16091,Lost Customers,154,2,315.06,157.53,198,43.0,,,Lapsed,[Lapsed] Last Chance: Final win-back email + maximum discount
16092,At Risk,114,6,1587.94,264.6566666666667,578,92.4,0.43258559703826904,0.0,Medium,Re-engage: Best-seller showcase email + 15% discount
16093,Lost Customers,106,1,17.0,17.0,106,,0.6186051964759827,1.0,High,Last Chance: Final win-back email + maximum discount
16094,Champions,11,11,3695.56,335.96,601,58.7,0.3064363896846771,0.0,Low,Retain: Enrol in VIP loyalty program + send thank-you offer
16095,Lost Customers,455,1,447.05,447.05,455,,,,Lapsed,[Lapsed] Last Chance: Final win-back email + maximum discount
16096,At Risk,263,4,1584.97,396.2425,644,126.33333333333333,,,Lapsed,[Lapsed] Recovery: Time-limited 30% win-back discount + feedback survey
16097,Lost Customers,239,1,185.04999999999998,185.04999999999998,239,,,,Lapsed,[Lapsed] Last Chance: Final win-back email + maximum discount
16098,Champions,87,14,4017.5,286.9642857142857,724,48.53846153846154,0.3148563802242279,0.0,Low,Retain: Enrol in VIP loyalty program + send thank-you offer
16099,At Risk,49,7,1573.2,224.74285714285716,646,99.0,0.44578152894973755,0.0,Medium,Re-engage: Best-seller showcase email + 15% discount
16100,Lost Customers,462,1,582.64,582.64,462,,,,Lapsed,[Lapsed] Last Chance: Final win-back email + maximum discount
16101,At Risk,70,4,3229.16,807.29,561,163.0,0.4767240583896637,0.0,Medium,Re-engage: Best-seller showcase email + 15% discount
16102,Promising,41,3,1842.14,614.0466666666667,128,42.5,0.2646547257900238,0.0,Low,Nurture: Monthly newsletter + loyalty point updates
16103,Champions,6,22,6191.71,281.44136363636363,700,32.57142857142857,0.2163165807723999,0.0,Low,Retain: Enrol in VIP loyalty program + send thank-you offer
16104,At Risk,61,9,2778.61,308.7344444444445,733,83.625,0.5001037120819092,1.0,Medium,Re-engage: Best-seller showcase email + 15% discount
16105,At Risk,248,5,2386.19,477.238,603,88.25,,,Lapsed,[Lapsed] Recovery: Time-limited 30% win-back discount + feedback survey
16106,Lost Customers,65,1,108.38,108.38,65,,0.6170873045921326,1.0,High,Last Chance: Final win-back email + maximum discount
16107,Champions,17,7,3204.1600000000003,457.7371428571429,182,27.0,0.17874233424663544,0.0,Low,Retain: Enrol in VIP loyalty program + send thank-you offer
16108,At Risk,84,4,2235.92,558.98,630,181.66666666666666,0.48415839672088623,0.0,Medium,Re-engage: Best-seller showcase email + 15% discount
16109,At Risk,218,3,939.48,313.16,698,239.5,,,Lapsed,[Lapsed] Recovery: Time-limited 30% win-back discount + feedback survey
16110,At Risk,44,4,1819.27,454.8175,521,158.66666666666666,0.43990111351013184,0.0,Medium,Re-engage: Best-seller showcase email + 15% discount
16111,Lost Customers,427,1,562.48,562.48,427,,,,Lapsed,[Lapsed] Last Chance: Final win-back email + maximum discount
16112,Lost Customers,142,4,195.74,48.935,338,64.33333333333333,,,Lapsed,[Lapsed] Last Chance: Final win-back email + maximum discount
16113,Lost Customers,182,1,161.38,161.38,182,,,,Lapsed,[Lapsed] Last Chance: Final win-back email + maximum discount
16114,Lost Customers,170,1,135.75000000000003,135.75000000000003,170,,,,Lapsed,[Lapsed] Last Chance: Final win-back email + maximum discount
16115,Champions,9,12,2575.14,214.595,574,50.90909090909091,0.22201265394687653,0.0,Low,Retain: Enrol in VIP loyalty program + send thank-you offer
16116,Lost Customers,211,1,612.78,612.78,211,,,,Lapsed,[Lapsed] Last Chance: Final win-back email + maximum discount
16117,At Risk,189,3,654.4,218.13333333333333,591,200.5,,,Lapsed,[Lapsed] Recovery: Time-limited 30% win-back discount + feedback survey
16118,At Risk,652,1,4376.25,4376.25,652,,,,Lapsed,[Lapsed] Recovery: Time-limited 30% win-back discount + feedback survey
16119,Champions,7,8,1720.81,215.10125,723,101.85714285714286,0.4490925073623657,0.0,Medium,Early Alert: Personalised product recommendation based on past purchases
16120,At Risk,58,6,3056.9100000000003,509.48500000000007,421,72.4,0.37695518136024475,0.0,Medium,Re-engage: Best-seller showcase email + 15% discount
16121,At Risk,56,5,1477.09,295.418,565,127.0,0.48230603337287903,0.0,Medium,Re-engage: Best-seller showcase email + 15% discount
16122,At Risk,72,6,895.62,149.27,424,69.8,0.4151417315006256,0.0,Medium,Re-engage: Best-seller showcase email + 15% discount
16123,Promising,51,1,307.78000000000003,307.78000000000003,51,,0.5598364472389221,1.0,High,Urgent Re-engage: 20% discount coupon + highlight new arrivals
16124,At Risk,316,4,1772.49,443.1225,732,138.33333333333334,,,Lapsed,[Lapsed] Recovery: Time-limited 30% win-back discount + feedback survey
16125,At Risk,366,14,4298.3,307.0214285714286,724,26.923076923076923,,,Lapsed,[Lapsed] Recovery: Time-limited 30% win-back discount + feedback survey
16126,Champions,28,15,14646.800000000001,976.4533333333334,736,50.0,0.27127522230148315,0.0,Low,Retain: Enrol in VIP loyalty program + send thank-you offer
16127,Promising,38,2,801.31,400.655,726,687.0,0.5704746246337891,1.0,High,Urgent Re-engage: 20% discount coupon + highlight new arrivals
16128,Champions,17,11,3801.05,345.55,510,48.9,0.2088637501001358,0.0,Low,Retain: Enrol in VIP loyalty program + send thank-you offer
16129,At Risk,406,3,1396.05,465.34999999999997,507,49.5,,,Lapsed,[Lapsed] Recovery: Time-limited 30% win-back discount + feedback survey
16130,At Risk,421,4,987.48,246.87,616,64.33333333333333,,,Lapsed,[Lapsed] Recovery: Time-limited 30% win-back discount + feedback survey
16131,Champions,51,12,9957.42,829.785,737,62.0,0.2779577076435089,0.0,Low,Retain: Enrol in VIP loyalty program + send thank-you offer
16132,Lost Customers,543,2,664.2,332.1,627,83.0,,,Lapsed,[Lapsed] Last Chance: Final win-back email + maximum discount
16133,Champions,3,56,22992.26,410.5760714285714,618,10.709090909090909,0.135163813829422,0.0,Low,Retain: Enrol in VIP loyalty program + send thank-you offer
16134,Promising,21,5,2145.34,429.06800000000004,540,129.25,0.4551967680454254,0.0,Medium,Nudge: Reminder email + product recommendation + limited offer
16135,Lost Customers,262,2,819.4499999999999,409.72499999999997,583,321.0,,,Lapsed,[Lapsed] Last Chance: Final win-back email + maximum discount
16136,At Risk,59,4,946.8000000000001,236.70000000000002,663,200.66666666666666,0.4628252685070038,0.0,Medium,Re-engage: Best-seller showcase email + 15% discount
16137,Lost Customers,679,1,422.7,422.7,679,,,,Lapsed,[Lapsed] Last Chance: Final win-back email + maximum discount
16138,At Risk,378,3,910.3500000000001,303.45000000000005,590,106.0,,,Lapsed,[Lapsed] Recovery: Time-limited 30% win-back discount + feedback survey
16139,Promising,18,5,1111.15,222.23000000000002,735,178.75,0.4735758304595947,0.0,Medium,Nudge: Reminder email + product recommendation + limited offer
16140,At Risk,65,3,1433.46,477.82,441,187.5,0.49538958072662354,0.0,Medium,Re-engage: Best-seller showcase email + 15% discount
16141,Promising,87,2,955.94,477.97,416,328.0,0.5965571999549866,1.0,High,Urgent Re-engage: 20% discount coupon + highlight new arrivals
16142,Lost Customers,249,1,535.34,535.34,249,,,,Lapsed,[Lapsed] Last Chance: Final win-back email + maximum discount
16143,Champions,2,12,4555.08,379.59,729,65.72727272727273,0.2687815725803375,0.0,Low,Retain: Enrol in VIP loyalty program + send thank-you offer
16144,Lost Customers,246,1,175.2,175.2,246,,,,Lapsed,[Lapsed] Last Chance: Final win-back email + maximum discount
16145,Champions,8,19,6805.4400000000005,358.18105263157895,583,31.61111111111111,0.15483880043029785,0.0,Low,Retain: Enrol in VIP loyalty program + send thank-you offer
16146,At Risk,156,4,946.3800000000001,236.59500000000003,448,96.66666666666667,,,Lapsed,[Lapsed] Recovery: Time-limited 30% win-back discount + feedback survey
16147,At Risk,133,5,2398.91,479.782,672,134.25,0.5394627451896667,1.0,Medium,Re-engage: Best-seller showcase email + 15% discount
16148,Lost Customers,295,2,386.62,193.31,436,140.0,,,Lapsed,[Lapsed] Last Chance: Final win-back email + maximum discount
16149,Promising,4,3,422.22,140.74,428,211.5,0.5670304894447327,1.0,High,Urgent Re-engage: 20% discount coupon + highlight new arrivals
16150,Champions,42,10,4002.17,400.217,721,75.0,0.33923763036727905,0.0,Low,Retain: Enrol in VIP loyalty program + send thank-you offer
16152,At Risk,268,1,1829.04,1829.04,268,,,,Lapsed,[Lapsed] Recovery: Time-limited 30% win-back discount + feedback survey
16153,Champions,49,11,5133.49,466.6809090909091,562,50.8,0.25576481223106384,0.0,Low,Retain: Enrol in VIP loyalty program + send thank-you offer
16155,At Risk,381,5,796.9,159.38,539,39.25,,,Lapsed,[Lapsed] Recovery: Time-limited 30% win-back discount + feedback survey
16156,Champions,8,20,6218.18,310.909,736,37.89473684210526,0.1533707231283188,0.0,Low,Retain: Enrol in VIP loyalty program + send thank-you offer
16157,Promising,15,3,656.69,218.89666666666668,72,28.0,0.32593095302581787,0.0,Low,Nurture: Monthly newsletter + loyalty point updates
16158,At Risk,521,9,628.32,69.81333333333333,733,26.125,,,Lapsed,[Lapsed] Recovery: Time-limited 30% win-back discount + feedback survey
16159,At Risk,281,4,1232.79,308.1975,736,151.0,,,Lapsed,[Lapsed] Recovery: Time-limited 30% win-back discount + feedback survey
16160,Promising,64,2,1025.44,512.72,85,20.0,0.3985579311847687,0.0,Medium,Nudge: Reminder email + product recommendation + limited offer
16161,Champions,1,43,12667.6,294.5953488372093,669,15.428571428571429,0.135163813829422,0.0,Low,Retain: Enrol in VIP loyalty program + send thank-you offer
16162,Lost Customers,251,1,37.4,37.4,251,,,,Lapsed,[Lapsed] Last Chance: Final win-back email + maximum discount
16163,At Risk,231,6,2407.98,401.33,737,100.6,,,Lapsed,[Lapsed] Recovery: Time-limited 30% win-back discount + feedback survey
16164,Promising,16,3,822.48,274.16,42,12.5,0.35273170471191406,0.0,Medium,Nudge: Reminder email + product recommendation + limited offer
16165,Lost Customers,504,1,79.9,79.9,504,,,,Lapsed,[Lapsed] Last Chance: Final win-back email + maximum discount
16166,Lost Customers,427,2,435.83000000000004,217.91500000000002,690,263.0,,,Lapsed,[Lapsed] Last Chance: Final win-back email + maximum discount
16167,At Risk,413,5,1386.1200000000001,277.22400000000005,738,80.75,,,Lapsed,[Lapsed] Recovery: Time-limited 30% win-back discount + feedback survey
16168,Champions,10,66,10360.67,156.97984848484847,736,10.753846153846155,0.135163813829422,0.0,Low,Retain: Enrol in VIP loyalty program + send thank-you offer
16169,Promising,7,4,1822.97,455.7425,75,22.333333333333332,0.2376568466424942,0.0,Low,Nurture: Monthly newsletter + loyalty point updates
16170,Champions,50,20,6869.0,343.45,658,31.473684210526315,0.2388877123594284,0.0,Low,Retain: Enrol in VIP loyalty program + send thank-you offer
16171,Lost Customers,58,1,73.19999999999999,73.19999999999999,58,,0.6592522859573364,1.0,High,Last Chance: Final win-back email + maximum discount
16172,At Risk,94,8,1884.55,235.56875,512,59.0,0.3545422852039337,0.0,Medium,Re-engage: Best-seller showcase email + 15% discount
16173,Promising,15,6,1418.32,236.38666666666666,97,16.0,0.1988583505153656,0.0,Low,Nurture: Monthly newsletter + loyalty point updates
16174,At Risk,125,7,2246.75,320.9642857142857,602,79.0,0.3844664692878723,0.0,Medium,Re-engage: Best-seller showcase email + 15% discount
16175,At Risk,93,7,1836.44,262.34857142857146,563,77.66666666666667,0.3817157447338104,0.0,Medium,Re-engage: Best-seller showcase email + 15% discount
16176,At Risk,420,4,2052.69,513.1725,619,65.66666666666667,,,Lapsed,[Lapsed] Recovery: Time-limited 30% win-back discount + feedback survey
16177,At Risk,49,8,2247.31,280.91375,646,84.71428571428571,0.4948571026325226,0.0,Medium,Re-engage: Best-seller showcase email + 15% discount
16178,Lost Customers,137,2,612.6,306.3,400,263.0,,,Lapsed,[Lapsed] Last Chance: Final win-back email + maximum discount
16179,Lost Customers,60,1,215.83,215.83,60,,0.5785501003265381,1.0,High,Last Chance: Final win-back email + maximum discount
16180,Champions,99,13,16249.87,1249.99,533,35.75,0.2633679211139679,0.0,Low,Retain: Enrol in VIP loyalty program + send thank-you offer
16181,Lost Customers,72,1,305.54,305.54,72,,0.5613951683044434,1.0,High,Last Chance: Final win-back email + maximum discount
16182,Champions,71,9,9971.65,1107.961111111111,640,70.625,0.3205118775367737,0.0,Low,Retain: Enrol in VIP loyalty program + send thank-you offer
16183,At Risk,66,4,1077.81,269.4525,406,112.66666666666667,0.5420697927474976,1.0,Medium,Re-engage: Best-seller showcase email + 15% discount
16184,At Risk,63,6,1158.79,193.13166666666666,210,29.0,0.3125245273113251,0.0,Low,Monitor: Add to re-engagement campaign
16185,Promising,16,3,644.72,214.90666666666667,564,273.5,0.5318450331687927,1.0,Medium,Nudge: Reminder email + product recommendation + limited offer
16186,Champions,22,26,8718.43,335.3242307692308,729,27.88,0.15867578983306885,0.0,Low,Retain: Enrol in VIP loyalty program + send thank-you offer
16187,Champions,31,15,6911.4400000000005,460.7626666666667,283,17.5,0.15846465528011322,0.0,Low,Retain: Enrol in VIP loyalty program + send thank-you offer
16188,At Risk,44,5,1087.66,217.532,408,90.5,0.3957703411579132,0.0,Medium,Re-engage: Best-seller showcase email + 15% discount
16189,Promising,15,2,215.48,107.74,84,69.0,0.49967822432518005,0.0,Medium,Nudge: Reminder email + product recommendation + limited offer
16190,At Risk,39,8,2723.55,340.44375,725,97.28571428571429,0.4868503212928772,0.0,Medium,Re-engage: Best-seller showcase email + 15% discount
16191,Champions,2,24,15688.02,653.6675,728,31.17391304347826,0.14037325978279114,0.0,Low,Retain: Enrol in VIP loyalty program + send thank-you offer
16192,Lost Customers,735,1,351.3,351.3,735,,,,Lapsed,[Lapsed] Last Chance: Final win-back email + maximum discount
16193,Lost Customers,236,2,630.4300000000001,315.21500000000003,410,174.0,,,Lapsed,[Lapsed] Last Chance: Final win-back email + maximum discount
16194,Lost Customers,374,1,308.6,308.6,374,,,,Lapsed,[Lapsed] Last Chance: Final win-back email + maximum discount
16195,Lost Customers,722,1,323.25,323.25,722,,,,Lapsed,[Lapsed] Last Chance: Final win-back email + maximum discount
16196,Lost Customers,488,1,93.3,93.3,488,,,,Lapsed,[Lapsed] Last Chance: Final win-back email + maximum discount
16197,At Risk,468,9,2016.71,224.07888888888888,723,31.25,,,Lapsed,[Lapsed] Recovery: Time-limited 30% win-back discount + feedback survey
16198,Promising,74,2,1030.0410000000002,515.0205000000001,436,362.0,0.652743399143219,1.0,High,Urgent Re-engage: 20% discount coupon + highlight new arrivals
16199,At Risk,391,7,942.75,134.67857142857142,630,39.166666666666664,,,Lapsed,[Lapsed] Recovery: Time-limited 30% win-back discount + feedback survey
16200,Champions,3,12,5643.45,470.28749999999997,736,66.18181818181819,0.3564387857913971,0.0,Medium,Early Alert: Personalised product recommendation based on past purchases
16201,Promising,2,5,2112.12,422.424,415,102.5,0.32811439037323,0.0,Low,Nurture: Monthly newsletter + loyalty point updates
16202,At Risk,360,9,2501.99,277.99888888888887,737,46.75,,,Lapsed,[Lapsed] Recovery: Time-limited 30% win-back discount + feedback survey
16203,At Risk,58,6,943.8399999999999,157.30666666666664,503,88.6,0.48739057779312134,0.0,Medium,Re-engage: Best-seller showcase email + 15% discount
16204,Promising,22,3,944.24,314.74666666666667,730,353.0,0.6264625191688538,1.0,High,Urgent Re-engage: 20% discount coupon + highlight new arrivals
16205,At Risk,30,7,1830.6100000000001,261.5157142857143,542,84.83333333333333,0.3957977890968323,0.0,Medium,Re-engage: Best-seller showcase email + 15% discount
16206,Champions,54,13,2602.32,200.17846153846156,683,51.833333333333336,0.38836804032325745,0.0,Medium,Early Alert: Personalised product recommendation based on past purchases
16207,Promising,24,1,394.38,394.38,24,,0.5416027903556824,1.0,Medium,Nudge: Reminder email + product recommendation + limited offer
16208,Champions,44,10,3440.45,344.04499999999996,652,67.22222222222223,0.36445730924606323,0.0,Medium,Early Alert: Personalised product recommendation based on past purchases
16209,At Risk,88,9,4146.78,460.75333333333333,546,56.875,0.30972883105278015,0.0,Low,Monitor: Add to re-engagement campaign
16210,Champions,1,35,33750.97,964.3134285714286,736,21.147058823529413,0.1386200189590454,0.0,Low,Retain: Enrol in VIP loyalty program + send thank-you offer
16211,At Risk,88,3,1090.59,363.53,437,174.0,0.5229935050010681,1.0,Medium,Re-engage: Best-seller showcase email + 15% discount
16212,Promising,18,4,1293.71,323.4275,669,216.66666666666666,0.5103203654289246,1.0,Medium,Nudge: Reminder email + product recommendation + limited offer
16213,Lost Customers,78,1,159.0,159.0,78,,0.6050295829772949,1.0,High,Last Chance: Final win-back email + maximum discount
16214,At Risk,170,4,2038.25,509.5625,434,87.66666666666667,,,Lapsed,[Lapsed] Recovery: Time-limited 30% win-back discount + feedback survey
16215,Lost Customers,80,1,242.35,242.35,80,,0.587601900100708,1.0,High,Last Chance: Final win-back email + maximum discount
16216,Lost Customers,266,1,914.9300000000001,914.9300000000001,266,,,,Lapsed,[Lapsed] Last Chance: Final win-back email + maximum discount
16217,Lost Customers,234,2,304.25,152.125,281,46.0,,,Lapsed,[Lapsed] Last Chance: Final win-back email + maximum discount
16218,Champions,29,13,3968.67,305.2823076923077,560,43.916666666666664,0.20145636796951294,0.0,Low,Retain: Enrol in VIP loyalty program + send thank-you offer
16219,Lost Customers,500,1,40.8,40.8,500,,,,Lapsed,[Lapsed] Last Chance: Final win-back email + maximum discount
16221,At Risk,36,9,2068.77,229.86333333333334,485,55.625,0.3581872880458832,0.0,Medium,Re-engage: Best-seller showcase email + 15% discount
16222,At Risk,317,2,1345.22,672.61,720,402.0,,,Lapsed,[Lapsed] Recovery: Time-limited 30% win-back discount + feedback survey
16223,At Risk,374,2,1102.35,551.175,395,20.0,,,Lapsed,[Lapsed] Recovery: Time-limited 30% win-back discount + feedback survey
16224,At Risk,56,5,1616.54,323.308,386,82.0,0.3840806782245636,0.0,Medium,Re-engage: Best-seller showcase email + 15% discount
16225,Champions,44,15,2867.4100000000003,191.16066666666669,670,44.07142857142857,0.259684294462204,0.0,Low,Retain: Enrol in VIP loyalty program + send thank-you offer
16226,At Risk,202,5,672.1700000000001,134.43400000000003,413,52.0,,,Lapsed,[Lapsed] Recovery: Time-limited 30% win-back discount + feedback survey
16227,At Risk,224,3,1027.22,342.4066666666667,534,154.5,,,Lapsed,[Lapsed] Recovery: Time-limited 30% win-back discount + feedback survey
16228,At Risk,384,3,890.8100000000001,296.93666666666667,399,7.0,,,Lapsed,[Lapsed] Recovery: Time-limited 30% win-back discount + feedback survey
16229,At Risk,86,6,2867.8599999999997,477.97666666666663,563,95.0,0.4012686610221863,0.0,Medium,Re-engage: Best-seller showcase email + 15% discount
16230,Lost Customers,189,2,542.03,271.015,219,30.0,,,Lapsed,[Lapsed] Last Chance: Final win-back email + maximum discount
16231,At Risk,378,4,1078.22,269.555,597,72.33333333333333,,,Lapsed,[Lapsed] Recovery: Time-limited 30% win-back discount + feedback survey
16232,At Risk,43,7,2712.97,387.5671428571428,549,83.83333333333333,0.3818984031677246,0.0,Medium,Re-engage: Best-seller showcase email + 15% discount
16233,At Risk,70,9,1818.31,202.03444444444443,736,82.75,0.49622005224227905,0.0,Medium,Re-engage: Best-seller showcase email + 15% discount
16234,Lost Customers,475,3,333.18,111.06,561,42.5,,,Lapsed,[Lapsed] Last Chance: Final win-back email + maximum discount
16235,At Risk,40,9,2053.71,228.19,470,53.375,0.3023878335952759,0.0,Low,Monitor: Add to re-engagement campaign
16236,Lost Customers,77,1,432.2,432.2,77,,0.5722622275352478,1.0,High,Last Chance: Final win-back email + maximum discount
16237,Lost Customers,436,1,136.65,136.65,436,,,,Lapsed,[Lapsed] Last Chance: Final win-back email + maximum discount
16238,Lost Customers,422,1,63.66,63.66,422,,,,Lapsed,[Lapsed] Last Chance: Final win-back email + maximum discount
16239,At Risk,56,6,1492.2,248.70000000000002,462,80.8,0.4886271357536316,0.0,Medium,Re-engage: Best-seller showcase email + 15% discount
16240,Promising,23,2,3718.8,1859.4,76,53.0,0.2913675308227539,0.0,Low,Nurture: Monthly newsletter + loyalty point updates
16241,Champions,9,16,4051.66,253.22875,409,26.266666666666666,0.1687806099653244,0.0,Low,Retain: Enrol in VIP loyalty program + send thank-you offer
16242,Champions,7,14,7474.4,533.8857142857142,633,47.69230769230769,0.19456590712070465,0.0,Low,Retain: Enrol in VIP loyalty program + send thank-you offer
16243,Promising,33,2,409.1,204.55,54,21.0,0.43198227882385254,0.0,Medium,Nudge: Reminder email + product recommendation + limited offer
16244,At Risk,211,2,1522.75,761.375,372,160.0,,,Lapsed,[Lapsed] Recovery: Time-limited 30% win-back discount + feedback survey
16245,Promising,23,3,1413.66,471.22,256,116.5,0.4128052890300751,0.0,Medium,Nudge: Reminder email + product recommendation + limited offer
16246,Lost Customers,459,2,827.25,413.625,669,209.0,,,Lapsed,[Lapsed] Last Chance: Final win-back email + maximum discount
16247,Lost Customers,169,1,114.56,114.56,169,,,,Lapsed,[Lapsed] Last Chance: Final win-back email + maximum discount
16248,Lost Customers,61,1,152.94,152.94,61,,0.5981120467185974,1.0,High,Last Chance: Final win-back email + maximum discount
16249,At Risk,52,5,1800.0700000000002,360.014,238,46.0,0.23217523097991943,0.0,Low,Monitor: Add to re-engagement campaign
16250,Lost Customers,260,3,565.24,188.41333333333333,386,62.0,,,Lapsed,[Lapsed] Last Chance: Final win-back email + maximum discount
16251,Lost Customers,511,1,128.31,128.31,511,,,,Lapsed,[Lapsed] Last Chance: Final win-back email + maximum discount
16252,Lost Customers,382,1,295.09000000000003,295.09000000000003,382,,,,Lapsed,[Lapsed] Last Chance: Final win-back email + maximum discount
16253,At Risk,66,7,7310.15,1044.3071428571427,730,110.16666666666667,0.4149438142776489,0.0,Medium,Re-engage: Best-seller showcase email + 15% discount
16254,At Risk,377,3,985.14,328.38,631,126.0,,,Lapsed,[Lapsed] Recovery: Time-limited 30% win-back discount + feedback survey
16255,Champions,16,15,4532.55,302.17,684,47.142857142857146,0.19922123849391937,0.0,Low,Retain: Enrol in VIP loyalty program + send thank-you offer
16256,At Risk,266,3,1629.3700000000001,543.1233333333333,597,165.0,,,Lapsed,[Lapsed] Recovery: Time-limited 30% win-back discount + feedback survey
16257,Lost Customers,176,1,46.95,46.95,176,,,,Lapsed,[Lapsed] Last Chance: Final win-back email + maximum discount
16258,Champions,44,15,11942.52,796.168,638,42.0,0.21957412362098694,0.0,Low,Retain: Enrol in VIP loyalty program + send thank-you offer
16259,Lost Customers,409,3,361.94000000000005,120.64666666666669,604,97.0,,,Lapsed,[Lapsed] Last Chance: Final win-back email + maximum discount
16260,Promising,50,1,1035.45,1035.45,50,,0.5314828753471375,1.0,Medium,Nudge: Reminder email + product recommendation + limited offer
16261,Promising,16,6,1059.45,176.57500000000002,441,84.4,0.401652067899704,0.0,Medium,Nudge: Reminder email + product recommendation + limited offer
16262,Lost Customers,377,1,755.15,755.15,377,,,,Lapsed,[Lapsed] Last Chance: Final win-back email + maximum discount
16263,Lost Customers,422,1,351.01,351.01,422,,,,Lapsed,[Lapsed] Last Chance: Final win-back email + maximum discount
16264,Lost Customers,437,2,837.53,418.765,445,7.0,,,Lapsed,[Lapsed] Last Chance: Final win-back email + maximum discount
16265,Champions,8,12,6935.17,577.9308333333333,406,35.90909090909091,0.17348603904247284,0.0,Low,Retain: Enrol in VIP loyalty program + send thank-you offer
16266,At Risk,73,14,1757.95,125.56785714285715,672,45.61538461538461,0.3239974081516266,0.0,Low,Monitor: Add to re-engagement campaign
16267,Lost Customers,590,1,186.66,186.66,590,,,,Lapsed,[Lapsed] Last Chance: Final win-back email + maximum discount
16268,Promising,70,2,667.65,333.825,70,0.0,0.5484085083007812,1.0,Medium,Nudge: Reminder email + product recommendation + limited offer
16269,Lost Customers,437,1,717.57,717.57,437,,,,Lapsed,[Lapsed] Last Chance: Final win-back email + maximum discount
16270,Lost Customers,352,1,1141.24,1141.24,352,,,,Lapsed,[Lapsed] Last Chance: Final win-back email + maximum discount
16271,Champions,2,10,3463.02,346.302,642,70.55555555555556,0.3051642179489136,0.0,Low,Retain: Enrol in VIP loyalty program + send thank-you offer
16272,Lost Customers,116,1,411.7,411.7,116,,0.5683245658874512,1.0,High,Last Chance: Final win-back email + maximum discount
16273,Lost Customers,647,2,336.04,168.02,655,7.0,,,Lapsed,[Lapsed] Last Chance: Final win-back email + maximum discount
16274,Lost Customers,372,1,357.95,357.95,372,,,,Lapsed,[Lapsed] Last Chance: Final win-back email + maximum discount
16275,At Risk,196,3,2151.11,717.0366666666667,640,222.0,,,Lapsed,[Lapsed] Recovery: Time-limited 30% win-back discount + feedback survey
16276,At Risk,176,3,2629.3900000000003,876.4633333333335,607,215.0,,,Lapsed,[Lapsed] Recovery: Time-limited 30% win-back discount + feedback survey
16277,Lost Customers,733,1,188.69,188.69,733,,,,Lapsed,[Lapsed] Last Chance: Final win-back email + maximum discount
16278,At Risk,99,3,1117.84,372.6133333333333,498,199.0,0.4728943109512329,0.0,Medium,Re-engage: Best-seller showcase email + 15% discount
16279,Champions,20,9,5705.08,633.8977777777777,595,71.375,0.3299277424812317,0.0,Low,Retain: Enrol in VIP loyalty program + send thank-you offer
16280,Lost Customers,724,1,238.05,238.05,724,,,,Lapsed,[Lapsed] Last Chance: Final win-back email + maximum discount
16281,At Risk,71,3,3424.02,1141.34,681,304.5,0.5259777307510376,1.0,Medium,Re-engage: Best-seller showcase email + 15% discount
16282,At Risk,339,3,1307.58,435.85999999999996,718,189.0,,,Lapsed,[Lapsed] Recovery: Time-limited 30% win-back discount + feedback survey
16283,Champions,5,8,4403.820000000001,550.4775000000001,648,91.42857142857143,0.3241806924343109,0.0,Low,Retain: Enrol in VIP loyalty program + send thank-you offer
16284,Promising,30,3,1029.77,343.25666666666666,392,181.0,0.49591895937919617,0.0,Medium,Nudge: Reminder email + product recommendation + limited offer
16285,Lost Customers,645,1,176.9,176.9,645,,,,Lapsed,[Lapsed] Last Chance: Final win-back email + maximum discount
16286,Lost Customers,476,2,328.95,164.475,623,146.0,,,Lapsed,[Lapsed] Last Chance: Final win-back email + maximum discount
16287,At Risk,169,5,1006.98,201.39600000000002,689,129.5,,,Lapsed,[Lapsed] Recovery: Time-limited 30% win-back discount + feedback survey
16288,Lost Customers,469,1,129.85,129.85,469,,,,Lapsed,[Lapsed] Last Chance: Final win-back email + maximum discount
16289,Lost Customers,461,1,136.31,136.31,461,,,,Lapsed,[Lapsed] Last Chance: Final win-back email + maximum discount
16290,At Risk,464,4,2069.3,517.325,565,33.0,,,Lapsed,[Lapsed] Recovery: Time-limited 30% win-back discount + feedback survey
16291,Lost Customers,681,1,117.72,117.72,681,,,,Lapsed,[Lapsed] Last Chance: Final win-back email + maximum discount
16292,At Risk,121,5,1253.76,250.752,603,120.0,0.5386496782302856,1.0,Medium,Re-engage: Best-seller showcase email + 15% discount
16293,Champions,21,15,4279.200000000001,285.28000000000003,728,50.214285714285715,0.25851181149482727,0.0,Low,Retain: Enrol in VIP loyalty program + send thank-you offer
16294,Lost Customers,476,1,126.05000000000001,126.05000000000001,476,,,,Lapsed,[Lapsed] Last Chance: Final win-back email + maximum discount
16295,Promising,9,4,1328.55,332.1375,64,18.0,0.268444299697876,0.0,Low,Nurture: Monthly newsletter + loyalty point updates
16296,At Risk,625,4,1313.67,328.4175,721,31.333333333333332,,,Lapsed,[Lapsed] Recovery: Time-limited 30% win-back discount + feedback survey
16297,Lost Customers,268,1,301.9,301.9,268,,,,Lapsed,[Lapsed] Last Chance: Final win-back email + maximum discount
16298,Promising,22,7,1085.7,155.1,441,69.33333333333333,0.36194437742233276,0.0,Medium,Nudge: Reminder email + product recommendation + limited offer
16299,Lost Customers,476,1,193.65,193.65,476,,,,Lapsed,[Lapsed] Last Chance: Final win-back email + maximum discount
16300,At Risk,429,3,1392.43,464.1433333333334,675,122.5,,,Lapsed,[Lapsed] Recovery: Time-limited 30% win-back discount + feedback survey
16301,Lost Customers,736,1,107.33,107.33,736,,,,Lapsed,[Lapsed] Last Chance: Final win-back email + maximum discount
16302,Lost Customers,126,1,233.22,233.22,126,,0.5901312232017517,1.0,High,Last Chance: Final win-back email + maximum discount
16303,Champions,25,7,7928.27,1132.6100000000001,630,100.16666666666667,0.3207203149795532,0.0,Low,Retain: Enrol in VIP loyalty program + send thank-you offer
16304,Lost Customers,694,1,381.66,381.66,694,,,,Lapsed,[Lapsed] Last Chance: Final win-back email + maximum discount
16305,Lost Customers,138,1,361.22,361.22,138,,,,Lapsed,[Lapsed] Last Chance: Final win-back email + maximum discount
16306,At Risk,213,7,1124.72,160.67428571428573,434,36.5,,,Lapsed,[Lapsed] Recovery: Time-limited 30% win-back discount + feedback survey
16307,At Risk,428,3,1194.92,398.3066666666667,576,73.5,,,Lapsed,[Lapsed] Recovery: Time-limited 30% win-back discount + feedback survey
16308,Champions,37,7,5120.0,731.4285714285714,723,114.0,0.3757355809211731,0.0,Medium,Early Alert: Personalised product recommendation based on past purchases
16309,Lost Customers,105,2,706.5699999999999,353.28499999999997,240,134.0,0.48503705859184265,0.0,Medium,Re-activation: Welcome-back campaign + highlight what's new
16310,Lost Customers,413,2,460.08,230.04,641,227.0,,,Lapsed,[Lapsed] Last Chance: Final win-back email + maximum discount
16311,Promising,17,2,616.26,308.13,48,31.0,0.3531293570995331,0.0,Medium,Nudge: Reminder email + product recommendation + limited offer
16312,Lost Customers,431,1,171.15,171.15,431,,,,Lapsed,[Lapsed] Last Chance: Final win-back email + maximum discount
16313,Promising,2,2,274.15,137.075,49,46.0,0.3919964134693146,0.0,Medium,Nudge: Reminder email + product recommendation + limited offer
16314,At Risk,389,3,1491.4,497.1333333333334,472,41.0,,,Lapsed,[Lapsed] Recovery: Time-limited 30% win-back discount + feedback survey
16315,Lost Customers,330,2,402.71000000000004,201.35500000000002,535,205.0,,,Lapsed,[Lapsed] Last Chance: Final win-back email + maximum discount
16316,Champions,63,13,5744.91,441.91615384615386,492,35.166666666666664,0.22134758532047272,0.0,Low,Retain: Enrol in VIP loyalty program + send thank-you offer
16317,At Risk,119,5,2192.51,438.50200000000007,584,116.0,0.43672069907188416,0.0,Medium,Re-engage: Best-seller showcase email + 15% discount
16318,Promising,34,1,328.15000000000003,328.15000000000003,34,,0.5525321364402771,1.0,High,Urgent Re-engage: 20% discount coupon + highlight new arrivals
16319,Lost Customers,217,1,404.40000000000003,404.40000000000003,217,,,,Lapsed,[Lapsed] Last Chance: Final win-back email + maximum discount
16320,At Risk,171,6,5628.990000000001,938.1650000000001,680,101.4,,,Lapsed,[Lapsed] Recovery: Time-limited 30% win-back discount + feedback survey
16321,At Risk,71,7,604.5500000000001,86.36428571428573,738,110.66666666666667,0.4457504451274872,0.0,Medium,Re-engage: Best-seller showcase email + 15% discount
16322,Promising,0,2,326.75,163.375,35,35.0,0.4006325900554657,0.0,Medium,Nudge: Reminder email + product recommendation + limited offer
16323,Lost Customers,195,2,353.66,176.83,577,381.0,,,Lapsed,[Lapsed] Last Chance: Final win-back email + maximum discount
16324,Lost Customers,127,3,428.68,142.89333333333335,176,24.0,0.4594199061393738,0.0,Medium,Re-activation: Welcome-back campaign + highlight what's new
16325,Champions,46,12,3597.5,299.7916666666667,734,62.0,0.35217931866645813,0.0,Medium,Early Alert: Personalised product recommendation based on past purchases
16326,Champions,5,24,4826.99,201.12458333333333,679,28.956521739130434,0.14300549030303955,0.0,Low,Retain: Enrol in VIP loyalty program + send thank-you offer
16327,Champions,13,16,10195.74,637.23375,724,46.86666666666667,0.19372792541980743,0.0,Low,Retain: Enrol in VIP loyalty program + send thank-you offer
16328,Lost Customers,562,1,310.83,310.83,562,,,,Lapsed,[Lapsed] Last Chance: Final win-back email + maximum discount
16329,At Risk,427,4,1703.0700000000002,425.76750000000004,738,103.0,,,Lapsed,[Lapsed] Recovery: Time-limited 30% win-back discount + feedback survey
16330,Promising,17,7,634.3299999999999,90.61857142857141,662,107.16666666666667,0.4686894714832306,0.0,Medium,Nudge: Reminder email + product recommendation + limited offer
16331,At Risk,431,6,2037.7,339.6166666666667,642,41.6,,,Lapsed,[Lapsed] Recovery: Time-limited 30% win-back discount + feedback survey
16332,Champions,27,11,2010.41,182.76454545454547,588,55.5,0.3007831275463104,0.0,Low,Retain: Enrol in VIP loyalty program + send thank-you offer
16333,Champions,7,22,26626.8,1210.3090909090909,309,14.047619047619047,0.13861103355884552,0.0,Low,Retain: Enrol in VIP loyalty program + send thank-you offer
16334,Lost Customers,491,1,277.48,277.48,491,,,,Lapsed,[Lapsed] Last Chance: Final win-back email + maximum discount
16335,At Risk,551,7,2774.0,396.2857142857143,735,30.333333333333332,,,Lapsed,[Lapsed] Recovery: Time-limited 30% win-back discount + feedback survey
16336,At Risk,420,4,3517.6899999999996,879.4224999999999,631,70.0,,,Lapsed,[Lapsed] Recovery: Time-limited 30% win-back discount + feedback survey
16337,Promising,36,1,151.05,151.05,36,,0.6219616532325745,1.0,High,Urgent Re-engage: 20% discount coupon + highlight new arrivals
16338,Lost Customers,156,1,214.8,214.8,156,,,,Lapsed,[Lapsed] Last Chance: Final win-back email + maximum discount
16339,Lost Customers,283,1,109.95,109.95,283,,,,Lapsed,[Lapsed] Last Chance: Final win-back email + maximum discount
16340,At Risk,106,3,1526.06,508.68666666666667,550,221.5,0.576550304889679,1.0,High,Recovery: Time-limited 30% win-back discount + feedback survey
16341,Champions,24,7,3850.79,550.1128571428571,609,97.0,0.33345863223075867,0.0,Low,Retain: Enrol in VIP loyalty program + send thank-you offer
16342,Promising,74,4,322.41,80.6025,179,34.333333333333336,0.4312361776828766,0.0,Medium,Nudge: Reminder email + product recommendation + limited offer
16343,Promising,15,3,687.0699999999999,229.0233333333333,406,195.5,0.5070949792861938,1.0,Medium,Nudge: Reminder email + product recommendation + limited offer
16344,At Risk,157,4,842.42,210.605,668,169.66666666666666,,,Lapsed,[Lapsed] Recovery: Time-limited 30% win-back discount + feedback survey
16345,Promising,43,2,1198.74,599.37,482,438.0,0.5642465949058533,1.0,High,Urgent Re-engage: 20% discount coupon + highlight new arrivals
16346,Lost Customers,384,1,224.51,224.51,384,,,,Lapsed,[Lapsed] Last Chance: Final win-back email + maximum discount
16347,Champions,10,11,3509.41,319.0372727272727,637,62.1,0.3576827049255371,0.0,Medium,Early Alert: Personalised product recommendation based on past purchases
16348,At Risk,31,8,1798.22,224.7775,429,56.42857142857143,0.2798926830291748,0.0,Low,Monitor: Add to re-engagement campaign
16349,Lost Customers,290,1,53.5,53.5,290,,,,Lapsed,[Lapsed] Last Chance: Final win-back email + maximum discount
16350,Champions,20,9,2253.89,250.4322222222222,427,50.25,0.2908085286617279,0.0,Low,Retain: Enrol in VIP loyalty program + send thank-you offer
16351,At Risk,332,13,3330.03,256.15615384615387,734,33.0,,,Lapsed,[Lapsed] Recovery: Time-limited 30% win-back discount + feedback survey
16352,Promising,17,2,494.44,247.22,37,20.0,0.37125062942504883,0.0,Medium,Nudge: Reminder email + product recommendation + limited offer
16353,Champions,3,38,9795.460000000001,257.77526315789476,731,19.324324324324323,0.135163813829422,0.0,Low,Retain: Enrol in VIP loyalty program + send thank-you offer
16354,At Risk,62,5,1129.51,225.902,590,131.5,0.5301411151885986,1.0,Medium,Re-engage: Best-seller showcase email + 15% discount
16355,Lost Customers,374,1,416.35,416.35,374,,,,Lapsed,[Lapsed] Last Chance: Final win-back email + maximum discount
16356,At Risk,197,6,415.87,69.31166666666667,551,70.2,,,Lapsed,[Lapsed] Recovery: Time-limited 30% win-back discount + feedback survey
16357,Promising,32,4,868.37,217.0925,380,115.33333333333333,0.4471506178379059,0.0,Medium,Nudge: Reminder email + product recommendation + limited offer
16358,Champions,0,5,2919.6500000000005,583.9300000000001,394,97.75,0.3296257257461548,0.0,Low,Retain: Enrol in VIP loyalty program + send thank-you offer
16359,Champions,6,16,2697.75,168.609375,661,43.2,0.20435325801372528,0.0,Low,Retain: Enrol in VIP loyalty program + send thank-you offer
16360,Champions,4,6,3512.53,585.4216666666667,87,16.2,0.16856420040130615,0.0,Low,Retain: Enrol in VIP loyalty program + send thank-you offer
16361,Promising,9,4,896.66,224.165,70,20.333333333333332,0.2990337908267975,0.0,Low,Nurture: Monthly newsletter + loyalty point updates
16362,Promising,31,6,946.94,157.82333333333335,437,80.6,0.3691818416118622,0.0,Medium,Nudge: Reminder email + product recommendation + limited offer
16363,Lost Customers,52,1,109.36000000000001,109.36000000000001,52,,0.60676109790802,1.0,High,Last Chance: Final win-back email + maximum discount
16364,Promising,11,2,707.04,353.52,136,125.0,0.44217631220817566,0.0,Medium,Nudge: Reminder email + product recommendation + limited offer
16365,Champions,17,15,3167.34,211.156,728,50.285714285714285,0.2539171576499939,0.0,Low,Retain: Enrol in VIP loyalty program + send thank-you offer
16366,Promising,18,4,1548.13,387.0325,723,234.66666666666666,0.5830477476119995,1.0,High,Urgent Re-engage: 20% discount coupon + highlight new arrivals
16367,Promising,36,3,1362.4,454.1333333333334,382,172.5,0.513105571269989,1.0,Medium,Nudge: Reminder email + product recommendation + limited offer
16368,Promising,1,3,640.21,213.40333333333334,435,216.0,0.49776118993759155,0.0,Medium,Nudge: Reminder email + product recommendation + limited offer
16369,Champions,17,7,2664.81,380.6871428571429,610,98.33333333333333,0.34255799651145935,0.0,Low,Retain: Enrol in VIP loyalty program + send thank-you offer
16370,At Risk,81,4,1320.56,330.14,224,47.333333333333336,0.36628252267837524,0.0,Medium,Re-engage: Best-seller showcase email + 15% discount
16371,Lost Customers,448,1,157.2,157.2,448,,,,Lapsed,[Lapsed] Last Chance: Final win-back email + maximum discount
16372,Promising,32,5,1328.61,265.722,606,143.0,0.5443498492240906,1.0,Medium,Nudge: Reminder email + product recommendation + limited offer
16373,Lost Customers,381,2,309.49,154.745,410,29.0,,,Lapsed,[Lapsed] Last Chance: Final win-back email + maximum discount
16374,At Risk,65,5,1771.45,354.29,587,130.25,0.4947030246257782,0.0,Medium,Re-engage: Best-seller showcase email + 15% discount
16375,Lost Customers,469,2,104.0,52.0,469,0.0,,,Lapsed,[Lapsed] Last Chance: Final win-back email + maximum discount
16376,Promising,8,2,987.01,493.505,16,8.0,0.3907950520515442,0.0,Medium,Nudge: Reminder email + product recommendation + limited offer
16377,At Risk,266,2,1308.48,654.24,617,350.0,,,Lapsed,[Lapsed] Recovery: Time-limited 30% win-back discount + feedback survey
16378,Lost Customers,246,3,362.95,120.98333333333333,310,31.0,,,Lapsed,[Lapsed] Last Chance: Final win-back email + maximum discount
16379,Promising,3,4,2157.4,539.35,78,24.666666666666668,0.23941220343112946,0.0,Low,Nurture: Monthly newsletter + loyalty point updates
16380,Promising,60,1,1780.59,1780.59,60,,0.5311329364776611,1.0,Medium,Nudge: Reminder email + product recommendation + limited offer
16381,Lost Customers,395,2,258.7,129.35,417,22.0,,,Lapsed,[Lapsed] Last Chance: Final win-back email + maximum discount
16382,Lost Customers,407,2,353.1,176.55,550,142.0,,,Lapsed,[Lapsed] Last Chance: Final win-back email + maximum discount
16383,At Risk,74,7,2974.84,424.9771428571429,672,99.16666666666667,0.43468523025512695,0.0,Medium,Re-engage: Best-seller showcase email + 15% discount
16384,At Risk,89,4,1358.95,339.7375,589,166.33333333333334,0.5229935050010681,1.0,Medium,Re-engage: Best-seller showcase email + 15% discount
16385,At Risk,59,5,882.38,176.476,631,142.25,0.5743881464004517,1.0,High,Recovery: Time-limited 30% win-back discount + feedback survey
16386,Promising,28,3,1102.5900000000001,367.53000000000003,387,179.5,0.5710290670394897,1.0,High,Urgent Re-engage: 20% discount coupon + highlight new arrivals
16387,At Risk,322,5,918.55,183.70999999999998,638,78.75,,,Lapsed,[Lapsed] Recovery: Time-limited 30% win-back discount + feedback survey
16388,Lost Customers,653,1,186.05,186.05,653,,,,Lapsed,[Lapsed] Last Chance: Final win-back email + maximum discount
16389,At Risk,52,4,1382.07,345.5175,282,76.0,0.37281423807144165,0.0,Medium,Re-engage: Best-seller showcase email + 15% discount
16390,Lost Customers,536,3,467.50000000000006,155.83333333333334,678,70.5,,,Lapsed,[Lapsed] Last Chance: Final win-back email + maximum discount
16391,At Risk,400,4,1103.6100000000001,275.90250000000003,561,53.333333333333336,,,Lapsed,[Lapsed] Recovery: Time-limited 30% win-back discount + feedback survey
16392,At Risk,269,3,763.05,254.35,561,146.0,,,Lapsed,[Lapsed] Recovery: Time-limited 30% win-back discount + feedback survey
16393,Champions,1,23,5376.86,233.77652173913043,738,32.95454545454545,0.14674629271030426,0.0,Low,Retain: Enrol in VIP loyalty program + send thank-you offer
16394,At Risk,56,5,1555.3400000000001,311.06800000000004,289,57.75,0.3057376742362976,0.0,Low,Monitor: Add to re-engagement campaign
16395,Champions,60,14,3537.85,252.70357142857142,733,51.30769230769231,0.2972910404205322,0.0,Low,Retain: Enrol in VIP loyalty program + send thank-you offer
16396,Lost Customers,475,1,137.8,137.8,475,,,,Lapsed,[Lapsed] Last Chance: Final win-back email + maximum discount
16397,Lost Customers,627,1,127.88,127.88,627,,,,Lapsed,[Lapsed] Last Chance: Final win-back email + maximum discount
16398,At Risk,153,2,1705.8000000000002,852.9000000000001,253,99.0,,,Lapsed,[Lapsed] Recovery: Time-limited 30% win-back discount + feedback survey
16399,Promising,18,3,641.8199999999999,213.93999999999997,388,184.5,0.554690420627594,1.0,High,Urgent Re-engage: 20% discount coupon + highlight new arrivals
16400,At Risk,94,9,3159.44,351.0488888888889,731,79.125,0.4914547801017761,0.0,Medium,Re-engage: Best-seller showcase email + 15% discount
16401,Champions,0,23,6849.15,297.7891304347826,554,24.818181818181817,0.14226925373077393,0.0,Low,Retain: Enrol in VIP loyalty program + send thank-you offer
16402,Lost Customers,264,2,299.6,149.8,368,104.0,,,Lapsed,[Lapsed] Last Chance: Final win-back email + maximum discount
16403,Lost Customers,311,1,177.5,177.5,311,,,,Lapsed,[Lapsed] Last Chance: Final win-back email + maximum discount
16404,Lost Customers,69,1,443.05,443.05,69,,0.5040864944458008,1.0,Medium,Re-activation: Welcome-back campaign + highlight what's new
16405,Lost Customers,301,2,167.25,83.625,309,7.0,,,Lapsed,[Lapsed] Last Chance: Final win-back email + maximum discount
16406,Promising,18,3,552.68,184.22666666666666,653,317.5,0.5912005305290222,1.0,High,Urgent Re-engage: 20% discount coupon + highlight new arrivals
16407,Champions,12,14,2821.65,201.54642857142858,431,31.846153846153847,0.17768609523773193,0.0,Low,Retain: Enrol in VIP loyalty program + send thank-you offer
16408,Lost Customers,590,1,231.93,231.93,590,,,,Lapsed,[Lapsed] Last Chance: Final win-back email + maximum discount
16409,Champions,35,12,5709.04,475.75333333333333,725,62.18181818181818,0.26464688777923584,0.0,Low,Retain: Enrol in VIP loyalty program + send thank-you offer
16410,Lost Customers,733,1,130.32,130.32,733,,,,Lapsed,[Lapsed] Last Chance: Final win-back email + maximum discount
16411,Promising,18,4,778.69,194.6725,427,135.66666666666666,0.5871535539627075,1.0,High,Urgent Re-engage: 20% discount coupon + highlight new arrivals
16412,Promising,53,5,647.23,129.446,672,154.75,0.6190789937973022,1.0,High,Urgent Re-engage: 20% discount coupon + highlight new arrivals
16413,Promising,56,2,528.98,264.49,375,318.0,0.661619246006012,1.0,High,Urgent Re-engage: 20% discount coupon + highlight new arrivals
16414,Promising,21,5,559.71,111.94200000000001,694,168.0,0.5946643948554993,1.0,High,Urgent Re-engage: 20% discount coupon + highlight new arrivals
16415,Promising,43,3,719.4399999999999,239.8133333333333,676,315.5,0.6348738074302673,1.0,High,Urgent Re-engage: 20% discount coupon + highlight new arrivals
16416,Champions,26,9,2972.88,330.32,654,78.125,0.3585405945777893,0.0,Medium,Early Alert: Personalised product recommendation based on past purchases
16417,Lost Customers,492,1,35.7,35.7,492,,,,Lapsed,[Lapsed] Last Chance: Final win-back email + maximum discount
16418,At Risk,44,5,1101.94,220.388,422,94.25,0.4129558205604553,0.0,Medium,Re-engage: Best-seller showcase email + 15% discount
16419,At Risk,112,8,1487.42,185.9275,667,79.0,0.38444212079048157,0.0,Medium,Re-engage: Best-seller showcase email + 15% discount
16420,Lost Customers,395,1,75.0,75.0,395,,,,Lapsed,[Lapsed] Last Chance: Final win-back email + maximum discount
16421,Lost Customers,375,3,526.27,175.42333333333332,469,46.0,,,Lapsed,[Lapsed] Last Chance: Final win-back email + maximum discount
16422,Champions,16,109,61983.270000000004,568.6538532110092,696,5.842592592592593,0.1371106505393982,0.0,Low,Retain: Enrol in VIP loyalty program + send thank-you offer
16423,Promising,24,1,346.12,346.12,24,,0.5416027903556824,1.0,Medium,Nudge: Reminder email + product recommendation + limited offer
16424,Lost Customers,190,2,443.06,221.53,382,191.0,,,Lapsed,[Lapsed] Last Chance: Final win-back email + maximum discount
16425,Lost Customers,301,1,302.7,302.7,301,,,,Lapsed,[Lapsed] Last Chance: Final win-back email + maximum discount
16426,Champions,1,10,1908.25,190.825,275,30.0,0.1568438708782196,0.0,Low,Retain: Enrol in VIP loyalty program + send thank-you offer
16427,Lost Customers,262,2,241.06,120.53,283,21.0,,,Lapsed,[Lapsed] Last Chance: Final win-back email + maximum discount
16428,Lost Customers,413,3,660.28,220.09333333333333,497,42.0,,,Lapsed,[Lapsed] Last Chance: Final win-back email + maximum discount
16429,Lost Customers,105,1,284.55,284.55,105,,0.5677861571311951,1.0,High,Last Chance: Final win-back email + maximum discount
16430,At Risk,56,7,1117.94,159.7057142857143,681,103.33333333333333,0.5297285914421082,1.0,Medium,Re-engage: Best-seller showcase email + 15% discount
16431,At Risk,212,3,642.81,214.26999999999998,296,42.0,,,Lapsed,[Lapsed] Recovery: Time-limited 30% win-back discount + feedback survey
16432,Lost Customers,63,1,287.40000000000003,287.40000000000003,63,,0.5677861571311951,1.0,High,Last Chance: Final win-back email + maximum discount
16433,Promising,27,2,384.52,192.26,408,380.0,0.6231006383895874,1.0,High,Urgent Re-engage: 20% discount coupon + highlight new arrivals
16434,Champions,28,12,2741.7400000000002,228.47833333333335,690,59.45454545454545,0.3041864037513733,0.0,Low,Retain: Enrol in VIP loyalty program + send thank-you offer
16435,At Risk,511,3,1011.57,337.19,513,0.5,,,Lapsed,[Lapsed] Recovery: Time-limited 30% win-back discount + feedback survey
16436,Lost Customers,667,3,329.34,109.77999999999999,732,32.0,,,Lapsed,[Lapsed] Last Chance: Final win-back email + maximum discount
16437,Lost Customers,380,2,301.25,150.625,429,48.0,,,Lapsed,[Lapsed] Last Chance: Final win-back email + maximum discount
16438,Promising,5,5,798.35,159.67000000000002,81,18.5,0.2529448866844177,0.0,Low,Nurture: Monthly newsletter + loyalty point updates
16439,Lost Customers,721,1,310.70000000000005,310.70000000000005,721,,,,Lapsed,[Lapsed] Last Chance: Final win-back email + maximum discount
16440,Champions,7,6,3856.9700000000003,642.8283333333334,493,96.8,0.25466668605804443,0.0,Low,Retain: Enrol in VIP loyalty program + send thank-you offer
16441,At Risk,66,5,1034.43,206.88600000000002,626,139.75,0.5596505999565125,1.0,High,Recovery: Time-limited 30% win-back discount + feedback survey
16442,Promising,1,5,899.47,179.894,726,180.75,0.4702244699001312,0.0,Medium,Nudge: Reminder email + product recommendation + limited offer
16443,Lost Customers,520,1,162.24,162.24,520,,,,Lapsed,[Lapsed] Last Chance: Final win-back email + maximum discount
16444,Champions,45,17,3656.58,215.0929411764706,624,35.6875,0.3467766046524048,0.0,Low,Retain: Enrol in VIP loyalty program + send thank-you offer
16445,Promising,33,4,602.73,150.6825,411,125.66666666666667,0.5461359024047852,1.0,Medium,Nudge: Reminder email + product recommendation + limited offer
16446,Champions,0,2,168472.5,84236.25,205,204.0,0.436113566160202,0.0,Medium,Early Alert: Personalised product recommendation based on past purchases
16447,At Risk,135,3,775.1400000000001,258.38000000000005,659,261.5,0.657830536365509,1.0,High,Recovery: Time-limited 30% win-back discount + feedback survey
16448,Lost Customers,197,2,367.87,183.935,470,272.0,,,Lapsed,[Lapsed] Last Chance: Final win-back email + maximum discount
16449,Lost Customers,197,2,707.69,353.845,280,82.0,,,Lapsed,[Lapsed] Last Chance: Final win-back email + maximum discount
16450,At Risk,149,3,1505.73,501.91,655,252.5,,,Lapsed,[Lapsed] Recovery: Time-limited 30% win-back discount + feedback survey
16451,At Risk,87,3,1013.1500000000001,337.7166666666667,734,323.5,0.6587207317352295,1.0,High,Recovery: Time-limited 30% win-back discount + feedback survey
16452,Lost Customers,630,2,332.17,166.085,693,63.0,,,Lapsed,[Lapsed] Last Chance: Final win-back email + maximum discount
16453,Lost Customers,530,2,251.71,125.855,547,17.0,,,Lapsed,[Lapsed] Last Chance: Final win-back email + maximum discount
16454,Lost Customers,44,4,30.950000000000003,7.737500000000001,610,188.33333333333334,0.590595543384552,1.0,High,Last Chance: Final win-back email + maximum discount
16455,Champions,63,11,4003.0699999999997,363.9154545454545,619,55.3,0.3083825409412384,0.0,Low,Retain: Enrol in VIP loyalty program + send thank-you offer
16456,Champions,98,13,6075.51,467.3469230769231,620,43.0,0.3697936236858368,0.0,Medium,Early Alert: Personalised product recommendation based on past purchases
16457,Lost Customers,217,1,208.36,208.36,217,,,,Lapsed,[Lapsed] Last Chance: Final win-back email + maximum discount
16458,Champions,2,30,5715.34,190.51133333333334,561,18.724137931034484,0.135163813829422,0.0,Low,Retain: Enrol in VIP loyalty program + send thank-you offer
16459,Lost Customers,729,1,71.78999999999999,71.78999999999999,729,,,,Lapsed,[Lapsed] Last Chance: Final win-back email + maximum discount
16460,Promising,27,3,814.72,271.5733333333333,81,26.5,0.3297851085662842,0.0,Low,Nurture: Monthly newsletter + loyalty point updates
16461,At Risk,177,3,1615.22,538.4066666666666,645,234.0,,,Lapsed,[Lapsed] Recovery: Time-limited 30% win-back discount + feedback survey
16462,Lost Customers,73,3,136.0,45.333333333333336,283,104.5,0.5370880365371704,1.0,Medium,Re-activation: Welcome-back campaign + highlight what's new
16463,Promising,20,4,1422.4,355.6,203,60.333333333333336,0.2997013032436371,0.0,Low,Nurture: Monthly newsletter + loyalty point updates
16464,Promising,19,3,1314.68,438.2266666666667,141,60.5,0.32004475593566895,0.0,Low,Nurture: Monthly newsletter + loyalty point updates
16465,Lost Customers,420,2,746.24,373.12,444,23.0,,,Lapsed,[Lapsed] Last Chance: Final win-back email + maximum discount
16466,Champions,33,15,3838.59,255.906,641,42.92857142857143,0.21046583354473114,0.0,Low,Retain: Enrol in VIP loyalty program + send thank-you offer
16467,At Risk,508,7,2869.16,409.88,737,37.666666666666664,,,Lapsed,[Lapsed] Recovery: Time-limited 30% win-back discount + feedback survey
16468,Promising,73,3,787.52,262.50666666666666,480,203.0,0.6314284801483154,1.0,High,Urgent Re-engage: 20% discount coupon + highlight new arrivals
16469,Promising,23,5,828.9100000000001,165.782,513,122.25,0.44317710399627686,0.0,Medium,Nudge: Reminder email + product recommendation + limited offer
16470,At Risk,51,11,2458.6,223.5090909090909,728,67.3,0.3869093656539917,0.0,Medium,Re-engage: Best-seller showcase email + 15% discount
16471,At Risk,274,4,1189.98,297.495,652,125.66666666666667,,,Lapsed,[Lapsed] Recovery: Time-limited 30% win-back discount + feedback survey
16472,Lost Customers,433,2,789.5999999999999,394.79999999999995,597,163.0,,,Lapsed,[Lapsed] Last Chance: Final win-back email + maximum discount
16473,At Risk,164,4,470.83,117.7075,373,69.33333333333333,,,Lapsed,[Lapsed] Recovery: Time-limited 30% win-back discount + feedback survey
16474,Champions,6,7,1871.5,267.35714285714283,144,22.5,0.18922950327396393,0.0,Low,Retain: Enrol in VIP loyalty program + send thank-you offer
16475,At Risk,87,4,544.3,136.075,273,61.333333333333336,0.3840106725692749,0.0,Medium,Re-engage: Best-seller showcase email + 15% discount
16476,Lost Customers,431,1,350.35,350.35,431,,,,Lapsed,[Lapsed] Last Chance: Final win-back email + maximum discount
16477,Champions,63,11,4094.37,372.2154545454545,484,41.6,0.2429591864347458,0.0,Low,Retain: Enrol in VIP loyalty program + send thank-you offer
16478,Promising,24,3,331.0,110.33333333333333,65,19.5,0.37586361169815063,0.0,Medium,Nudge: Reminder email + product recommendation + limited offer
16479,Promising,9,2,300.83000000000004,150.41500000000002,9,0.0,0.4331565201282501,0.0,Medium,Nudge: Reminder email + product recommendation + limited offer
16480,Promising,75,1,769.29,769.29,75,,0.5216760039329529,1.0,Medium,Nudge: Reminder email + product recommendation + limited offer
16481,Lost Customers,681,1,453.38,453.38,681,,,,Lapsed,[Lapsed] Last Chance: Final win-back email + maximum discount
16482,Promising,15,1,220.62,220.62,15,,0.545484721660614,1.0,Medium,Nudge: Reminder email + product recommendation + limited offer
16483,Lost Customers,191,1,139.35,139.35,191,,,,Lapsed,[Lapsed] Last Chance: Final win-back email + maximum discount
16484,Lost Customers,173,2,404.29999999999995,202.14999999999998,190,17.0,,,Lapsed,[Lapsed] Last Chance: Final win-back email + maximum discount
16485,At Risk,76,5,2294.68,458.936,733,163.75,0.5745803713798523,1.0,High,Recovery: Time-limited 30% win-back discount + feedback survey
16486,Lost Customers,537,1,134.36,134.36,537,,,,Lapsed,[Lapsed] Last Chance: Final win-back email + maximum discount
16487,Lost Customers,576,2,209.4,104.7,658,81.0,,,Lapsed,[Lapsed] Last Chance: Final win-back email + maximum discount
16488,Promising,32,3,498.8,166.26666666666668,148,57.0,0.337969034910202,0.0,Low,Nurture: Monthly newsletter + loyalty point updates
16489,Lost Customers,379,2,303.7,151.85,435,55.0,,,Lapsed,[Lapsed] Last Chance: Final win-back email + maximum discount
16490,Lost Customers,435,1,205.41000000000003,205.41000000000003,435,,,,Lapsed,[Lapsed] Last Chance: Final win-back email + maximum discount
16491,Promising,46,2,1533.1599999999999,766.5799999999999,412,366.0,0.5671573877334595,1.0,High,Urgent Re-engage: 20% discount coupon + highlight new arrivals
16492,Lost Customers,540,1,385.56,385.56,540,,,,Lapsed,[Lapsed] Last Chance: Final win-back email + maximum discount
16493,At Risk,79,7,2132.09,304.5842857142857,622,90.0,0.39583438634872437,0.0,Medium,Re-engage: Best-seller showcase email + 15% discount
16494,Lost Customers,296,1,826.53,826.53,296,,,,Lapsed,[Lapsed] Last Chance: Final win-back email + maximum discount
16495,Promising,2,3,684.41,228.13666666666666,275,136.0,0.42798033356666565,0.0,Medium,Nudge: Reminder email + product recommendation + limited offer
16496,Champions,8,6,2330.77,388.46166666666664,508,99.6,0.346792995929718,0.0,Low,Retain: Enrol in VIP loyalty program + send thank-you offer
16497,Champions,49,23,6695.280000000001,291.09913043478264,735,30.90909090909091,0.23433130979537964,0.0,Low,Retain: Enrol in VIP loyalty program + send thank-you offer
16498,Lost Customers,160,2,100.97,50.485,161,0.0,,,Lapsed,[Lapsed] Last Chance: Final win-back email + maximum discount
16499,At Risk,359,8,2578.34,322.2925,546,26.142857142857142,,,Lapsed,[Lapsed] Recovery: Time-limited 30% win-back discount + feedback survey
16500,Promising,4,9,843.9100000000001,93.76777777777778,542,66.875,0.3383156657218933,0.0,Low,Nurture: Monthly newsletter + loyalty point updates
16501,Lost Customers,382,1,1237.23,1237.23,382,,,,Lapsed,[Lapsed] Last Chance: Final win-back email + maximum discount
16502,Lost Customers,619,2,266.5,133.25,619,0.0,,,Lapsed,[Lapsed] Last Chance: Final win-back email + maximum discount
16503,At Risk,106,11,3614.34,328.5763636363636,535,42.5,0.3553682863712311,0.0,Medium,Re-engage: Best-seller showcase email + 15% discount
16504,Promising,24,1,484.38,484.38,24,,0.5217781662940979,1.0,Medium,Nudge: Reminder email + product recommendation + limited offer
16505,Promising,31,1,777.6,777.6,31,,0.5015674829483032,1.0,Medium,Nudge: Reminder email + product recommendation + limited offer
16506,Promising,19,2,90.30000000000001,45.150000000000006,39,20.0,0.4672587215900421,0.0,Medium,Nudge: Reminder email + product recommendation + limited offer
16507,Lost Customers,571,1,152.76,152.76,571,,,,Lapsed,[Lapsed] Last Chance: Final win-back email + maximum discount
16508,Lost Customers,629,1,248.8,248.8,629,,,,Lapsed,[Lapsed] Last Chance: Final win-back email + maximum discount
16509,Lost Customers,296,1,363.70000000000005,363.70000000000005,296,,,,Lapsed,[Lapsed] Last Chance: Final win-back email + maximum discount
16510,At Risk,371,6,1851.8999999999999,308.65,691,63.2,,,Lapsed,[Lapsed] Recovery: Time-limited 30% win-back discount + feedback survey
16511,Promising,21,6,1819.02,303.17,648,124.8,0.4252064824104309,0.0,Medium,Nudge: Reminder email + product recommendation + limited offer
16513,Promising,4,4,874.59,218.6475,42,12.0,0.3118863105773926,0.0,Low,Nurture: Monthly newsletter + loyalty point updates
16515,Champions,51,10,3216.3,321.63,540,53.77777777777778,0.29304423928260803,0.0,Low,Retain: Enrol in VIP loyalty program + send thank-you offer
16516,Promising,29,1,101.69999999999999,101.69999999999999,29,,0.5900856256484985,1.0,High,Urgent Re-engage: 20% discount coupon + highlight new arrivals
16517,Lost Customers,276,1,162.70000000000002,162.70000000000002,276,,,,Lapsed,[Lapsed] Last Chance: Final win-back email + maximum discount
16518,At Risk,60,4,959.37,239.8425,555,164.33333333333334,0.5229935050010681,1.0,Medium,Re-engage: Best-seller showcase email + 15% discount
16519,Promising,24,4,452.56,113.14,647,207.33333333333334,0.5825903415679932,1.0,High,Urgent Re-engage: 20% discount coupon + highlight new arrivals
16520,At Risk,185,6,2156.86,359.4766666666667,646,91.6,,,Lapsed,[Lapsed] Recovery: Time-limited 30% win-back discount + feedback survey
16521,At Risk,414,3,1148.01,382.67,647,116.0,,,Lapsed,[Lapsed] Recovery: Time-limited 30% win-back discount + feedback survey
16522,Lost Customers,435,2,433.36,216.68,449,14.0,,,Lapsed,[Lapsed] Last Chance: Final win-back email + maximum discount
16523,Champions,1,28,11916.33,425.5832142857143,683,24.85185185185185,0.1386200189590454,0.0,Low,Retain: Enrol in VIP loyalty program + send thank-you offer
16524,Lost Customers,445,2,308.14,154.07,690,245.0,,,Lapsed,[Lapsed] Last Chance: Final win-back email + maximum discount
16525,Champions,1,48,24171.2,503.56666666666666,736,15.127659574468085,0.1368802934885025,0.0,Low,Retain: Enrol in VIP loyalty program + send thank-you offer
16526,Lost Customers,171,2,717.21,358.605,583,412.0,,,Lapsed,[Lapsed] Last Chance: Final win-back email + maximum discount
16527,At Risk,80,2,1272.44,636.22,423,343.0,0.6661471128463745,1.0,High,Recovery: Time-limited 30% win-back discount + feedback survey
16528,Promising,3,1,244.41,244.41,3,,0.545523464679718,1.0,Medium,Nudge: Reminder email + product recommendation + limited offer
16529,At Risk,189,4,2012.0,503.0,529,113.0,,,Lapsed,[Lapsed] Recovery: Time-limited 30% win-back discount + feedback survey
16530,Lost Customers,667,1,48.35,48.35,667,,,,Lapsed,[Lapsed] Last Chance: Final win-back email + maximum discount
16531,Champions,21,11,2298.33,208.9390909090909,441,41.4,0.2453778237104416,0.0,Low,Retain: Enrol in VIP loyalty program + send thank-you offer
16532,Champions,17,5,8756.64,1751.328,620,150.5,0.3611770272254944,0.0,Medium,Early Alert: Personalised product recommendation based on past purchases
16533,Promising,18,3,1095.56,365.18666666666667,67,23.5,0.2829561233520508,0.0,Low,Nurture: Monthly newsletter + loyalty point updates
16534,Lost Customers,641,1,635.9,635.9,641,,,,Lapsed,[Lapsed] Last Chance: Final win-back email + maximum discount
16535,Promising,4,3,1001.5899999999999,333.8633333333333,679,337.0,0.5428925156593323,1.0,Medium,Nudge: Reminder email + product recommendation + limited offer
16536,Lost Customers,109,1,548.97,548.97,109,,0.5564481616020203,1.0,High,Last Chance: Final win-back email + maximum discount
16537,Lost Customers,640,1,23.35,23.35,640,,,,Lapsed,[Lapsed] Last Chance: Final win-back email + maximum discount
16538,Lost Customers,540,3,399.62,133.20666666666668,594,27.0,,,Lapsed,[Lapsed] Last Chance: Final win-back email + maximum discount
16539,Champions,2,10,3289.66,328.966,531,58.333333333333336,0.3351614773273468,0.0,Low,Retain: Enrol in VIP loyalty program + send thank-you offer
16540,Lost Customers,413,1,226.70000000000002,226.70000000000002,413,,,,Lapsed,[Lapsed] Last Chance: Final win-back email + maximum discount
16541,Lost Customers,734,1,424.03,424.03,734,,,,Lapsed,[Lapsed] Last Chance: Final win-back email + maximum discount
16542,Promising,53,2,257.32,128.66,400,347.0,0.6258149743080139,1.0,High,Urgent Re-engage: 20% discount coupon + highlight new arrivals
16543,Lost Customers,591,1,292.21,292.21,591,,,,Lapsed,[Lapsed] Last Chance: Final win-back email + maximum discount
16544,Lost Customers,519,4,376.70000000000005,94.17500000000001,661,47.333333333333336,,,Lapsed,[Lapsed] Last Chance: Final win-back email + maximum discount
16545,Lost Customers,164,2,689.8199999999999,344.90999999999997,375,210.0,,,Lapsed,[Lapsed] Last Chance: Final win-back email + maximum discount
16546,At Risk,290,5,5307.07,1061.414,441,37.25,,,Lapsed,[Lapsed] Recovery: Time-limited 30% win-back discount + feedback survey
16547,Lost Customers,545,1,111.71,111.71,545,,,,Lapsed,[Lapsed] Last Chance: Final win-back email + maximum discount
16548,Lost Customers,598,1,30.15,30.15,598,,,,Lapsed,[Lapsed] Last Chance: Final win-back email + maximum discount
16549,Champions,9,34,13182.189999999999,387.7114705882353,620,18.060606060606062,0.1384040117263794,0.0,Low,Retain: Enrol in VIP loyalty program + send thank-you offer
16550,Champions,108,18,8880.47,493.3594444444444,737,36.588235294117645,0.353156179189682,0.0,Medium,Early Alert: Personalised product recommendation based on past purchases
16551,At Risk,95,7,2237.12,319.5885714285714,725,104.5,0.4429510533809662,0.0,Medium,Re-engage: Best-seller showcase email + 15% discount
16552,Lost Customers,242,2,379.73,189.865,373,130.0,,,Lapsed,[Lapsed] Last Chance: Final win-back email + maximum discount
16553,Champions,162,33,16644.010000000002,504.36393939393946,665,15.4375,,,Lapsed,[Lapsed] VIP Win-Back: Personal call + exclusive loyalty reward + free shipping
16554,At Risk,41,8,2841.7200000000003,355.21500000000003,724,97.14285714285714,0.422728955745697,0.0,Medium,Re-engage: Best-seller showcase email + 15% discount
16555,At Risk,34,6,1915.68,319.28000000000003,504,93.8,0.4868673086166382,0.0,Medium,Re-engage: Best-seller showcase email + 15% discount
16556,Champions,66,17,8012.58,471.32823529411763,732,41.0625,0.26324889063835144,0.0,Low,Retain: Enrol in VIP loyalty program + send thank-you offer
16557,Promising,23,2,281.85,140.925,136,113.0,0.5174540281295776,1.0,Medium,Nudge: Reminder email + product recommendation + limited offer
16558,Champions,0,38,13304.11,350.10815789473685,735,19.405405405405407,0.135163813829422,0.0,Low,Retain: Enrol in VIP loyalty program + send thank-you offer
16559,Lost Customers,396,1,185.20000000000002,185.20000000000002,396,,,,Lapsed,[Lapsed] Last Chance: Final win-back email + maximum discount
16560,Champions,26,8,3048.38,381.0475,731,100.28571428571429,0.428847998380661,0.0,Medium,Early Alert: Personalised product recommendation based on past purchases
16561,Promising,5,2,511.12,255.56,59,54.0,0.3505536913871765,0.0,Medium,Nudge: Reminder email + product recommendation + limited offer
16562,Lost Customers,476,1,223.86,223.86,476,,,,Lapsed,[Lapsed] Last Chance: Final win-back email + maximum discount
16563,At Risk,53,6,4422.76,737.1266666666667,737,136.4,0.4432884156703949,0.0,Medium,Re-engage: Best-seller showcase email + 15% discount
16564,Lost Customers,568,1,87.80000000000001,87.80000000000001,568,,,,Lapsed,[Lapsed] Last Chance: Final win-back email + maximum discount
16565,At Risk,363,4,773.05,193.2625,555,63.0,,,Lapsed,[Lapsed] Recovery: Time-limited 30% win-back discount + feedback survey
16566,Promising,14,5,614.66,122.93199999999999,292,68.75,0.320146769285202,0.0,Low,Nurture: Monthly newsletter + loyalty point updates
16567,Lost Customers,193,2,865.5999999999999,432.79999999999995,336,142.0,,,Lapsed,[Lapsed] Last Chance: Final win-back email + maximum discount
16568,Lost Customers,427,2,1020.9,510.45,640,213.0,,,Lapsed,[Lapsed] Last Chance: Final win-back email + maximum discount
16569,Promising,2,5,1455.23,291.046,722,179.5,0.5712155699729919,1.0,High,Urgent Re-engage: 20% discount coupon + highlight new arrivals
16570,Champions,14,20,7434.31,371.7155,619,31.526315789473685,0.1455201953649521,0.0,Low,Retain: Enrol in VIP loyalty program + send thank-you offer
16571,Champions,26,10,4248.74,424.87399999999997,631,66.77777777777777,0.317349910736084,0.0,Low,Retain: Enrol in VIP loyalty program + send thank-you offer
16572,At Risk,126,3,1009.5999999999999,336.5333333333333,275,74.0,0.3911083936691284,0.0,Medium,Re-engage: Best-seller showcase email + 15% discount
16573,Promising,84,2,663.61,331.805,289,205.0,0.5768205523490906,1.0,High,Urgent Re-engage: 20% discount coupon + highlight new arrivals
16574,At Risk,70,3,1301.78,433.9266666666667,658,293.0,0.6074576377868652,1.0,High,Recovery: Time-limited 30% win-back discount + feedback survey
16576,Lost Customers,419,2,540.87,270.435,521,101.0,,,Lapsed,[Lapsed] Last Chance: Final win-back email + maximum discount
16577,Lost Customers,666,1,380.0,380.0,666,,,,Lapsed,[Lapsed] Last Chance: Final win-back email + maximum discount
16578,Lost Customers,625,1,156.6,156.6,625,,,,Lapsed,[Lapsed] Last Chance: Final win-back email + maximum discount
16579,Lost Customers,425,1,295.05,295.05,425,,,,Lapsed,[Lapsed] Last Chance: Final win-back email + maximum discount
16581,Lost Customers,182,1,105.84,105.84,182,,,,Lapsed,[Lapsed] Last Chance: Final win-back email + maximum discount
16582,Lost Customers,112,1,313.62,313.62,112,,0.5683245658874512,1.0,High,Last Chance: Final win-back email + maximum discount
16583,Lost Customers,373,2,297.95,148.975,673,299.0,,,Lapsed,[Lapsed] Last Chance: Final win-back email + maximum discount
16584,At Risk,79,5,3163.67,632.734,661,145.0,0.5132647752761841,1.0,Medium,Re-engage: Best-seller showcase email + 15% discount
16585,Lost Customers,593,2,341.59000000000003,170.79500000000002,694,101.0,,,Lapsed,[Lapsed] Last Chance: Final win-back email + maximum discount
16586,At Risk,248,3,1462.78,487.5933333333333,635,192.5,,,Lapsed,[Lapsed] Recovery: Time-limited 30% win-back discount + feedback survey
16587,Lost Customers,231,1,225.15,225.15,231,,,,Lapsed,[Lapsed] Last Chance: Final win-back email + maximum discount
16588,At Risk,385,4,1361.28,340.32,573,62.333333333333336,,,Lapsed,[Lapsed] Recovery: Time-limited 30% win-back discount + feedback survey
16589,Promising,70,4,612.36,153.09,449,125.66666666666667,0.4929928183555603,0.0,Medium,Nudge: Reminder email + product recommendation + limited offer
16590,Lost Customers,400,2,605.9,302.95,414,13.0,,,Lapsed,[Lapsed] Last Chance: Final win-back email + maximum discount
16591,Lost Customers,68,1,213.5,213.5,68,,0.5785501003265381,1.0,High,Last Chance: Final win-back email + maximum discount
16592,Champions,3,28,7807.91,278.8539285714286,720,26.25925925925926,0.1386200189590454,0.0,Low,Retain: Enrol in VIP loyalty program + send thank-you offer
16593,At Risk,50,8,1071.14,133.8925,734,97.28571428571429,0.49321797490119934,0.0,Medium,Re-engage: Best-seller showcase email + 15% discount
16594,Lost Customers,74,1,181.09,181.09,74,,0.5848687291145325,1.0,High,Last Chance: Final win-back email + maximum discount
16595,At Risk,60,5,1810.1799999999998,362.03599999999994,691,157.0,0.579467236995697,1.0,High,Recovery: Time-limited 30% win-back discount + feedback survey
16596,Promising,15,4,458.98,114.745,728,237.33333333333334,0.5685571432113647,1.0,High,Urgent Re-engage: 20% discount coupon + highlight new arrivals
16597,Promising,3,1,90.04,90.04,3,,0.6002914309501648,1.0,High,Urgent Re-engage: 20% discount coupon + highlight new arrivals
16598,Lost Customers,285,1,145.05,145.05,285,,,,Lapsed,[Lapsed] Last Chance: Final win-back email + maximum discount
16599,Lost Customers,385,1,172.8,172.8,385,,,,Lapsed,[Lapsed] Last Chance: Final win-back email + maximum discount
16600,Champions,3,13,2153.41,165.64692307692306,720,59.166666666666664,0.34416845440864563,0.0,Low,Retain: Enrol in VIP loyalty program + send thank-you offer
16601,Promising,40,3,684.25,228.08333333333334,622,290.5,0.6603142023086548,1.0,High,Urgent Re-engage: 20% discount coupon + highlight new arrivals
16602,Promising,35,2,763.33,381.665,388,352.0,0.5642465949058533,1.0,High,Urgent Re-engage: 20% discount coupon + highlight new arrivals
16603,Promising,74,2,482.47,241.235,90,16.0,0.49204930663108826,0.0,Medium,Nudge: Reminder email + product recommendation + limited offer
16604,Lost Customers,562,2,432.45000000000005,216.22500000000002,567,5.0,,,Lapsed,[Lapsed] Last Chance: Final win-back email + maximum discount
16605,Lost Customers,723,1,60.48,60.48,723,,,,Lapsed,[Lapsed] Last Chance: Final win-back email + maximum discount
16606,Lost Customers,403,2,357.66,178.83,433,30.0,,,Lapsed,[Lapsed] Last Chance: Final win-back email + maximum discount
16607,Champions,17,25,5706.87,228.2748,588,23.416666666666668,0.14462071657180786,0.0,Low,Retain: Enrol in VIP loyalty program + send thank-you offer
16608,At Risk,453,2,1288.72,644.36,663,209.0,,,Lapsed,[Lapsed] Recovery: Time-limited 30% win-back discount + feedback survey
16609,Champions,14,7,5493.46,784.78,252,39.166666666666664,0.19213929772377014,0.0,Low,Retain: Enrol in VIP loyalty program + send thank-you offer
16610,Lost Customers,218,1,75.66,75.66,218,,,,Lapsed,[Lapsed] Last Chance: Final win-back email + maximum discount
16611,At Risk,185,6,1785.13,297.5216666666667,638,90.2,,,Lapsed,[Lapsed] Recovery: Time-limited 30% win-back discount + feedback survey
16612,Champions,32,9,3245.4300000000003,360.60333333333335,735,87.5,0.36937376856803894,0.0,Medium,Early Alert: Personalised product recommendation based on past purchases
16613,Promising,69,1,618.59,618.59,69,,0.5564481616020203,1.0,High,Urgent Re-engage: 20% discount coupon + highlight new arrivals
16614,At Risk,182,3,1179.79,393.2633333333333,577,197.5,,,Lapsed,[Lapsed] Recovery: Time-limited 30% win-back discount + feedback survey
16615,Lost Customers,625,1,291.5,291.5,625,,,,Lapsed,[Lapsed] Last Chance: Final win-back email + maximum discount
16616,Promising,14,2,500.42,250.21,156,142.0,0.4651818871498108,0.0,Medium,Nudge: Reminder email + product recommendation + limited offer
16617,Lost Customers,235,1,151.85,151.85,235,,,,Lapsed,[Lapsed] Last Chance: Final win-back email + maximum discount
16618,At Risk,30,5,2647.59,529.518,322,72.5,0.2679055333137512,0.0,Low,Monitor: Add to re-engagement campaign
16619,At Risk,263,4,1938.3300000000002,484.58250000000004,655,130.33333333333334,,,Lapsed,[Lapsed] Recovery: Time-limited 30% win-back discount + feedback survey
16620,Promising,3,6,1758.93,293.15500000000003,737,146.6,0.5602053999900818,1.0,High,Urgent Re-engage: 20% discount coupon + highlight new arrivals
16621,Promising,51,4,813.48,203.37,277,74.66666666666667,0.4253688156604767,0.0,Medium,Nudge: Reminder email + product recommendation + limited offer
16622,Lost Customers,543,1,225.4,225.4,543,,,,Lapsed,[Lapsed] Last Chance: Final win-back email + maximum discount
16623,At Risk,245,4,1015.24,253.81,591,114.66666666666667,,,Lapsed,[Lapsed] Recovery: Time-limited 30% win-back discount + feedback survey
16624,Promising,80,2,810.5699999999999,405.28499999999997,196,116.0,0.4821650981903076,0.0,Medium,Nudge: Reminder email + product recommendation + limited offer
16625,At Risk,274,5,1654.03,330.806,543,66.75,,,Lapsed,[Lapsed] Recovery: Time-limited 30% win-back discount + feedback survey
16626,Champions,0,17,4413.1,259.59411764705885,266,16.125,0.135163813829422,0.0,Low,Retain: Enrol in VIP loyalty program + send thank-you offer
16627,Lost Customers,78,1,322.8,322.8,78,,0.5683245658874512,1.0,High,Last Chance: Final win-back email + maximum discount
16628,At Risk,29,7,2318.1000000000004,331.1571428571429,641,101.66666666666667,0.2723545432090759,0.0,Low,Monitor: Add to re-engagement campaign
16629,Promising,73,2,417.73,208.865,95,22.0,0.4909994602203369,0.0,Medium,Nudge: Reminder email + product recommendation + limited offer
16630,Lost Customers,406,1,106.80000000000001,106.80000000000001,406,,,,Lapsed,[Lapsed] Last Chance: Final win-back email + maximum discount
16631,At Risk,481,7,1892.52,270.36,651,28.0,,,Lapsed,[Lapsed] Recovery: Time-limited 30% win-back discount + feedback survey
16632,Lost Customers,485,2,406.4,203.2,580,95.0,,,Lapsed,[Lapsed] Last Chance: Final win-back email + maximum discount
16633,Champions,16,6,2883.1000000000004,480.5166666666667,233,42.8,0.1916828155517578,0.0,Low,Retain: Enrol in VIP loyalty program + send thank-you offer
16634,At Risk,222,6,1649.81,274.9683333333333,687,92.6,,,Lapsed,[Lapsed] Recovery: Time-limited 30% win-back discount + feedback survey
16635,Lost Customers,406,1,473.0,473.0,406,,,,Lapsed,[Lapsed] Last Chance: Final win-back email + maximum discount
16636,At Risk,437,4,3802.04,950.51,645,68.66666666666667,,,Lapsed,[Lapsed] Recovery: Time-limited 30% win-back discount + feedback survey
16637,Promising,31,4,1154.47,288.6175,225,64.0,0.31632283329963684,0.0,Low,Nurture: Monthly newsletter + loyalty point updates
16638,Champions,22,15,2380.13,158.67533333333333,477,32.07142857142857,0.19372481107711792,0.0,Low,Retain: Enrol in VIP loyalty program + send thank-you offer
16639,Promising,30,4,1747.98,436.995,408,125.66666666666667,0.4165055453777313,0.0,Medium,Nudge: Reminder email + product recommendation + limited offer
16640,Lost Customers,397,1,179.4,179.4,397,,,,Lapsed,[Lapsed] Last Chance: Final win-back email + maximum discount
16641,Lost Customers,105,2,554.5,277.25,701,596.0,0.6684665679931641,1.0,High,Last Chance: Final win-back email + maximum discount
16642,Promising,4,3,1077.45,359.15000000000003,414,204.5,0.48378658294677734,0.0,Medium,Nudge: Reminder email + product recommendation + limited offer
16643,Lost Customers,245,2,923.11,461.555,422,176.0,,,Lapsed,[Lapsed] Last Chance: Final win-back email + maximum discount
16644,Lost Customers,177,2,833.78,416.89,211,34.0,,,Lapsed,[Lapsed] Last Chance: Final win-back email + maximum discount
16645,Lost Customers,735,1,160.39,160.39,735,,,,Lapsed,[Lapsed] Last Chance: Final win-back email + maximum discount
16646,Lost Customers,448,1,678.8,678.8,448,,,,Lapsed,[Lapsed] Last Chance: Final win-back email + maximum discount
16647,At Risk,169,4,541.9,135.475,543,124.33333333333333,,,Lapsed,[Lapsed] Recovery: Time-limited 30% win-back discount + feedback survey
16648,Promising,42,3,672.8000000000001,224.26666666666668,589,273.0,0.6656137704849243,1.0,High,Urgent Re-engage: 20% discount coupon + highlight new arrivals
16649,Lost Customers,519,1,306.58,306.58,519,,,,Lapsed,[Lapsed] Last Chance: Final win-back email + maximum discount
16650,At Risk,71,7,1916.11,273.72999999999996,518,74.0,0.40746891498565674,0.0,Medium,Re-engage: Best-seller showcase email + 15% discount
16651,Lost Customers,586,1,136.2,136.2,586,,,,Lapsed,[Lapsed] Last Chance: Final win-back email + maximum discount
16652,Champions,58,16,17550.39,1096.899375,632,37.8,0.24348580837249756,0.0,Low,Retain: Enrol in VIP loyalty program + send thank-you offer
16653,Promising,15,2,1212.6599999999999,606.3299999999999,70,55.0,0.33728232979774475,0.0,Low,Nurture: Monthly newsletter + loyalty point updates
16654,At Risk,140,8,1484.0700000000002,185.50875000000002,611,66.85714285714286,,,Lapsed,[Lapsed] Recovery: Time-limited 30% win-back discount + feedback survey
16655,Champions,17,13,6548.37,503.72076923076924,676,54.5,0.24032099545001984,0.0,Low,Retain: Enrol in VIP loyalty program + send thank-you offer
16656,Champions,21,30,16833.170000000002,561.1056666666667,734,24.06896551724138,0.1474582552909851,0.0,Low,Retain: Enrol in VIP loyalty program + send thank-you offer
16657,Promising,9,4,933.62,233.405,254,81.0,0.3837050497531891,0.0,Medium,Nudge: Reminder email + product recommendation + limited offer
16658,At Risk,367,6,690.83,115.13833333333334,618,49.8,,,Lapsed,[Lapsed] Recovery: Time-limited 30% win-back discount + feedback survey
16659,Lost Customers,188,1,39.12,39.12,188,,,,Lapsed,[Lapsed] Last Chance: Final win-back email + maximum discount
16660,Promising,15,7,1879.55,268.50714285714287,694,112.66666666666667,0.4006253182888031,0.0,Medium,Nudge: Reminder email + product recommendation + limited offer
16661,At Risk,539,4,986.63,246.6575,721,60.333333333333336,,,Lapsed,[Lapsed] Recovery: Time-limited 30% win-back discount + feedback survey
16662,Lost Customers,393,1,163.8,163.8,393,,,,Lapsed,[Lapsed] Last Chance: Final win-back email + maximum discount
16663,Lost Customers,728,1,165.0,165.0,728,,,,Lapsed,[Lapsed] Last Chance: Final win-back email + maximum discount
16664,Lost Customers,568,1,109.2,109.2,568,,,,Lapsed,[Lapsed] Last Chance: Final win-back email + maximum discount
16665,Lost Customers,361,1,135.4,135.4,361,,,,Lapsed,[Lapsed] Last Chance: Final win-back email + maximum discount
16666,Promising,18,2,225.94,112.97,620,601.0,0.5796908140182495,1.0,High,Urgent Re-engage: 20% discount coupon + highlight new arrivals
16667,Promising,67,2,570.13,285.065,283,216.0,0.576550304889679,1.0,High,Urgent Re-engage: 20% discount coupon + highlight new arrivals
16668,Champions,14,13,862.42,66.34,630,50.916666666666664,0.30374616384506226,0.0,Low,Retain: Enrol in VIP loyalty program + send thank-you offer
16669,Promising,23,3,1374.87,458.28999999999996,77,27.0,0.27618134021759033,0.0,Low,Nurture: Monthly newsletter + loyalty point updates
16670,Champions,16,20,8030.150000000001,401.50750000000005,728,37.05263157894737,0.1569906622171402,0.0,Low,Retain: Enrol in VIP loyalty program + send thank-you offer
16671,Promising,27,3,1692.27,564.09,164,67.5,0.31577056646347046,0.0,Low,Nurture: Monthly newsletter + loyalty point updates
16672,Champions,1,20,8134.9400000000005,406.747,266,13.421052631578947,0.1532987654209137,0.0,Low,Retain: Enrol in VIP loyalty program + send thank-you offer
16673,Lost Customers,678,1,188.83,188.83,678,,,,Lapsed,[Lapsed] Last Chance: Final win-back email + maximum discount
16674,Promising,54,2,319.61,159.805,97,43.0,0.43758296966552734,0.0,Medium,Nudge: Reminder email + product recommendation + limited offer
16675,Lost Customers,441,2,608.86,304.43,477,36.0,,,Lapsed,[Lapsed] Last Chance: Final win-back email + maximum discount
16676,At Risk,33,6,2361.9,393.65000000000003,417,76.4,0.3414144217967987,0.0,Low,Monitor: Add to re-engagement campaign
16677,Lost Customers,410,2,880.62,440.31,651,240.0,,,Lapsed,[Lapsed] Last Chance: Final win-back email + maximum discount
16678,Champions,2,12,3109.9900000000002,259.16583333333335,282,25.0,0.14674629271030426,0.0,Low,Retain: Enrol in VIP loyalty program + send thank-you offer
16679,Lost Customers,365,3,663.31,221.10333333333332,546,90.0,,,Lapsed,[Lapsed] Last Chance: Final win-back email + maximum discount
16680,Promising,42,3,821.45,273.81666666666666,534,245.5,0.6289983987808228,1.0,High,Urgent Re-engage: 20% discount coupon + highlight new arrivals
16681,At Risk,72,7,1921.8400000000001,274.54857142857145,640,94.16666666666667,0.29759034514427185,0.0,Low,Monitor: Add to re-engagement campaign
16682,Promising,4,5,1028.0,205.6,187,45.25,0.25344640016555786,0.0,Low,Nurture: Monthly newsletter + loyalty point updates
16683,Lost Customers,533,1,320.25,320.25,533,,,,Lapsed,[Lapsed] Last Chance: Final win-back email + maximum discount
16684,Champions,3,55,147142.77,2675.3230909090908,731,13.203703703703704,0.135163813829422,0.0,Low,Retain: Enrol in VIP loyalty program + send thank-you offer
16685,Promising,60,2,324.24,162.12,60,0.0,0.48556384444236755,0.0,Medium,Nudge: Reminder email + product recommendation + limited offer
16686,Champions,46,16,5070.92,316.9325,732,45.2,0.22620919346809387,0.0,Low,Retain: Enrol in VIP loyalty program + send thank-you offer
16687,Lost Customers,390,1,157.63,157.63,390,,,,Lapsed,[Lapsed] Last Chance: Final win-back email + maximum discount
16688,Promising,0,4,1260.86,315.215,60,19.333333333333332,0.27398985624313354,0.0,Low,Nurture: Monthly newsletter + loyalty point updates
16689,Promising,75,2,422.6,211.3,81,6.0,0.5303629636764526,1.0,Medium,Nudge: Reminder email + product recommendation + limited offer
16690,Promising,71,4,353.03000000000003,88.25750000000001,450,126.0,0.5692347288131714,1.0,High,Urgent Re-engage: 20% discount coupon + highlight new arrivals
16691,Lost Customers,417,2,178.82999999999998,89.41499999999999,560,143.0,,,Lapsed,[Lapsed] Last Chance: Final win-back email + maximum discount
16692,At Risk,255,4,1914.6999999999998,478.67499999999995,441,61.0,,,Lapsed,[Lapsed] Recovery: Time-limited 30% win-back discount + feedback survey
16693,At Risk,68,5,1199.46,239.892,656,146.5,0.5174881815910339,1.0,Medium,Re-engage: Best-seller showcase email + 15% discount
16694,Lost Customers,722,1,98.30000000000001,98.30000000000001,722,,,,Lapsed,[Lapsed] Last Chance: Final win-back email + maximum discount
16695,Lost Customers,561,2,193.15,96.575,561,0.0,,,Lapsed,[Lapsed] Last Chance: Final win-back email + maximum discount
16696,At Risk,134,4,657.9,164.475,247,37.0,0.42812925577163696,0.0,Medium,Re-engage: Best-seller showcase email + 15% discount
16697,Lost Customers,240,1,112.75,112.75,240,,,,Lapsed,[Lapsed] Last Chance: Final win-back email + maximum discount
16698,At Risk,226,2,1998.0,999.0,252,26.0,,,Lapsed,[Lapsed] Recovery: Time-limited 30% win-back discount + feedback survey
16699,At Risk,379,7,994.6,142.0857142857143,734,58.833333333333336,,,Lapsed,[Lapsed] Recovery: Time-limited 30% win-back discount + feedback survey
16700,Champions,8,25,8830.77,353.23080000000004,737,30.0,0.15483880043029785,0.0,Low,Retain: Enrol in VIP loyalty program + send thank-you offer
16701,Champions,8,26,9916.73,381.4126923076923,737,28.72,0.15483880043029785,0.0,Low,Retain: Enrol in VIP loyalty program + send thank-you offer
16702,At Risk,414,4,1110.83,277.7075,731,105.0,,,Lapsed,[Lapsed] Recovery: Time-limited 30% win-back discount + feedback survey
16704,Lost Customers,617,2,695.66,347.83,671,53.0,,,Lapsed,[Lapsed] Last Chance: Final win-back email + maximum discount
16705,Champions,0,42,43515.051,1036.072642857143,729,17.4390243902439,0.135163813829422,0.0,Low,Retain: Enrol in VIP loyalty program + send thank-you offer
16706,Promising,36,3,531.3499999999999,177.11666666666665,113,38.0,0.3244175612926483,0.0,Low,Nurture: Monthly newsletter + loyalty point updates
16707,At Risk,399,4,551.11,137.7775,639,79.33333333333333,,,Lapsed,[Lapsed] Recovery: Time-limited 30% win-back discount + feedback survey
16708,Promising,45,1,656.63,656.63,45,,0.5379654169082642,1.0,Medium,Nudge: Reminder email + product recommendation + limited offer
16709,Champions,84,14,9087.46,649.1042857142857,729,49.15384615384615,0.2938287854194641,0.0,Low,Retain: Enrol in VIP loyalty program + send thank-you offer
16710,Champions,18,22,5973.62,271.5281818181818,734,33.666666666666664,0.17485542595386505,0.0,Low,Retain: Enrol in VIP loyalty program + send thank-you offer
16711,Champions,2,9,2868.48,318.72,736,91.25,0.29804694652557373,0.0,Low,Retain: Enrol in VIP loyalty program + send thank-you offer
16712,Champions,8,13,4266.99,328.22999999999996,400,32.166666666666664,0.15483880043029785,0.0,Low,Retain: Enrol in VIP loyalty program + send thank-you offer
16713,Champions,18,32,14146.26,442.070625,724,22.258064516129032,0.14214089512825012,0.0,Low,Retain: Enrol in VIP loyalty program + send thank-you offer
16714,At Risk,218,4,1529.8,382.45,670,150.33333333333334,,,Lapsed,[Lapsed] Recovery: Time-limited 30% win-back discount + feedback survey
16715,Promising,77,2,625.52,312.76,562,484.0,0.6693094968795776,1.0,High,Urgent Re-engage: 20% discount coupon + highlight new arrivals
16716,At Risk,266,3,2149.6800000000003,716.5600000000001,630,181.5,,,Lapsed,[Lapsed] Recovery: Time-limited 30% win-back discount + feedback survey
16717,Champions,23,14,6678.9800000000005,477.07000000000005,731,54.07692307692308,0.23244988918304443,0.0,Low,Retain: Enrol in VIP loyalty program + send thank-you offer
16718,At Risk,368,5,3023.7799999999997,604.756,732,90.25,,,Lapsed,[Lapsed] Recovery: Time-limited 30% win-back discount + feedback survey
16719,Champions,14,14,3542.57,253.0407142857143,726,54.07692307692308,0.29086074233055115,0.0,Low,Retain: Enrol in VIP loyalty program + send thank-you offer
16720,Promising,25,3,795.48,265.16,721,347.5,0.5712276101112366,1.0,High,Urgent Re-engage: 20% discount coupon + highlight new arrivals
16721,Lost Customers,261,1,292.47,292.47,261,,,,Lapsed,[Lapsed] Last Chance: Final win-back email + maximum discount
16722,Champions,16,22,8189.5599999999995,372.25272727272727,735,33.80952380952381,0.15483880043029785,0.0,Low,Retain: Enrol in VIP loyalty program + send thank-you offer
16723,At Risk,90,4,1301.63,325.4075,734,214.33333333333334,0.576550304889679,1.0,High,Recovery: Time-limited 30% win-back discount + feedback survey
16724,Lost Customers,404,1,147.35,147.35,404,,,,Lapsed,[Lapsed] Last Chance: Final win-back email + maximum discount
16725,At Risk,301,14,1759.96,125.71142857142857,725,32.23076923076923,,,Lapsed,[Lapsed] Recovery: Time-limited 30% win-back discount + feedback survey
16726,At Risk,25,7,2088.41,298.3442857142857,410,63.5,0.31919628381729126,0.0,Low,Monitor: Add to re-engagement campaign
16727,At Risk,363,4,1437.42,359.355,688,107.66666666666667,,,Lapsed,[Lapsed] Recovery: Time-limited 30% win-back discount + feedback survey
16728,Promising,45,4,1054.67,263.6675,263,72.33333333333333,0.3718068301677704,0.0,Medium,Nudge: Reminder email + product recommendation + limited offer
16729,Champions,37,21,7239.92,344.7580952380952,240,9.7,0.19991916418075562,0.0,Low,Retain: Enrol in VIP loyalty program + send thank-you offer
16730,Promising,51,3,743.11,247.70333333333335,318,133.0,0.4853161871433258,0.0,Medium,Nudge: Reminder email + product recommendation + limited offer
16731,Lost Customers,647,1,174.05,174.05,647,,,,Lapsed,[Lapsed] Last Chance: Final win-back email + maximum discount
16732,At Risk,31,4,4387.64,1096.91,730,232.66666666666666,0.5400309562683105,1.0,Medium,Re-engage: Best-seller showcase email + 15% discount
16733,Lost Customers,529,1,259.68,259.68,529,,,,Lapsed,[Lapsed] Last Chance: Final win-back email + maximum discount
16734,Promising,51,3,650.51,216.83666666666667,113,30.5,0.4011477828025818,0.0,Medium,Nudge: Reminder email + product recommendation + limited offer
16735,Champions,78,14,6270.56,447.8971428571429,731,49.84615384615385,0.2845678925514221,0.0,Low,Retain: Enrol in VIP loyalty program + send thank-you offer
16736,At Risk,505,5,2956.56,591.312,735,57.0,,,Lapsed,[Lapsed] Recovery: Time-limited 30% win-back discount + feedback survey
16737,Promising,52,2,835.2,417.6,577,524.0,0.643561601638794,1.0,High,Urgent Re-engage: 20% discount coupon + highlight new arrivals
16738,Lost Customers,297,1,3.75,3.75,297,,,,Lapsed,[Lapsed] Last Chance: Final win-back email + maximum discount
16739,Lost Customers,176,2,786.4300000000001,393.21500000000003,536,359.0,,,Lapsed,[Lapsed] Last Chance: Final win-back email + maximum discount
16740,Lost Customers,394,1,236.81,236.81,394,,,,Lapsed,[Lapsed] Last Chance: Final win-back email + maximum discount
16741,Lost Customers,624,1,173.06,173.06,624,,,,Lapsed,[Lapsed] Last Chance: Final win-back email + maximum discount
16742,Champions,46,14,2852.61,203.75785714285715,722,51.61538461538461,0.4000144600868225,0.0,Medium,Early Alert: Personalised product recommendation based on past purchases
16743,Champions,28,14,4253.26,303.80428571428575,595,43.07692307692308,0.2063252329826355,0.0,Low,Retain: Enrol in VIP loyalty program + send thank-you offer
16744,Promising,10,7,1304.7599999999998,186.39428571428567,172,26.5,0.22628895938396454,0.0,Low,Nurture: Monthly newsletter + loyalty point updates
16745,Champions,86,17,7194.3,423.1941176470588,311,13.625,0.38265860080718994,0.0,Medium,Early Alert: Personalised product recommendation based on past purchases
16746,Champions,4,42,18066.4,430.152380952381,734,17.341463414634145,0.135163813829422,0.0,Low,Retain: Enrol in VIP loyalty program + send thank-you offer
16747,Promising,37,2,836.06,418.03,67,30.0,0.3620510995388031,0.0,Medium,Nudge: Reminder email + product recommendation + limited offer
16748,Champions,17,14,3637.33,259.8092857142857,729,54.30769230769231,0.2801731526851654,0.0,Low,Retain: Enrol in VIP loyalty program + send thank-you offer
16749,At Risk,590,2,4387.08,2193.54,723,132.0,,,Lapsed,[Lapsed] Recovery: Time-limited 30% win-back discount + feedback survey
16750,Promising,44,5,623.93,124.78599999999999,231,46.25,0.26409173011779785,0.0,Low,Nurture: Monthly newsletter + loyalty point updates
16751,Promising,30,1,1764.72,1764.72,30,,0.48403123021125793,0.0,Medium,Nudge: Reminder email + product recommendation + limited offer
16752,Lost Customers,372,1,207.5,207.5,372,,,,Lapsed,[Lapsed] Last Chance: Final win-back email + maximum discount
16753,Lost Customers,57,1,223.92000000000002,223.92000000000002,57,,0.5785501003265381,1.0,High,Last Chance: Final win-back email + maximum discount
16754,Champions,371,29,65500.07,2258.6231034482757,641,9.285714285714286,,,Lapsed,[Lapsed] VIP Win-Back: Personal call + exclusive loyalty reward + free shipping
16755,At Risk,113,7,2900.58,414.36857142857144,729,102.0,0.37663623690605164,0.0,Medium,Re-engage: Best-seller showcase email + 15% discount
16756,At Risk,214,7,1312.3700000000001,187.48142857142858,639,70.16666666666667,,,Lapsed,[Lapsed] Recovery: Time-limited 30% win-back discount + feedback survey
16757,Lost Customers,318,2,270.48,135.24,408,90.0,,,Lapsed,[Lapsed] Last Chance: Final win-back email + maximum discount
16758,Lost Customers,64,1,369.34000000000003,369.34000000000003,64,,0.5683245658874512,1.0,High,Last Chance: Final win-back email + maximum discount
16759,Promising,7,3,789.79,263.2633333333333,30,11.5,0.3415815234184265,0.0,Low,Nurture: Monthly newsletter + loyalty point updates
16760,Lost Customers,429,1,228.0,228.0,429,,,,Lapsed,[Lapsed] Last Chance: Final win-back email + maximum discount
16761,Lost Customers,96,1,316.62,316.62,96,,0.5683245658874512,1.0,High,Last Chance: Final win-back email + maximum discount
16762,Promising,19,3,1501.38,500.46000000000004,143,62.0,0.308305561542511,0.0,Low,Nurture: Monthly newsletter + loyalty point updates
16763,At Risk,198,2,964.6999999999999,482.34999999999997,737,539.0,,,Lapsed,[Lapsed] Recovery: Time-limited 30% win-back discount + feedback survey
16764,Champions,3,13,2799.25,215.32692307692307,142,11.166666666666666,0.13945765793323517,0.0,Low,Retain: Enrol in VIP loyalty program + send thank-you offer
16765,Lost Customers,293,2,454.75,227.375,381,88.0,,,Lapsed,[Lapsed] Last Chance: Final win-back email + maximum discount
16766,At Risk,272,2,1145.6,572.8,272,0.0,,,Lapsed,[Lapsed] Recovery: Time-limited 30% win-back discount + feedback survey
16767,Champions,30,15,8073.8,538.2533333333333,589,39.642857142857146,0.1805933713912964,0.0,Low,Retain: Enrol in VIP loyalty program + send thank-you offer
16768,At Risk,47,9,1708.12,189.7911111111111,732,85.0,0.41983678936958313,0.0,Medium,Re-engage: Best-seller showcase email + 15% discount
16769,At Risk,259,4,1141.75,285.4375,725,154.66666666666666,,,Lapsed,[Lapsed] Recovery: Time-limited 30% win-back discount + feedback survey
16770,At Risk,57,9,1801.33,200.14777777777778,473,51.25,0.38836804032325745,0.0,Medium,Re-engage: Best-seller showcase email + 15% discount
16771,Champions,32,10,3967.6000000000004,396.76000000000005,730,77.22222222222223,0.2716614305973053,0.0,Low,Retain: Enrol in VIP loyalty program + send thank-you offer
16772,At Risk,422,3,3723.55,1241.1833333333334,721,149.0,,,Lapsed,[Lapsed] Recovery: Time-limited 30% win-back discount + feedback survey
16773,Promising,56,3,421.24,140.41333333333333,732,337.5,0.6484466791152954,1.0,High,Urgent Re-engage: 20% discount coupon + highlight new arrivals
16774,At Risk,67,8,1594.45,199.30625,660,84.28571428571429,0.4240104854106903,0.0,Medium,Re-engage: Best-seller showcase email + 15% discount
16775,Champions,9,16,2824.99,176.561875,441,28.266666666666666,0.17044518887996674,0.0,Low,Retain: Enrol in VIP loyalty program + send thank-you offer
16776,Promising,59,2,619.8499999999999,309.92499999999995,415,355.0,0.6473719477653503,1.0,High,Urgent Re-engage: 20% discount coupon + highlight new arrivals
16777,At Risk,79,5,1307.76,261.552,632,137.25,0.5692347288131714,1.0,High,Recovery: Time-limited 30% win-back discount + feedback survey
16778,Lost Customers,73,2,245.94,122.97,273,199.0,0.5613124370574951,1.0,High,Last Chance: Final win-back email + maximum discount
16779,Champions,1,53,32911.33,620.9684905660378,735,13.653846153846153,0.135163813829422,0.0,Low,Retain: Enrol in VIP loyalty program + send thank-you offer
16780,At Risk,99,3,605.55,201.85,406,152.5,0.5848154425621033,1.0,High,Recovery: Time-limited 30% win-back discount + feedback survey
16781,Lost Customers,371,2,623.0,311.5,668,297.0,,,Lapsed,[Lapsed] Last Chance: Final win-back email + maximum discount
16782,Champions,9,38,10066.71,264.9134210526316,730,18.91891891891892,0.153371199965477,0.0,Low,Retain: Enrol in VIP loyalty program + send thank-you offer
16783,Lost Customers,436,1,391.95,391.95,436,,,,Lapsed,[Lapsed] Last Chance: Final win-back email + maximum discount
16784,Promising,19,5,896.53,179.30599999999998,620,150.0,0.5904523730278015,1.0,High,Urgent Re-engage: 20% discount coupon + highlight new arrivals
16785,Lost Customers,409,1,533.78,533.78,409,,,,Lapsed,[Lapsed] Last Chance: Final win-back email + maximum discount
16786,Lost Customers,393,1,51.84,51.84,393,,,,Lapsed,[Lapsed] Last Chance: Final win-back email + maximum discount
16787,At Risk,397,4,1035.43,258.8575,698,100.0,,,Lapsed,[Lapsed] Recovery: Time-limited 30% win-back discount + feedback survey
16788,At Risk,122,5,1950.3,390.06,670,136.25,0.4872678220272064,0.0,Medium,Re-engage: Best-seller showcase email + 15% discount
16789,Promising,7,1,80.80000000000001,80.80000000000001,7,,0.6002914309501648,1.0,High,Urgent Re-engage: 20% discount coupon + highlight new arrivals
16790,Promising,3,6,1545.6200000000001,257.60333333333335,37,6.4,0.19383017718791962,0.0,Low,Nurture: Monthly newsletter + loyalty point updates
16791,Champions,28,15,4038.69,269.246,735,49.92857142857143,0.2072039693593979,0.0,Low,Retain: Enrol in VIP loyalty program + send thank-you offer
16792,At Risk,281,5,623.4599999999999,124.69199999999998,703,105.25,,,Lapsed,[Lapsed] Recovery: Time-limited 30% win-back discount + feedback survey
16793,Lost Customers,56,1,243.84,243.84,56,,0.5844083428382874,1.0,High,Last Chance: Final win-back email + maximum discount
16794,Champions,0,15,2090.91,139.39399999999998,623,44.07142857142857,0.22222056984901428,0.0,Low,Retain: Enrol in VIP loyalty program + send thank-you offer
16795,At Risk,364,3,2077.51,692.5033333333334,682,158.5,,,Lapsed,[Lapsed] Recovery: Time-limited 30% win-back discount + feedback survey
16796,Lost Customers,88,1,305.62,305.62,88,,0.5613951683044434,1.0,High,Last Chance: Final win-back email + maximum discount
16797,At Risk,392,5,1827.77,365.554,736,85.75,,,Lapsed,[Lapsed] Recovery: Time-limited 30% win-back discount + feedback survey
16798,At Risk,553,3,848.71,282.90333333333336,728,87.0,,,Lapsed,[Lapsed] Recovery: Time-limited 30% win-back discount + feedback survey
16799,Lost Customers,431,2,495.98,247.99,453,21.0,,,Lapsed,[Lapsed] Last Chance: Final win-back email + maximum discount
16800,Promising,10,1,1201.49,1201.49,10,,0.481320858001709,0.0,Medium,Nudge: Reminder email + product recommendation + limited offer
16801,At Risk,162,4,1619.73,404.9325,272,36.0,,,Lapsed,[Lapsed] Recovery: Time-limited 30% win-back discount + feedback survey
16802,Lost Customers,678,2,582.61,291.305,729,51.0,,,Lapsed,[Lapsed] Last Chance: Final win-back email + maximum discount
16803,Lost Customers,64,1,332.3,332.3,64,,0.5683245658874512,1.0,High,Last Chance: Final win-back email + maximum discount
16804,Promising,22,3,536.99,178.99666666666667,269,123.5,0.4376804828643799,0.0,Medium,Nudge: Reminder email + product recommendation + limited offer
16805,At Risk,173,5,1097.24,219.448,730,138.75,,,Lapsed,[Lapsed] Recovery: Time-limited 30% win-back discount + feedback survey
16806,At Risk,102,4,801.49,200.3725,238,44.666666666666664,0.3990582227706909,0.0,Medium,Re-engage: Best-seller showcase email + 15% discount
16807,At Risk,142,6,2123.88,353.98,622,95.6,,,Lapsed,[Lapsed] Recovery: Time-limited 30% win-back discount + feedback survey
16808,Lost Customers,98,2,288.42,144.21,273,175.0,0.564099907875061,1.0,High,Last Chance: Final win-back email + maximum discount
16809,Champions,22,9,1727.43,191.93666666666667,604,72.25,0.35371288657188416,0.0,Medium,Early Alert: Personalised product recommendation based on past purchases
16810,Lost Customers,191,2,842.04,421.02,419,228.0,,,Lapsed,[Lapsed] Last Chance: Final win-back email + maximum discount
16811,Promising,4,2,547.0699999999999,273.53499999999997,16,12.0,0.38939157128334045,0.0,Medium,Nudge: Reminder email + product recommendation + limited offer
16812,At Risk,360,4,2392.0,598.0,381,7.0,,,Lapsed,[Lapsed] Recovery: Time-limited 30% win-back discount + feedback survey
16813,Champions,7,10,1692.98,169.298,203,21.333333333333332,0.17292486131191254,0.0,Low,Retain: Enrol in VIP loyalty program + send thank-you offer
16814,Champions,13,36,12226.42,339.6227777777778,607,16.4,0.1368802934885025,0.0,Low,Retain: Enrol in VIP loyalty program + send thank-you offer
16815,Lost Customers,453,2,410.97,205.485,536,82.0,,,Lapsed,[Lapsed] Last Chance: Final win-back email + maximum discount
16816,At Risk,102,4,417.06,104.265,357,84.33333333333333,0.49483272433280945,0.0,Medium,Re-engage: Best-seller showcase email + 15% discount
16817,Champions,2,13,2560.7000000000003,196.9769230769231,431,35.25,0.21160197257995605,0.0,Low,Retain: Enrol in VIP loyalty program + send thank-you offer
16818,Champions,10,11,3349.57,304.50636363636363,205,19.0,0.16593889892101288,0.0,Low,Retain: Enrol in VIP loyalty program + send thank-you offer
16819,Lost Customers,464,2,182.59,91.295,464,0.0,,,Lapsed,[Lapsed] Last Chance: Final win-back email + maximum discount
16820,Lost Customers,95,1,497.61,497.61,95,,0.5534994006156921,1.0,High,Last Chance: Final win-back email + maximum discount
16821,Lost Customers,381,1,113.35,113.35,381,,,,Lapsed,[Lapsed] Last Chance: Final win-back email + maximum discount
16822,Lost Customers,685,1,181.39,181.39,685,,,,Lapsed,[Lapsed] Last Chance: Final win-back email + maximum discount
16823,At Risk,226,7,2260.09,322.87,737,84.5,,,Lapsed,[Lapsed] Recovery: Time-limited 30% win-back discount + feedback survey
16824,Promising,15,3,686.24,228.74666666666667,393,188.5,0.49050116539001465,0.0,Medium,Nudge: Reminder email + product recommendation + limited offer
16825,At Risk,38,5,1826.8899999999999,365.378,533,123.5,0.4579106569290161,0.0,Medium,Re-engage: Best-seller showcase email + 15% discount
16826,Promising,50,1,341.7,341.7,50,,0.5667715072631836,1.0,High,Urgent Re-engage: 20% discount coupon + highlight new arrivals
16827,At Risk,392,5,392.13,78.426,588,48.25,,,Lapsed,[Lapsed] Recovery: Time-limited 30% win-back discount + feedback survey
16828,Lost Customers,92,2,128.5,64.25,111,19.0,0.5198599100112915,1.0,Medium,Re-activation: Welcome-back campaign + highlight what's new
16829,Lost Customers,156,2,513.32,256.66,387,231.0,,,Lapsed,[Lapsed] Last Chance: Final win-back email + maximum discount
16830,Promising,38,4,1207.5,301.875,726,228.66666666666666,0.6077477335929871,1.0,High,Urgent Re-engage: 20% discount coupon + highlight new arrivals
16831,Lost Customers,564,1,91.8,91.8,564,,,,Lapsed,[Lapsed] Last Chance: Final win-back email + maximum discount
16832,At Risk,183,5,417.61,83.522,458,68.25,,,Lapsed,[Lapsed] Recovery: Time-limited 30% win-back discount + feedback survey
16833,Champions,0,6,2409.04,401.50666666666666,622,124.0,0.3973231017589569,0.0,Medium,Early Alert: Personalised product recommendation based on past purchases
16834,Lost Customers,227,2,898.96,449.48,673,446.0,,,Lapsed,[Lapsed] Last Chance: Final win-back email + maximum discount
16835,At Risk,127,6,1456.66,242.77666666666667,569,87.8,0.5645365118980408,1.0,High,Recovery: Time-limited 30% win-back discount + feedback survey
16836,Promising,39,4,782.37,195.5925,573,177.33333333333334,0.568841814994812,1.0,High,Urgent Re-engage: 20% discount coupon + highlight new arrivals
16837,Champions,30,11,3170.98,288.2709090909091,245,21.1,0.17994119226932526,0.0,Low,Retain: Enrol in VIP loyalty program + send thank-you offer
16838,At Risk,196,4,1159.6100000000001,289.90250000000003,662,154.66666666666666,,,Lapsed,[Lapsed] Recovery: Time-limited 30% win-back discount + feedback survey
16839,Champions,8,44,21758.25,494.5056818181818,665,14.790697674418604,0.135163813829422,0.0,Low,Retain: Enrol in VIP loyalty program + send thank-you offer
16840,Lost Customers,602,2,139.85,69.925,674,71.0,,,Lapsed,[Lapsed] Last Chance: Final win-back email + maximum discount
16841,Champions,36,12,4006.06,333.8383333333333,696,59.45454545454545,0.2668714225292206,0.0,Low,Retain: Enrol in VIP loyalty program + send thank-you offer
16842,At Risk,100,3,1264.19,421.3966666666667,301,100.5,0.37651917338371277,0.0,Medium,Re-engage: Best-seller showcase email + 15% discount
16843,Champions,42,35,19571.43,559.1837142857142,729,19.794117647058822,0.1861083060503006,0.0,Low,Retain: Enrol in VIP loyalty program + send thank-you offer
16844,Lost Customers,562,2,614.34,307.17,582,20.0,,,Lapsed,[Lapsed] Last Chance: Final win-back email + maximum discount
16845,Lost Customers,617,1,253.88,253.88,617,,,,Lapsed,[Lapsed] Last Chance: Final win-back email + maximum discount
16846,Promising,49,3,842.4100000000001,280.80333333333334,639,294.5,0.6456897854804993,1.0,High,Urgent Re-engage: 20% discount coupon + highlight new arrivals
16847,Promising,42,2,614.89,307.445,617,574.0,0.621048092842102,1.0,High,Urgent Re-engage: 20% discount coupon + highlight new arrivals
16848,At Risk,52,4,1411.62,352.905,432,126.33333333333333,0.5405020713806152,1.0,Medium,Re-engage: Best-seller showcase email + 15% discount
16849,Lost Customers,186,1,124.57,124.57,186,,,,Lapsed,[Lapsed] Last Chance: Final win-back email + maximum discount
16850,Lost Customers,333,1,332.41,332.41,333,,,,Lapsed,[Lapsed] Last Chance: Final win-back email + maximum discount
16851,Promising,3,3,342.45000000000005,114.15000000000002,51,23.5,0.3723399043083191,0.0,Medium,Nudge: Reminder email + product recommendation + limited offer
16852,Promising,9,2,144.91,72.455,175,165.0,0.5695623159408569,1.0,High,Urgent Re-engage: 20% discount coupon + highlight new arrivals
16854,At Risk,416,2,1408.96,704.48,639,223.0,,,Lapsed,[Lapsed] Recovery: Time-limited 30% win-back discount + feedback survey
16855,Promising,23,2,328.4,164.2,42,19.0,0.4028133749961853,0.0,Medium,Nudge: Reminder email + product recommendation + limited offer
16856,Promising,14,3,358.49,119.49666666666667,441,213.0,0.5505291223526001,1.0,High,Urgent Re-engage: 20% discount coupon + highlight new arrivals
16857,Lost Customers,442,1,352.8,352.8,442,,,,Lapsed,[Lapsed] Last Chance: Final win-back email + maximum discount
16858,At Risk,368,10,4292.59,429.259,724,39.0,,,Lapsed,[Lapsed] Recovery: Time-limited 30% win-back discount + feedback survey
16859,At Risk,144,7,1932.4099999999999,276.0585714285714,645,83.0,,,Lapsed,[Lapsed] Recovery: Time-limited 30% win-back discount + feedback survey
16860,At Risk,452,3,1610.6200000000001,536.8733333333333,661,104.5,,,Lapsed,[Lapsed] Recovery: Time-limited 30% win-back discount + feedback survey
16861,At Risk,59,5,946.59,189.318,508,111.75,0.5634501576423645,1.0,High,Recovery: Time-limited 30% win-back discount + feedback survey
16862,At Risk,546,4,662.33,165.5825,700,50.666666666666664,,,Lapsed,[Lapsed] Recovery: Time-limited 30% win-back discount + feedback survey
16863,Promising,30,3,834.27,278.09,409,188.5,0.5710290670394897,1.0,High,Urgent Re-engage: 20% discount coupon + highlight new arrivals
16864,Lost Customers,433,2,409.25,204.625,598,164.0,,,Lapsed,[Lapsed] Last Chance: Final win-back email + maximum discount
16865,Lost Customers,401,1,130.95,130.95,401,,,,Lapsed,[Lapsed] Last Chance: Final win-back email + maximum discount
16866,Lost Customers,140,3,207.74,69.24666666666667,161,9.5,,,Lapsed,[Lapsed] Last Chance: Final win-back email + maximum discount
16867,Lost Customers,689,1,76.74000000000001,76.74000000000001,689,,,,Lapsed,[Lapsed] Last Chance: Final win-back email + maximum discount
16868,Lost Customers,393,3,393.39,131.13,593,99.0,,,Lapsed,[Lapsed] Last Chance: Final win-back email + maximum discount
16869,Promising,22,4,825.4200000000001,206.35500000000002,174,50.333333333333336,0.32593095302581787,0.0,Low,Nurture: Monthly newsletter + loyalty point updates
16870,Lost Customers,468,1,450.16,450.16,468,,,,Lapsed,[Lapsed] Last Chance: Final win-back email + maximum discount
16871,Champions,21,6,2812.34,468.72333333333336,270,49.6,0.21045520901679993,0.0,Low,Retain: Enrol in VIP loyalty program + send thank-you offer
16872,At Risk,76,6,1213.1299999999999,202.1883333333333,462,76.8,0.4222988188266754,0.0,Medium,Re-engage: Best-seller showcase email + 15% discount
16873,Champions,4,12,14617.39,1218.1158333333333,667,59.81818181818182,0.23122474551200867,0.0,Low,Retain: Enrol in VIP loyalty program + send thank-you offer
16874,Lost Customers,378,1,217.74,217.74,378,,,,Lapsed,[Lapsed] Last Chance: Final win-back email + maximum discount
16875,Champions,66,11,4234.53,384.9572727272727,703,63.3,0.29178285598754883,0.0,Low,Retain: Enrol in VIP loyalty program + send thank-you offer
16876,Lost Customers,403,1,136.01,136.01,403,,,,Lapsed,[Lapsed] Last Chance: Final win-back email + maximum discount
16877,Promising,11,6,853.72,142.28666666666666,207,38.6,0.2455059140920639,0.0,Low,Nurture: Monthly newsletter + loyalty point updates
16878,Lost Customers,83,1,13.3,13.3,83,,0.6113699078559875,1.0,High,Last Chance: Final win-back email + maximum discount
16880,At Risk,30,8,1840.8600000000001,230.10750000000002,492,65.71428571428571,0.3054681420326233,0.0,Low,Monitor: Add to re-engagement campaign
16881,Lost Customers,66,1,432.0,432.0,66,,0.5722622275352478,1.0,High,Last Chance: Final win-back email + maximum discount
16882,Promising,66,3,705.12,235.04,316,124.5,0.48215168714523315,0.0,Medium,Nudge: Reminder email + product recommendation + limited offer
16883,At Risk,186,19,2268.56,119.3978947368421,735,30.0,,,Lapsed,[Lapsed] Recovery: Time-limited 30% win-back discount + feedback survey
16884,Promising,37,4,1073.92,268.48,570,177.33333333333334,0.5630269050598145,1.0,High,Urgent Re-engage: 20% discount coupon + highlight new arrivals
16885,Promising,14,4,710.74,177.685,384,122.66666666666667,0.4383929967880249,0.0,Medium,Nudge: Reminder email + product recommendation + limited offer
16886,Lost Customers,455,1,134.0,134.0,455,,,,Lapsed,[Lapsed] Last Chance: Final win-back email + maximum discount
16887,Promising,34,3,660.72,220.24,737,351.0,0.6197547316551208,1.0,High,Urgent Re-engage: 20% discount coupon + highlight new arrivals
16888,Lost Customers,400,3,437.15,145.71666666666667,700,150.0,,,Lapsed,[Lapsed] Last Chance: Final win-back email + maximum discount
16889,At Risk,194,6,2530.9,421.81666666666666,565,73.8,,,Lapsed,[Lapsed] Recovery: Time-limited 30% win-back discount + feedback survey
16890,Lost Customers,476,3,285.40999999999997,95.13666666666666,581,52.0,,,Lapsed,[Lapsed] Last Chance: Final win-back email + maximum discount
16891,Champions,1,11,1824.56,165.86909090909091,735,72.9,0.3997768461704254,0.0,Medium,Early Alert: Personalised product recommendation based on past purchases
16892,Promising,0,7,762.1,108.87142857142858,730,121.5,0.3699027895927429,0.0,Medium,Nudge: Reminder email + product recommendation + limited offer
16893,Lost Customers,366,2,255.84,127.92,375,9.0,,,Lapsed,[Lapsed] Last Chance: Final win-back email + maximum discount
16894,At Risk,501,3,1324.0600000000002,441.3533333333334,534,16.5,,,Lapsed,[Lapsed] Recovery: Time-limited 30% win-back discount + feedback survey
16895,At Risk,64,5,1121.42,224.28400000000002,665,149.75,0.6065356135368347,1.0,High,Recovery: Time-limited 30% win-back discount + feedback survey
16896,Lost Customers,554,1,103.95,103.95,554,,,,Lapsed,[Lapsed] Last Chance: Final win-back email + maximum discount
16897,Lost Customers,298,2,289.78,144.89,313,14.0,,,Lapsed,[Lapsed] Last Chance: Final win-back email + maximum discount
16898,Promising,25,5,900.29,180.058,576,137.25,0.5285441279411316,1.0,Medium,Nudge: Reminder email + product recommendation + limited offer
16899,Champions,7,8,1721.02,215.1275,396,55.142857142857146,0.29076433181762695,0.0,Low,Retain: Enrol in VIP loyalty program + send thank-you offer
16900,Promising,16,3,887.1099999999999,295.7033333333333,62,22.5,0.3068459928035736,0.0,Low,Nurture: Monthly newsletter + loyalty point updates
16901,Lost Customers,728,1,204.26,204.26,728,,,,Lapsed,[Lapsed] Last Chance: Final win-back email + maximum discount
16902,At Risk,115,1,1706.88,1706.88,115,,0.5311329364776611,1.0,Medium,Re-engage: Best-seller showcase email + 15% discount
16903,Promising,28,3,1062.28,354.0933333333333,414,193.0,0.5488349199295044,1.0,Medium,Nudge: Reminder email + product recommendation + limited offer
16904,Champions,3,21,4793.67,228.27,410,19.85,0.16593889892101288,0.0,Low,Retain: Enrol in VIP loyalty program + send thank-you offer
16905,Champions,4,17,4779.75,281.1617647058824,728,44.75,0.1880383938550949,0.0,Low,Retain: Enrol in VIP loyalty program + send thank-you offer
16906,At Risk,81,7,1448.8,206.97142857142856,574,81.83333333333333,0.4270835220813751,0.0,Medium,Re-engage: Best-seller showcase email + 15% discount
16907,At Risk,28,9,1525.88,169.54222222222222,525,61.625,0.3229254484176636,0.0,Low,Monitor: Add to re-engagement campaign
16908,Lost Customers,721,1,252.59,252.59,721,,,,Lapsed,[Lapsed] Last Chance: Final win-back email + maximum discount
16909,Lost Customers,71,1,379.14,379.14,71,,0.5683245658874512,1.0,High,Last Chance: Final win-back email + maximum discount
16910,Champions,3,8,1510.06,188.7575,90,12.0,0.1547824591398239,0.0,Low,Retain: Enrol in VIP loyalty program + send thank-you offer
16911,Lost Customers,635,2,255.25,127.625,660,25.0,,,Lapsed,[Lapsed] Last Chance: Final win-back email + maximum discount
16912,Champions,28,15,4480.31,298.68733333333336,730,49.857142857142854,0.2127189338207245,0.0,Low,Retain: Enrol in VIP loyalty program + send thank-you offer
16913,Lost Customers,289,3,423.90999999999997,141.3033333333333,651,180.5,,,Lapsed,[Lapsed] Last Chance: Final win-back email + maximum discount
16914,Promising,35,1,208.46,208.46,35,,0.5713329315185547,1.0,High,Urgent Re-engage: 20% discount coupon + highlight new arrivals
16915,Champions,8,11,1543.18,140.2890909090909,568,55.7,0.306235671043396,0.0,Low,Retain: Enrol in VIP loyalty program + send thank-you offer
16916,Promising,23,4,925.32,231.33,414,130.0,0.5228965282440186,1.0,Medium,Nudge: Reminder email + product recommendation + limited offer
16917,At Risk,276,2,1857.83,928.915,631,355.0,,,Lapsed,[Lapsed] Recovery: Time-limited 30% win-back discount + feedback survey
16918,Champions,49,16,3213.29,200.830625,736,45.46666666666667,0.2977207899093628,0.0,Low,Retain: Enrol in VIP loyalty program + send thank-you offer
16919,Champions,155,24,4927.56,205.31500000000003,476,13.478260869565217,,,Lapsed,[Lapsed] VIP Win-Back: Personal call + exclusive loyalty reward + free shipping
16920,Lost Customers,410,1,355.45,355.45,410,,,,Lapsed,[Lapsed] Last Chance: Final win-back email + maximum discount
16921,Promising,60,3,446.66999999999996,148.89,599,269.0,0.6567839980125427,1.0,High,Urgent Re-engage: 20% discount coupon + highlight new arrivals
16922,Lost Customers,572,1,611.08,611.08,572,,,,Lapsed,[Lapsed] Last Chance: Final win-back email + maximum discount
16923,Champions,11,32,13378.36,418.07375,677,21.0,0.14037325978279114,0.0,Low,Retain: Enrol in VIP loyalty program + send thank-you offer
16924,Promising,20,3,846.75,282.25,83,31.0,0.30606549978256226,0.0,Low,Nurture: Monthly newsletter + loyalty point updates
16925,Lost Customers,539,1,125.65,125.65,539,,,,Lapsed,[Lapsed] Last Chance: Final win-back email + maximum discount
16926,At Risk,370,5,1191.1,238.21999999999997,525,38.5,,,Lapsed,[Lapsed] Recovery: Time-limited 30% win-back discount + feedback survey
16927,At Risk,115,3,543.05,181.01666666666665,361,122.5,0.4790135622024536,0.0,Medium,Re-engage: Best-seller showcase email + 15% discount
16928,Champions,79,29,3996.98,137.82689655172413,674,20.678571428571427,0.3316808342933655,0.0,Low,Retain: Enrol in VIP loyalty program + send thank-you offer
16929,Promising,3,7,1295.39,185.0557142857143,155,24.666666666666668,0.22733387351036072,0.0,Low,Nurture: Monthly newsletter + loyalty point updates
16930,Promising,25,3,380.55,126.85000000000001,67,21.0,0.38976097106933594,0.0,Medium,Nudge: Reminder email + product recommendation + limited offer
16931,Champions,4,23,5081.57,220.9378260869565,396,17.272727272727273,0.135163813829422,0.0,Low,Retain: Enrol in VIP loyalty program + send thank-you offer
16932,Promising,52,3,440.71000000000004,146.90333333333334,570,258.0,0.6340526342391968,1.0,High,Urgent Re-engage: 20% discount coupon + highlight new arrivals
16933,Champions,0,9,3181.25,353.47222222222223,729,90.5,0.43812987208366394,0.0,Medium,Early Alert: Personalised product recommendation based on past purchases
16934,At Risk,54,6,2110.99,351.83166666666665,621,113.2,0.46074944734573364,0.0,Medium,Re-engage: Best-seller showcase email + 15% discount
16935,Lost Customers,381,3,535.1,178.36666666666667,420,19.0,,,Lapsed,[Lapsed] Last Chance: Final win-back email + maximum discount
16936,Promising,25,2,551.1700000000001,275.58500000000004,385,359.0,0.6458712220191956,1.0,High,Urgent Re-engage: 20% discount coupon + highlight new arrivals
16937,Lost Customers,498,1,202.1,202.1,498,,,,Lapsed,[Lapsed] Last Chance: Final win-back email + maximum discount
16938,Champions,8,9,7043.18,782.5755555555556,659,80.75,0.33766746520996094,0.0,Low,Retain: Enrol in VIP loyalty program + send thank-you offer
16939,Lost Customers,488,3,449.0,149.66666666666666,648,79.5,,,Lapsed,[Lapsed] Last Chance: Final win-back email + maximum discount
16940,Champions,51,8,6427.66,803.4575,730,96.42857142857143,0.357404500246048,0.0,Medium,Early Alert: Personalised product recommendation based on past purchases
16941,Lost Customers,611,1,33.0,33.0,611,,,,Lapsed,[Lapsed] Last Chance: Final win-back email + maximum discount
16942,Champions,12,9,1920.5900000000001,213.3988888888889,227,26.5,0.17967920005321503,0.0,Low,Retain: Enrol in VIP loyalty program + send thank-you offer
16943,At Risk,211,5,1299.49,259.898,623,102.75,,,Lapsed,[Lapsed] Recovery: Time-limited 30% win-back discount + feedback survey
16944,Lost Customers,609,1,101.36,101.36,609,,,,Lapsed,[Lapsed] Last Chance: Final win-back email + maximum discount
16945,Champions,21,33,8548.16,259.0351515151515,730,21.84375,0.14382775127887726,0.0,Low,Retain: Enrol in VIP loyalty program + send thank-you offer
16946,At Risk,382,5,1222.04,244.408,647,65.5,,,Lapsed,[Lapsed] Recovery: Time-limited 30% win-back discount + feedback survey
16947,At Risk,235,5,955.21,191.042,646,102.25,,,Lapsed,[Lapsed] Recovery: Time-limited 30% win-back discount + feedback survey
16948,At Risk,138,7,868.77,124.11,655,85.83333333333333,,,Lapsed,[Lapsed] Recovery: Time-limited 30% win-back discount + feedback survey
16949,Promising,3,6,1286.27,214.37833333333333,316,62.2,0.3188357949256897,0.0,Low,Nurture: Monthly newsletter + loyalty point updates
16950,Champions,56,10,3612.37,361.23699999999997,684,69.33333333333333,0.3877083361148834,0.0,Medium,Early Alert: Personalised product recommendation based on past purchases
16951,At Risk,134,3,1277.75,425.9166666666667,303,84.5,0.3787077069282532,0.0,Medium,Re-engage: Best-seller showcase email + 15% discount
16952,At Risk,108,5,798.78,159.756,727,154.5,0.6001980304718018,1.0,High,Recovery: Time-limited 30% win-back discount + feedback survey
16953,Lost Customers,29,1,20.8,20.8,29,,0.6023080348968506,1.0,High,Last Chance: Final win-back email + maximum discount
16954,Champions,0,20,6081.88,304.094,689,35.78947368421053,0.16084302961826324,0.0,Low,Retain: Enrol in VIP loyalty program + send thank-you offer
16955,At Risk,184,6,1120.31,186.71833333333333,677,98.2,,,Lapsed,[Lapsed] Recovery: Time-limited 30% win-back discount + feedback survey
16956,Promising,17,1,308.74,308.74,17,,0.5345957279205322,1.0,Medium,Nudge: Reminder email + product recommendation + limited offer
16957,Lost Customers,238,2,416.64,208.32,281,42.0,,,Lapsed,[Lapsed] Last Chance: Final win-back email + maximum discount
16958,Lost Customers,434,1,809.44,809.44,434,,,,Lapsed,[Lapsed] Last Chance: Final win-back email + maximum discount
16959,Lost Customers,86,1,117.35000000000001,117.35000000000001,86,,0.6114290952682495,1.0,High,Last Chance: Final win-back email + maximum discount
16960,At Risk,38,8,2043.43,255.42875,646,86.28571428571429,0.40158212184906006,0.0,Medium,Re-engage: Best-seller showcase email + 15% discount
16961,At Risk,115,3,794.56,264.8533333333333,531,207.5,0.6243970990180969,1.0,High,Recovery: Time-limited 30% win-back discount + feedback survey
16962,Lost Customers,409,1,251.04,251.04,409,,,,Lapsed,[Lapsed] Last Chance: Final win-back email + maximum discount
16963,Lost Customers,186,1,110.55000000000001,110.55000000000001,186,,,,Lapsed,[Lapsed] Last Chance: Final win-back email + maximum discount
16964,Lost Customers,732,2,207.85,103.925,732,0.0,,,Lapsed,[Lapsed] Last Chance: Final win-back email + maximum discount
16965,Lost Customers,226,1,201.19,201.19,226,,,,Lapsed,[Lapsed] Last Chance: Final win-back email + maximum discount
16966,Champions,7,7,2154.97,307.8528571428571,239,38.166666666666664,0.196627676486969,0.0,Low,Retain: Enrol in VIP loyalty program + send thank-you offer
16967,Lost Customers,188,1,319.02,319.02,188,,,,Lapsed,[Lapsed] Last Chance: Final win-back email + maximum discount
16968,Promising,3,2,439.43,219.715,107,103.0,0.45889124274253845,0.0,Medium,Nudge: Reminder email + product recommendation + limited offer
16969,Promising,38,3,650.41,216.8033333333333,191,75.5,0.40453439950942993,0.0,Medium,Nudge: Reminder email + product recommendation + limited offer
16970,Lost Customers,625,1,71.4,71.4,625,,,,Lapsed,[Lapsed] Last Chance: Final win-back email + maximum discount
16971,Promising,37,1,357.21,357.21,37,,0.5575777888298035,1.0,High,Urgent Re-engage: 20% discount coupon + highlight new arrivals
16972,Lost Customers,382,2,786.25,393.125,456,73.0,,,Lapsed,[Lapsed] Last Chance: Final win-back email + maximum discount
16973,Lost Customers,385,1,127.0,127.0,385,,,,Lapsed,[Lapsed] Last Chance: Final win-back email + maximum discount
16974,Lost Customers,522,2,365.5,182.75,564,41.0,,,Lapsed,[Lapsed] Last Chance: Final win-back email + maximum discount
16975,At Risk,422,3,926.12,308.70666666666665,505,40.5,,,Lapsed,[Lapsed] Recovery: Time-limited 30% win-back discount + feedback survey
16976,Lost Customers,266,1,251.51999999999998,251.51999999999998,266,,,,Lapsed,[Lapsed] Last Chance: Final win-back email + maximum discount
16977,Lost Customers,394,4,496.0,124.0,631,78.33333333333333,,,Lapsed,[Lapsed] Last Chance: Final win-back email + maximum discount
16978,At Risk,77,3,768.88,256.29333333333335,665,294.0,0.6617363691329956,1.0,High,Recovery: Time-limited 30% win-back discount + feedback survey
16979,Champions,3,9,2859.74,317.74888888888887,449,55.25,0.2637936472892761,0.0,Low,Retain: Enrol in VIP loyalty program + send thank-you offer
16980,At Risk,254,3,1473.33,491.10999999999996,427,86.0,,,Lapsed,[Lapsed] Recovery: Time-limited 30% win-back discount + feedback survey
16982,Lost Customers,60,1,384.06,384.06,60,,0.5683245658874512,1.0,High,Last Chance: Final win-back email + maximum discount
16983,Champions,12,11,3546.73,322.43,446,42.8,0.20310208201408386,0.0,Low,Retain: Enrol in VIP loyalty program + send thank-you offer
16984,Champions,87,9,10754.8,1194.9777777777776,641,68.75,0.3796321153640747,0.0,Medium,Early Alert: Personalised product recommendation based on past purchases
16985,Champions,16,23,10923.16,474.92,728,32.0,0.15639173984527588,0.0,Low,Retain: Enrol in VIP loyalty program + send thank-you offer
16986,Champions,29,11,4888.75,444.4318181818182,672,64.1,0.32725149393081665,0.0,Low,Retain: Enrol in VIP loyalty program + send thank-you offer
16987,Champions,2,11,2535.9,230.53636363636363,736,73.0,0.2676056921482086,0.0,Low,Retain: Enrol in VIP loyalty program + send thank-you offer
16988,Promising,4,2,382.67,191.335,379,374.0,0.5962732434272766,1.0,High,Urgent Re-engage: 20% discount coupon + highlight new arrivals
16989,Promising,6,6,1133.25,188.875,150,28.2,0.23230072855949402,0.0,Low,Nurture: Monthly newsletter + loyalty point updates
16990,Lost Customers,218,2,344.0,172.0,422,203.0,,,Lapsed,[Lapsed] Last Chance: Final win-back email + maximum discount
16991,Lost Customers,420,1,1041.21,1041.21,420,,,,Lapsed,[Lapsed] Last Chance: Final win-back email + maximum discount
16992,Champions,10,13,5476.5,421.2692307692308,666,54.083333333333336,0.2511448860168457,0.0,Low,Retain: Enrol in VIP loyalty program + send thank-you offer
16993,At Risk,463,2,1950.95,975.475,575,112.0,,,Lapsed,[Lapsed] Recovery: Time-limited 30% win-back discount + feedback survey
16996,Champions,29,9,2123.61,235.95666666666668,417,48.0,0.2294691950082779,0.0,Low,Retain: Enrol in VIP loyalty program + send thank-you offer
16997,At Risk,287,3,702.0,234.0,325,18.5,,,Lapsed,[Lapsed] Recovery: Time-limited 30% win-back discount + feedback survey
16998,At Risk,149,5,402.0,80.4,443,73.25,,,Lapsed,[Lapsed] Recovery: Time-limited 30% win-back discount + feedback survey
16999,Promising,22,2,484.82,242.41,73,50.0,0.35641080141067505,0.0,Medium,Nudge: Reminder email + product recommendation + limited offer
17000,Lost Customers,395,2,406.30000000000007,203.15000000000003,407,11.0,,,Lapsed,[Lapsed] Last Chance: Final win-back email + maximum discount
17001,Champions,0,19,6640.8,349.5157894736842,624,34.166666666666664,0.1569906622171402,0.0,Low,Retain: Enrol in VIP loyalty program + send thank-you offer
17002,At Risk,85,7,2571.55,367.36428571428576,640,92.16666666666667,0.3704889714717865,0.0,Medium,Re-engage: Best-seller showcase email + 15% discount
17003,At Risk,401,4,830.16,207.54,578,58.333333333333336,,,Lapsed,[Lapsed] Recovery: Time-limited 30% win-back discount + feedback survey
17004,At Risk,45,4,2425.16,606.29,423,125.33333333333333,0.44499897956848145,0.0,Medium,Re-engage: Best-seller showcase email + 15% discount
17005,Lost Customers,470,2,742.36,371.18,588,118.0,,,Lapsed,[Lapsed] Last Chance: Final win-back email + maximum discount
17006,Champions,4,8,1636.3200000000002,204.54000000000002,643,90.85714285714286,0.411935955286026,0.0,Medium,Early Alert: Personalised product recommendation based on past purchases
17007,At Risk,50,7,1120.1,160.0142857142857,436,64.16666666666667,0.34803688526153564,0.0,Low,Monitor: Add to re-engagement campaign
17008,Lost Customers,428,1,81.36,81.36,428,,,,Lapsed,[Lapsed] Last Chance: Final win-back email + maximum discount
17009,Lost Customers,550,1,242.06,242.06,550,,,,Lapsed,[Lapsed] Last Chance: Final win-back email + maximum discount
17010,Promising,17,1,195.36,195.36,17,,0.541612446308136,1.0,Medium,Nudge: Reminder email + product recommendation + limited offer
17011,Promising,29,3,671.6999999999999,223.89999999999998,651,310.0,0.6567310094833374,1.0,High,Urgent Re-engage: 20% discount coupon + highlight new arrivals
17012,Lost Customers,724,1,384.16,384.16,724,,,,Lapsed,[Lapsed] Last Chance: Final win-back email + maximum discount
17014,Promising,7,3,586.33,195.44333333333336,66,28.5,0.3313184976577759,0.0,Low,Nurture: Monthly newsletter + loyalty point updates
17015,Promising,28,3,1842.56,614.1866666666666,184,78.0,0.3251873254776001,0.0,Low,Nurture: Monthly newsletter + loyalty point updates
17016,Lost Customers,576,1,552.4,552.4,576,,,,Lapsed,[Lapsed] Last Chance: Final win-back email + maximum discount
17017,Champions,2,29,12576.99,433.68931034482756,735,25.821428571428573,0.1386200189590454,0.0,Low,Retain: Enrol in VIP loyalty program + send thank-you offer
17018,At Risk,40,6,2287.7,381.2833333333333,734,138.4,0.4528835117816925,0.0,Medium,Re-engage: Best-seller showcase email + 15% discount
17019,Champions,10,11,3653.38,332.12545454545455,737,72.2,0.38884833455085754,0.0,Medium,Early Alert: Personalised product recommendation based on past purchases
17020,Lost Customers,541,2,935.62,467.81,646,104.0,,,Lapsed,[Lapsed] Last Chance: Final win-back email + maximum discount
17021,At Risk,441,6,1182.22,197.03666666666666,588,28.8,,,Lapsed,[Lapsed] Recovery: Time-limited 30% win-back discount + feedback survey
17022,Promising,30,2,260.0,130.0,432,401.0,0.5591064691543579,1.0,High,Urgent Re-engage: 20% discount coupon + highlight new arrivals
17023,At Risk,416,3,800.1800000000001,266.7266666666667,696,139.5,,,Lapsed,[Lapsed] Recovery: Time-limited 30% win-back discount + feedback survey
17024,Promising,44,3,95.85,31.95,157,55.5,0.4280267059803009,0.0,Medium,Nudge: Reminder email + product recommendation + limited offer
17025,At Risk,60,5,1349.67,269.934,640,145.0,0.5988579988479614,1.0,High,Recovery: Time-limited 30% win-back discount + feedback survey
17026,Lost Customers,184,3,175.83,58.61000000000001,416,115.5,,,Lapsed,[Lapsed] Last Chance: Final win-back email + maximum discount
17027,At Risk,78,9,1327.11,147.45666666666665,729,81.0,0.3800404369831085,0.0,Medium,Re-engage: Best-seller showcase email + 15% discount
17028,At Risk,580,3,1593.83,531.2766666666666,720,69.5,,,Lapsed,[Lapsed] Recovery: Time-limited 30% win-back discount + feedback survey
17029,At Risk,110,7,2137.3,305.3285714285715,663,91.83333333333333,0.4265437126159668,0.0,Medium,Re-engage: Best-seller showcase email + 15% discount
17030,Lost Customers,63,1,146.87,146.87,63,,0.6302847862243652,1.0,High,Last Chance: Final win-back email + maximum discount
17031,Champions,11,6,2773.85,462.30833333333334,580,113.4,0.5024630427360535,1.0,Medium,Early Alert: Personalised product recommendation based on past purchases
17032,At Risk,547,8,3004.6,375.575,728,25.571428571428573,,,Lapsed,[Lapsed] Recovery: Time-limited 30% win-back discount + feedback survey
17033,At Risk,85,4,1332.79,333.1975,396,103.33333333333333,0.42870429158210754,0.0,Medium,Re-engage: Best-seller showcase email + 15% discount
17034,Promising,15,5,1283.92,256.784,512,123.75,0.43091142177581787,0.0,Medium,Nudge: Reminder email + product recommendation + limited offer
17035,At Risk,245,4,613.59,153.3975,736,163.0,,,Lapsed,[Lapsed] Recovery: Time-limited 30% win-back discount + feedback survey
17036,Lost Customers,382,1,176.9,176.9,382,,,,Lapsed,[Lapsed] Last Chance: Final win-back email + maximum discount
17037,Promising,87,1,1267.32,1267.32,87,,0.5306413769721985,1.0,Medium,Nudge: Reminder email + product recommendation + limited offer
17038,Promising,29,2,743.17,371.585,414,384.0,0.5798308849334717,1.0,High,Urgent Re-engage: 20% discount coupon + highlight new arrivals
17039,Lost Customers,603,1,1954.99,1954.99,603,,,,Lapsed,[Lapsed] Last Chance: Final win-back email + maximum discount
17040,Lost Customers,137,2,463.25,231.625,549,412.0,,,Lapsed,[Lapsed] Last Chance: Final win-back email + maximum discount
17041,Promising,26,6,1686.28,281.0466666666667,599,114.2,0.4123420715332031,0.0,Medium,Nudge: Reminder email + product recommendation + limited offer
17042,Promising,2,5,1044.38,208.87600000000003,246,60.5,0.31990325450897217,0.0,Low,Nurture: Monthly newsletter + loyalty point updates
17043,Champions,31,8,2616.55,327.06875,729,99.14285714285714,0.3330812454223633,0.0,Low,Retain: Enrol in VIP loyalty program + send thank-you offer
17044,Champions,24,12,11962.300000000001,996.8583333333335,732,63.81818181818182,0.35886356234550476,0.0,Medium,Early Alert: Personalised product recommendation based on past purchases
17045,At Risk,112,5,827.6800000000001,165.536,428,78.5,0.49763715267181396,0.0,Medium,Re-engage: Best-seller showcase email + 15% discount
17046,At Risk,156,5,1906.0700000000002,381.21400000000006,619,115.5,,,Lapsed,[Lapsed] Recovery: Time-limited 30% win-back discount + feedback survey
17047,At Risk,84,6,2289.23,381.53833333333336,731,128.8,0.4308493733406067,0.0,Medium,Re-engage: Best-seller showcase email + 15% discount
17048,At Risk,117,7,2071.6800000000003,295.95428571428573,689,95.0,0.40037772059440613,0.0,Medium,Re-engage: Best-seller showcase email + 15% discount
17049,Champions,2,19,9947.48,523.5515789473684,645,35.22222222222222,0.14928176999092102,0.0,Low,Retain: Enrol in VIP loyalty program + send thank-you offer
17050,At Risk,95,11,4691.79,426.5263636363636,681,58.1,0.3205784261226654,0.0,Low,Monitor: Add to re-engagement campaign
17051,At Risk,193,4,714.39,178.5975,627,144.0,,,Lapsed,[Lapsed] Recovery: Time-limited 30% win-back discount + feedback survey
17052,Promising,27,1,413.75,413.75,27,,0.5515782237052917,1.0,High,Urgent Re-engage: 20% discount coupon + highlight new arrivals
17053,Lost Customers,130,1,498.48,498.48,130,,0.5534994006156921,1.0,High,Last Chance: Final win-back email + maximum discount
17054,Promising,27,5,1356.33,271.26599999999996,244,53.75,0.2948443591594696,0.0,Low,Nurture: Monthly newsletter + loyalty point updates
17055,Lost Customers,445,1,239.55,239.55,445,,,,Lapsed,[Lapsed] Last Chance: Final win-back email + maximum discount
17056,Lost Customers,737,1,128.60000000000002,128.60000000000002,737,,,,Lapsed,[Lapsed] Last Chance: Final win-back email + maximum discount
17057,Lost Customers,595,1,294.74,294.74,595,,,,Lapsed,[Lapsed] Last Chance: Final win-back email + maximum discount
17058,At Risk,81,3,1179.89,393.2966666666667,239,78.5,0.3742287755012512,0.0,Medium,Re-engage: Best-seller showcase email + 15% discount
17059,Champions,29,9,4880.17,542.2411111111111,681,81.0,0.33903926610946655,0.0,Low,Retain: Enrol in VIP loyalty program + send thank-you offer
17060,Lost Customers,265,1,234.24,234.24,265,,,,Lapsed,[Lapsed] Last Chance: Final win-back email + maximum discount
17061,Champions,73,11,5232.23,475.6572727272727,231,15.4,0.3471733629703522,0.0,Low,Retain: Enrol in VIP loyalty program + send thank-you offer
17062,At Risk,313,6,913.7900000000001,152.29833333333335,439,24.6,,,Lapsed,[Lapsed] Recovery: Time-limited 30% win-back discount + feedback survey
17063,Champions,20,13,3638.53,279.8869230769231,738,59.416666666666664,0.3103228509426117,0.0,Low,Retain: Enrol in VIP loyalty program + send thank-you offer
17064,Promising,58,3,859.35,286.45,326,133.5,0.4920419156551361,0.0,Medium,Nudge: Reminder email + product recommendation + limited offer
17065,Lost Customers,637,2,194.7,97.35,637,0.0,,,Lapsed,[Lapsed] Last Chance: Final win-back email + maximum discount
17066,Lost Customers,725,1,228.34,228.34,725,,,,Lapsed,[Lapsed] Last Chance: Final win-back email + maximum discount
17067,Lost Customers,724,3,454.53999999999996,151.51333333333332,731,3.0,,,Lapsed,[Lapsed] Last Chance: Final win-back email + maximum discount
17068,Champions,11,47,8994.93,191.38148936170214,620,12.782608695652174,0.1368802934885025,0.0,Low,Retain: Enrol in VIP loyalty program + send thank-you offer
17069,Champions,27,14,5517.2300000000005,394.08785714285716,736,54.07692307692308,0.23373791575431824,0.0,Low,Retain: Enrol in VIP loyalty program + send thank-you offer
17070,Lost Customers,113,2,445.32,222.66,409,296.0,0.6678852438926697,1.0,High,Last Chance: Final win-back email + maximum discount
17071,Champions,27,13,3801.2000000000003,292.40000000000003,683,54.083333333333336,0.22223475575447083,0.0,Low,Retain: Enrol in VIP loyalty program + send thank-you offer
17072,Lost Customers,624,1,282.05,282.05,624,,,,Lapsed,[Lapsed] Last Chance: Final win-back email + maximum discount
17073,Promising,17,4,1446.09,361.5225,108,30.333333333333332,0.243422269821167,0.0,Low,Nurture: Monthly newsletter + loyalty point updates
17074,Lost Customers,562,1,203.05,203.05,562,,,,Lapsed,[Lapsed] Last Chance: Final win-back email + maximum discount
17075,Champions,17,10,2241.73,224.173,725,78.11111111111111,0.41693371534347534,0.0,Medium,Early Alert: Personalised product recommendation based on past purchases
17076,At Risk,35,6,1242.75,207.125,735,139.2,0.4674360752105713,0.0,Medium,Re-engage: Best-seller showcase email + 15% discount
17077,Lost Customers,577,1,306.0,306.0,577,,,,Lapsed,[Lapsed] Last Chance: Final win-back email + maximum discount
17078,Promising,35,2,378.20000000000005,189.10000000000002,35,0.0,0.4745592474937439,0.0,Medium,Nudge: Reminder email + product recommendation + limited offer
17079,Lost Customers,77,1,118.80000000000001,118.80000000000001,77,,0.6170873045921326,1.0,High,Last Chance: Final win-back email + maximum discount
17080,Promising,21,7,957.53,136.79,525,83.5,0.49312230944633484,0.0,Medium,Nudge: Reminder email + product recommendation + limited offer
17081,Promising,24,6,964.39,160.73166666666665,654,125.2,0.4939916133880615,0.0,Medium,Nudge: Reminder email + product recommendation + limited offer
17082,Champions,32,6,4732.030000000001,788.6716666666667,724,137.8,0.3980381190776825,0.0,Medium,Early Alert: Personalised product recommendation based on past purchases
17083,At Risk,108,9,4049.79,449.9766666666667,668,69.5,0.38538822531700134,0.0,Medium,Re-engage: Best-seller showcase email + 15% discount
17084,At Risk,34,3,5202.97,1734.3233333333335,395,180.5,0.4590977430343628,0.0,Medium,Re-engage: Best-seller showcase email + 15% discount
17085,Champions,122,28,7891.41,281.8360714285714,733,22.14814814814815,0.360645055770874,0.0,Medium,Early Alert: Personalised product recommendation based on past purchases
17086,Promising,6,6,2050.08,341.68,63,11.0,0.18258774280548096,0.0,Low,Nurture: Monthly newsletter + loyalty point updates
17087,Lost Customers,737,1,221.53,221.53,737,,,,Lapsed,[Lapsed] Last Chance: Final win-back email + maximum discount
17088,Promising,27,4,1991.01,497.7525,253,74.66666666666667,0.3251873254776001,0.0,Low,Nurture: Monthly newsletter + loyalty point updates
17089,Lost Customers,385,1,128.45,128.45,385,,,,Lapsed,[Lapsed] Last Chance: Final win-back email + maximum discount
17090,Champions,3,13,3149.48,242.2676923076923,507,41.583333333333336,0.20121954381465912,0.0,Low,Retain: Enrol in VIP loyalty program + send thank-you offer
17091,Champions,2,19,7517.650000000001,395.66578947368424,722,39.611111111111114,0.19283631443977356,0.0,Low,Retain: Enrol in VIP loyalty program + send thank-you offer
17092,Champions,49,11,5594.96,508.63272727272727,674,62.3,0.32798102498054504,0.0,Low,Retain: Enrol in VIP loyalty program + send thank-you offer
17093,Lost Customers,592,1,235.88,235.88,592,,,,Lapsed,[Lapsed] Last Chance: Final win-back email + maximum discount
17094,Lost Customers,321,2,402.2,201.1,423,101.0,,,Lapsed,[Lapsed] Last Chance: Final win-back email + maximum discount
17095,Champions,22,7,2572.25,367.4642857142857,724,116.66666666666667,0.3952797055244446,0.0,Medium,Early Alert: Personalised product recommendation based on past purchases
17096,Champions,14,11,3759.18,341.74363636363637,554,53.5,0.29897505044937134,0.0,Low,Retain: Enrol in VIP loyalty program + send thank-you offer
17097,Champions,1,9,1165.73,129.52555555555557,429,53.25,0.2516084611415863,0.0,Low,Retain: Enrol in VIP loyalty program + send thank-you offer
17098,Lost Customers,381,3,591.07,197.02333333333334,540,79.5,,,Lapsed,[Lapsed] Last Chance: Final win-back email + maximum discount
17099,Lost Customers,532,1,582.17,582.17,532,,,,Lapsed,[Lapsed] Last Chance: Final win-back email + maximum discount
17100,Promising,17,2,971.74,485.87,17,0.0,0.46349310874938965,0.0,Medium,Nudge: Reminder email + product recommendation + limited offer
17101,Champions,9,7,2507.05,358.15000000000003,549,89.5,0.3276563584804535,0.0,Low,Retain: Enrol in VIP loyalty program + send thank-you offer
17102,Lost Customers,261,1,25.5,25.5,261,,,,Lapsed,[Lapsed] Last Chance: Final win-back email + maximum discount
17103,Lost Customers,721,1,424.3,424.3,721,,,,Lapsed,[Lapsed] Last Chance: Final win-back email + maximum discount
17104,Lost Customers,423,1,474.03000000000003,474.03000000000003,423,,,,Lapsed,[Lapsed] Last Chance: Final win-back email + maximum discount
17105,Lost Customers,158,2,665.78,332.89,305,147.0,,,Lapsed,[Lapsed] Last Chance: Final win-back email + maximum discount
17106,Lost Customers,388,1,491.23,491.23,388,,,,Lapsed,[Lapsed] Last Chance: Final win-back email + maximum discount
17107,Champions,32,10,16075.42,1607.542,676,71.0,0.24521788954734802,0.0,Low,Retain: Enrol in VIP loyalty program + send thank-you offer
17108,Lost Customers,663,1,174.95,174.95,663,,,,Lapsed,[Lapsed] Last Chance: Final win-back email + maximum discount
17109,At Risk,28,8,1295.46,161.9325,497,66.42857142857143,0.3119772672653198,0.0,Low,Monitor: Add to re-engagement campaign
17110,Lost Customers,164,3,510.7,170.23333333333332,609,222.0,,,Lapsed,[Lapsed] Last Chance: Final win-back email + maximum discount
17111,Promising,46,2,476.58000000000004,238.29000000000002,424,378.0,0.6525472402572632,1.0,High,Urgent Re-engage: 20% discount coupon + highlight new arrivals
17112,Lost Customers,502,1,205.17000000000002,205.17000000000002,502,,,,Lapsed,[Lapsed] Last Chance: Final win-back email + maximum discount
17113,At Risk,573,6,2322.59,387.09833333333336,697,24.2,,,Lapsed,[Lapsed] Recovery: Time-limited 30% win-back discount + feedback survey
17114,Promising,5,8,808.62,101.0775,334,46.57142857142857,0.2598452568054199,0.0,Low,Nurture: Monthly newsletter + loyalty point updates
17115,Champions,7,7,2761.49,394.4985714285714,734,120.66666666666667,0.4389316141605377,0.0,Medium,Early Alert: Personalised product recommendation based on past purchases
17116,Lost Customers,647,1,389.78,389.78,647,,,,Lapsed,[Lapsed] Last Chance: Final win-back email + maximum discount
17117,Lost Customers,287,1,116.2,116.2,287,,,,Lapsed,[Lapsed] Last Chance: Final win-back email + maximum discount
17118,Lost Customers,317,1,157.02,157.02,317,,,,Lapsed,[Lapsed] Last Chance: Final win-back email + maximum discount
17119,Promising,2,2,606.91,303.455,59,56.0,0.35649746656417847,0.0,Medium,Nudge: Reminder email + product recommendation + limited offer
17120,Lost Customers,232,1,307.46,307.46,232,,,,Lapsed,[Lapsed] Last Chance: Final win-back email + maximum discount
17121,Lost Customers,402,1,314.74,314.74,402,,,,Lapsed,[Lapsed] Last Chance: Final win-back email + maximum discount
17122,At Risk,118,4,570.5,142.625,499,126.33333333333333,0.6396222114562988,1.0,High,Recovery: Time-limited 30% win-back discount + feedback survey
17123,At Risk,161,3,977.1700000000001,325.72333333333336,572,205.0,,,Lapsed,[Lapsed] Recovery: Time-limited 30% win-back discount + feedback survey
17124,Lost Customers,184,1,298.89,298.89,184,,,,Lapsed,[Lapsed] Last Chance: Final win-back email + maximum discount
17125,Lost Customers,49,1,259.35,259.35,49,,0.5657462477684021,1.0,High,Last Chance: Final win-back email + maximum discount
17126,At Risk,151,9,2070.44,230.04888888888888,464,39.0,,,Lapsed,[Lapsed] Recovery: Time-limited 30% win-back discount + feedback survey
17127,At Risk,428,5,1155.0300000000002,231.00600000000003,734,76.0,,,Lapsed,[Lapsed] Recovery: Time-limited 30% win-back discount + feedback survey
17128,Lost Customers,334,1,157.09,157.09,334,,,,Lapsed,[Lapsed] Last Chance: Final win-back email + maximum discount
17129,Lost Customers,519,1,31.85,31.85,519,,,,Lapsed,[Lapsed] Last Chance: Final win-back email + maximum discount
17131,Promising,4,5,2463.17,492.634,75,17.25,0.17370596528053284,0.0,Low,Nurture: Monthly newsletter + loyalty point updates
17132,At Risk,451,2,1272.8,636.4,487,36.0,,,Lapsed,[Lapsed] Recovery: Time-limited 30% win-back discount + feedback survey
17133,Champions,15,12,14622.33,1218.5275,628,55.18181818181818,0.25312182307243347,0.0,Low,Retain: Enrol in VIP loyalty program + send thank-you offer
17134,At Risk,106,3,637.1,212.36666666666667,441,167.0,0.5745803713798523,1.0,High,Recovery: Time-limited 30% win-back discount + feedback survey
17135,Champions,15,10,1738.58,173.858,578,62.111111111111114,0.3304985761642456,0.0,Low,Retain: Enrol in VIP loyalty program + send thank-you offer
17136,Lost Customers,661,1,231.68,231.68,661,,,,Lapsed,[Lapsed] Last Chance: Final win-back email + maximum discount
17137,At Risk,415,6,1133.63,188.93833333333336,677,51.8,,,Lapsed,[Lapsed] Recovery: Time-limited 30% win-back discount + feedback survey
17138,At Risk,275,7,4417.27,631.0385714285715,672,65.66666666666667,,,Lapsed,[Lapsed] Recovery: Time-limited 30% win-back discount + feedback survey
17139,Champions,15,25,19584.46,783.3783999999999,697,28.083333333333332,0.14226925373077393,0.0,Low,Retain: Enrol in VIP loyalty program + send thank-you offer
17140,Lost Customers,246,1,465.32,465.32,246,,,,Lapsed,[Lapsed] Last Chance: Final win-back email + maximum discount
17141,At Risk,417,4,754.33,188.5825,683,88.66666666666667,,,Lapsed,[Lapsed] Recovery: Time-limited 30% win-back discount + feedback survey
17142,At Risk,238,4,1283.75,320.9375,683,148.0,,,Lapsed,[Lapsed] Recovery: Time-limited 30% win-back discount + feedback survey
17143,Lost Customers,416,2,924.11,462.055,514,98.0,,,Lapsed,[Lapsed] Last Chance: Final win-back email + maximum discount
17144,Promising,0,2,984.5699999999999,492.28499999999997,84,83.0,0.394097238779068,0.0,Medium,Nudge: Reminder email + product recommendation + limited offer
17145,At Risk,512,4,3120.91,780.2275,658,48.333333333333336,,,Lapsed,[Lapsed] Recovery: Time-limited 30% win-back discount + feedback survey
17146,Champions,105,13,5860.24,450.7876923076923,675,46.916666666666664,0.4011477828025818,0.0,Medium,Early Alert: Personalised product recommendation based on past purchases
17147,Champions,22,9,3199.95,355.54999999999995,697,83.875,0.34110432863235474,0.0,Low,Retain: Enrol in VIP loyalty program + send thank-you offer
17148,Lost Customers,51,1,124.88,124.88,51,,0.6251434087753296,1.0,High,Last Chance: Final win-back email + maximum discount
17149,Lost Customers,450,1,143.10000000000002,143.10000000000002,450,,,,Lapsed,[Lapsed] Last Chance: Final win-back email + maximum discount
17150,At Risk,376,6,1375.65,229.275,733,70.8,,,Lapsed,[Lapsed] Recovery: Time-limited 30% win-back discount + feedback survey
17151,Lost Customers,734,1,231.90000000000003,231.90000000000003,734,,,,Lapsed,[Lapsed] Last Chance: Final win-back email + maximum discount
17152,At Risk,194,4,2016.5,504.125,425,76.66666666666667,,,Lapsed,[Lapsed] Recovery: Time-limited 30% win-back discount + feedback survey
17153,Promising,23,1,213.78,213.78,23,,0.5495615601539612,1.0,Medium,Nudge: Reminder email + product recommendation + limited offer
17154,Lost Customers,74,1,329.34,329.34,74,,0.5683245658874512,1.0,High,Last Chance: Final win-back email + maximum discount
17155,Promising,17,7,892.46,127.49428571428572,736,119.5,0.5248265862464905,1.0,Medium,Nudge: Reminder email + product recommendation + limited offer
17156,Lost Customers,491,1,591.87,591.87,491,,,,Lapsed,[Lapsed] Last Chance: Final win-back email + maximum discount
17157,Champions,7,19,5151.9,271.15263157894736,734,40.0,0.4302177131175995,0.0,Medium,Early Alert: Personalised product recommendation based on past purchases
17158,At Risk,31,5,1980.0,396.0,641,152.0,0.4481807351112366,0.0,Medium,Re-engage: Best-seller showcase email + 15% discount
17159,Promising,21,5,2099.59,419.918,644,155.25,0.4193054437637329,0.0,Medium,Nudge: Reminder email + product recommendation + limited offer
17160,Champions,30,17,10209.16,600.5388235294117,735,43.5,0.2041287124156952,0.0,Low,Retain: Enrol in VIP loyalty program + send thank-you offer
17161,Lost Customers,443,1,856.01,856.01,443,,,,Lapsed,[Lapsed] Last Chance: Final win-back email + maximum discount
17162,Champions,28,10,1715.46,171.546,305,30.444444444444443,0.1837911754846573,0.0,Low,Retain: Enrol in VIP loyalty program + send thank-you offer
17163,Promising,21,4,699.78,174.945,675,217.33333333333334,0.5502563118934631,1.0,High,Urgent Re-engage: 20% discount coupon + highlight new arrivals
17164,At Risk,32,7,2467.35,352.4785714285714,272,39.666666666666664,0.18599532544612885,0.0,Low,Monitor: Add to re-engagement campaign
17165,At Risk,283,6,1794.3200000000002,299.05333333333334,728,88.4,,,Lapsed,[Lapsed] Recovery: Time-limited 30% win-back discount + feedback survey
17166,Promising,38,2,206.34,103.17,203,165.0,0.5781566500663757,1.0,High,Urgent Re-engage: 20% discount coupon + highlight new arrivals
17167,At Risk,379,3,867.11,289.0366666666667,444,32.0,,,Lapsed,[Lapsed] Recovery: Time-limited 30% win-back discount + feedback survey
17168,Lost Customers,498,1,400.2,400.2,498,,,,Lapsed,[Lapsed] Last Chance: Final win-back email + maximum discount
17169,Promising,57,3,1156.73,385.57666666666665,577,260.0,0.5996490716934204,1.0,High,Urgent Re-engage: 20% discount coupon + highlight new arrivals
17170,Lost Customers,373,2,178.68,89.34,388,14.0,,,Lapsed,[Lapsed] Last Chance: Final win-back email + maximum discount
17171,Lost Customers,288,2,384.59000000000003,192.29500000000002,661,372.0,,,Lapsed,[Lapsed] Last Chance: Final win-back email + maximum discount
17172,At Risk,78,3,956.5699999999999,318.8566666666666,726,323.5,0.6745148301124573,1.0,High,Recovery: Time-limited 30% win-back discount + feedback survey
17173,Champions,4,8,3766.6000000000004,470.82500000000005,130,17.714285714285715,0.14003151655197144,0.0,Low,Retain: Enrol in VIP loyalty program + send thank-you offer
17174,Lost Customers,217,1,59.9,59.9,217,,,,Lapsed,[Lapsed] Last Chance: Final win-back email + maximum discount
17175,At Risk,43,4,1443.69,360.9225,295,83.33333333333333,0.3591351807117462,0.0,Medium,Re-engage: Best-seller showcase email + 15% discount
17176,At Risk,201,3,902.3199999999999,300.7733333333333,676,237.5,,,Lapsed,[Lapsed] Recovery: Time-limited 30% win-back discount + feedback survey
17177,Lost Customers,504,1,119.5,119.5,504,,,,Lapsed,[Lapsed] Last Chance: Final win-back email + maximum discount
17178,Lost Customers,730,1,436.71000000000004,436.71000000000004,730,,,,Lapsed,[Lapsed] Last Chance: Final win-back email + maximum discount
17179,At Risk,177,6,1507.26,251.21,562,76.4,,,Lapsed,[Lapsed] Recovery: Time-limited 30% win-back discount + feedback survey
17180,At Risk,55,11,2256.98,205.18,686,62.5,0.3940567076206207,0.0,Medium,Re-engage: Best-seller showcase email + 15% discount
17181,Promising,56,3,309.85,103.28333333333335,595,269.0,0.6045066714286804,1.0,High,Urgent Re-engage: 20% discount coupon + highlight new arrivals
17182,Lost Customers,422,2,321.3,160.65,717,295.0,,,Lapsed,[Lapsed] Last Chance: Final win-back email + maximum discount
17183,Champions,7,6,3347.31,557.885,104,19.0,0.16814017295837402,0.0,Low,Retain: Enrol in VIP loyalty program + send thank-you offer
17184,Lost Customers,568,2,198.41000000000003,99.20500000000001,729,161.0,,,Lapsed,[Lapsed] Last Chance: Final win-back email + maximum discount
17185,Lost Customers,591,3,229.46,76.48666666666666,597,3.0,,,Lapsed,[Lapsed] Last Chance: Final win-back email + maximum discount
17186,Promising,46,2,144.0,72.0,59,13.0,0.5408365726470947,1.0,Medium,Nudge: Reminder email + product recommendation + limited offer
17187,Lost Customers,226,2,467.71,233.855,525,299.0,,,Lapsed,[Lapsed] Last Chance: Final win-back email + maximum discount
17188,Champions,10,13,4592.93,353.3023076923077,730,59.583333333333336,0.26455703377723694,0.0,Low,Retain: Enrol in VIP loyalty program + send thank-you offer
17189,At Risk,105,5,957.63,191.526,737,157.5,0.5848154425621033,1.0,High,Recovery: Time-limited 30% win-back discount + feedback survey
17190,At Risk,58,7,1743.04,249.00571428571428,643,97.33333333333333,0.465207040309906,0.0,Medium,Re-engage: Best-seller showcase email + 15% discount
17191,Champions,27,15,4325.94,288.39599999999996,737,50.285714285714285,0.28281792998313904,0.0,Low,Retain: Enrol in VIP loyalty program + send thank-you offer
17192,Lost Customers,535,1,77.83,77.83,535,,,,Lapsed,[Lapsed] Last Chance: Final win-back email + maximum discount
17193,At Risk,35,9,2310.04,256.6711111111111,737,87.5,0.27741238474845886,0.0,Low,Monitor: Add to re-engagement campaign
17194,At Risk,273,3,812.5,270.8333333333333,529,127.5,,,Lapsed,[Lapsed] Recovery: Time-limited 30% win-back discount + feedback survey
17195,Lost Customers,654,1,562.98,562.98,654,,,,Lapsed,[Lapsed] Last Chance: Final win-back email + maximum discount
17196,Lost Customers,427,1,352.9,352.9,427,,,,Lapsed,[Lapsed] Last Chance: Final win-back email + maximum discount
17197,Promising,29,1,1013.01,1013.01,29,,0.5116247534751892,1.0,Medium,Nudge: Reminder email + product recommendation + limited offer
17198,Promising,23,3,692.22,230.74,370,173.0,0.5599254965782166,1.0,High,Urgent Re-engage: 20% discount coupon + highlight new arrivals
17199,Lost Customers,581,1,145.12,145.12,581,,,,Lapsed,[Lapsed] Last Chance: Final win-back email + maximum discount
17200,Lost Customers,386,4,356.71,89.1775,651,88.0,,,Lapsed,[Lapsed] Last Chance: Final win-back email + maximum discount
17201,At Risk,53,4,1242.04,310.51,667,204.0,0.6163779497146606,1.0,High,Recovery: Time-limited 30% win-back discount + feedback survey
17202,Lost Customers,420,1,160.65,160.65,420,,,,Lapsed,[Lapsed] Last Chance: Final win-back email + maximum discount
17203,Champions,35,10,5575.88,557.588,387,39.0,0.1773858666419983,0.0,Low,Retain: Enrol in VIP loyalty program + send thank-you offer
17204,At Risk,174,9,5504.6900000000005,611.6322222222223,547,46.125,,,Lapsed,[Lapsed] Recovery: Time-limited 30% win-back discount + feedback survey
17205,Promising,53,3,999.3499999999999,333.1166666666666,563,255.0,0.6167997121810913,1.0,High,Urgent Re-engage: 20% discount coupon + highlight new arrivals
17206,Lost Customers,52,1,204.24,204.24,52,,0.5737903714179993,1.0,High,Last Chance: Final win-back email + maximum discount
17207,Lost Customers,651,1,303.21999999999997,303.21999999999997,651,,,,Lapsed,[Lapsed] Last Chance: Final win-back email + maximum discount
17208,Lost Customers,395,1,115.35,115.35,395,,,,Lapsed,[Lapsed] Last Chance: Final win-back email + maximum discount
17209,Lost Customers,648,3,611.6,203.86666666666667,736,43.5,,,Lapsed,[Lapsed] Last Chance: Final win-back email + maximum discount
17210,Lost Customers,392,1,253.37,253.37,392,,,,Lapsed,[Lapsed] Last Chance: Final win-back email + maximum discount
17211,Champions,26,13,3773.35,290.2576923076923,725,57.833333333333336,0.25006309151649475,0.0,Low,Retain: Enrol in VIP loyalty program + send thank-you offer
17212,At Risk,252,3,794.41,264.80333333333334,486,116.5,,,Lapsed,[Lapsed] Recovery: Time-limited 30% win-back discount + feedback survey
17213,Champions,39,13,4869.400000000001,374.5692307692308,724,56.583333333333336,0.2509649991989136,0.0,Low,Retain: Enrol in VIP loyalty program + send thank-you offer
17214,At Risk,59,6,1069.1200000000001,178.1866666666667,358,59.2,0.33666935563087463,0.0,Low,Monitor: Add to re-engagement campaign
17215,Lost Customers,463,1,186.15,186.15,463,,,,Lapsed,[Lapsed] Last Chance: Final win-back email + maximum discount
17216,Lost Customers,553,1,65.05,65.05,553,,,,Lapsed,[Lapsed] Last Chance: Final win-back email + maximum discount
17217,Lost Customers,233,2,218.0,109.0,618,385.0,,,Lapsed,[Lapsed] Last Chance: Final win-back email + maximum discount
17218,Champions,3,18,3900.14,216.67444444444445,682,39.470588235294116,0.1759621798992157,0.0,Low,Retain: Enrol in VIP loyalty program + send thank-you offer
17219,Promising,31,2,259.13,129.565,416,384.0,0.581534206867218,1.0,High,Urgent Re-engage: 20% discount coupon + highlight new arrivals
17220,Champions,23,21,4481.75,213.41666666666666,688,32.9,0.157263845205307,0.0,Low,Retain: Enrol in VIP loyalty program + send thank-you offer
17221,Promising,6,5,978.52,195.704,606,149.5,0.5024521946907043,1.0,Medium,Nudge: Reminder email + product recommendation + limited offer
17222,At Risk,64,6,1605.01,267.50166666666667,697,126.4,0.5474345088005066,1.0,Medium,Re-engage: Best-seller showcase email + 15% discount
17223,Lost Customers,309,3,580.69,193.56333333333336,374,32.0,,,Lapsed,[Lapsed] Last Chance: Final win-back email + maximum discount
17224,Lost Customers,500,1,100.86000000000001,100.86000000000001,500,,,,Lapsed,[Lapsed] Last Chance: Final win-back email + maximum discount
17225,Lost Customers,581,1,131.15,131.15,581,,,,Lapsed,[Lapsed] Last Chance: Final win-back email + maximum discount
17226,At Risk,308,3,900.12,300.04,664,178.0,,,Lapsed,[Lapsed] Recovery: Time-limited 30% win-back discount + feedback survey
17227,Champions,18,12,1879.78,156.64833333333334,692,60.81818181818182,0.347552627325058,0.0,Low,Retain: Enrol in VIP loyalty program + send thank-you offer
17228,Champions,15,13,2821.29,217.0223076923077,637,51.333333333333336,0.30282503366470337,0.0,Low,Retain: Enrol in VIP loyalty program + send thank-you offer
17229,Lost Customers,95,2,318.76,159.38,142,46.0,0.4483676850795746,0.0,Medium,Re-activation: Welcome-back campaign + highlight what's new
17230,Champions,263,18,9924.95,551.3861111111112,730,27.176470588235293,,,Lapsed,[Lapsed] VIP Win-Back: Personal call + exclusive loyalty reward + free shipping
17231,Champions,11,25,7197.04,287.8816,731,29.5,0.15926870703697205,0.0,Low,Retain: Enrol in VIP loyalty program + send thank-you offer
17232,Promising,2,2,421.52,210.76,14,11.0,0.43371227383613586,0.0,Medium,Nudge: Reminder email + product recommendation + limited offer
17233,Promising,34,3,560.86,186.95333333333335,724,344.5,0.6264878511428833,1.0,High,Urgent Re-engage: 20% discount coupon + highlight new arrivals
17234,Lost Customers,182,1,149.89,149.89,182,,,,Lapsed,[Lapsed] Last Chance: Final win-back email + maximum discount
17235,At Risk,24,8,1562.98,195.3725,552,75.0,0.5187459588050842,1.0,Medium,Re-engage: Best-seller showcase email + 15% discount
17236,Champions,12,12,1929.26,160.77166666666668,641,56.81818181818182,0.3065952658653259,0.0,Low,Retain: Enrol in VIP loyalty program + send thank-you offer
17237,Promising,10,4,1002.08,250.52,381,123.33333333333333,0.48629701137542725,0.0,Medium,Nudge: Reminder email + product recommendation + limited offer
17238,Champions,2,32,7413.01,231.6565625,738,23.322580645161292,0.1407230645418167,0.0,Low,Retain: Enrol in VIP loyalty program + send thank-you offer
17239,At Risk,312,4,1189.45,297.3625,526,71.0,,,Lapsed,[Lapsed] Recovery: Time-limited 30% win-back discount + feedback survey
17240,Lost Customers,595,1,130.60000000000002,130.60000000000002,595,,,,Lapsed,[Lapsed] Last Chance: Final win-back email + maximum discount
17241,At Risk,384,12,2744.1400000000003,228.67833333333337,661,24.636363636363637,,,Lapsed,[Lapsed] Recovery: Time-limited 30% win-back discount + feedback survey
17242,At Risk,107,5,2889.2799999999997,577.856,684,143.75,0.48979389667510986,0.0,Medium,Re-engage: Best-seller showcase email + 15% discount
17243,Champions,0,69,20632.96,299.0284057971014,737,10.382352941176471,0.135163813829422,0.0,Low,Retain: Enrol in VIP loyalty program + send thank-you offer
17244,At Risk,52,5,1826.04,365.20799999999997,733,170.0,0.5018163919448853,1.0,Medium,Re-engage: Best-seller showcase email + 15% discount
17245,Lost Customers,204,2,371.63,185.815,688,484.0,,,Lapsed,[Lapsed] Last Chance: Final win-back email + maximum discount
17246,Lost Customers,546,2,38.92,19.46,737,191.0,,,Lapsed,[Lapsed] Last Chance: Final win-back email + maximum discount
17247,Promising,14,1,282.19,282.19,14,,0.5276944041252136,1.0,Medium,Nudge: Reminder email + product recommendation + limited offer
17248,Lost Customers,119,2,546.16,273.08,481,361.0,0.6678852438926697,1.0,High,Last Chance: Final win-back email + maximum discount
17249,Lost Customers,428,1,68.03,68.03,428,,,,Lapsed,[Lapsed] Last Chance: Final win-back email + maximum discount
17250,Promising,3,2,384.52,192.26,260,257.0,0.6197066903114319,1.0,High,Urgent Re-engage: 20% discount coupon + highlight new arrivals
17251,At Risk,362,3,812.4300000000001,270.81,724,181.0,,,Lapsed,[Lapsed] Recovery: Time-limited 30% win-back discount + feedback survey
17252,Lost Customers,116,2,353.85999999999996,176.92999999999998,185,69.0,0.46862107515335083,0.0,Medium,Re-activation: Welcome-back campaign + highlight what's new
17253,Promising,17,1,178.26,178.26,17,,0.5517621040344238,1.0,High,Urgent Re-engage: 20% discount coupon + highlight new arrivals
17254,Promising,4,3,470.73,156.91,400,198.0,0.5224390029907227,1.0,Medium,Nudge: Reminder email + product recommendation + limited offer
17255,Promising,40,4,799.1299999999999,199.78249999999997,445,134.66666666666666,0.5330500602722168,1.0,Medium,Nudge: Reminder email + product recommendation + limited offer
17256,At Risk,106,5,498.93,99.786,599,122.75,0.5683193802833557,1.0,High,Recovery: Time-limited 30% win-back discount + feedback survey
17257,Lost Customers,435,2,192.73000000000002,96.36500000000001,436,0.0,,,Lapsed,[Lapsed] Last Chance: Final win-back email + maximum discount
17258,Lost Customers,396,2,417.30000000000007,208.65000000000003,664,268.0,,,Lapsed,[Lapsed] Last Chance: Final win-back email + maximum discount
17259,At Risk,147,6,1507.7,251.28333333333333,654,101.0,,,Lapsed,[Lapsed] Recovery: Time-limited 30% win-back discount + feedback survey
17260,Lost Customers,410,1,120.95,120.95,410,,,,Lapsed,[Lapsed] Last Chance: Final win-back email + maximum discount
17261,Lost Customers,509,1,230.44,230.44,509,,,,Lapsed,[Lapsed] Last Chance: Final win-back email + maximum discount
17262,At Risk,51,11,2488.76,226.25090909090912,724,66.9,0.3621055483818054,0.0,Medium,Re-engage: Best-seller showcase email + 15% discount
17263,Lost Customers,207,1,63.440000000000005,63.440000000000005,207,,,,Lapsed,[Lapsed] Last Chance: Final win-back email + maximum discount
17264,Lost Customers,423,1,279.59,279.59,423,,,,Lapsed,[Lapsed] Last Chance: Final win-back email + maximum discount
17265,Lost Customers,138,2,562.9000000000001,281.45000000000005,180,41.0,,,Lapsed,[Lapsed] Last Chance: Final win-back email + maximum discount
17266,Promising,1,5,517.73,103.546,640,159.0,0.5337501764297485,1.0,Medium,Nudge: Reminder email + product recommendation + limited offer
17267,Lost Customers,126,2,317.62,158.81,126,0.0,0.5155918598175049,1.0,Medium,Re-activation: Welcome-back campaign + highlight what's new
17268,At Risk,107,11,1733.8899999999999,157.62636363636364,731,62.1,0.4195629060268402,0.0,Medium,Re-engage: Best-seller showcase email + 15% discount
17269,Lost Customers,385,1,537.46,537.46,385,,,,Lapsed,[Lapsed] Last Chance: Final win-back email + maximum discount
17270,Lost Customers,468,2,604.4,302.2,731,262.0,,,Lapsed,[Lapsed] Last Chance: Final win-back email + maximum discount
17271,Lost Customers,735,1,210.39,210.39,735,,,,Lapsed,[Lapsed] Last Chance: Final win-back email + maximum discount
17272,At Risk,41,4,2148.63,537.1575,262,73.33333333333333,0.3262068033218384,0.0,Low,Monitor: Add to re-engagement campaign
17273,Lost Customers,423,1,141.12,141.12,423,,,,Lapsed,[Lapsed] Last Chance: Final win-back email + maximum discount
17274,Promising,34,2,577.38,288.69,395,360.0,0.5796892046928406,1.0,High,Urgent Re-engage: 20% discount coupon + highlight new arrivals
17275,Lost Customers,382,1,114.52,114.52,382,,,,Lapsed,[Lapsed] Last Chance: Final win-back email + maximum discount
17276,Lost Customers,401,1,508.39,508.39,401,,,,Lapsed,[Lapsed] Last Chance: Final win-back email + maximum discount
17277,At Risk,227,2,1065.35,532.675,322,95.0,,,Lapsed,[Lapsed] Recovery: Time-limited 30% win-back discount + feedback survey
17278,Lost Customers,240,2,271.24,135.62,564,323.0,,,Lapsed,[Lapsed] Last Chance: Final win-back email + maximum discount
17279,Lost Customers,57,1,187.82999999999998,187.82999999999998,57,,0.5818828344345093,1.0,High,Last Chance: Final win-back email + maximum discount
17280,Lost Customers,437,1,118.86,118.86,437,,,,Lapsed,[Lapsed] Last Chance: Final win-back email + maximum discount
17281,At Risk,373,6,797.85,132.975,672,59.2,,,Lapsed,[Lapsed] Recovery: Time-limited 30% win-back discount + feedback survey
17282,At Risk,129,5,2339.66,467.93199999999996,548,104.0,0.4126063883304596,0.0,Medium,Re-engage: Best-seller showcase email + 15% discount
17283,Lost Customers,378,1,188.46,188.46,378,,,,Lapsed,[Lapsed] Last Chance: Final win-back email + maximum discount
17284,At Risk,59,8,2793.16,349.145,444,54.57142857142857,0.2932576537132263,0.0,Low,Monitor: Add to re-engagement campaign
17285,Lost Customers,627,2,428.34000000000003,214.17000000000002,662,34.0,,,Lapsed,[Lapsed] Last Chance: Final win-back email + maximum discount
17286,Promising,21,3,395.48,131.82666666666668,399,189.0,0.5495967864990234,1.0,Medium,Nudge: Reminder email + product recommendation + limited offer
17287,Champions,25,21,3889.2599999999998,185.20285714285714,736,35.1,0.2664027214050293,0.0,Low,Retain: Enrol in VIP loyalty program + send thank-you offer
17288,Champions,8,11,2499.98,227.2709090909091,393,38.0,0.22085081040859222,0.0,Low,Retain: Enrol in VIP loyalty program + send thank-you offer
17289,Champions,31,9,2079.39,231.04333333333332,640,75.625,0.37141063809394836,0.0,Medium,Early Alert: Personalised product recommendation based on past purchases
17290,Champions,3,8,1501.44,187.68,725,102.71428571428571,0.4089261591434479,0.0,Medium,Early Alert: Personalised product recommendation based on past purchases
17291,Lost Customers,307,1,550.8000000000001,550.8000000000001,307,,,,Lapsed,[Lapsed] Last Chance: Final win-back email + maximum discount
17292,Lost Customers,471,2,271.75,135.875,578,107.0,,,Lapsed,[Lapsed] Last Chance: Final win-back email + maximum discount
17293,Champions,7,17,3774.23,222.0135294117647,735,45.0,0.2066059112548828,0.0,Low,Retain: Enrol in VIP loyalty program + send thank-you offer
17294,Lost Customers,668,2,467.79,233.895,668,0.0,,,Lapsed,[Lapsed] Last Chance: Final win-back email + maximum discount
17295,Promising,28,3,556.95,185.65,64,17.5,0.3679422438144684,0.0,Medium,Nudge: Reminder email + product recommendation + limited offer
17296,Lost Customers,729,1,338.13,338.13,729,,,,Lapsed,[Lapsed] Last Chance: Final win-back email + maximum discount
17297,Promising,16,1,131.78,131.78,16,,0.5936691761016846,1.0,High,Urgent Re-engage: 20% discount coupon + highlight new arrivals
17298,At Risk,100,5,957.56,191.512,641,134.75,0.4872678220272064,0.0,Medium,Re-engage: Best-seller showcase email + 15% discount
17299,Promising,11,6,1016.0799999999999,169.34666666666666,480,93.2,0.40816712379455566,0.0,Medium,Nudge: Reminder email + product recommendation + limited offer
17300,Lost Customers,390,2,393.64,196.82,481,90.0,,,Lapsed,[Lapsed] Last Chance: Final win-back email + maximum discount
17301,Promising,20,2,330.43,165.215,623,603.0,0.6022194027900696,1.0,High,Urgent Re-engage: 20% discount coupon + highlight new arrivals
17302,Promising,14,5,1135.63,227.12600000000003,305,72.25,0.3409292995929718,0.0,Low,Nurture: Monthly newsletter + loyalty point updates
17303,Lost Customers,360,1,250.04,250.04,360,,,,Lapsed,[Lapsed] Last Chance: Final win-back email + maximum discount
17304,Lost Customers,533,1,111.5,111.5,533,,,,Lapsed,[Lapsed] Last Chance: Final win-back email + maximum discount
17305,Lost Customers,648,1,2135.46,2135.46,648,,,,Lapsed,[Lapsed] Last Chance: Final win-back email + maximum discount
17306,Champions,10,21,9782.35,465.8261904761905,403,19.25,0.13861103355884552,0.0,Low,Retain: Enrol in VIP loyalty program + send thank-you offer
17307,At Risk,394,11,3999.8900000000003,363.6263636363637,688,29.0,,,Lapsed,[Lapsed] Recovery: Time-limited 30% win-back discount + feedback survey
17308,At Risk,392,2,4511.76,2255.88,452,59.0,,,Lapsed,[Lapsed] Recovery: Time-limited 30% win-back discount + feedback survey
17309,Lost Customers,94,3,330.59000000000003,110.19666666666667,672,288.5,0.6287238597869873,1.0,High,Last Chance: Final win-back email + maximum discount
17310,Lost Customers,386,2,1025.1,512.55,534,147.0,,,Lapsed,[Lapsed] Last Chance: Final win-back email + maximum discount
17311,At Risk,77,6,3566.56,594.4266666666666,674,118.6,0.452499121427536,0.0,Medium,Re-engage: Best-seller showcase email + 15% discount
17312,At Risk,138,3,644.3,214.76666666666665,158,10.0,,,Lapsed,[Lapsed] Recovery: Time-limited 30% win-back discount + feedback survey
17313,Promising,30,1,2328.84,2328.84,30,,0.48403123021125793,0.0,Medium,Nudge: Reminder email + product recommendation + limited offer
17314,Champions,24,17,4904.43,288.4958823529412,736,44.0,0.186470627784729,0.0,Low,Retain: Enrol in VIP loyalty program + send thank-you offer
17315,Champions,1,43,9650.6,224.4325581395349,438,9.928571428571429,0.135163813829422,0.0,Low,Retain: Enrol in VIP loyalty program + send thank-you offer
17316,Lost Customers,419,1,124.45,124.45,419,,,,Lapsed,[Lapsed] Last Chance: Final win-back email + maximum discount
17317,At Risk,45,3,2600.34,866.7800000000001,89,21.0,0.27806052565574646,0.0,Low,Monitor: Add to re-engagement campaign
17318,Lost Customers,724,1,164.28,164.28,724,,,,Lapsed,[Lapsed] Last Chance: Final win-back email + maximum discount
17319,Lost Customers,668,1,29.099999999999998,29.099999999999998,668,,,,Lapsed,[Lapsed] Last Chance: Final win-back email + maximum discount
17320,At Risk,99,6,2444.85,407.47499999999997,686,116.6,0.4790269434452057,0.0,Medium,Re-engage: Best-seller showcase email + 15% discount
17321,Promising,7,6,1741.18,290.19666666666666,577,113.4,0.4293179214000702,0.0,Medium,Nudge: Reminder email + product recommendation + limited offer
17322,At Risk,375,5,922.59,184.518,736,89.75,,,Lapsed,[Lapsed] Recovery: Time-limited 30% win-back discount + feedback survey
17323,Champions,14,12,1565.59,130.46583333333334,698,61.72727272727273,0.3308050334453583,0.0,Low,Retain: Enrol in VIP loyalty program + send thank-you offer
17324,Champions,17,12,2174.82,181.235,720,63.54545454545455,0.335493803024292,0.0,Low,Retain: Enrol in VIP loyalty program + send thank-you offer
17325,Lost Customers,279,3,609.5699999999999,203.18999999999997,641,180.0,,,Lapsed,[Lapsed] Last Chance: Final win-back email + maximum discount
17326,Lost Customers,407,2,321.95,160.975,528,121.0,,,Lapsed,[Lapsed] Last Chance: Final win-back email + maximum discount
17327,Lost Customers,409,2,152.35,76.175,562,152.0,,,Lapsed,[Lapsed] Last Chance: Final win-back email + maximum discount
17328,Lost Customers,672,1,104.7,104.7,672,,,,Lapsed,[Lapsed] Last Chance: Final win-back email + maximum discount
17329,Promising,13,5,1004.4300000000001,200.88600000000002,735,180.0,0.4754672646522522,0.0,Medium,Nudge: Reminder email + product recommendation + limited offer
17330,Promising,22,4,423.79999999999995,105.94999999999999,647,207.66666666666666,0.5453448295593262,1.0,Medium,Nudge: Reminder email + product recommendation + limited offer
17331,Lost Customers,123,1,175.2,175.2,123,,0.5874031186103821,1.0,High,Last Chance: Final win-back email + maximum discount
17332,At Risk,527,5,838.27,167.654,655,31.5,,,Lapsed,[Lapsed] Recovery: Time-limited 30% win-back discount + feedback survey
17333,Lost Customers,85,1,494.25,494.25,85,,0.5534994006156921,1.0,High,Last Chance: Final win-back email + maximum discount
17334,Lost Customers,301,3,635.1500000000001,211.7166666666667,406,51.5,,,Lapsed,[Lapsed] Last Chance: Final win-back email + maximum discount
17335,Lost Customers,383,2,508.0,254.0,684,300.0,,,Lapsed,[Lapsed] Last Chance: Final win-back email + maximum discount
17336,Lost Customers,471,1,81.12,81.12,471,,,,Lapsed,[Lapsed] Last Chance: Final win-back email + maximum discount
17337,At Risk,150,4,2027.8700000000001,506.96750000000003,309,52.333333333333336,,,Lapsed,[Lapsed] Recovery: Time-limited 30% win-back discount + feedback survey
17338,Champions,16,17,12142.57,714.2688235294117,638,38.4375,0.19844327867031097,0.0,Low,Retain: Enrol in VIP loyalty program + send thank-you offer
17339,Lost Customers,93,3,302.36,100.78666666666668,508,207.0,0.6243970990180969,1.0,High,Last Chance: Final win-back email + maximum discount
17340,Champions,29,18,19733.55,1096.3083333333334,662,36.88235294117647,0.15360485017299652,0.0,Low,Retain: Enrol in VIP loyalty program + send thank-you offer
17341,At Risk,156,5,1376.23,275.246,539,95.5,,,Lapsed,[Lapsed] Recovery: Time-limited 30% win-back discount + feedback survey
17342,At Risk,379,4,1227.54,306.885,669,96.0,,,Lapsed,[Lapsed] Recovery: Time-limited 30% win-back discount + feedback survey
17343,At Risk,354,6,1259.94,209.99,735,75.8,,,Lapsed,[Lapsed] Recovery: Time-limited 30% win-back discount + feedback survey
17344,Promising,45,2,468.11,234.055,728,682.0,0.6100137829780579,1.0,High,Urgent Re-engage: 20% discount coupon + highlight new arrivals
17345,Champions,14,10,1604.68,160.46800000000002,737,80.11111111111111,0.41212862730026245,0.0,Medium,Early Alert: Personalised product recommendation based on past purchases
17346,Champions,3,26,5176.39,199.09192307692308,600,23.44,0.14300549030303955,0.0,Low,Retain: Enrol in VIP loyalty program + send thank-you offer
17347,Lost Customers,85,1,228.96,228.96,85,,0.587601900100708,1.0,High,Last Chance: Final win-back email + maximum discount
17348,Champions,14,9,2476.41,275.15666666666664,639,77.75,0.3294629752635956,0.0,Low,Retain: Enrol in VIP loyalty program + send thank-you offer
17349,At Risk,178,5,852.25,170.45,630,112.25,,,Lapsed,[Lapsed] Recovery: Time-limited 30% win-back discount + feedback survey
17350,Champions,7,7,1906.0410000000002,272.29157142857144,675,110.83333333333333,0.37772634625434875,0.0,Medium,Early Alert: Personalised product recommendation based on past purchases
17351,Champions,35,12,1988.23,165.68583333333333,728,62.54545454545455,0.35199761390686035,0.0,Medium,Early Alert: Personalised product recommendation based on past purchases
17352,Lost Customers,695,1,36.25,36.25,695,,,,Lapsed,[Lapsed] Last Chance: Final win-back email + maximum discount
17353,At Risk,128,4,3242.0,810.5,623,164.66666666666666,0.43546491861343384,0.0,Medium,Re-engage: Best-seller showcase email + 15% discount
17354,At Risk,50,4,3143.46,785.865,427,125.66666666666667,0.44081443548202515,0.0,Medium,Re-engage: Best-seller showcase email + 15% discount
17355,Lost Customers,385,1,285.11,285.11,385,,,,Lapsed,[Lapsed] Last Chance: Final win-back email + maximum discount
17356,At Risk,311,5,946.47,189.294,688,93.75,,,Lapsed,[Lapsed] Recovery: Time-limited 30% win-back discount + feedback survey
17357,Promising,23,2,388.14,194.07,23,0.0,0.4422096014022827,0.0,Medium,Nudge: Reminder email + product recommendation + limited offer
17358,At Risk,302,5,866.05,173.20999999999998,652,87.25,,,Lapsed,[Lapsed] Recovery: Time-limited 30% win-back discount + feedback survey
17359,Promising,10,2,284.46,142.23,647,636.0,0.5952858924865723,1.0,High,Urgent Re-engage: 20% discount coupon + highlight new arrivals
17360,Promising,16,6,1231.3799999999999,205.23,434,83.0,0.4101320207118988,0.0,Medium,Nudge: Reminder email + product recommendation + limited offer
17361,At Risk,48,5,880.64,176.128,675,156.5,0.5070388317108154,1.0,Medium,Re-engage: Best-seller showcase email + 15% discount
17362,At Risk,238,7,1024.04,146.29142857142855,702,76.66666666666667,,,Lapsed,[Lapsed] Recovery: Time-limited 30% win-back discount + feedback survey
17363,At Risk,394,3,940.86,313.62,401,3.0,,,Lapsed,[Lapsed] Recovery: Time-limited 30% win-back discount + feedback survey
17364,Champions,0,28,12070.42,431.0864285714286,731,26.59259259259259,0.14226925373077393,0.0,Low,Retain: Enrol in VIP loyalty program + send thank-you offer
17365,Champions,12,15,8224.98,548.332,676,46.92857142857143,0.17880544066429138,0.0,Low,Retain: Enrol in VIP loyalty program + send thank-you offer
17366,Lost Customers,431,2,1096.24,548.12,455,23.0,,,Lapsed,[Lapsed] Last Chance: Final win-back email + maximum discount
17367,Lost Customers,237,1,168.4,168.4,237,,,,Lapsed,[Lapsed] Last Chance: Final win-back email + maximum discount
17368,Champions,22,14,2826.14,201.86714285714285,723,53.46153846153846,0.24078123271465302,0.0,Low,Retain: Enrol in VIP loyalty program + send thank-you offer
17369,Lost Customers,455,1,979.2,979.2,455,,,,Lapsed,[Lapsed] Last Chance: Final win-back email + maximum discount
17370,Promising,72,4,446.18,111.545,169,32.0,0.4268401265144348,0.0,Medium,Nudge: Reminder email + product recommendation + limited offer
17371,Promising,16,6,662.55,110.425,731,142.6,0.5209047198295593,1.0,Medium,Nudge: Reminder email + product recommendation + limited offer
17372,Champions,40,28,4377.56,156.3414285714286,735,25.25925925925926,0.2236400842666626,0.0,Low,Retain: Enrol in VIP loyalty program + send thank-you offer
17373,At Risk,39,7,1167.5,166.78571428571428,648,101.0,0.4038536846637726,0.0,Medium,Re-engage: Best-seller showcase email + 15% discount
17374,At Risk,218,3,727.11,242.37,394,87.5,,,Lapsed,[Lapsed] Recovery: Time-limited 30% win-back discount + feedback survey
17375,At Risk,198,4,660.55,165.1375,431,77.0,,,Lapsed,[Lapsed] Recovery: Time-limited 30% win-back discount + feedback survey
17376,Promising,70,4,453.64,113.41,522,150.0,0.6065356135368347,1.0,High,Urgent Re-engage: 20% discount coupon + highlight new arrivals
17377,Champions,23,78,17731.11,227.32192307692307,737,8.779220779220779,0.15339452028274536,0.0,Low,Retain: Enrol in VIP loyalty program + send thank-you offer
17378,Lost Customers,373,1,10.95,10.95,373,,,,Lapsed,[Lapsed] Last Chance: Final win-back email + maximum discount
17379,Promising,10,1,404.66,404.66,10,,0.5266326069831848,1.0,Medium,Nudge: Reminder email + product recommendation + limited offer
17380,Lost Customers,433,3,645.0,215.0,534,49.5,,,Lapsed,[Lapsed] Last Chance: Final win-back email + maximum discount
17381,Champions,8,38,36398.65,957.8592105263158,547,14.135135135135135,0.1368802934885025,0.0,Low,Retain: Enrol in VIP loyalty program + send thank-you offer
17382,At Risk,64,8,902.28,112.785,569,71.71428571428571,0.5944738984107971,1.0,High,Recovery: Time-limited 30% win-back discount + feedback survey
17383,Promising,3,2,309.99,154.995,452,449.0,0.6108495593070984,1.0,High,Urgent Re-engage: 20% discount coupon + highlight new arrivals
17384,Promising,18,3,507.54999999999995,169.1833333333333,466,223.5,0.5830477476119995,1.0,High,Urgent Re-engage: 20% discount coupon + highlight new arrivals
17385,Promising,14,1,261.11,261.11,14,,0.5373371839523315,1.0,Medium,Nudge: Reminder email + product recommendation + limited offer
17386,Champions,7,7,2812.7700000000004,401.8242857142858,384,62.5,0.2656891942024231,0.0,Low,Retain: Enrol in VIP loyalty program + send thank-you offer
17387,Promising,19,2,784.11,392.055,33,13.0,0.3635742962360382,0.0,Medium,Nudge: Reminder email + product recommendation + limited offer
17388,At Risk,77,11,2691.57,244.68818181818185,729,64.6,0.36831769347190857,0.0,Medium,Re-engage: Best-seller showcase email + 15% discount
17389,Champions,0,61,57224.68,938.1095081967213,735,11.816666666666666,0.135163813829422,0.0,Low,Retain: Enrol in VIP loyalty program + send thank-you offer
17390,Lost Customers,420,1,149.3,149.3,420,,,,Lapsed,[Lapsed] Last Chance: Final win-back email + maximum discount
17391,Lost Customers,163,2,508.8,254.4,164,0.0,,,Lapsed,[Lapsed] Last Chance: Final win-back email + maximum discount
17392,Lost Customers,306,3,626.56,208.85333333333332,449,71.5,,,Lapsed,[Lapsed] Last Chance: Final win-back email + maximum discount
17393,Lost Customers,410,2,381.15000000000003,190.57500000000002,487,77.0,,,Lapsed,[Lapsed] Last Chance: Final win-back email + maximum discount
17394,Lost Customers,218,1,203.86999999999998,203.86999999999998,218,,,,Lapsed,[Lapsed] Last Chance: Final win-back email + maximum discount
17395,Lost Customers,507,1,97.5,97.5,507,,,,Lapsed,[Lapsed] Last Chance: Final win-back email + maximum discount
17396,Champions,38,14,8409.6,600.6857142857143,440,30.615384615384617,0.19272075593471527,0.0,Low,Retain: Enrol in VIP loyalty program + send thank-you offer
17397,Promising,21,3,1233.1799999999998,411.05999999999995,415,197.0,0.46564698219299316,0.0,Medium,Nudge: Reminder email + product recommendation + limited offer
17398,At Risk,114,3,653.38,217.79333333333332,254,69.5,0.4227712154388428,0.0,Medium,Re-engage: Best-seller showcase email + 15% discount
17400,At Risk,125,8,4677.05,584.63125,721,84.71428571428571,0.34029990434646606,0.0,Low,Monitor: Add to re-engagement campaign
17401,Lost Customers,540,1,114.85,114.85,540,,,,Lapsed,[Lapsed] Last Chance: Final win-back email + maximum discount
17402,Champions,4,23,4636.21,201.57434782608695,722,32.18181818181818,0.1552872508764267,0.0,Low,Retain: Enrol in VIP loyalty program + send thank-you offer
17403,Promising,35,2,400.57,200.285,450,414.0,0.6612123847007751,1.0,High,Urgent Re-engage: 20% discount coupon + highlight new arrivals
17404,Champions,3,23,47781.12,2077.44,701,31.09090909090909,0.14037325978279114,0.0,Low,Retain: Enrol in VIP loyalty program + send thank-you offer
17405,Promising,0,3,1031.41,343.80333333333334,149,74.0,0.3686651885509491,0.0,Medium,Nudge: Reminder email + product recommendation + limited offer
17406,At Risk,332,13,4202.95,323.30384615384617,732,32.75,,,Lapsed,[Lapsed] Recovery: Time-limited 30% win-back discount + feedback survey
17407,Lost Customers,411,1,552.9,552.9,411,,,,Lapsed,[Lapsed] Last Chance: Final win-back email + maximum discount
17408,Lost Customers,162,3,316.09,105.36333333333333,513,174.5,,,Lapsed,[Lapsed] Last Chance: Final win-back email + maximum discount
17409,At Risk,184,10,7793.51,779.351,728,60.111111111111114,,,Lapsed,[Lapsed] Recovery: Time-limited 30% win-back discount + feedback survey
17410,Promising,15,5,1214.72,242.94400000000002,214,49.25,0.24898847937583923,0.0,Low,Nurture: Monthly newsletter + loyalty point updates
17411,Promising,11,5,1425.38,285.076,736,180.5,0.4414695203304291,0.0,Medium,Nudge: Reminder email + product recommendation + limited offer
17412,Champions,2,16,4220.22,263.76375,736,48.46666666666667,0.2499869465827942,0.0,Low,Retain: Enrol in VIP loyalty program + send thank-you offer
17413,Lost Customers,404,2,560.14,280.07,569,165.0,,,Lapsed,[Lapsed] Last Chance: Final win-back email + maximum discount
17414,At Risk,43,6,2249.52,374.92,735,138.0,0.45688939094543457,0.0,Medium,Re-engage: Best-seller showcase email + 15% discount
17415,Lost Customers,79,1,507.84,507.84,79,,0.5534994006156921,1.0,High,Last Chance: Final win-back email + maximum discount
17416,Champions,29,22,17298.45,786.2931818181819,724,32.857142857142854,0.18805226683616638,0.0,Low,Retain: Enrol in VIP loyalty program + send thank-you offer
17417,Lost Customers,548,1,164.18,164.18,548,,,,Lapsed,[Lapsed] Last Chance: Final win-back email + maximum discount
17418,Promising,41,3,670.06,223.35333333333332,386,172.0,0.5209821462631226,1.0,Medium,Nudge: Reminder email + product recommendation + limited offer
17419,Champions,10,18,6126.25,340.34722222222223,682,39.05882352941177,0.16187940537929535,0.0,Low,Retain: Enrol in VIP loyalty program + send thank-you offer
17420,At Risk,49,6,953.5799999999999,158.92999999999998,400,69.8,0.4358251988887787,0.0,Medium,Re-engage: Best-seller showcase email + 15% discount
17421,At Risk,385,3,1059.41,353.1366666666667,734,174.0,,,Lapsed,[Lapsed] Recovery: Time-limited 30% win-back discount + feedback survey
17422,Champions,15,11,3594.76,326.79636363636365,534,51.4,0.25147244334220886,0.0,Low,Retain: Enrol in VIP loyalty program + send thank-you offer
17423,Promising,45,3,1118.95,372.98333333333335,393,173.0,0.5065872669219971,1.0,Medium,Nudge: Reminder email + product recommendation + limited offer
17425,Promising,18,2,759.1700000000001,379.58500000000004,60,41.0,0.3531293570995331,0.0,Medium,Nudge: Reminder email + product recommendation + limited offer
17426,Champions,7,13,8077.77,621.3669230769231,659,54.166666666666664,0.22695988416671753,0.0,Low,Retain: Enrol in VIP loyalty program + send thank-you offer
17427,Lost Customers,71,1,100.8,100.8,71,,0.6170873045921326,1.0,High,Last Chance: Final win-back email + maximum discount
17428,Champions,0,45,31466.760000000002,699.2613333333334,737,16.454545454545453,0.135163813829422,0.0,Low,Retain: Enrol in VIP loyalty program + send thank-you offer
17429,At Risk,127,5,1357.46,271.492,429,74.75,0.4186500310897827,0.0,Medium,Re-engage: Best-seller showcase email + 15% discount
17430,Promising,32,4,622.5699999999999,155.64249999999998,479,148.33333333333334,0.5829117298126221,1.0,High,Urgent Re-engage: 20% discount coupon + highlight new arrivals
17431,Lost Customers,312,1,403.3,403.3,312,,,,Lapsed,[Lapsed] Last Chance: Final win-back email + maximum discount
17432,Champions,17,9,1751.3899999999999,194.59888888888887,735,89.375,0.45848748087882996,0.0,Medium,Early Alert: Personalised product recommendation based on past purchases
17433,Promising,87,2,569.96,284.98,384,297.0,0.6687624454498291,1.0,High,Urgent Re-engage: 20% discount coupon + highlight new arrivals
17434,Champions,1,7,2373.82,339.1171428571429,84,13.333333333333334,0.17805369198322296,0.0,Low,Retain: Enrol in VIP loyalty program + send thank-you offer
17435,Lost Customers,410,1,331.35,331.35,410,,,,Lapsed,[Lapsed] Last Chance: Final win-back email + maximum discount
17436,Promising,1,5,534.0600000000001,106.81200000000001,732,182.25,0.5591704249382019,1.0,High,Urgent Re-engage: 20% discount coupon + highlight new arrivals
17437,Lost Customers,529,1,373.17,373.17,529,,,,Lapsed,[Lapsed] Last Chance: Final win-back email + maximum discount
17438,At Risk,253,5,1422.77,284.554,640,96.5,,,Lapsed,[Lapsed] Recovery: Time-limited 30% win-back discount + feedback survey
17439,Lost Customers,655,1,325.74,325.74,655,,,,Lapsed,[Lapsed] Last Chance: Final win-back email + maximum discount
17440,Lost Customers,156,4,323.58,80.895,548,130.33333333333334,,,Lapsed,[Lapsed] Last Chance: Final win-back email + maximum discount
17441,Lost Customers,731,1,293.35,293.35,731,,,,Lapsed,[Lapsed] Last Chance: Final win-back email + maximum discount
17442,Champions,36,15,4620.3,308.02000000000004,661,44.142857142857146,0.20800098776817322,0.0,Low,Retain: Enrol in VIP loyalty program + send thank-you offer
17443,Lost Customers,219,1,534.24,534.24,219,,,,Lapsed,[Lapsed] Last Chance: Final win-back email + maximum discount
17444,At Risk,147,3,2940.04,980.0133333333333,172,12.5,,,Lapsed,[Lapsed] Recovery: Time-limited 30% win-back discount + feedback survey
17446,Lost Customers,176,2,120.89999999999999,60.449999999999996,309,133.0,,,Lapsed,[Lapsed] Last Chance: Final win-back email + maximum discount
17447,Promising,39,2,541.53,270.765,71,31.0,0.3620510995388031,0.0,Medium,Nudge: Reminder email + product recommendation + limited offer
17448,Champions,496,46,14556.97,316.45586956521737,644,3.0444444444444443,,,Lapsed,[Lapsed] VIP Win-Back: Personal call + exclusive loyalty reward + free shipping
17449,Champions,1,13,4951.15,380.8576923076923,729,60.166666666666664,0.24942536652088165,0.0,Low,Retain: Enrol in VIP loyalty program + send thank-you offer
17450,Champions,7,51,244944.25,4802.828431372549,437,8.3,0.135163813829422,0.0,Low,Retain: Enrol in VIP loyalty program + send thank-you offer
17451,Champions,0,7,1721.4,245.91428571428574,105,17.0,0.18919363617897034,0.0,Low,Retain: Enrol in VIP loyalty program + send thank-you offer
17453,Promising,17,2,486.72,243.36,63,46.0,0.35641080141067505,0.0,Medium,Nudge: Reminder email + product recommendation + limited offer
17454,At Risk,191,10,1547.94,154.794,692,55.333333333333336,,,Lapsed,[Lapsed] Recovery: Time-limited 30% win-back discount + feedback survey
17455,Lost Customers,203,1,131.7,131.7,203,,,,Lapsed,[Lapsed] Last Chance: Final win-back email + maximum discount
17456,Lost Customers,364,2,975.5600000000001,487.78000000000003,455,90.0,,,Lapsed,[Lapsed] Last Chance: Final win-back email + maximum discount
17457,Champions,126,14,5984.8099999999995,427.4864285714285,731,46.07692307692308,0.31846505403518677,0.0,Low,Retain: Enrol in VIP loyalty program + send thank-you offer
17458,Promising,14,2,529.58,264.79,381,366.0,0.6545122265815735,1.0,High,Urgent Re-engage: 20% discount coupon + highlight new arrivals
17459,Promising,42,2,657.3,328.65,59,16.0,0.4117307960987091,0.0,Medium,Nudge: Reminder email + product recommendation + limited offer
17460,At Risk,93,16,2157.9700000000003,134.87312500000002,685,38.93333333333333,0.4011477828025818,0.0,Medium,Re-engage: Best-seller showcase email + 15% discount
17461,Promising,22,3,757.46,252.48666666666668,29,3.0,0.4638001024723053,0.0,Medium,Nudge: Reminder email + product recommendation + limited offer
17462,Promising,59,2,675.6899999999999,337.84499999999997,283,223.0,0.5768205523490906,1.0,High,Urgent Re-engage: 20% discount coupon + highlight new arrivals
17463,Champions,15,7,2557.91,365.4157142857143,588,95.0,0.2870595455169678,0.0,Low,Retain: Enrol in VIP loyalty program + send thank-you offer
17464,At Risk,157,3,1000.94,333.6466666666667,618,230.0,,,Lapsed,[Lapsed] Recovery: Time-limited 30% win-back discount + feedback survey
17465,At Risk,425,7,2542.79,363.2557142857143,735,51.333333333333336,,,Lapsed,[Lapsed] Recovery: Time-limited 30% win-back discount + feedback survey
17466,Promising,9,2,763.28,381.64,78,68.0,0.35808059573173523,0.0,Medium,Nudge: Reminder email + product recommendation + limited offer
17467,Lost Customers,394,1,102.6,102.6,394,,,,Lapsed,[Lapsed] Last Chance: Final win-back email + maximum discount
17468,Promising,9,3,194.8,64.93333333333334,374,182.0,0.5702111721038818,1.0,High,Urgent Re-engage: 20% discount coupon + highlight new arrivals
17469,Champions,15,17,5051.25,297.13235294117646,722,43.8125,0.20310208201408386,0.0,Low,Retain: Enrol in VIP loyalty program + send thank-you offer
17470,Champions,44,11,2626.4700000000003,238.77,507,45.8,0.3126792311668396,0.0,Low,Retain: Enrol in VIP loyalty program + send thank-you offer
17471,Lost Customers,474,1,321.65000000000003,321.65000000000003,474,,,,Lapsed,[Lapsed] Last Chance: Final win-back email + maximum discount
17472,At Risk,190,4,935.0999999999999,233.77499999999998,627,145.33333333333334,,,Lapsed,[Lapsed] Recovery: Time-limited 30% win-back discount + feedback survey
17473,Lost Customers,408,2,607.0,303.5,455,47.0,,,Lapsed,[Lapsed] Last Chance: Final win-back email + maximum discount
17474,Lost Customers,599,1,1047.0,1047.0,599,,,,Lapsed,[Lapsed] Last Chance: Final win-back email + maximum discount
17475,Lost Customers,78,1,194.37,194.37,78,,0.5707129240036011,1.0,High,Last Chance: Final win-back email + maximum discount
17476,Lost Customers,395,2,489.86,244.93,737,341.0,,,Lapsed,[Lapsed] Last Chance: Final win-back email + maximum discount
17477,Lost Customers,612,2,1144.3,572.15,647,34.0,,,Lapsed,[Lapsed] Last Chance: Final win-back email + maximum discount
17478,At Risk,407,2,1272.8000000000002,636.4000000000001,632,225.0,,,Lapsed,[Lapsed] Recovery: Time-limited 30% win-back discount + feedback survey
17479,Lost Customers,632,1,389.26000000000005,389.26000000000005,632,,,,Lapsed,[Lapsed] Last Chance: Final win-back email + maximum discount
17480,Promising,77,2,902.03,451.015,444,366.0,0.5968014597892761,1.0,High,Urgent Re-engage: 20% discount coupon + highlight new arrivals
17481,Promising,3,4,1255.59,313.8975,93,29.666666666666668,0.28141045570373535,0.0,Low,Nurture: Monthly newsletter + loyalty point updates
17482,Lost Customers,486,2,778.19,389.095,577,91.0,,,Lapsed,[Lapsed] Last Chance: Final win-back email + maximum discount
17483,Promising,64,4,591.73,147.9325,414,115.66666666666667,0.5301754474639893,1.0,Medium,Nudge: Reminder email + product recommendation + limited offer
17484,Lost Customers,575,2,209.57,104.785,623,47.0,,,Lapsed,[Lapsed] Last Chance: Final win-back email + maximum discount
17486,Lost Customers,260,1,396.87,396.87,260,,,,Lapsed,[Lapsed] Last Chance: Final win-back email + maximum discount
17487,Lost Customers,727,1,160.55,160.55,727,,,,Lapsed,[Lapsed] Last Chance: Final win-back email + maximum discount
17488,Lost Customers,640,1,336.5,336.5,640,,,,Lapsed,[Lapsed] Last Chance: Final win-back email + maximum discount
17489,Promising,58,2,376.64,188.32,212,153.0,0.579467236995697,1.0,High,Urgent Re-engage: 20% discount coupon + highlight new arrivals
17490,Champions,0,9,2750.5,305.6111111111111,569,70.625,0.25894179940223694,0.0,Low,Retain: Enrol in VIP loyalty program + send thank-you offer
17491,Champions,0,17,5653.67,332.56882352941176,590,36.3125,0.15205149352550507,0.0,Low,Retain: Enrol in VIP loyalty program + send thank-you offer
17492,At Risk,247,3,1122.42,374.14000000000004,517,135.0,,,Lapsed,[Lapsed] Recovery: Time-limited 30% win-back discount + feedback survey
17493,Lost Customers,384,1,100.91,100.91,384,,,,Lapsed,[Lapsed] Last Chance: Final win-back email + maximum discount
17494,Lost Customers,501,1,54.7,54.7,501,,,,Lapsed,[Lapsed] Last Chance: Final win-back email + maximum discount
17495,Promising,7,3,806.72,268.9066666666667,390,191.5,0.4575726389884949,0.0,Medium,Nudge: Reminder email + product recommendation + limited offer
17496,At Risk,358,4,1412.89,353.2225,693,111.33333333333333,,,Lapsed,[Lapsed] Recovery: Time-limited 30% win-back discount + feedback survey
17497,Lost Customers,389,2,287.25,143.625,610,220.0,,,Lapsed,[Lapsed] Last Chance: Final win-back email + maximum discount
17498,Lost Customers,75,1,272.21999999999997,272.21999999999997,75,,0.5677861571311951,1.0,High,Last Chance: Final win-back email + maximum discount
17499,At Risk,289,2,1341.3899999999999,670.6949999999999,561,271.0,,,Lapsed,[Lapsed] Recovery: Time-limited 30% win-back discount + feedback survey
17500,Promising,16,3,1138.0,379.3333333333333,29,6.0,0.32567447423934937,0.0,Low,Nurture: Monthly newsletter + loyalty point updates
17501,Lost Customers,220,2,288.6,144.3,220,0.0,,,Lapsed,[Lapsed] Last Chance: Final win-back email + maximum discount
17502,Promising,8,4,689.1,172.275,28,6.0,0.3537682592868805,0.0,Medium,Nudge: Reminder email + product recommendation + limited offer
17503,Promising,2,2,558.96,279.48,38,35.0,0.3619646728038788,0.0,Medium,Nudge: Reminder email + product recommendation + limited offer
17504,Champions,205,18,9565.12,531.3955555555556,669,26.88235294117647,,,Lapsed,[Lapsed] VIP Win-Back: Personal call + exclusive loyalty reward + free shipping
17505,At Risk,161,5,2435.48,487.096,604,110.5,,,Lapsed,[Lapsed] Recovery: Time-limited 30% win-back discount + feedback survey
17506,Lost Customers,75,1,302.2,302.2,75,,0.5613951683044434,1.0,High,Last Chance: Final win-back email + maximum discount
17507,Lost Customers,261,2,605.5799999999999,302.78999999999996,308,47.0,,,Lapsed,[Lapsed] Last Chance: Final win-back email + maximum discount
17508,At Risk,280,8,4579.2300000000005,572.4037500000001,732,64.0,,,Lapsed,[Lapsed] Recovery: Time-limited 30% win-back discount + feedback survey
17509,Champions,57,8,6115.139999999999,764.3924999999999,62,0.7142857142857143,0.4927895665168762,0.0,Medium,Early Alert: Personalised product recommendation based on past purchases
17510,Promising,24,2,514.5600000000001,257.28000000000003,420,395.0,0.6541378498077393,1.0,High,Urgent Re-engage: 20% discount coupon + highlight new arrivals
17511,Champions,2,60,172132.87,2868.8811666666666,737,11.932203389830509,0.135163813829422,0.0,Low,Retain: Enrol in VIP loyalty program + send thank-you offer
17512,Champions,28,18,5467.82,303.7677777777778,728,40.8235294117647,0.20658056437969208,0.0,Low,Retain: Enrol in VIP loyalty program + send thank-you offer
17513,At Risk,71,3,1158.8000000000002,386.2666666666667,478,203.0,0.4728943109512329,0.0,Medium,Re-engage: Best-seller showcase email + 15% discount
17514,Lost Customers,127,2,542.83,271.415,668,541.0,0.6433068513870239,1.0,High,Last Chance: Final win-back email + maximum discount
17515,At Risk,30,9,1617.46,179.71777777777777,549,64.5,0.3489552438259125,0.0,Low,Monitor: Add to re-engagement campaign
17516,Promising,14,6,957.55,159.59166666666667,378,72.4,0.3633756935596466,0.0,Medium,Nudge: Reminder email + product recommendation + limited offer
17517,Lost Customers,308,1,153.94,153.94,308,,,,Lapsed,[Lapsed] Last Chance: Final win-back email + maximum discount
17518,Lost Customers,425,2,329.42,164.71,620,195.0,,,Lapsed,[Lapsed] Last Chance: Final win-back email + maximum discount
17519,Champions,16,15,4774.17,318.278,738,51.07142857142857,0.27827247977256775,0.0,Low,Retain: Enrol in VIP loyalty program + send thank-you offer
17520,Promising,53,1,546.81,546.81,53,,0.5495449304580688,1.0,Medium,Nudge: Reminder email + product recommendation + limited offer
17521,Promising,29,5,1278.06,255.612,434,100.5,0.39900121092796326,0.0,Medium,Nudge: Reminder email + product recommendation + limited offer
17522,Promising,1,5,1070.71,214.142,217,53.75,0.28967490792274475,0.0,Low,Nurture: Monthly newsletter + loyalty point updates
17523,Promising,10,4,652.74,163.185,18,2.3333333333333335,0.43834424018859863,0.0,Medium,Nudge: Reminder email + product recommendation + limited offer
17524,Lost Customers,360,3,539.14,179.71333333333334,437,38.0,,,Lapsed,[Lapsed] Last Chance: Final win-back email + maximum discount
17525,At Risk,359,3,1161.9,387.3,428,34.5,,,Lapsed,[Lapsed] Recovery: Time-limited 30% win-back discount + feedback survey
17526,Champions,4,12,3939.24,328.27,721,64.81818181818181,0.3385050594806671,0.0,Low,Retain: Enrol in VIP loyalty program + send thank-you offer
17527,Promising,53,4,939.37,234.8425,217,54.333333333333336,0.3427698612213135,0.0,Low,Nurture: Monthly newsletter + loyalty point updates
17528,Champions,0,8,3628.5,453.5625,70,9.571428571428571,0.14003151655197144,0.0,Low,Retain: Enrol in VIP loyalty program + send thank-you offer
17529,At Risk,609,2,1240.25,620.125,697,87.0,,,Lapsed,[Lapsed] Recovery: Time-limited 30% win-back discount + feedback survey
17530,Champions,0,12,2840.87,236.73916666666665,732,66.27272727272727,0.21753796935081482,0.0,Low,Retain: Enrol in VIP loyalty program + send thank-you offer
17531,At Risk,189,3,1266.82,422.2733333333333,617,213.5,,,Lapsed,[Lapsed] Recovery: Time-limited 30% win-back discount + feedback survey
17532,Lost Customers,385,1,65.34,65.34,385,,,,Lapsed,[Lapsed] Last Chance: Final win-back email + maximum discount
17533,Lost Customers,434,1,34.8,34.8,434,,,,Lapsed,[Lapsed] Last Chance: Final win-back email + maximum discount
17534,At Risk,53,5,1668.83,333.76599999999996,651,149.25,0.5977491736412048,1.0,High,Recovery: Time-limited 30% win-back discount + feedback survey
17535,Lost Customers,279,1,164.4,164.4,279,,,,Lapsed,[Lapsed] Last Chance: Final win-back email + maximum discount
17536,Lost Customers,176,3,364.83000000000004,121.61000000000001,682,252.5,,,Lapsed,[Lapsed] Last Chance: Final win-back email + maximum discount
17537,Promising,29,2,897.6200000000001,448.81000000000006,302,273.0,0.5550694465637207,1.0,High,Urgent Re-engage: 20% discount coupon + highlight new arrivals
17538,Promising,25,1,98.42,98.42,25,,0.6002914309501648,1.0,High,Urgent Re-engage: 20% discount coupon + highlight new arrivals
17539,At Risk,617,4,1226.5700000000002,306.64250000000004,726,35.666666666666664,,,Lapsed,[Lapsed] Recovery: Time-limited 30% win-back discount + feedback survey
17540,Promising,24,6,1590.6000000000001,265.1,599,114.6,0.4707397222518921,0.0,Medium,Nudge: Reminder email + product recommendation + limited offer
17541,Lost Customers,509,1,124.46,124.46,509,,,,Lapsed,[Lapsed] Last Chance: Final win-back email + maximum discount
17542,Lost Customers,269,3,341.70000000000005,113.90000000000002,641,185.5,,,Lapsed,[Lapsed] Last Chance: Final win-back email + maximum discount
17543,Lost Customers,549,1,120.05,120.05,549,,,,Lapsed,[Lapsed] Last Chance: Final win-back email + maximum discount
17544,At Risk,389,3,960.69,320.23,389,0.0,,,Lapsed,[Lapsed] Recovery: Time-limited 30% win-back discount + feedback survey
17545,At Risk,42,6,1448.54,241.42333333333332,577,106.6,0.44451993703842163,0.0,Medium,Re-engage: Best-seller showcase email + 15% discount
17547,Lost Customers,375,2,727.85,363.925,664,289.0,,,Lapsed,[Lapsed] Last Chance: Final win-back email + maximum discount
17548,At Risk,233,4,731.26,182.815,395,53.666666666666664,,,Lapsed,[Lapsed] Recovery: Time-limited 30% win-back discount + feedback survey
17549,Promising,23,2,148.85999999999999,74.42999999999999,51,27.0,0.4627130329608917,0.0,Medium,Nudge: Reminder email + product recommendation + limited offer
17550,At Risk,196,9,2547.64,283.0711111111111,669,58.625,,,Lapsed,[Lapsed] Recovery: Time-limited 30% win-back discount + feedback survey
17551,Lost Customers,358,1,306.84,306.84,358,,,,Lapsed,[Lapsed] Last Chance: Final win-back email + maximum discount
17552,Champions,59,12,2786.77,232.23083333333332,627,51.36363636363637,0.39121270179748535,0.0,Medium,Early Alert: Personalised product recommendation based on past purchases
17553,At Risk,129,4,3757.6,939.4,610,160.33333333333334,0.48989710211753845,0.0,Medium,Re-engage: Best-seller showcase email + 15% discount
17554,Promising,0,5,1952.45,390.49,147,36.25,0.20194657146930695,0.0,Low,Nurture: Monthly newsletter + loyalty point updates
17555,Promising,19,5,1057.74,211.548,585,141.0,0.4746287763118744,0.0,Medium,Nudge: Reminder email + product recommendation + limited offer
17556,Lost Customers,205,2,300.67,150.335,378,173.0,,,Lapsed,[Lapsed] Last Chance: Final win-back email + maximum discount
17557,Promising,13,4,575.46,143.865,732,239.0,0.4610588550567627,0.0,Medium,Nudge: Reminder email + product recommendation + limited offer
17558,Lost Customers,392,1,259.17,259.17,392,,,,Lapsed,[Lapsed] Last Chance: Final win-back email + maximum discount
17559,Lost Customers,512,1,167.62,167.62,512,,,,Lapsed,[Lapsed] Last Chance: Final win-back email + maximum discount
17560,At Risk,94,8,1895.8,236.975,660,80.14285714285714,0.4145529270172119,0.0,Medium,Re-engage: Best-seller showcase email + 15% discount
17561,Promising,18,4,722.3399999999999,180.58499999999998,732,237.33333333333334,0.5565989017486572,1.0,High,Urgent Re-engage: 20% discount coupon + highlight new arrivals
17562,Promising,13,7,1122.38,160.34,172,26.0,0.23753614723682404,0.0,Low,Nurture: Monthly newsletter + loyalty point updates
17563,Lost Customers,577,2,392.38,196.19,611,33.0,,,Lapsed,[Lapsed] Last Chance: Final win-back email + maximum discount
17564,Promising,23,3,454.01,151.33666666666667,79,27.5,0.36278036236763,0.0,Medium,Nudge: Reminder email + product recommendation + limited offer
17565,Lost Customers,586,1,131.83,131.83,586,,,,Lapsed,[Lapsed] Last Chance: Final win-back email + maximum discount
17566,Promising,7,2,901.21,450.605,24,17.0,0.34137988090515137,0.0,Low,Nurture: Monthly newsletter + loyalty point updates
17567,Champions,6,9,4838.08,537.5644444444445,441,53.875,0.22924701869487762,0.0,Low,Retain: Enrol in VIP loyalty program + send thank-you offer
17568,Lost Customers,632,1,382.79,382.79,632,,,,Lapsed,[Lapsed] Last Chance: Final win-back email + maximum discount
17569,Lost Customers,331,1,344.14,344.14,331,,,,Lapsed,[Lapsed] Last Chance: Final win-back email + maximum discount
17570,Lost Customers,381,1,100.0,100.0,381,,,,Lapsed,[Lapsed] Last Chance: Final win-back email + maximum discount
17571,At Risk,49,5,1703.75,340.75,542,122.75,0.4251270592212677,0.0,Medium,Re-engage: Best-seller showcase email + 15% discount
17572,At Risk,70,10,652.21,65.221,724,72.11111111111111,0.48090988397598267,0.0,Medium,Re-engage: Best-seller showcase email + 15% discount
17573,Promising,28,3,380.6,126.86666666666667,93,31.5,0.36971768736839294,0.0,Medium,Nudge: Reminder email + product recommendation + limited offer
17574,Lost Customers,242,1,185.65,185.65,242,,,,Lapsed,[Lapsed] Last Chance: Final win-back email + maximum discount
17575,Lost Customers,666,1,171.7,171.7,666,,,,Lapsed,[Lapsed] Last Chance: Final win-back email + maximum discount
17576,Champions,7,41,8937.16,217.97951219512194,735,17.8,0.1368802934885025,0.0,Low,Retain: Enrol in VIP loyalty program + send thank-you offer
17577,Lost Customers,644,2,348.75,174.375,668,23.0,,,Lapsed,[Lapsed] Last Chance: Final win-back email + maximum discount
17578,At Risk,217,7,1047.33,149.6185714285714,529,51.5,,,Lapsed,[Lapsed] Recovery: Time-limited 30% win-back discount + feedback survey
17579,Promising,4,4,753.28,188.32,577,190.66666666666666,0.44270285964012146,0.0,Medium,Nudge: Reminder email + product recommendation + limited offer
17580,At Risk,252,5,545.27,109.054,421,41.75,,,Lapsed,[Lapsed] Recovery: Time-limited 30% win-back discount + feedback survey
17581,Champions,0,43,17970.97,417.929534883721,736,17.261904761904763,0.135163813829422,0.0,Low,Retain: Enrol in VIP loyalty program + send thank-you offer
17582,At Risk,235,5,1450.7,290.14,623,96.25,,,Lapsed,[Lapsed] Recovery: Time-limited 30% win-back discount + feedback survey
17583,Lost Customers,559,1,135.95,135.95,559,,,,Lapsed,[Lapsed] Last Chance: Final win-back email + maximum discount
17584,Champions,6,6,5309.42,884.9033333333333,683,135.0,0.4075707495212555,0.0,Medium,Early Alert: Personalised product recommendation based on past purchases
17585,At Risk,108,7,2093.3,299.04285714285714,477,61.166666666666664,0.3850635886192322,0.0,Medium,Re-engage: Best-seller showcase email + 15% discount
17586,Lost Customers,618,1,167.4,167.4,618,,,,Lapsed,[Lapsed] Last Chance: Final win-back email + maximum discount
17587,Lost Customers,627,1,181.66,181.66,627,,,,Lapsed,[Lapsed] Last Chance: Final win-back email + maximum discount
17588,At Risk,99,7,2939.55,419.9357142857143,637,89.0,0.3799055516719818,0.0,Medium,Re-engage: Best-seller showcase email + 15% discount
17589,Champions,59,18,14049.869999999999,780.5483333333333,641,33.8235294117647,0.31177377700805664,0.0,Low,Retain: Enrol in VIP loyalty program + send thank-you offer
17590,Promising,1,3,1479.22,493.0733333333333,39,18.5,0.2420196682214737,0.0,Low,Nurture: Monthly newsletter + loyalty point updates
17591,At Risk,72,8,2370.07,296.25875,690,87.71428571428571,0.29759034514427185,0.0,Low,Monitor: Add to re-engagement campaign
17592,Lost Customers,738,1,148.3,148.3,738,,,,Lapsed,[Lapsed] Last Chance: Final win-back email + maximum discount
17593,Champions,3,11,8095.8,735.9818181818182,734,72.7,0.2693507969379425,0.0,Low,Retain: Enrol in VIP loyalty program + send thank-you offer
17594,At Risk,84,4,2497.88,624.47,604,172.66666666666666,0.508261501789093,1.0,Medium,Re-engage: Best-seller showcase email + 15% discount
17595,Promising,11,2,388.78999999999996,194.39499999999998,36,24.0,0.39525970816612244,0.0,Medium,Nudge: Reminder email + product recommendation + limited offer
17596,Champions,22,13,4528.05,348.3115384615385,723,58.0,0.2591947913169861,0.0,Low,Retain: Enrol in VIP loyalty program + send thank-you offer
17597,At Risk,213,5,3484.09,696.818,582,91.75,,,Lapsed,[Lapsed] Recovery: Time-limited 30% win-back discount + feedback survey
17598,Lost Customers,380,1,409.98,409.98,380,,,,Lapsed,[Lapsed] Last Chance: Final win-back email + maximum discount
17599,Lost Customers,477,1,52.05,52.05,477,,,,Lapsed,[Lapsed] Last Chance: Final win-back email + maximum discount
17600,Promising,17,1,161.67000000000002,161.67000000000002,17,,0.5668433904647827,1.0,High,Urgent Re-engage: 20% discount coupon + highlight new arrivals
17601,Lost Customers,238,2,421.47999999999996,210.73999999999998,379,141.0,,,Lapsed,[Lapsed] Last Chance: Final win-back email + maximum discount
17602,Champions,1,14,7451.13,532.2235714285714,618,46.84615384615385,0.20150023698806763,0.0,Low,Retain: Enrol in VIP loyalty program + send thank-you offer
17603,At Risk,77,4,1793.48,448.37,729,216.66666666666666,0.6144965291023254,1.0,High,Recovery: Time-limited 30% win-back discount + feedback survey
17604,At Risk,216,6,945.9300000000001,157.655,681,92.0,,,Lapsed,[Lapsed] Recovery: Time-limited 30% win-back discount + feedback survey
17605,Lost Customers,589,1,160.75,160.75,589,,,,Lapsed,[Lapsed] Last Chance: Final win-back email + maximum discount
17606,Lost Customers,736,1,87.30000000000001,87.30000000000001,736,,,,Lapsed,[Lapsed] Last Chance: Final win-back email + maximum discount
17607,Lost Customers,375,1,333.81,333.81,375,,,,Lapsed,[Lapsed] Last Chance: Final win-back email + maximum discount
17608,Promising,32,4,498.53,124.6325,606,191.0,0.5641034245491028,1.0,High,Urgent Re-engage: 20% discount coupon + highlight new arrivals
17609,Champions,40,11,1894.34,172.21272727272728,608,56.4,0.31209293007850647,0.0,Low,Retain: Enrol in VIP loyalty program + send thank-you offer
17610,At Risk,539,5,1529.49,305.898,732,48.0,,,Lapsed,[Lapsed] Recovery: Time-limited 30% win-back discount + feedback survey
17611,Champions,6,28,8371.98,298.9992857142857,737,26.555555555555557,0.1386200189590454,0.0,Low,Retain: Enrol in VIP loyalty program + send thank-you offer
17612,Champions,52,18,5394.86,299.71444444444444,722,39.0,0.23217523097991943,0.0,Low,Retain: Enrol in VIP loyalty program + send thank-you offer
17613,Champions,22,14,4559.150000000001,325.65357142857147,305,21.384615384615383,0.14765024185180664,0.0,Low,Retain: Enrol in VIP loyalty program + send thank-you offer
17614,Promising,56,1,390.07,390.07,56,,0.5683245658874512,1.0,High,Urgent Re-engage: 20% discount coupon + highlight new arrivals
17615,At Risk,129,6,733.2,122.2,484,70.4,0.49771323800086975,0.0,Medium,Re-engage: Best-seller showcase email + 15% discount
17616,At Risk,173,4,734.4,183.6,451,92.0,,,Lapsed,[Lapsed] Recovery: Time-limited 30% win-back discount + feedback survey
17617,Lost Customers,558,1,395.33,395.33,558,,,,Lapsed,[Lapsed] Last Chance: Final win-back email + maximum discount
17618,Champions,5,11,4073.24,370.2945454545454,684,67.4,0.3385050594806671,0.0,Low,Retain: Enrol in VIP loyalty program + send thank-you offer
17619,Lost Customers,311,1,218.52,218.52,311,,,,Lapsed,[Lapsed] Last Chance: Final win-back email + maximum discount
17620,Lost Customers,59,1,81.44,81.44,59,,0.638552188873291,1.0,High,Last Chance: Final win-back email + maximum discount
17621,Champions,20,6,3175.12,529.1866666666666,431,81.6,0.37501585483551025,0.0,Medium,Early Alert: Personalised product recommendation based on past purchases
17622,Lost Customers,597,2,1130.21,565.105,597,0.0,,,Lapsed,[Lapsed] Last Chance: Final win-back email + maximum discount
17623,At Risk,32,7,2383.67,340.5242857142857,724,115.0,0.4601280987262726,0.0,Medium,Re-engage: Best-seller showcase email + 15% discount
17624,Promising,14,4,1568.63,392.1575,719,234.66666666666666,0.4963241219520569,0.0,Medium,Nudge: Reminder email + product recommendation + limited offer
17625,Champions,17,8,6067.8,758.475,724,100.42857142857143,0.330053448677063,0.0,Low,Retain: Enrol in VIP loyalty program + send thank-you offer
17626,Lost Customers,602,1,254.0,254.0,602,,,,Lapsed,[Lapsed] Last Chance: Final win-back email + maximum discount
17627,Lost Customers,478,1,296.36,296.36,478,,,,Lapsed,[Lapsed] Last Chance: Final win-back email + maximum discount
17628,Lost Customers,80,1,75.75,75.75,80,,0.6592522859573364,1.0,High,Last Chance: Final win-back email + maximum discount
17629,Champions,5,10,2455.52,245.552,420,45.77777777777778,0.2041988968849182,0.0,Low,Retain: Enrol in VIP loyalty program + send thank-you offer
17630,Lost Customers,169,2,503.6,251.8,231,62.0,,,Lapsed,[Lapsed] Last Chance: Final win-back email + maximum discount
17631,Promising,1,7,998.49,142.64142857142858,729,121.0,0.4289880096912384,0.0,Medium,Nudge: Reminder email + product recommendation + limited offer
17633,At Risk,30,7,2057.39,293.91285714285715,388,59.333333333333336,0.31282883882522583,0.0,Low,Monitor: Add to re-engagement campaign
17634,Champions,35,9,2361.9700000000003,262.4411111111111,337,37.125,0.18784847855567932,0.0,Low,Retain: Enrol in VIP loyalty program + send thank-you offer
17635,At Risk,423,3,1265.58,421.85999999999996,590,82.5,,,Lapsed,[Lapsed] Recovery: Time-limited 30% win-back discount + feedback survey
17636,Promising,18,1,285.56,285.56,18,,0.5386476516723633,1.0,Medium,Nudge: Reminder email + product recommendation + limited offer
17637,Promising,30,2,547.06,273.53,114,83.0,0.4251542091369629,0.0,Medium,Nudge: Reminder email + product recommendation + limited offer
17638,Lost Customers,646,2,842.4000000000001,421.20000000000005,721,74.0,,,Lapsed,[Lapsed] Last Chance: Final win-back email + maximum discount
17639,At Risk,275,6,615.17,102.52833333333332,483,41.0,,,Lapsed,[Lapsed] Recovery: Time-limited 30% win-back discount + feedback survey
17640,At Risk,86,6,3168.9399999999996,528.1566666666666,626,107.6,0.4812558889389038,0.0,Medium,Re-engage: Best-seller showcase email + 15% discount
17642,At Risk,119,5,1824.49,364.898,733,153.0,0.5251455307006836,1.0,Medium,Re-engage: Best-seller showcase email + 15% discount
17643,Lost Customers,372,2,439.70000000000005,219.85000000000002,504,132.0,,,Lapsed,[Lapsed] Last Chance: Final win-back email + maximum discount
17644,Champions,0,20,6028.6,301.43,661,34.26315789473684,0.14880549907684326,0.0,Low,Retain: Enrol in VIP loyalty program + send thank-you offer
17646,At Risk,218,12,3898.79,324.89916666666664,723,45.36363636363637,,,Lapsed,[Lapsed] Recovery: Time-limited 30% win-back discount + feedback survey
17647,Promising,64,3,331.65999999999997,110.55333333333333,668,302.0,0.65230393409729,1.0,High,Urgent Re-engage: 20% discount coupon + highlight new arrivals
17648,At Risk,60,5,2216.37,443.274,384,80.75,0.35411739349365234,0.0,Medium,Re-engage: Best-seller showcase email + 15% discount
17649,At Risk,137,3,1578.8899999999999,526.2966666666666,471,166.5,,,Lapsed,[Lapsed] Recovery: Time-limited 30% win-back discount + feedback survey
17650,Promising,20,1,166.07999999999998,166.07999999999998,20,,0.5517621040344238,1.0,High,Urgent Re-engage: 20% discount coupon + highlight new arrivals
17651,Champions,11,16,5703.52,356.47,526,33.93333333333333,0.14192946255207062,0.0,Low,Retain: Enrol in VIP loyalty program + send thank-you offer
17652,Champions,24,12,4867.72,405.6433333333334,280,22.818181818181817,0.1477784663438797,0.0,Low,Retain: Enrol in VIP loyalty program + send thank-you offer
17653,Promising,36,4,1207.56,301.89,119,27.333333333333332,0.2972472906112671,0.0,Low,Nurture: Monthly newsletter + loyalty point updates
17654,Lost Customers,276,1,117.55,117.55,276,,,,Lapsed,[Lapsed] Last Chance: Final win-back email + maximum discount
17655,Champions,10,9,2976.38,330.7088888888889,416,50.125,0.22638066112995148,0.0,Low,Retain: Enrol in VIP loyalty program + send thank-you offer
17656,At Risk,72,5,1674.69,334.938,128,13.5,0.32455581426620483,0.0,Low,Monitor: Add to re-engagement campaign
17657,Lost Customers,429,1,126.0,126.0,429,,,,Lapsed,[Lapsed] Last Chance: Final win-back email + maximum discount
17658,Promising,25,2,595.4200000000001,297.71000000000004,210,185.0,0.4989621639251709,0.0,Medium,Nudge: Reminder email + product recommendation + limited offer
17659,Champions,16,14,3586.99,256.2135714285714,385,27.923076923076923,0.16000336408615112,0.0,Low,Retain: Enrol in VIP loyalty program + send thank-you offer
17660,Lost Customers,140,2,359.47,179.735,736,595.0,,,Lapsed,[Lapsed] Last Chance: Final win-back email + maximum discount
17662,Lost Customers,661,2,412.92,206.46,722,60.0,,,Lapsed,[Lapsed] Last Chance: Final win-back email + maximum discount
17663,Champions,25,17,5175.83,304.4605882352941,645,38.3125,0.19937404990196228,0.0,Low,Retain: Enrol in VIP loyalty program + send thank-you offer
17664,Promising,18,4,1166.23,291.5575,619,200.0,0.4843517541885376,0.0,Medium,Nudge: Reminder email + product recommendation + limited offer
17665,Lost Customers,492,1,563.1,563.1,492,,,,Lapsed,[Lapsed] Last Chance: Final win-back email + maximum discount
17666,Promising,3,5,2047.8,409.56,527,130.25,0.43421831727027893,0.0,Medium,Nudge: Reminder email + product recommendation + limited offer
17667,At Risk,65,9,3950.7,438.96666666666664,654,73.0,0.2958563268184662,0.0,Low,Monitor: Add to re-engagement campaign
17668,Promising,0,2,347.75,173.875,37,36.0,0.4006325900554657,0.0,Medium,Nudge: Reminder email + product recommendation + limited offer
17669,Champions,42,10,6142.35,614.235,616,63.111111111111114,0.2610187530517578,0.0,Low,Retain: Enrol in VIP loyalty program + send thank-you offer
17670,Lost Customers,227,1,205.7,205.7,227,,,,Lapsed,[Lapsed] Last Chance: Final win-back email + maximum discount
17671,Promising,15,5,2009.16,401.832,375,89.75,0.35006216168403625,0.0,Medium,Nudge: Reminder email + product recommendation + limited offer
17672,At Risk,49,7,5778.63,825.5185714285715,681,104.83333333333333,0.400447279214859,0.0,Medium,Re-engage: Best-seller showcase email + 15% discount
17673,Champions,1,13,4233.58,325.65999999999997,629,52.0,0.2511448860168457,0.0,Low,Retain: Enrol in VIP loyalty program + send thank-you offer
17674,Promising,73,2,551.04,275.52,368,294.0,0.6645600199699402,1.0,High,Urgent Re-engage: 20% discount coupon + highlight new arrivals
17675,Champions,0,70,37642.48,537.7497142857143,728,10.130434782608695,0.135163813829422,0.0,Low,Retain: Enrol in VIP loyalty program + send thank-you offer
17676,Champions,3,10,2465.14,246.51399999999998,619,67.88888888888889,0.31813573837280273,0.0,Low,Retain: Enrol in VIP loyalty program + send thank-you offer
17677,Champions,1,54,35076.31,649.5612962962963,723,13.320754716981131,0.135163813829422,0.0,Low,Retain: Enrol in VIP loyalty program + send thank-you offer
17678,Lost Customers,263,2,599.76,299.88,602,339.0,,,Lapsed,[Lapsed] Last Chance: Final win-back email + maximum discount
17679,At Risk,52,7,3577.61,511.08714285714285,735,113.5,0.4075080454349518,0.0,Medium,Re-engage: Best-seller showcase email + 15% discount
17680,Promising,23,3,497.45000000000005,165.8166666666667,510,243.0,0.592830240726471,1.0,High,Urgent Re-engage: 20% discount coupon + highlight new arrivals
17681,At Risk,596,5,731.2,146.24,693,23.75,,,Lapsed,[Lapsed] Recovery: Time-limited 30% win-back discount + feedback survey
17682,Champions,9,11,4065.2799999999997,369.5709090909091,641,62.8,0.2687815725803375,0.0,Low,Retain: Enrol in VIP loyalty program + send thank-you offer
17683,At Risk,385,3,819.01,273.00333333333333,553,83.5,,,Lapsed,[Lapsed] Recovery: Time-limited 30% win-back discount + feedback survey
17684,Promising,43,1,239.41,239.41,43,,0.5894957184791565,1.0,High,Urgent Re-engage: 20% discount coupon + highlight new arrivals
17685,Champions,16,12,5490.65,457.5541666666666,665,58.63636363636363,0.26764431595802307,0.0,Low,Retain: Enrol in VIP loyalty program + send thank-you offer
17686,Champions,6,9,8296.81,921.8677777777777,533,65.375,0.22941607236862183,0.0,Low,Retain: Enrol in VIP loyalty program + send thank-you offer
17687,Lost Customers,420,1,432.68,432.68,420,,,,Lapsed,[Lapsed] Last Chance: Final win-back email + maximum discount
17688,Lost Customers,393,1,304.2,304.2,393,,,,Lapsed,[Lapsed] Last Chance: Final win-back email + maximum discount
17689,Lost Customers,387,2,317.08000000000004,158.54000000000002,473,85.0,,,Lapsed,[Lapsed] Last Chance: Final win-back email + maximum discount
17690,Champions,29,20,6999.900000000001,349.995,673,33.421052631578945,0.15149104595184326,0.0,Low,Retain: Enrol in VIP loyalty program + send thank-you offer
17691,At Risk,357,4,637.55,159.3875,546,62.333333333333336,,,Lapsed,[Lapsed] Recovery: Time-limited 30% win-back discount + feedback survey
17692,At Risk,126,12,2975.8,247.98333333333335,540,37.0,0.4191635549068451,0.0,Medium,Re-engage: Best-seller showcase email + 15% discount
17693,Lost Customers,136,1,200.47,200.47,136,,,,Lapsed,[Lapsed] Last Chance: Final win-back email + maximum discount
17694,At Risk,141,3,1695.97,565.3233333333334,562,210.5,,,Lapsed,[Lapsed] Recovery: Time-limited 30% win-back discount + feedback survey
17695,At Risk,131,5,1746.04,349.20799999999997,680,136.75,0.48503705859184265,0.0,Medium,Re-engage: Best-seller showcase email + 15% discount
17696,Champions,37,27,7679.59,284.42925925925925,728,26.076923076923077,0.19044071435928345,0.0,Low,Retain: Enrol in VIP loyalty program + send thank-you offer
17697,Lost Customers,235,1,338.95,338.95,235,,,,Lapsed,[Lapsed] Last Chance: Final win-back email + maximum discount
17698,Lost Customers,260,1,154.95,154.95,260,,,,Lapsed,[Lapsed] Last Chance: Final win-back email + maximum discount
17699,Lost Customers,476,2,442.0,221.0,561,84.0,,,Lapsed,[Lapsed] Last Chance: Final win-back email + maximum discount
17700,Champions,16,14,6679.97,477.1407142857143,738,55.15384615384615,0.2935285270214081,0.0,Low,Retain: Enrol in VIP loyalty program + send thank-you offer
17701,Lost Customers,252,1,417.95,417.95,252,,,,Lapsed,[Lapsed] Last Chance: Final win-back email + maximum discount
17702,At Risk,29,6,3144.04,524.0066666666667,400,73.6,0.3344874382019043,0.0,Low,Monitor: Add to re-engagement campaign
17703,Promising,34,4,1094.8400000000001,273.71000000000004,417,127.33333333333333,0.45846983790397644,0.0,Medium,Nudge: Reminder email + product recommendation + limited offer
17704,At Risk,168,2,885.19,442.595,239,71.0,,,Lapsed,[Lapsed] Recovery: Time-limited 30% win-back discount + feedback survey
17705,Champions,2,11,2083.9,189.44545454545457,576,56.8,0.23265394568443298,0.0,Low,Retain: Enrol in VIP loyalty program + send thank-you offer
17706,Champions,3,31,20272.15,653.9403225806452,689,22.466666666666665,0.14037325978279114,0.0,Low,Retain: Enrol in VIP loyalty program + send thank-you offer
17707,At Risk,184,8,609.3000000000001,76.16250000000001,732,77.71428571428571,,,Lapsed,[Lapsed] Recovery: Time-limited 30% win-back discount + feedback survey
17708,At Risk,187,4,887.9300000000001,221.98250000000002,423,78.33333333333333,,,Lapsed,[Lapsed] Recovery: Time-limited 30% win-back discount + feedback survey
17709,At Risk,169,5,671.01,134.202,602,107.75,,,Lapsed,[Lapsed] Recovery: Time-limited 30% win-back discount + feedback survey
17710,Lost Customers,423,1,293.5,293.5,423,,,,Lapsed,[Lapsed] Last Chance: Final win-back email + maximum discount
17711,Promising,10,2,385.1,192.55,289,279.0,0.6255987882614136,1.0,High,Urgent Re-engage: 20% discount coupon + highlight new arrivals
17712,Promising,44,1,522.91,522.91,44,,0.5407172441482544,1.0,Medium,Nudge: Reminder email + product recommendation + limited offer
17713,At Risk,381,4,1198.0900000000001,299.52250000000004,548,55.333333333333336,,,Lapsed,[Lapsed] Recovery: Time-limited 30% win-back discount + feedback survey
17714,At Risk,320,5,1410.18,282.036,513,48.0,,,Lapsed,[Lapsed] Recovery: Time-limited 30% win-back discount + feedback survey
17715,Lost Customers,200,2,489.59999999999997,244.79999999999998,592,392.0,,,Lapsed,[Lapsed] Last Chance: Final win-back email + maximum discount
17716,Champions,22,24,15956.97,664.87375,736,30.652173913043477,0.15149104595184326,0.0,Low,Retain: Enrol in VIP loyalty program + send thank-you offer
17717,Lost Customers,420,1,376.92,376.92,420,,,,Lapsed,[Lapsed] Last Chance: Final win-back email + maximum discount
17718,Lost Customers,231,2,439.17999999999995,219.58999999999997,644,412.0,,,Lapsed,[Lapsed] Last Chance: Final win-back email + maximum discount
17719,Champions,37,15,5396.04,359.736,255,14.928571428571429,0.17737218737602234,0.0,Low,Retain: Enrol in VIP loyalty program + send thank-you offer
17720,Champions,25,10,2666.91,266.691,578,60.888888888888886,0.325491726398468,0.0,Low,Retain: Enrol in VIP loyalty program + send thank-you offer
17721,Lost Customers,658,1,307.21000000000004,307.21000000000004,658,,,,Lapsed,[Lapsed] Last Chance: Final win-back email + maximum discount
17722,At Risk,95,5,3520.2200000000003,704.0440000000001,375,69.5,0.3772786557674408,0.0,Medium,Re-engage: Best-seller showcase email + 15% discount
17723,At Risk,126,7,3378.4000000000005,482.6285714285715,375,41.0,0.3171406686306,0.0,Low,Monitor: Add to re-engagement campaign
17724,At Risk,70,3,1033.0,344.3333333333333,137,33.5,0.3458917438983917,0.0,Low,Monitor: Add to re-engagement campaign
17725,Champions,15,11,3439.08,312.64363636363635,266,24.5,0.1598271131515503,0.0,Low,Retain: Enrol in VIP loyalty program + send thank-you offer
17726,At Risk,394,7,1092.0600000000002,156.00857142857146,681,47.5,,,Lapsed,[Lapsed] Recovery: Time-limited 30% win-back discount + feedback survey
17727,Promising,14,1,1060.25,1060.25,14,,0.4873569905757904,0.0,Medium,Nudge: Reminder email + product recommendation + limited offer
17728,Champions,3,5,4238.76,847.7520000000001,452,112.0,0.3495640158653259,0.0,Low,Retain: Enrol in VIP loyalty program + send thank-you offer
17729,Lost Customers,595,1,438.65000000000003,438.65000000000003,595,,,,Lapsed,[Lapsed] Last Chance: Final win-back email + maximum discount
17730,Champions,2,20,7773.8,388.69,589,30.42105263157895,0.14037325978279114,0.0,Low,Retain: Enrol in VIP loyalty program + send thank-you offer
17731,At Risk,78,6,1708.99,284.83166666666665,668,117.6,0.43184134364128113,0.0,Medium,Re-engage: Best-seller showcase email + 15% discount
17732,At Risk,372,8,2166.42,270.8025,487,16.142857142857142,,,Lapsed,[Lapsed] Recovery: Time-limited 30% win-back discount + feedback survey
17733,Promising,38,2,692.19,346.095,261,222.0,0.5588669180870056,1.0,High,Urgent Re-engage: 20% discount coupon + highlight new arrivals
17734,At Risk,53,6,1442.3200000000002,240.38666666666668,641,117.2,0.48865216970443726,0.0,Medium,Re-engage: Best-seller showcase email + 15% discount
17735,Champions,1,26,16790.33,645.7819230769231,496,19.2,0.1532987654209137,0.0,Low,Retain: Enrol in VIP loyalty program + send thank-you offer
17736,Promising,8,3,377.44,125.81333333333333,112,51.5,0.3694590628147125,0.0,Medium,Nudge: Reminder email + product recommendation + limited offer
17737,Promising,8,2,168.24,84.12,57,49.0,0.478493332862854,0.0,Medium,Nudge: Reminder email + product recommendation + limited offer
17738,Champions,18,13,4183.56,321.81230769230774,630,50.666666666666664,0.2762323021888733,0.0,Low,Retain: Enrol in VIP loyalty program + send thank-you offer
17739,Champions,11,18,7730.59,429.4772222222222,732,42.05882352941177,0.1864856332540512,0.0,Low,Retain: Enrol in VIP loyalty program + send thank-you offer
17740,At Risk,388,6,426.90000000000003,71.15,696,61.2,,,Lapsed,[Lapsed] Recovery: Time-limited 30% win-back discount + feedback survey
17741,Lost Customers,406,2,101.1,50.55,560,153.0,,,Lapsed,[Lapsed] Last Chance: Final win-back email + maximum discount
17742,At Risk,112,11,2098.48,190.7709090909091,737,62.0,0.4569454789161682,0.0,Medium,Re-engage: Best-seller showcase email + 15% discount
17743,Lost Customers,447,1,229.2,229.2,447,,,,Lapsed,[Lapsed] Last Chance: Final win-back email + maximum discount
17744,Champions,3,7,2649.14,378.4485714285714,380,62.5,0.2665468752384186,0.0,Low,Retain: Enrol in VIP loyalty program + send thank-you offer
17745,Lost Customers,477,2,600.34,300.17,555,78.0,,,Lapsed,[Lapsed] Last Chance: Final win-back email + maximum discount
17746,At Risk,239,4,904.1800000000001,226.04500000000002,609,123.33333333333333,,,Lapsed,[Lapsed] Recovery: Time-limited 30% win-back discount + feedback survey
17747,Lost Customers,112,1,71.4,71.4,112,,0.6660829782485962,1.0,High,Last Chance: Final win-back email + maximum discount
17748,Lost Customers,526,1,358.15,358.15,526,,,,Lapsed,[Lapsed] Last Chance: Final win-back email + maximum discount
17749,At Risk,177,3,1026.18,342.06,545,183.5,,,Lapsed,[Lapsed] Recovery: Time-limited 30% win-back discount + feedback survey
17750,Champions,4,9,1797.57,199.73,163,19.25,0.15669845044612885,0.0,Low,Retain: Enrol in VIP loyalty program + send thank-you offer
17751,Lost Customers,420,1,157.85999999999999,157.85999999999999,420,,,,Lapsed,[Lapsed] Last Chance: Final win-back email + maximum discount
17752,Lost Customers,358,1,80.64,80.64,358,,,,Lapsed,[Lapsed] Last Chance: Final win-back email + maximum discount
17753,Lost Customers,463,4,390.55999999999995,97.63999999999999,701,79.0,,,Lapsed,[Lapsed] Last Chance: Final win-back email + maximum discount
17754,Champions,0,13,4577.53,352.11769230769227,727,60.166666666666664,0.26042595505714417,0.0,Low,Retain: Enrol in VIP loyalty program + send thank-you offer
17756,At Risk,375,3,733.7,244.5666666666667,393,8.5,,,Lapsed,[Lapsed] Recovery: Time-limited 30% win-back discount + feedback survey
17757,Champions,0,56,9130.0,163.03571428571428,694,12.10909090909091,0.135163813829422,0.0,Low,Retain: Enrol in VIP loyalty program + send thank-you offer
17758,Champions,18,12,5012.53,417.7108333333333,567,49.54545454545455,0.18893533945083618,0.0,Low,Retain: Enrol in VIP loyalty program + send thank-you offer
17759,Promising,16,5,1276.9099999999999,255.38199999999998,583,141.25,0.46911680698394775,0.0,Medium,Nudge: Reminder email + product recommendation + limited offer
17760,Promising,21,6,746.39,124.39833333333333,649,125.2,0.5759645104408264,1.0,High,Urgent Re-engage: 20% discount coupon + highlight new arrivals
17761,Promising,32,1,712.78,712.78,32,,0.5218629240989685,1.0,Medium,Nudge: Reminder email + product recommendation + limited offer
17762,Lost Customers,455,1,129.75,129.75,455,,,,Lapsed,[Lapsed] Last Chance: Final win-back email + maximum discount
17763,Lost Customers,262,4,86.15,21.5375,658,131.66666666666666,,,Lapsed,[Lapsed] Last Chance: Final win-back email + maximum discount
17764,At Risk,50,5,1623.64,324.728,735,171.0,0.5113595128059387,1.0,Medium,Re-engage: Best-seller showcase email + 15% discount
17765,At Risk,158,4,530.8,132.7,448,96.33333333333333,,,Lapsed,[Lapsed] Recovery: Time-limited 30% win-back discount + feedback survey
17766,Lost Customers,380,2,299.61,149.805,380,0.0,,,Lapsed,[Lapsed] Last Chance: Final win-back email + maximum discount
17767,Promising,14,2,413.04999999999995,206.52499999999998,409,394.0,0.6487911343574524,1.0,High,Urgent Re-engage: 20% discount coupon + highlight new arrivals
17768,Champions,7,7,3509.51,501.35857142857145,737,121.16666666666667,0.3700787425041199,0.0,Medium,Early Alert: Personalised product recommendation based on past purchases
17769,Champions,12,17,7103.08,417.82823529411763,689,41.6875,0.17321254312992096,0.0,Low,Retain: Enrol in VIP loyalty program + send thank-you offer
17770,At Risk,198,5,1143.27,228.654,281,20.5,,,Lapsed,[Lapsed] Recovery: Time-limited 30% win-back discount + feedback survey
17771,Promising,56,4,387.40999999999997,96.85249999999999,588,177.0,0.5848227143287659,1.0,High,Urgent Re-engage: 20% discount coupon + highlight new arrivals
17772,Promising,10,3,384.77,128.25666666666666,392,190.5,0.5412276983261108,1.0,Medium,Nudge: Reminder email + product recommendation + limited offer
17773,Lost Customers,513,2,585.27,292.635,689,175.0,,,Lapsed,[Lapsed] Last Chance: Final win-back email + maximum discount
17774,At Risk,96,9,3328.0499999999997,369.7833333333333,668,71.0,0.37825506925582886,0.0,Medium,Re-engage: Best-seller showcase email + 15% discount
17775,Lost Customers,254,1,56.4,56.4,254,,,,Lapsed,[Lapsed] Last Chance: Final win-back email + maximum discount
17776,Lost Customers,386,2,338.56,169.28,722,336.0,,,Lapsed,[Lapsed] Last Chance: Final win-back email + maximum discount
17777,Promising,24,3,665.86,221.95333333333335,99,37.0,0.32593095302581787,0.0,Low,Nurture: Monthly newsletter + loyalty point updates
17778,Lost Customers,661,1,197.70000000000002,197.70000000000002,661,,,,Lapsed,[Lapsed] Last Chance: Final win-back email + maximum discount
17779,Promising,20,3,658.5699999999999,219.5233333333333,143,60.5,0.34198129177093506,0.0,Low,Nurture: Monthly newsletter + loyalty point updates
17780,Lost Customers,666,3,352.90999999999997,117.63666666666666,684,8.5,,,Lapsed,[Lapsed] Last Chance: Final win-back email + maximum discount
17781,Lost Customers,158,2,188.01999999999998,94.00999999999999,252,93.0,,,Lapsed,[Lapsed] Last Chance: Final win-back email + maximum discount
17782,Lost Customers,382,2,679.02,339.51,382,0.0,,,Lapsed,[Lapsed] Last Chance: Final win-back email + maximum discount
17783,Promising,71,3,379.90999999999997,126.63666666666666,512,219.5,0.6111670732498169,1.0,High,Urgent Re-engage: 20% discount coupon + highlight new arrivals
17784,Lost Customers,549,1,112.86,112.86,549,,,,Lapsed,[Lapsed] Last Chance: Final win-back email + maximum discount
17785,Promising,52,3,403.38,134.46,564,255.5,0.630583643913269,1.0,High,Urgent Re-engage: 20% discount coupon + highlight new arrivals
17786,Lost Customers,84,2,278.74,139.37,316,231.0,0.6014995574951172,1.0,High,Last Chance: Final win-back email + maximum discount
17787,At Risk,152,4,1865.19,466.2975,370,72.0,,,Lapsed,[Lapsed] Recovery: Time-limited 30% win-back discount + feedback survey
17788,Promising,73,2,1117.9,558.95,129,55.0,0.37927061319351196,0.0,Medium,Nudge: Reminder email + product recommendation + limited offer
17789,Lost Customers,280,2,397.15,198.575,660,379.0,,,Lapsed,[Lapsed] Last Chance: Final win-back email + maximum discount
17790,Champions,26,20,2783.61,139.1805,543,26.736842105263158,0.18332456052303314,0.0,Low,Retain: Enrol in VIP loyalty program + send thank-you offer
17791,Promising,29,1,106.1,106.1,29,,0.5900856256484985,1.0,High,Urgent Re-engage: 20% discount coupon + highlight new arrivals
17792,Lost Customers,466,2,370.05,185.025,477,11.0,,,Lapsed,[Lapsed] Last Chance: Final win-back email + maximum discount
17793,Promising,24,1,323.04,323.04,24,,0.5416027903556824,1.0,Medium,Nudge: Reminder email + product recommendation + limited offer
17794,Lost Customers,686,2,147.3,73.65,688,1.0,,,Lapsed,[Lapsed] Last Chance: Final win-back email + maximum discount
17795,Lost Customers,179,2,350.39,175.195,264,85.0,,,Lapsed,[Lapsed] Last Chance: Final win-back email + maximum discount
17796,At Risk,39,7,1247.3400000000001,178.1914285714286,420,63.166666666666664,0.35199761390686035,0.0,Medium,Re-engage: Best-seller showcase email + 15% discount
17797,Champions,21,8,1985.8700000000001,248.23375000000001,723,99.85714285714286,0.40254470705986023,0.0,Medium,Early Alert: Personalised product recommendation based on past purchases
17798,Lost Customers,581,1,183.09,183.09,581,,,,Lapsed,[Lapsed] Last Chance: Final win-back email + maximum discount
17799,Champions,21,20,6341.89,317.09450000000004,725,36.578947368421055,0.18024061620235443,0.0,Low,Retain: Enrol in VIP loyalty program + send thank-you offer
17800,At Risk,36,9,1199.01,133.22333333333333,333,36.625,0.21512044966220856,0.0,Low,Monitor: Add to re-engagement campaign
17801,At Risk,450,3,798.3299999999999,266.10999999999996,691,120.0,,,Lapsed,[Lapsed] Recovery: Time-limited 30% win-back discount + feedback survey
17802,At Risk,81,10,4952.92,495.29200000000003,725,71.22222222222223,0.38054901361465454,0.0,Medium,Re-engage: Best-seller showcase email + 15% discount
17803,Lost Customers,391,1,184.66,184.66,391,,,,Lapsed,[Lapsed] Last Chance: Final win-back email + maximum discount
17804,Lost Customers,375,3,385.23,128.41,738,181.0,,,Lapsed,[Lapsed] Last Chance: Final win-back email + maximum discount
17805,Promising,73,2,927.03,463.515,609,536.0,0.5836517214775085,1.0,High,Urgent Re-engage: 20% discount coupon + highlight new arrivals
17806,Promising,10,1,546.04,546.04,10,,0.49799877405166626,0.0,Medium,Nudge: Reminder email + product recommendation + limited offer
17807,Lost Customers,394,3,437.87,145.95666666666668,703,154.5,,,Lapsed,[Lapsed] Last Chance: Final win-back email + maximum discount
17808,Lost Customers,548,4,262.64,65.66,580,10.0,,,Lapsed,[Lapsed] Last Chance: Final win-back email + maximum discount
17809,Champions,15,20,10085.89,504.29449999999997,736,37.526315789473685,0.1505812108516693,0.0,Low,Retain: Enrol in VIP loyalty program + send thank-you offer
17810,Lost Customers,668,2,374.81,187.405,683,15.0,,,Lapsed,[Lapsed] Last Chance: Final win-back email + maximum discount
17811,Champions,3,47,9609.8,204.46382978723403,445,9.065217391304348,0.135163813829422,0.0,Low,Retain: Enrol in VIP loyalty program + send thank-you offer
17812,Promising,12,7,948.3399999999999,135.47714285714284,529,85.66666666666667,0.4002755284309387,0.0,Medium,Nudge: Reminder email + product recommendation + limited offer
17813,Promising,13,5,1770.88,354.17600000000004,70,14.0,0.18258774280548096,0.0,Low,Nurture: Monthly newsletter + loyalty point updates
17814,At Risk,374,2,1617.3200000000002,808.6600000000001,421,47.0,,,Lapsed,[Lapsed] Recovery: Time-limited 30% win-back discount + feedback survey
17815,Lost Customers,392,1,591.96,591.96,392,,,,Lapsed,[Lapsed] Last Chance: Final win-back email + maximum discount
17816,Promising,36,6,96.11,16.018333333333334,723,137.0,0.5283147692680359,1.0,Medium,Nudge: Reminder email + product recommendation + limited offer
17817,Promising,3,6,807.85,134.64166666666668,421,83.2,0.46782538294792175,0.0,Medium,Nudge: Reminder email + product recommendation + limited offer
17818,Lost Customers,737,1,130.18,130.18,737,,,,Lapsed,[Lapsed] Last Chance: Final win-back email + maximum discount
17819,Champions,71,12,6021.05,501.75416666666666,725,59.0,0.27634942531585693,0.0,Low,Retain: Enrol in VIP loyalty program + send thank-you offer
17820,Lost Customers,373,1,183.56,183.56,373,,,,Lapsed,[Lapsed] Last Chance: Final win-back email + maximum discount
17821,Lost Customers,405,1,334.62,334.62,405,,,,Lapsed,[Lapsed] Last Chance: Final win-back email + maximum discount
17822,At Risk,419,5,2188.5,437.7,560,35.0,,,Lapsed,[Lapsed] Recovery: Time-limited 30% win-back discount + feedback survey
17823,Lost Customers,420,2,494.25,247.125,420,0.0,,,Lapsed,[Lapsed] Last Chance: Final win-back email + maximum discount
17824,Promising,50,1,298.4,298.4,50,,0.5598364472389221,1.0,High,Urgent Re-engage: 20% discount coupon + highlight new arrivals
17825,At Risk,598,4,731.96,182.99,725,42.0,,,Lapsed,[Lapsed] Recovery: Time-limited 30% win-back discount + feedback survey
17826,Lost Customers,373,1,134.59,134.59,373,,,,Lapsed,[Lapsed] Last Chance: Final win-back email + maximum discount
17827,Champions,4,6,2388.0499999999997,398.00833333333327,621,122.8,0.28662213683128357,0.0,Low,Retain: Enrol in VIP loyalty program + send thank-you offer
17828,Promising,22,4,1820.0900000000001,455.02250000000004,184,53.666666666666664,0.2762323021888733,0.0,Low,Nurture: Monthly newsletter + loyalty point updates
17829,At Risk,298,5,4756.74,951.348,654,88.75,,,Lapsed,[Lapsed] Recovery: Time-limited 30% win-back discount + feedback survey
17830,Promising,1,3,398.7,132.9,288,143.5,0.5307253003120422,1.0,Medium,Nudge: Reminder email + product recommendation + limited offer
17831,Lost Customers,32,1,35.400000000000006,35.400000000000006,32,,0.6293593049049377,1.0,High,Last Chance: Final win-back email + maximum discount
17832,Lost Customers,49,1,155.37,155.37,49,,0.5858664512634277,1.0,High,Last Chance: Final win-back email + maximum discount
17833,Lost Customers,722,1,342.36,342.36,722,,,,Lapsed,[Lapsed] Last Chance: Final win-back email + maximum discount
17834,Lost Customers,414,2,730.47,365.235,444,30.0,,,Lapsed,[Lapsed] Last Chance: Final win-back email + maximum discount
17835,Promising,2,3,350.64,116.88,22,10.0,0.402976393699646,0.0,Medium,Nudge: Reminder email + product recommendation + limited offer
17836,Lost Customers,46,1,110.21000000000001,110.21000000000001,46,,0.6021268963813782,1.0,High,Last Chance: Final win-back email + maximum discount
17837,At Risk,41,8,1593.38,199.1725,162,16.857142857142858,0.1908348947763443,0.0,Low,Monitor: Add to re-engagement campaign
17838,Champions,26,13,5787.34,445.18,630,49.833333333333336,0.2488667070865631,0.0,Low,Retain: Enrol in VIP loyalty program + send thank-you offer
17839,Promising,41,1,338.8,338.8,41,,0.5667715072631836,1.0,High,Urgent Re-engage: 20% discount coupon + highlight new arrivals
17840,Lost Customers,443,1,185.72,185.72,443,,,,Lapsed,[Lapsed] Last Chance: Final win-back email + maximum discount
17841,Champions,1,211,69342.51,328.6374881516587,736,3.033333333333333,0.135163813829422,0.0,Low,Retain: Enrol in VIP loyalty program + send thank-you offer
17842,Lost Customers,601,1,430.69,430.69,601,,,,Lapsed,[Lapsed] Last Chance: Final win-back email + maximum discount
17843,Lost Customers,302,2,326.23,163.115,411,108.0,,,Lapsed,[Lapsed] Last Chance: Final win-back email + maximum discount
17844,Lost Customers,106,1,51.559999999999995,51.559999999999995,106,,0.6660829782485962,1.0,High,Last Chance: Final win-back email + maximum discount
17845,At Risk,554,4,598.19,149.5475,575,7.0,,,Lapsed,[Lapsed] Recovery: Time-limited 30% win-back discount + feedback survey
17846,At Risk,84,1,2033.1,2033.1,84,,0.5311329364776611,1.0,Medium,Re-engage: Best-seller showcase email + 15% discount
17847,Lost Customers,515,2,129.69,64.845,644,129.0,,,Lapsed,[Lapsed] Last Chance: Final win-back email + maximum discount
17848,Champions,80,30,3650.9,121.69666666666667,732,21.96551724137931,0.3490438759326935,0.0,Low,Retain: Enrol in VIP loyalty program + send thank-you offer
17849,At Risk,217,8,1063.76,132.97,634,59.285714285714285,,,Lapsed,[Lapsed] Recovery: Time-limited 30% win-back discount + feedback survey
17850,Champions,371,155,51208.87,330.3798064516129,734,2.25974025974026,,,Lapsed,[Lapsed] VIP Win-Back: Personal call + exclusive loyalty reward + free shipping
17851,At Risk,421,6,1563.3400000000001,260.5566666666667,735,62.2,,,Lapsed,[Lapsed] Recovery: Time-limited 30% win-back discount + feedback survey
17852,Promising,11,5,663.21,132.642,730,179.75,0.544354259967804,1.0,Medium,Nudge: Reminder email + product recommendation + limited offer
17853,At Risk,406,3,1608.19,536.0633333333334,735,164.0,,,Lapsed,[Lapsed] Recovery: Time-limited 30% win-back discount + feedback survey
17854,At Risk,184,6,1071.45,178.57500000000002,731,108.8,,,Lapsed,[Lapsed] Recovery: Time-limited 30% win-back discount + feedback survey
17855,Lost Customers,372,1,208.97,208.97,372,,,,Lapsed,[Lapsed] Last Chance: Final win-back email + maximum discount
17856,Promising,1,4,1418.03,354.5075,281,92.66666666666667,0.34735533595085144,0.0,Low,Nurture: Monthly newsletter + loyalty point updates
17857,Champions,3,24,27347.04,1139.46,641,27.217391304347824,0.1386200189590454,0.0,Low,Retain: Enrol in VIP loyalty program + send thank-you offer
17858,Champions,5,30,12546.4,418.2133333333333,732,24.620689655172413,0.15713442862033844,0.0,Low,Retain: Enrol in VIP loyalty program + send thank-you offer
17859,Lost Customers,304,1,148.21,148.21,304,,,,Lapsed,[Lapsed] Last Chance: Final win-back email + maximum discount
17860,At Risk,368,4,762.74,190.685,727,119.33333333333333,,,Lapsed,[Lapsed] Recovery: Time-limited 30% win-back discount + feedback survey
17861,Champions,2,18,5127.69,284.87166666666667,729,42.294117647058826,0.2041988968849182,0.0,Low,Retain: Enrol in VIP loyalty program + send thank-you offer
17862,At Risk,323,4,1279.0900000000001,319.77250000000004,562,79.66666666666667,,,Lapsed,[Lapsed] Recovery: Time-limited 30% win-back discount + feedback survey
17863,Champions,58,12,5360.48,446.70666666666665,652,53.45454545454545,0.27311283349990845,0.0,Low,Retain: Enrol in VIP loyalty program + send thank-you offer
17864,Promising,12,5,924.32,184.864,427,103.25,0.423636257648468,0.0,Medium,Nudge: Reminder email + product recommendation + limited offer
17865,Champions,30,46,26374.39,573.356304347826,738,15.422222222222222,0.14346840977668762,0.0,Low,Retain: Enrol in VIP loyalty program + send thank-you offer
17866,At Risk,142,3,1134.95,378.31666666666666,724,290.5,,,Lapsed,[Lapsed] Recovery: Time-limited 30% win-back discount + feedback survey
17867,Champions,29,15,1621.28,108.08533333333334,736,50.142857142857146,0.258455753326416,0.0,Low,Retain: Enrol in VIP loyalty program + send thank-you offer
17868,Lost Customers,385,1,234.65,234.65,385,,,,Lapsed,[Lapsed] Last Chance: Final win-back email + maximum discount
17869,At Risk,106,7,821.84,117.4057142857143,546,73.0,0.5012591481208801,1.0,Medium,Re-engage: Best-seller showcase email + 15% discount
17870,Champions,1,13,2781.75,213.98076923076923,381,31.25,0.1552872508764267,0.0,Low,Retain: Enrol in VIP loyalty program + send thank-you offer
17871,At Risk,204,5,1118.99,223.798,692,121.75,,,Lapsed,[Lapsed] Recovery: Time-limited 30% win-back discount + feedback survey
17872,Lost Customers,381,1,235.87,235.87,381,,,,Lapsed,[Lapsed] Last Chance: Final win-back email + maximum discount
17873,Champions,79,18,6300.73,350.04055555555556,722,37.529411764705884,0.3426443040370941,0.0,Low,Retain: Enrol in VIP loyalty program + send thank-you offer
17874,At Risk,184,6,683.46,113.91000000000001,255,13.8,,,Lapsed,[Lapsed] Recovery: Time-limited 30% win-back discount + feedback survey
17875,Lost Customers,687,1,167.1,167.1,687,,,,Lapsed,[Lapsed] Last Chance: Final win-back email + maximum discount
17876,At Risk,399,3,3424.02,1141.34,674,137.5,,,Lapsed,[Lapsed] Recovery: Time-limited 30% win-back discount + feedback survey
17877,Lost Customers,169,1,237.61,237.61,169,,,,Lapsed,[Lapsed] Last Chance: Final win-back email + maximum discount
17878,Promising,43,3,1412.33,470.77666666666664,394,175.5,0.5768178105354309,1.0,High,Urgent Re-engage: 20% discount coupon + highlight new arrivals
17879,Lost Customers,173,1,178.52,178.52,173,,,,Lapsed,[Lapsed] Last Chance: Final win-back email + maximum discount
17880,At Risk,364,3,824.9200000000001,274.97333333333336,729,182.0,,,Lapsed,[Lapsed] Recovery: Time-limited 30% win-back discount + feedback survey
17881,Lost Customers,303,1,133.35,133.35,303,,,,Lapsed,[Lapsed] Last Chance: Final win-back email + maximum discount
17882,Lost Customers,378,2,313.46,156.73,378,0.0,,,Lapsed,[Lapsed] Last Chance: Final win-back email + maximum discount
17883,Promising,2,7,995.85,142.2642857142857,651,107.83333333333333,0.4214499890804291,0.0,Medium,Nudge: Reminder email + product recommendation + limited offer
17884,Champions,3,20,2748.27,137.4135,734,38.05263157894737,0.4302177131175995,0.0,Medium,Early Alert: Personalised product recommendation based on past purchases
17885,Promising,11,1,190.19,190.19,11,,0.5446436405181885,1.0,Medium,Nudge: Reminder email + product recommendation + limited offer
17886,At Risk,31,6,1608.38,268.06333333333333,589,110.8,0.44047456979751587,0.0,Medium,Re-engage: Best-seller showcase email + 15% discount
17887,Lost Customers,128,1,111.35,111.35,128,,0.626728892326355,1.0,High,Last Chance: Final win-back email + maximum discount
17888,Champions,20,25,1820.44,72.8176,717,28.5,0.2572518587112427,0.0,Low,Retain: Enrol in VIP loyalty program + send thank-you offer
17889,At Risk,211,7,774.87,110.69571428571429,618,67.33333333333333,,,Lapsed,[Lapsed] Recovery: Time-limited 30% win-back discount + feedback survey
17890,Lost Customers,322,2,602.0899999999999,301.04499999999996,360,38.0,,,Lapsed,[Lapsed] Last Chance: Final win-back email + maximum discount
17891,Lost Customers,161,1,203.85999999999999,203.85999999999999,161,,,,Lapsed,[Lapsed] Last Chance: Final win-back email + maximum discount
17892,Promising,55,3,244.1,81.36666666666666,154,49.5,0.4659840762615204,0.0,Medium,Nudge: Reminder email + product recommendation + limited offer
17893,Lost Customers,224,1,112.25,112.25,224,,,,Lapsed,[Lapsed] Last Chance: Final win-back email + maximum discount
17894,Champions,71,18,2346.61,130.36722222222224,468,22.823529411764707,0.3204857409000397,0.0,Low,Retain: Enrol in VIP loyalty program + send thank-you offer
17895,Lost Customers,43,1,98.0,98.0,43,,0.6303059458732605,1.0,High,Last Chance: Final win-back email + maximum discount
17896,Promising,22,1,256.32,256.32,22,,0.5414256453514099,1.0,Medium,Nudge: Reminder email + product recommendation + limited offer
17897,At Risk,172,9,2150.38,238.93111111111114,575,50.0,,,Lapsed,[Lapsed] Recovery: Time-limited 30% win-back discount + feedback survey
17898,Promising,84,4,299.18,74.795,566,160.0,0.6230254769325256,1.0,High,Urgent Re-engage: 20% discount coupon + highlight new arrivals
17899,Lost Customers,158,1,155.8,155.8,158,,,,Lapsed,[Lapsed] Last Chance: Final win-back email + maximum discount
17900,Lost Customers,189,2,112.19999999999999,56.099999999999994,189,0.0,,,Lapsed,[Lapsed] Last Chance: Final win-back email + maximum discount
17901,Promising,28,3,260.08,86.69333333333333,521,246.0,0.6024781465530396,1.0,High,Urgent Re-engage: 20% discount coupon + highlight new arrivals
17902,Lost Customers,546,1,216.4,216.4,546,,,,Lapsed,[Lapsed] Last Chance: Final win-back email + maximum discount
17903,Lost Customers,393,1,381.09000000000003,381.09000000000003,393,,,,Lapsed,[Lapsed] Last Chance: Final win-back email + maximum discount
17904,Promising,20,1,191.67000000000002,191.67000000000002,20,,0.5487217307090759,1.0,Medium,Nudge: Reminder email + product recommendation + limited offer
17905,At Risk,70,13,2181.77,167.82846153846154,679,50.25,0.3817272186279297,0.0,Medium,Re-engage: Best-seller showcase email + 15% discount
17906,Lost Customers,246,1,72.9,72.9,246,,,,Lapsed,[Lapsed] Last Chance: Final win-back email + maximum discount
17907,Lost Customers,640,1,291.76,291.76,640,,,,Lapsed,[Lapsed] Last Chance: Final win-back email + maximum discount
17908,At Risk,373,5,1168.26,233.652,725,87.5,,,Lapsed,[Lapsed] Recovery: Time-limited 30% win-back discount + feedback survey
17909,Lost Customers,736,1,132.55,132.55,736,,,,Lapsed,[Lapsed] Last Chance: Final win-back email + maximum discount
17910,Lost Customers,725,1,261.7,261.7,725,,,,Lapsed,[Lapsed] Last Chance: Final win-back email + maximum discount
17911,Promising,8,1,366.23,366.23,8,,0.5266326069831848,1.0,Medium,Nudge: Reminder email + product recommendation + limited offer
17912,At Risk,309,6,375.5,62.583333333333336,374,12.6,,,Lapsed,[Lapsed] Recovery: Time-limited 30% win-back discount + feedback survey
17913,Champions,58,14,3479.64,248.54571428571427,735,51.69230769230769,0.4319097399711609,0.0,Medium,Early Alert: Personalised product recommendation based on past purchases
17914,Promising,3,1,336.43,336.43,3,,0.5388541221618652,1.0,Medium,Nudge: Reminder email + product recommendation + limited offer
17915,Lost Customers,550,1,242.13,242.13,550,,,,Lapsed,[Lapsed] Last Chance: Final win-back email + maximum discount
17916,Lost Customers,628,2,43.870000000000005,21.935000000000002,732,104.0,,,Lapsed,[Lapsed] Last Chance: Final win-back email + maximum discount
17917,Promising,44,3,341.28,113.75999999999999,362,158.0,0.5629206299781799,1.0,High,Urgent Re-engage: 20% discount coupon + highlight new arrivals
17918,Lost Customers,500,3,396.39,132.13,504,2.0,,,Lapsed,[Lapsed] Last Chance: Final win-back email + maximum discount
17919,At Risk,87,2,1840.32,920.16,438,350.0,0.5557758808135986,1.0,High,Recovery: Time-limited 30% win-back discount + feedback survey
17920,Champions,3,54,23780.55,440.38055555555553,733,13.283018867924529,0.135163813829422,0.0,Low,Retain: Enrol in VIP loyalty program + send thank-you offer
17921,At Risk,63,10,2423.5,242.35,511,49.22222222222222,0.40557536482810974,0.0,Medium,Re-engage: Best-seller showcase email + 15% discount
17922,Lost Customers,542,1,170.4,170.4,542,,,,Lapsed,[Lapsed] Last Chance: Final win-back email + maximum discount
17923,Lost Customers,281,3,497.0,165.66666666666666,543,130.5,,,Lapsed,[Lapsed] Last Chance: Final win-back email + maximum discount
17924,Champions,11,8,3257.7000000000003,407.21250000000003,414,57.142857142857146,0.2516452968120575,0.0,Low,Retain: Enrol in VIP loyalty program + send thank-you offer
17925,Lost Customers,372,1,244.08,244.08,372,,,,Lapsed,[Lapsed] Last Chance: Final win-back email + maximum discount
17926,At Risk,132,5,1035.49,207.098,578,111.0,0.5285158157348633,1.0,Medium,Re-engage: Best-seller showcase email + 15% discount
17927,Lost Customers,721,1,294.0,294.0,721,,,,Lapsed,[Lapsed] Last Chance: Final win-back email + maximum discount
17928,Promising,44,3,341.24,113.74666666666667,570,262.5,0.6519129872322083,1.0,High,Urgent Re-engage: 20% discount coupon + highlight new arrivals
17929,Champions,10,12,3082.1,256.84166666666664,730,65.0,0.36377042531967163,0.0,Medium,Early Alert: Personalised product recommendation based on past purchases
17930,Champions,35,13,4275.22,328.86307692307696,645,50.333333333333336,0.23055152595043182,0.0,Low,Retain: Enrol in VIP loyalty program + send thank-you offer
17931,At Risk,133,14,3437.29,245.5207142857143,660,40.07692307692308,0.47303542494773865,0.0,Medium,Re-engage: Best-seller showcase email + 15% discount
17932,Promising,28,3,1331.57,443.8566666666666,210,90.5,0.3844951093196869,0.0,Medium,Nudge: Reminder email + product recommendation + limited offer
17933,Lost Customers,631,1,114.69,114.69,631,,,,Lapsed,[Lapsed] Last Chance: Final win-back email + maximum discount
17934,Promising,51,3,1049.15,349.7166666666667,406,177.0,0.49417203664779663,0.0,Medium,Nudge: Reminder email + product recommendation + limited offer
17935,At Risk,137,7,686.14,98.02,734,99.0,,,Lapsed,[Lapsed] Recovery: Time-limited 30% win-back discount + feedback survey
17936,Promising,4,1,389.84,389.84,4,,0.5388541221618652,1.0,Medium,Nudge: Reminder email + product recommendation + limited offer
17937,Champions,8,7,4301.22,614.46,361,58.666666666666664,0.2418288141489029,0.0,Low,Retain: Enrol in VIP loyalty program + send thank-you offer
17938,Lost Customers,419,1,144.29,144.29,419,,,,Lapsed,[Lapsed] Last Chance: Final win-back email + maximum discount
17939,Lost Customers,159,1,99.14,99.14,159,,,,Lapsed,[Lapsed] Last Chance: Final win-back email + maximum discount
17940,Champions,48,16,30393.190000000002,1899.5743750000001,736,45.333333333333336,0.23323571681976318,0.0,Low,Retain: Enrol in VIP loyalty program + send thank-you offer
17941,At Risk,130,4,1433.28,358.32,701,190.0,0.5312163233757019,1.0,Medium,Re-engage: Best-seller showcase email + 15% discount
17942,Promising,7,1,77.50000000000001,77.50000000000001,7,,0.6259864568710327,1.0,High,Urgent Re-engage: 20% discount coupon + highlight new arrivals
17944,Lost Customers,422,1,75.41,75.41,422,,,,Lapsed,[Lapsed] Last Chance: Final win-back email + maximum discount
17945,Lost Customers,696,3,360.35,120.11666666666667,696,0.0,,,Lapsed,[Lapsed] Last Chance: Final win-back email + maximum discount
17946,Lost Customers,232,2,149.57999999999998,74.78999999999999,258,26.0,,,Lapsed,[Lapsed] Last Chance: Final win-back email + maximum discount
17947,Promising,36,1,176.68,176.68,36,,0.5776808261871338,1.0,High,Urgent Re-engage: 20% discount coupon + highlight new arrivals
17948,Lost Customers,146,1,358.56000000000006,358.56000000000006,146,,,,Lapsed,[Lapsed] Last Chance: Final win-back email + maximum discount
17949,Champions,0,118,117314.08,994.1871186440678,737,5.982905982905983,0.135163813829422,0.0,Low,Retain: Enrol in VIP loyalty program + send thank-you offer
17950,At Risk,71,7,1169.6399999999999,167.09142857142857,703,104.83333333333333,0.4682941734790802,0.0,Medium,Re-engage: Best-seller showcase email + 15% discount
17951,Promising,39,4,1340.5800000000002,335.14500000000004,403,121.0,0.4579106569290161,0.0,Medium,Nudge: Reminder email + product recommendation + limited offer
17952,At Risk,377,4,819.61,204.9025,541,54.333333333333336,,,Lapsed,[Lapsed] Recovery: Time-limited 30% win-back discount + feedback survey
17953,Lost Customers,539,1,160.82,160.82,539,,,,Lapsed,[Lapsed] Last Chance: Final win-back email + maximum discount
17954,Champions,4,19,3837.37,201.96684210526314,729,39.833333333333336,0.21462470293045044,0.0,Low,Retain: Enrol in VIP loyalty program + send thank-you offer
17955,At Risk,198,6,949.9,158.31666666666666,664,93.0,,,Lapsed,[Lapsed] Recovery: Time-limited 30% win-back discount + feedback survey
17956,Lost Customers,248,1,12.75,12.75,248,,,,Lapsed,[Lapsed] Last Chance: Final win-back email + maximum discount
17957,Lost Customers,65,1,111.68,111.68,65,,0.6170873045921326,1.0,High,Last Chance: Final win-back email + maximum discount
17958,At Risk,116,2,973.88,486.94,727,611.0,0.5968014597892761,1.0,High,Recovery: Time-limited 30% win-back discount + feedback survey
17959,Lost Customers,591,1,140.75,140.75,591,,,,Lapsed,[Lapsed] Last Chance: Final win-back email + maximum discount
17960,Lost Customers,170,3,135.08,45.02666666666667,641,234.5,,,Lapsed,[Lapsed] Last Chance: Final win-back email + maximum discount
17961,Champions,20,100,2867.9900000000002,28.679900000000004,737,6.808080808080808,0.20948649942874908,0.0,Low,Retain: Enrol in VIP loyalty program + send thank-you offer
17962,At Risk,141,4,687.42,171.855,694,184.0,,,Lapsed,[Lapsed] Recovery: Time-limited 30% win-back discount + feedback survey
17963,At Risk,470,4,651.51,162.8775,688,72.0,,,Lapsed,[Lapsed] Recovery: Time-limited 30% win-back discount + feedback survey
17964,Promising,31,2,471.7,235.85,371,340.0,0.6238967776298523,1.0,High,Urgent Re-engage: 20% discount coupon + highlight new arrivals
17965,Champions,37,29,7084.18,244.28206896551725,724,24.071428571428573,0.1816502809524536,0.0,Low,Retain: Enrol in VIP loyalty program + send thank-you offer
17966,At Risk,37,10,1974.42,197.442,689,72.22222222222223,0.3430287539958954,0.0,Low,Monitor: Add to re-engagement campaign
17967,Lost Customers,371,2,234.22,117.11,415,44.0,,,Lapsed,[Lapsed] Last Chance: Final win-back email + maximum discount
17968,At Risk,373,4,610.69,152.6725,511,46.0,,,Lapsed,[Lapsed] Recovery: Time-limited 30% win-back discount + feedback survey
17969,At Risk,165,20,2369.94,118.497,732,29.31578947368421,,,Lapsed,[Lapsed] Recovery: Time-limited 30% win-back discount + feedback survey
17970,Lost Customers,210,1,582.59,582.59,210,,,,Lapsed,[Lapsed] Last Chance: Final win-back email + maximum discount
17971,Lost Customers,547,1,161.94,161.94,547,,,,Lapsed,[Lapsed] Last Chance: Final win-back email + maximum discount
17972,Lost Customers,241,1,136.04,136.04,241,,,,Lapsed,[Lapsed] Last Chance: Final win-back email + maximum discount
17973,Promising,51,1,337.04,337.04,51,,0.5667715072631836,1.0,High,Urgent Re-engage: 20% discount coupon + highlight new arrivals
17974,Promising,24,6,1858.06,309.6766666666667,406,76.0,0.39393189549446106,0.0,Medium,Nudge: Reminder email + product recommendation + limited offer
17975,Champions,14,24,6714.7300000000005,279.78041666666667,490,20.043478260869566,0.16593889892101288,0.0,Low,Retain: Enrol in VIP loyalty program + send thank-you offer
17976,Lost Customers,371,1,353.19,353.19,371,,,,Lapsed,[Lapsed] Last Chance: Final win-back email + maximum discount
17977,Promising,28,2,1565.63,782.815,399,370.0,0.6567310094833374,1.0,High,Urgent Re-engage: 20% discount coupon + highlight new arrivals
17978,At Risk,364,4,1160.84,290.21,730,121.66666666666667,,,Lapsed,[Lapsed] Recovery: Time-limited 30% win-back discount + feedback survey
17979,Promising,35,4,757.71,189.4275,259,74.33333333333333,0.40453439950942993,0.0,Medium,Nudge: Reminder email + product recommendation + limited offer
17980,At Risk,165,4,1033.42,258.355,392,75.33333333333333,,,Lapsed,[Lapsed] Recovery: Time-limited 30% win-back discount + feedback survey
17981,Lost Customers,410,1,239.12,239.12,410,,,,Lapsed,[Lapsed] Last Chance: Final win-back email + maximum discount
17982,Lost Customers,680,1,138.18,138.18,680,,,,Lapsed,[Lapsed] Last Chance: Final win-back email + maximum discount
17983,Lost Customers,394,1,171.71,171.71,394,,,,Lapsed,[Lapsed] Last Chance: Final win-back email + maximum discount
17984,At Risk,144,5,1191.27,238.254,738,147.75,,,Lapsed,[Lapsed] Recovery: Time-limited 30% win-back discount + feedback survey
17985,Promising,21,1,634.95,634.95,21,,0.508925199508667,1.0,Medium,Nudge: Reminder email + product recommendation + limited offer
17986,Lost Customers,55,1,20.8,20.8,55,,0.6025055646896362,1.0,High,Last Chance: Final win-back email + maximum discount
17987,At Risk,184,5,1003.64,200.728,550,91.0,,,Lapsed,[Lapsed] Recovery: Time-limited 30% win-back discount + feedback survey
17988,Promising,11,14,489.54,34.96714285714286,731,55.07692307692308,0.3764101266860962,0.0,Medium,Nudge: Reminder email + product recommendation + limited offer
17989,Lost Customers,378,1,228.83,228.83,378,,,,Lapsed,[Lapsed] Last Chance: Final win-back email + maximum discount
17990,At Risk,236,6,1527.6100000000001,254.6016666666667,731,98.6,,,Lapsed,[Lapsed] Recovery: Time-limited 30% win-back discount + feedback survey
17991,Lost Customers,224,3,320.55,106.85000000000001,591,182.5,,,Lapsed,[Lapsed] Last Chance: Final win-back email + maximum discount
17992,Lost Customers,388,1,254.13,254.13,388,,,,Lapsed,[Lapsed] Last Chance: Final win-back email + maximum discount
17993,Lost Customers,616,1,235.19,235.19,616,,,,Lapsed,[Lapsed] Last Chance: Final win-back email + maximum discount
17994,At Risk,121,11,2313.3199999999997,210.30181818181816,620,49.5,0.40709808468818665,0.0,Medium,Re-engage: Best-seller showcase email + 15% discount
17995,Lost Customers,281,3,495.48,165.16,386,52.0,,,Lapsed,[Lapsed] Last Chance: Final win-back email + maximum discount
17996,Lost Customers,379,3,482.33000000000004,160.77666666666667,546,83.0,,,Lapsed,[Lapsed] Last Chance: Final win-back email + maximum discount
17997,At Risk,73,8,1970.6699999999998,246.33374999999998,163,12.142857142857142,0.3122482895851135,0.0,Low,Monitor: Add to re-engagement campaign
17998,Lost Customers,379,3,639.24,213.08,737,178.5,,,Lapsed,[Lapsed] Last Chance: Final win-back email + maximum discount
17999,Promising,36,3,540.56,180.18666666666664,377,170.5,0.5814902782440186,1.0,High,Urgent Re-engage: 20% discount coupon + highlight new arrivals
18000,Lost Customers,563,1,124.25,124.25,563,,,,Lapsed,[Lapsed] Last Chance: Final win-back email + maximum discount
18001,Promising,11,6,953.8399999999999,158.97333333333333,736,144.4,0.5226132869720459,1.0,Medium,Nudge: Reminder email + product recommendation + limited offer
18002,Lost Customers,375,4,249.92,62.48,731,118.0,,,Lapsed,[Lapsed] Last Chance: Final win-back email + maximum discount
18003,Lost Customers,375,1,358.61,358.61,375,,,,Lapsed,[Lapsed] Last Chance: Final win-back email + maximum discount
18004,Lost Customers,361,1,169.47,169.47,361,,,,Lapsed,[Lapsed] Last Chance: Final win-back email + maximum discount
18005,Promising,3,2,249.72,124.86,46,43.0,0.46512460708618164,0.0,Medium,Nudge: Reminder email + product recommendation + limited offer
18006,Promising,22,4,997.86,249.465,722,232.66666666666666,0.4869084060192108,0.0,Medium,Nudge: Reminder email + product recommendation + limited offer
18007,Lost Customers,392,1,220.32,220.32,392,,,,Lapsed,[Lapsed] Last Chance: Final win-back email + maximum discount
18008,Champions,69,23,19787.13,860.3100000000001,702,28.227272727272727,0.23462285101413727,0.0,Low,Retain: Enrol in VIP loyalty program + send thank-you offer
18009,At Risk,234,8,2155.83,269.47875,652,59.142857142857146,,,Lapsed,[Lapsed] Recovery: Time-limited 30% win-back discount + feedback survey
18010,Lost Customers,256,1,174.8,174.8,256,,,,Lapsed,[Lapsed] Last Chance: Final win-back email + maximum discount
18011,Lost Customers,372,2,424.24,212.12,566,194.0,,,Lapsed,[Lapsed] Last Chance: Final win-back email + maximum discount
18012,Lost Customers,722,1,115.3,115.3,722,,,,Lapsed,[Lapsed] Last Chance: Final win-back email + maximum discount
18013,Lost Customers,154,2,187.29000000000002,93.64500000000001,154,0.0,,,Lapsed,[Lapsed] Last Chance: Final win-back email + maximum discount
18014,Promising,27,1,166.42,166.42,27,,0.5616953372955322,1.0,High,Urgent Re-engage: 20% discount coupon + highlight new arrivals
18015,Promising,3,1,120.03,120.03,3,,0.5689865350723267,1.0,High,Urgent Re-engage: 20% discount coupon + highlight new arrivals
18016,At Risk,31,7,1960.46,280.0657142857143,680,107.5,0.36877042055130005,0.0,Medium,Re-engage: Best-seller showcase email + 15% discount
18017,At Risk,80,4,688.0,172.0,430,116.33333333333333,0.48215168714523315,0.0,Medium,Re-engage: Best-seller showcase email + 15% discount
18018,Lost Customers,107,4,297.99,74.4975,420,103.66666666666667,0.6056140065193176,1.0,High,Last Chance: Final win-back email + maximum discount
18019,Lost Customers,51,1,38.45,38.45,51,,0.6494171023368835,1.0,High,Last Chance: Final win-back email + maximum discount
18020,Lost Customers,543,1,190.48000000000002,190.48000000000002,543,,,,Lapsed,[Lapsed] Last Chance: Final win-back email + maximum discount
18021,Lost Customers,509,2,227.06,113.53,511,2.0,,,Lapsed,[Lapsed] Last Chance: Final win-back email + maximum discount
18022,At Risk,35,5,1651.79,330.358,545,127.0,0.4579106569290161,0.0,Medium,Re-engage: Best-seller showcase email + 15% discount
18024,Lost Customers,152,2,389.78,194.89,152,0.0,,,Lapsed,[Lapsed] Last Chance: Final win-back email + maximum discount
18025,At Risk,379,6,1177.72,196.28666666666666,618,47.4,,,Lapsed,[Lapsed] Recovery: Time-limited 30% win-back discount + feedback survey
18026,At Risk,500,2,2074.07,1037.035,504,4.0,,,Lapsed,[Lapsed] Recovery: Time-limited 30% win-back discount + feedback survey
18027,Lost Customers,98,1,115.31,115.31,98,,0.626728892326355,1.0,High,Last Chance: Final win-back email + maximum discount
18028,Lost Customers,582,1,192.05,192.05,582,,,,Lapsed,[Lapsed] Last Chance: Final win-back email + maximum discount
18029,Lost Customers,641,1,433.77,433.77,641,,,,Lapsed,[Lapsed] Last Chance: Final win-back email + maximum discount
18030,Promising,3,2,230.64999999999998,115.32499999999999,41,38.0,0.48486194014549255,0.0,Medium,Nudge: Reminder email + product recommendation + limited offer
18031,Lost Customers,378,1,462.1,462.1,378,,,,Lapsed,[Lapsed] Last Chance: Final win-back email + maximum discount
18032,Lost Customers,333,1,73.5,73.5,333,,,,Lapsed,[Lapsed] Last Chance: Final win-back email + maximum discount
18033,Lost Customers,64,1,97.97,97.97,64,,0.638552188873291,1.0,High,Last Chance: Final win-back email + maximum discount
18034,Promising,21,3,793.7,264.56666666666666,375,176.5,0.5224431753158569,1.0,Medium,Nudge: Reminder email + product recommendation + limited offer
18035,Promising,35,5,1276.74,255.348,384,87.25,0.4029601216316223,0.0,Medium,Nudge: Reminder email + product recommendation + limited offer
18036,Champions,31,11,1563.64,142.14909090909092,721,68.6,0.3860984444618225,0.0,Medium,Early Alert: Personalised product recommendation based on past purchases
18037,At Risk,153,15,167.42,11.161333333333333,737,41.214285714285715,,,Lapsed,[Lapsed] Recovery: Time-limited 30% win-back discount + feedback survey
18038,Lost Customers,555,1,149.41,149.41,555,,,,Lapsed,[Lapsed] Last Chance: Final win-back email + maximum discount
18039,At Risk,373,4,579.17,144.7925,640,88.33333333333333,,,Lapsed,[Lapsed] Recovery: Time-limited 30% win-back discount + feedback survey
18040,Promising,18,2,357.20000000000005,178.60000000000002,245,226.0,0.575357973575592,1.0,High,Urgent Re-engage: 20% discount coupon + highlight new arrivals
18041,Champions,11,38,8118.09,213.63394736842105,694,17.972972972972972,0.1368802934885025,0.0,Low,Retain: Enrol in VIP loyalty program + send thank-you offer
18042,Promising,53,2,281.15,140.575,541,488.0,0.6484466791152954,1.0,High,Urgent Re-engage: 20% discount coupon + highlight new arrivals
18043,Promising,24,3,559.51,186.50333333333333,366,171.0,0.5846575498580933,1.0,High,Urgent Re-engage: 20% discount coupon + highlight new arrivals
18044,Champions,3,18,3505.61,194.75611111111112,559,32.05882352941177,0.17044518887996674,0.0,Low,Retain: Enrol in VIP loyalty program + send thank-you offer
18045,Lost Customers,44,1,189.4,189.4,44,,0.5837843418121338,1.0,High,Last Chance: Final win-back email + maximum discount
18046,Lost Customers,649,1,189.63,189.63,649,,,,Lapsed,[Lapsed] Last Chance: Final win-back email + maximum discount
18047,Lost Customers,380,2,342.69,171.345,380,0.0,,,Lapsed,[Lapsed] Last Chance: Final win-back email + maximum discount
18048,Lost Customers,202,3,401.73,133.91,492,145.0,,,Lapsed,[Lapsed] Last Chance: Final win-back email + maximum discount
18049,Lost Customers,436,2,556.52,278.26,589,153.0,,,Lapsed,[Lapsed] Last Chance: Final win-back email + maximum discount
18050,Lost Customers,358,2,412.06000000000006,206.03000000000003,392,33.0,,,Lapsed,[Lapsed] Last Chance: Final win-back email + maximum discount
18051,At Risk,633,7,2282.2799999999997,326.03999999999996,730,15.5,,,Lapsed,[Lapsed] Recovery: Time-limited 30% win-back discount + feedback survey
18052,At Risk,564,1,10877.18,10877.18,564,,,,Lapsed,[Lapsed] Recovery: Time-limited 30% win-back discount + feedback survey
18053,Promising,70,3,571.0699999999999,190.35666666666665,527,227.5,0.6095870733261108,1.0,High,Urgent Re-engage: 20% discount coupon + highlight new arrivals
18054,Lost Customers,392,1,176.5,176.5,392,,,,Lapsed,[Lapsed] Last Chance: Final win-back email + maximum discount
18055,Champions,6,14,10195.09,728.2207142857143,412,30.692307692307693,0.15819194912910461,0.0,Low,Retain: Enrol in VIP loyalty program + send thank-you offer
18056,Lost Customers,287,2,554.5999999999999,277.29999999999995,618,330.0,,,Lapsed,[Lapsed] Last Chance: Final win-back email + maximum discount
18057,At Risk,392,3,1203.56,401.18666666666667,690,148.5,,,Lapsed,[Lapsed] Recovery: Time-limited 30% win-back discount + feedback survey
18058,Promising,9,3,774.06,258.02,667,328.5,0.616497814655304,1.0,High,Urgent Re-engage: 20% discount coupon + highlight new arrivals
18059,Promising,22,3,306.46,102.15333333333332,67,22.0,0.3684542179107666,0.0,Medium,Nudge: Reminder email + product recommendation + limited offer
18060,At Risk,407,2,1185.46,592.73,564,156.0,,,Lapsed,[Lapsed] Recovery: Time-limited 30% win-back discount + feedback survey
18061,Champions,21,28,6083.81,217.2789285714286,735,25.962962962962962,0.1853666454553604,0.0,Low,Retain: Enrol in VIP loyalty program + send thank-you offer
18062,At Risk,172,6,1632.67,272.1116666666667,597,84.2,,,Lapsed,[Lapsed] Recovery: Time-limited 30% win-back discount + feedback survey
18063,Lost Customers,390,2,186.60000000000002,93.30000000000001,632,242.0,,,Lapsed,[Lapsed] Last Chance: Final win-back email + maximum discount
18064,At Risk,132,11,4495.03,408.6390909090909,675,53.9,0.4061306118965149,0.0,Medium,Re-engage: Best-seller showcase email + 15% discount
18065,Champions,5,29,5866.63,202.29758620689657,729,25.642857142857142,0.14800316095352173,0.0,Low,Retain: Enrol in VIP loyalty program + send thank-you offer
18066,At Risk,74,3,1440.4,480.1333333333334,415,169.5,0.5745803713798523,1.0,High,Recovery: Time-limited 30% win-back discount + feedback survey
18067,Promising,39,1,396.33,396.33,39,,0.564505398273468,1.0,High,Urgent Re-engage: 20% discount coupon + highlight new arrivals
18068,Lost Customers,288,1,101.7,101.7,288,,,,Lapsed,[Lapsed] Last Chance: Final win-back email + maximum discount
18069,Champions,25,11,4540.56,412.77818181818185,648,61.8,0.26464688777923584,0.0,Low,Retain: Enrol in VIP loyalty program + send thank-you offer
18070,Lost Customers,668,1,314.1,314.1,668,,,,Lapsed,[Lapsed] Last Chance: Final win-back email + maximum discount
18071,At Risk,257,6,1169.68,194.9466666666667,734,95.2,,,Lapsed,[Lapsed] Recovery: Time-limited 30% win-back discount + feedback survey
18072,Lost Customers,185,1,247.44,247.44,185,,,,Lapsed,[Lapsed] Last Chance: Final win-back email + maximum discount
18073,At Risk,113,12,3877.5200000000004,323.1266666666667,196,7.181818181818182,0.5665249824523926,1.0,High,Recovery: Time-limited 30% win-back discount + feedback survey
18074,Lost Customers,373,2,1019.44,509.72,505,131.0,,,Lapsed,[Lapsed] Last Chance: Final win-back email + maximum discount
18075,Champions,22,20,5783.29,289.1645,498,24.473684210526315,0.17994119226932526,0.0,Low,Retain: Enrol in VIP loyalty program + send thank-you offer
18076,Lost Customers,379,1,151.49,151.49,379,,,,Lapsed,[Lapsed] Last Chance: Final win-back email + maximum discount
18077,Champions,7,18,4133.6900000000005,229.64944444444447,732,42.05882352941177,0.18061216175556183,0.0,Low,Retain: Enrol in VIP loyalty program + send thank-you offer
18078,At Risk,216,4,844.6,211.15,627,136.33333333333334,,,Lapsed,[Lapsed] Recovery: Time-limited 30% win-back discount + feedback survey
18079,At Risk,44,5,4242.75,848.55,491,111.0,0.39030760526657104,0.0,Medium,Re-engage: Best-seller showcase email + 15% discount
18080,Promising,18,2,1231.5,615.75,242,223.0,0.48616766929626465,0.0,Medium,Nudge: Reminder email + product recommendation + limited offer
18081,Promising,35,3,343.45000000000005,114.48333333333335,133,48.5,0.3761596083641052,0.0,Medium,Nudge: Reminder email + product recommendation + limited offer
18082,Promising,25,1,703.37,703.37,25,,0.5100845694541931,1.0,Medium,Nudge: Reminder email + product recommendation + limited offer
18083,Lost Customers,397,1,470.73,470.73,397,,,,Lapsed,[Lapsed] Last Chance: Final win-back email + maximum discount
18084,Promising,15,3,812.9300000000001,270.9766666666667,388,185.5,0.5773372054100037,1.0,High,Urgent Re-engage: 20% discount coupon + highlight new arrivals
18085,At Risk,329,4,1341.85,335.4625,628,99.0,,,Lapsed,[Lapsed] Recovery: Time-limited 30% win-back discount + feedback survey
18086,Lost Customers,273,1,101.34,101.34,273,,,,Lapsed,[Lapsed] Last Chance: Final win-back email + maximum discount
18087,Champions,97,17,14761.52,868.324705882353,738,39.5625,0.3778042197227478,0.0,Medium,Early Alert: Personalised product recommendation based on past purchases
18088,Lost Customers,60,1,167.67000000000002,167.67000000000002,60,,0.5848687291145325,1.0,High,Last Chance: Final win-back email + maximum discount
18089,Lost Customers,446,1,428.45,428.45,446,,,,Lapsed,[Lapsed] Last Chance: Final win-back email + maximum discount
18090,Lost Customers,421,1,349.4,349.4,421,,,,Lapsed,[Lapsed] Last Chance: Final win-back email + maximum discount
18091,Lost Customers,592,1,360.85,360.85,592,,,,Lapsed,[Lapsed] Last Chance: Final win-back email + maximum discount
18092,Champions,1,18,14693.720000000001,816.3177777777778,735,42.588235294117645,0.19334949553012848,0.0,Low,Retain: Enrol in VIP loyalty program + send thank-you offer
18093,At Risk,92,8,4452.71,556.58875,618,74.57142857142857,0.36185717582702637,0.0,Medium,Re-engage: Best-seller showcase email + 15% discount
18094,Champions,81,13,6391.5199999999995,491.6553846153846,701,51.25,0.29853641986846924,0.0,Low,Retain: Enrol in VIP loyalty program + send thank-you offer
18095,At Risk,312,5,2303.09,460.61800000000005,598,71.25,,,Lapsed,[Lapsed] Recovery: Time-limited 30% win-back discount + feedback survey
18096,Promising,11,6,1805.28,300.88,512,99.8,0.37742313742637634,0.0,Medium,Nudge: Reminder email + product recommendation + limited offer
18097,Champions,7,11,4663.32,423.9381818181818,722,71.1,0.26982033252716064,0.0,Low,Retain: Enrol in VIP loyalty program + send thank-you offer
18098,Lost Customers,395,1,550.84,550.84,395,,,,Lapsed,[Lapsed] Last Chance: Final win-back email + maximum discount
18099,Lost Customers,126,1,168.31,168.31,126,,0.5874031186103821,1.0,High,Last Chance: Final win-back email + maximum discount
18100,Lost Customers,549,1,451.56,451.56,549,,,,Lapsed,[Lapsed] Last Chance: Final win-back email + maximum discount
18101,Promising,10,5,629.16,125.832,673,165.25,0.5663776397705078,1.0,High,Urgent Re-engage: 20% discount coupon + highlight new arrivals
18102,Champions,0,145,580987.04,4006.8071724137935,738,4.868055555555555,0.135163813829422,0.0,Low,Retain: Enrol in VIP loyalty program + send thank-you offer
18103,Lost Customers,548,1,105.8,105.8,548,,,,Lapsed,[Lapsed] Last Chance: Final win-back email + maximum discount
18104,Promising,36,1,754.64,754.64,36,,0.5155949592590332,1.0,Medium,Nudge: Reminder email + product recommendation + limited offer
18105,Lost Customers,37,1,113.48000000000002,113.48000000000002,37,,0.6086515188217163,1.0,High,Last Chance: Final win-back email + maximum discount
18106,At Risk,329,6,1461.46,243.57666666666668,693,72.6,,,Lapsed,[Lapsed] Recovery: Time-limited 30% win-back discount + feedback survey
18107,Lost Customers,441,1,167.13,167.13,441,,,,Lapsed,[Lapsed] Last Chance: Final win-back email + maximum discount
18108,At Risk,253,3,848.81,282.93666666666667,737,241.0,,,Lapsed,[Lapsed] Recovery: Time-limited 30% win-back discount + feedback survey
18109,Champions,1,38,9616.51,253.06605263157894,526,13.594594594594595,0.135163813829422,0.0,Low,Retain: Enrol in VIP loyalty program + send thank-you offer
18110,Promising,19,2,435.43,217.715,410,391.0,0.6360583305358887,1.0,High,Urgent Re-engage: 20% discount coupon + highlight new arrivals
18111,Lost Customers,588,1,405.85,405.85,588,,,,Lapsed,[Lapsed] Last Chance: Final win-back email + maximum discount
18112,Promising,11,4,775.96,193.99,551,179.66666666666666,0.5438696146011353,1.0,Medium,Nudge: Reminder email + product recommendation + limited offer
18113,Lost Customers,368,1,76.32000000000001,76.32000000000001,368,,,,Lapsed,[Lapsed] Last Chance: Final win-back email + maximum discount
18114,Lost Customers,289,1,220.1,220.1,289,,,,Lapsed,[Lapsed] Last Chance: Final win-back email + maximum discount
18115,Lost Customers,697,1,9.700000000000001,9.700000000000001,697,,,,Lapsed,[Lapsed] Last Chance: Final win-back email + maximum discount
18116,At Risk,67,13,2154.3,165.71538461538464,410,28.166666666666668,0.23511813580989838,0.0,Low,Monitor: Add to re-engagement campaign
18117,Promising,25,1,320.71999999999997,320.71999999999997,25,,0.5416027903556824,1.0,Medium,Nudge: Reminder email + product recommendation + limited offer
18118,Champions,10,29,6257.36,215.7710344827586,380,12.75,0.135163813829422,0.0,Low,Retain: Enrol in VIP loyalty program + send thank-you offer
18119,Lost Customers,367,1,181.12,181.12,367,,,,Lapsed,[Lapsed] Last Chance: Final win-back email + maximum discount
18120,Lost Customers,213,1,111.15,111.15,213,,,,Lapsed,[Lapsed] Last Chance: Final win-back email + maximum discount
18121,Lost Customers,148,2,673.1,336.55,154,5.0,,,Lapsed,[Lapsed] Last Chance: Final win-back email + maximum discount
18122,Promising,7,6,1826.21,304.36833333333334,150,28.0,0.1907997727394104,0.0,Low,Nurture: Monthly newsletter + loyalty point updates
18123,Promising,23,3,684.5899999999999,228.19666666666663,513,244.5,0.5113410949707031,1.0,Medium,Nudge: Reminder email + product recommendation + limited offer
18124,Lost Customers,471,1,111.53,111.53,471,,,,Lapsed,[Lapsed] Last Chance: Final win-back email + maximum discount
18125,Promising,29,4,1142.99,285.7475,315,95.0,0.37371447682380676,0.0,Medium,Nudge: Reminder email + product recommendation + limited offer
18126,Lost Customers,60,1,206.83,206.83,60,,0.5785501003265381,1.0,High,Last Chance: Final win-back email + maximum discount
18127,Promising,18,4,561.53,140.3825,402,127.66666666666667,0.49764660000801086,0.0,Medium,Nudge: Reminder email + product recommendation + limited offer
18128,Lost Customers,536,1,420.04,420.04,536,,,,Lapsed,[Lapsed] Last Chance: Final win-back email + maximum discount
18129,Lost Customers,242,1,112.55000000000001,112.55000000000001,242,,,,Lapsed,[Lapsed] Last Chance: Final win-back email + maximum discount
18130,Promising,14,3,1059.39,353.13000000000005,56,20.5,0.28689083456993103,0.0,Low,Nurture: Monthly newsletter + loyalty point updates
18131,Lost Customers,631,1,222.95999999999998,222.95999999999998,631,,,,Lapsed,[Lapsed] Last Chance: Final win-back email + maximum discount
18132,Lost Customers,503,1,226.9,226.9,503,,,,Lapsed,[Lapsed] Last Chance: Final win-back email + maximum discount
18133,Lost Customers,211,1,931.5,931.5,211,,,,Lapsed,[Lapsed] Last Chance: Final win-back email + maximum discount
18134,Lost Customers,597,2,445.0,222.5,694,96.0,,,Lapsed,[Lapsed] Last Chance: Final win-back email + maximum discount
18135,At Risk,28,10,1249.6200000000001,124.96200000000002,633,66.77777777777777,0.3081512749195099,0.0,Low,Monitor: Add to re-engagement campaign
18136,At Risk,62,5,1631.3600000000001,326.27200000000005,450,96.5,0.4337122440338135,0.0,Medium,Re-engage: Best-seller showcase email + 15% discount
18137,Lost Customers,550,2,145.99,72.995,550,0.0,,,Lapsed,[Lapsed] Last Chance: Final win-back email + maximum discount
18138,Lost Customers,294,1,152.65,152.65,294,,,,Lapsed,[Lapsed] Last Chance: Final win-back email + maximum discount
18139,Champions,17,6,8438.34,1406.39,17,0.0,0.36458620429039,0.0,Medium,Early Alert: Personalised product recommendation based on past purchases
18140,Lost Customers,473,1,536.41,536.41,473,,,,Lapsed,[Lapsed] Last Chance: Final win-back email + maximum discount
18141,Lost Customers,401,2,882.47,441.235,588,187.0,,,Lapsed,[Lapsed] Last Chance: Final win-back email + maximum discount
18142,At Risk,156,2,1019.52,509.76,215,58.0,,,Lapsed,[Lapsed] Recovery: Time-limited 30% win-back discount + feedback survey
18143,At Risk,116,2,1000.1600000000001,500.08000000000004,141,25.0,0.40596896409988403,0.0,Medium,Re-engage: Best-seller showcase email + 15% discount
18144,Champions,7,19,4892.95,257.5236842105263,722,39.166666666666664,0.1751396656036377,0.0,Low,Retain: Enrol in VIP loyalty program + send thank-you offer
18145,Champions,12,11,5617.79,510.7081818181818,731,71.3,0.3238441050052643,0.0,Low,Retain: Enrol in VIP loyalty program + send thank-you offer
18146,Lost Customers,140,2,160.35000000000002,80.17500000000001,219,79.0,,,Lapsed,[Lapsed] Last Chance: Final win-back email + maximum discount
18147,Promising,45,2,179.34,89.67,108,62.0,0.5127694010734558,1.0,Medium,Nudge: Reminder email + product recommendation + limited offer
18148,Lost Customers,646,1,114.10000000000001,114.10000000000001,646,,,,Lapsed,[Lapsed] Last Chance: Final win-back email + maximum discount
18149,At Risk,50,7,1624.71,232.10142857142858,635,97.0,0.4337122440338135,0.0,Medium,Re-engage: Best-seller showcase email + 15% discount
18150,Promising,31,3,566.5799999999999,188.85999999999999,201,84.5,0.40319669246673584,0.0,Medium,Nudge: Reminder email + product recommendation + limited offer
18151,At Risk,134,6,1879.44,313.24,645,101.8,0.4265030026435852,0.0,Medium,Re-engage: Best-seller showcase email + 15% discount
18152,Lost Customers,645,1,426.69,426.69,645,,,,Lapsed,[Lapsed] Last Chance: Final win-back email + maximum discount
18153,Lost Customers,658,1,246.22,246.22,658,,,,Lapsed,[Lapsed] Last Chance: Final win-back email + maximum discount
18154,Promising,2,5,932.6,186.52,490,121.25,0.4893735349178314,0.0,Medium,Nudge: Reminder email + product recommendation + limited offer
18155,Promising,74,3,371.62,123.87333333333333,291,108.0,0.5301754474639893,1.0,Medium,Nudge: Reminder email + product recommendation + limited offer
18156,Promising,12,2,734.94,367.47,369,356.0,0.5309263467788696,1.0,Medium,Nudge: Reminder email + product recommendation + limited offer
18157,Lost Customers,570,1,215.35,215.35,570,,,,Lapsed,[Lapsed] Last Chance: Final win-back email + maximum discount
18158,Promising,8,2,453.4,226.7,88,79.0,0.42737486958503723,0.0,Medium,Nudge: Reminder email + product recommendation + limited offer
18159,Lost Customers,300,1,530.15,530.15,300,,,,Lapsed,[Lapsed] Last Chance: Final win-back email + maximum discount
18160,Promising,56,3,1003.88,334.62666666666667,385,164.0,0.5229935050010681,1.0,Medium,Nudge: Reminder email + product recommendation + limited offer
18161,Promising,14,6,1803.1,300.51666666666665,378,72.2,0.28414925932884216,0.0,Low,Nurture: Monthly newsletter + loyalty point updates
18162,Lost Customers,731,1,379.15999999999997,379.15999999999997,731,,,,Lapsed,[Lapsed] Last Chance: Final win-back email + maximum discount
18163,Lost Customers,583,1,728.84,728.84,583,,,,Lapsed,[Lapsed] Last Chance: Final win-back email + maximum discount
18164,Promising,36,1,399.65,399.65,36,,0.5575777888298035,1.0,High,Urgent Re-engage: 20% discount coupon + highlight new arrivals
18165,Lost Customers,176,1,302.46,302.46,176,,,,Lapsed,[Lapsed] Last Chance: Final win-back email + maximum discount
18166,Lost Customers,623,1,175.5,175.5,623,,,,Lapsed,[Lapsed] Last Chance: Final win-back email + maximum discount
18167,Promising,22,3,1384.8600000000001,461.62000000000006,105,41.0,0.28540828824043274,0.0,Low,Nurture: Monthly newsletter + loyalty point updates
18168,At Risk,175,16,3506.97,219.185625,735,36.86666666666667,,,Lapsed,[Lapsed] Recovery: Time-limited 30% win-back discount + feedback survey
18169,Lost Customers,60,1,202.65,202.65,60,,0.5785501003265381,1.0,High,Last Chance: Final win-back email + maximum discount
18170,Champions,32,9,2878.0,319.77777777777777,699,82.75,0.3914743661880493,0.0,Medium,Early Alert: Personalised product recommendation based on past purchases
18171,At Risk,58,9,2437.31,270.8122222222222,703,80.125,0.3599804937839508,0.0,Medium,Re-engage: Best-seller showcase email + 15% discount
18172,Champions,14,52,17479.84,336.15076923076924,728,13.647058823529411,0.135163813829422,0.0,Low,Retain: Enrol in VIP loyalty program + send thank-you offer
18173,At Risk,86,5,2696.36,539.272,612,131.0,0.42746978998184204,0.0,Medium,Re-engage: Best-seller showcase email + 15% discount
18174,Promising,6,2,162.5,81.25,603,596.0,0.5796908140182495,1.0,High,Urgent Re-engage: 20% discount coupon + highlight new arrivals
18175,Lost Customers,675,1,176.10000000000002,176.10000000000002,675,,,,Lapsed,[Lapsed] Last Chance: Final win-back email + maximum discount
18176,Lost Customers,357,1,476.35,476.35,357,,,,Lapsed,[Lapsed] Last Chance: Final win-back email + maximum discount
18177,Champions,30,9,2216.87,246.31888888888886,723,86.0,0.3535659909248352,0.0,Medium,Early Alert: Personalised product recommendation based on past purchases
18178,At Risk,128,11,6103.740000000001,554.8854545454546,658,52.5,0.36746877431869507,0.0,Medium,Re-engage: Best-seller showcase email + 15% discount
18179,Champions,8,8,2547.55,318.44375,662,93.14285714285714,0.28418704867362976,0.0,Low,Retain: Enrol in VIP loyalty program + send thank-you offer
18180,Promising,4,6,1843.75,307.2916666666667,142,27.0,0.1930597573518753,0.0,Low,Nurture: Monthly newsletter + loyalty point updates
18181,Promising,23,5,1205.94,241.18800000000002,734,177.25,0.5563364028930664,1.0,High,Urgent Re-engage: 20% discount coupon + highlight new arrivals
18182,Lost Customers,462,1,291.13,291.13,462,,,,Lapsed,[Lapsed] Last Chance: Final win-back email + maximum discount
18183,Lost Customers,226,2,632.07,316.035,274,47.0,,,Lapsed,[Lapsed] Last Chance: Final win-back email + maximum discount
18184,Promising,14,1,49.8,49.8,14,,0.6259864568710327,1.0,High,Urgent Re-engage: 20% discount coupon + highlight new arrivals
18185,Lost Customers,248,1,304.25,304.25,248,,,,Lapsed,[Lapsed] Last Chance: Final win-back email + maximum discount
18186,Lost Customers,722,1,329.58000000000004,329.58000000000004,722,,,,Lapsed,[Lapsed] Last Chance: Final win-back email + maximum discount
18187,Lost Customers,631,1,724.89,724.89,631,,,,Lapsed,[Lapsed] Last Chance: Final win-back email + maximum discount
18188,Champions,14,6,3280.59,546.765,623,121.0,0.37907129526138306,0.0,Medium,Early Alert: Personalised product recommendation based on past purchases
18189,At Risk,77,3,1403.73,467.91,625,273.5,0.5450762510299683,1.0,Medium,Re-engage: Best-seller showcase email + 15% discount
18190,At Risk,191,5,745.62,149.124,717,131.0,,,Lapsed,[Lapsed] Recovery: Time-limited 30% win-back discount + feedback survey
18191,Lost Customers,261,2,529.4000000000001,264.70000000000005,476,215.0,,,Lapsed,[Lapsed] Last Chance: Final win-back email + maximum discount
18192,Promising,71,1,957.97,957.97,71,,0.5243566036224365,1.0,Medium,Nudge: Reminder email + product recommendation + limited offer
18193,At Risk,164,3,1207.35,402.45,441,138.0,,,Lapsed,[Lapsed] Recovery: Time-limited 30% win-back discount + feedback survey
18194,At Risk,81,6,4162.04,693.6733333333333,679,119.0,0.46822893619537354,0.0,Medium,Re-engage: Best-seller showcase email + 15% discount
18195,Lost Customers,386,1,101.16,101.16,386,,,,Lapsed,[Lapsed] Last Chance: Final win-back email + maximum discount
18196,At Risk,94,4,1464.31,366.0775,631,179.0,0.4670943319797516,0.0,Medium,Re-engage: Best-seller showcase email + 15% discount
18197,Lost Customers,575,1,230.1,230.1,575,,,,Lapsed,[Lapsed] Last Chance: Final win-back email + maximum discount
18198,Champions,3,17,5425.56,319.15058823529415,335,20.25,0.155140683054924,0.0,Low,Retain: Enrol in VIP loyalty program + send thank-you offer
18199,Lost Customers,683,1,344.75,344.75,683,,,,Lapsed,[Lapsed] Last Chance: Final win-back email + maximum discount
18200,Lost Customers,105,1,163.8,163.8,105,,0.6028875112533569,1.0,High,Last Chance: Final win-back email + maximum discount
18201,Lost Customers,722,1,447.53000000000003,447.53000000000003,722,,,,Lapsed,[Lapsed] Last Chance: Final win-back email + maximum discount
18202,At Risk,199,3,1396.99,465.66333333333336,310,55.5,,,Lapsed,[Lapsed] Recovery: Time-limited 30% win-back discount + feedback survey
18203,At Risk,156,4,504.42,126.105,730,190.66666666666666,,,Lapsed,[Lapsed] Recovery: Time-limited 30% win-back discount + feedback survey
18204,At Risk,70,3,1993.7,664.5666666666667,191,60.0,0.3303525149822235,0.0,Low,Monitor: Add to re-engagement campaign
18205,Promising,35,2,517.36,258.68,74,38.0,0.3554220199584961,0.0,Medium,Nudge: Reminder email + product recommendation + limited offer
18206,Lost Customers,552,1,314.65999999999997,314.65999999999997,552,,,,Lapsed,[Lapsed] Last Chance: Final win-back email + maximum discount
18207,Lost Customers,498,1,544.47,544.47,498,,,,Lapsed,[Lapsed] Last Chance: Final win-back email + maximum discount
18208,Lost Customers,565,1,360.08,360.08,565,,,,Lapsed,[Lapsed] Last Chance: Final win-back email + maximum discount
18209,Promising,28,1,139.10000000000002,139.10000000000002,28,,0.608744740486145,1.0,High,Urgent Re-engage: 20% discount coupon + highlight new arrivals
18210,Champions,1,7,2768.83,395.54714285714283,382,63.0,0.24492643773555756,0.0,Low,Retain: Enrol in VIP loyalty program + send thank-you offer
18211,Promising,25,5,600.07,120.01400000000001,278,62.75,0.33147016167640686,0.0,Low,Nurture: Monthly newsletter + loyalty point updates
18212,Lost Customers,325,2,546.72,273.36,676,351.0,,,Lapsed,[Lapsed] Last Chance: Final win-back email + maximum discount
18213,Lost Customers,236,1,232.48000000000002,232.48000000000002,236,,,,Lapsed,[Lapsed] Last Chance: Final win-back email + maximum discount
18214,At Risk,530,4,1780.34,445.085,553,7.0,,,Lapsed,[Lapsed] Recovery: Time-limited 30% win-back discount + feedback survey
18215,At Risk,88,5,2247.49,449.49799999999993,622,133.0,0.5433513522148132,1.0,Medium,Re-engage: Best-seller showcase email + 15% discount
18216,Promising,30,1,481.75,481.75,30,,0.533532440662384,1.0,Medium,Nudge: Reminder email + product recommendation + limited offer
18217,Promising,28,4,945.04,236.26,525,165.0,0.5107917785644531,1.0,Medium,Nudge: Reminder email + product recommendation + limited offer
18218,At Risk,210,4,1142.0,285.5,659,149.0,,,Lapsed,[Lapsed] Recovery: Time-limited 30% win-back discount + feedback survey
18219,Champions,2,17,3352.7,197.21764705882353,731,45.3125,0.207723930478096,0.0,Low,Retain: Enrol in VIP loyalty program + send thank-you offer
18220,At Risk,226,6,1921.76,320.29333333333335,724,99.0,,,Lapsed,[Lapsed] Recovery: Time-limited 30% win-back discount + feedback survey
18221,Promising,21,6,1424.94,237.49,389,72.8,0.3644111752510071,0.0,Medium,Nudge: Reminder email + product recommendation + limited offer
18222,Lost Customers,92,1,443.0,443.0,92,,0.5040864944458008,1.0,Medium,Re-activation: Welcome-back campaign + highlight what's new
18223,Champions,4,26,14000.85,538.4942307692307,735,28.68,0.15483880043029785,0.0,Low,Retain: Enrol in VIP loyalty program + send thank-you offer
18224,Lost Customers,263,1,158.95000000000002,158.95000000000002,263,,,,Lapsed,[Lapsed] Last Chance: Final win-back email + maximum discount
18225,Champions,2,26,13024.26,500.93307692307695,734,28.8,0.14226925373077393,0.0,Low,Retain: Enrol in VIP loyalty program + send thank-you offer
18226,Champions,43,26,11878.880000000001,456.88000000000005,644,23.56,0.19899453222751617,0.0,Low,Retain: Enrol in VIP loyalty program + send thank-you offer
18227,Lost Customers,217,2,388.75,194.375,483,266.0,,,Lapsed,[Lapsed] Last Chance: Final win-back email + maximum discount
18228,Promising,56,2,779.9,389.95,79,22.0,0.4417627453804016,0.0,Medium,Nudge: Reminder email + product recommendation + limited offer
18229,Champions,11,28,10150.51,362.5182142857143,735,26.22222222222222,0.1386200189590454,0.0,Low,Retain: Enrol in VIP loyalty program + send thank-you offer
18230,Champions,8,9,4291.06,476.7844444444445,525,64.0,0.2614958882331848,0.0,Low,Retain: Enrol in VIP loyalty program + send thank-you offer
18231,Champions,191,28,6880.97,245.7489285714286,698,18.22222222222222,,,Lapsed,[Lapsed] VIP Win-Back: Personal call + exclusive loyalty reward + free shipping
18232,At Risk,81,4,592.97,148.2425,196,38.333333333333336,0.4011477828025818,0.0,Medium,Re-engage: Best-seller showcase email + 15% discount
18233,Lost Customers,325,1,440.0,440.0,325,,,,Lapsed,[Lapsed] Last Chance: Final win-back email + maximum discount
18234,Lost Customers,551,1,179.6,179.6,551,,,,Lapsed,[Lapsed] Last Chance: Final win-back email + maximum discount
18235,At Risk,71,3,1796.48,598.8266666666667,216,72.5,0.3496512770652771,0.0,Low,Monitor: Add to re-engagement campaign
18236,Champions,29,12,1795.35,149.61249999999998,602,51.63636363636363,0.2983509600162506,0.0,Low,Retain: Enrol in VIP loyalty program + send thank-you offer
18237,Promising,2,5,987.1,197.42000000000002,133,32.25,0.25559374690055847,0.0,Low,Nurture: Monthly newsletter + loyalty point updates
18238,Lost Customers,514,1,270.92,270.92,514,,,,Lapsed,[Lapsed] Last Chance: Final win-back email + maximum discount
18239,At Risk,218,6,1712.26,285.37666666666667,422,40.2,,,Lapsed,[Lapsed] Recovery: Time-limited 30% win-back discount + feedback survey
18240,Promising,45,1,422.58,422.58,45,,0.5667715072631836,1.0,High,Urgent Re-engage: 20% discount coupon + highlight new arrivals
18241,Champions,9,21,2986.9900000000002,142.23761904761906,617,30.0,0.15324875712394714,0.0,Low,Retain: Enrol in VIP loyalty program + send thank-you offer
18242,At Risk,71,8,3605.21,450.65125,697,88.85714285714286,0.3454406261444092,0.0,Low,Monitor: Add to re-engagement campaign
18243,Lost Customers,413,1,515.78,515.78,413,,,,Lapsed,[Lapsed] Last Chance: Final win-back email + maximum discount
18244,Lost Customers,430,2,568.6400000000001,284.32000000000005,502,72.0,,,Lapsed,[Lapsed] Last Chance: Final win-back email + maximum discount
18245,Champions,6,20,6324.9800000000005,316.249,640,32.94736842105263,0.1956092119216919,0.0,Low,Retain: Enrol in VIP loyalty program + send thank-you offer
18246,Promising,23,3,758.8199999999999,252.93999999999997,609,292.5,0.543239176273346,1.0,Medium,Nudge: Reminder email + product recommendation + limited offer
18247,At Risk,414,3,839.73,279.91,630,107.5,,,Lapsed,[Lapsed] Recovery: Time-limited 30% win-back discount + feedback survey
18248,At Risk,122,2,804.02,402.01,185,63.0,0.4069318175315857,0.0,Medium,Re-engage: Best-seller showcase email + 15% discount
18249,Promising,16,1,95.34,95.34,16,,0.6002914309501648,1.0,High,Urgent Re-engage: 20% discount coupon + highlight new arrivals
18250,Lost Customers,309,1,349.27,349.27,309,,,,Lapsed,[Lapsed] Last Chance: Final win-back email + maximum discount
18251,Champions,86,9,26278.86,2919.8733333333334,717,78.375,0.3759375214576721,0.0,Medium,Early Alert: Personalised product recommendation based on past purchases
18252,At Risk,50,7,1542.09,220.29857142857142,720,111.33333333333333,0.4725976884365082,0.0,Medium,Re-engage: Best-seller showcase email + 15% discount
18253,Lost Customers,642,1,317.88,317.88,642,,,,Lapsed,[Lapsed] Last Chance: Final win-back email + maximum discount
18254,Lost Customers,580,1,267.9,267.9,580,,,,Lapsed,[Lapsed] Last Chance: Final win-back email + maximum discount
18255,Lost Customers,88,2,303.15,151.575,455,366.0,0.6289190649986267,1.0,High,Last Chance: Final win-back email + maximum discount
18256,Lost Customers,387,1,110.69999999999999,110.69999999999999,387,,,,Lapsed,[Lapsed] Last Chance: Final win-back email + maximum discount
18257,Champions,38,12,4600.15,383.3458333333333,658,55.81818181818182,0.24478130042552948,0.0,Low,Retain: Enrol in VIP loyalty program + send thank-you offer
18258,At Risk,463,6,2059.67,343.27833333333336,572,21.4,,,Lapsed,[Lapsed] Recovery: Time-limited 30% win-back discount + feedback survey
18259,Champions,24,7,3941.9,563.1285714285715,731,117.33333333333333,0.40615588426589966,0.0,Medium,Early Alert: Personalised product recommendation based on past purchases
18260,Champions,172,23,9962.11,433.13521739130437,723,24.59090909090909,,,Lapsed,[Lapsed] VIP Win-Back: Personal call + exclusive loyalty reward + free shipping
18261,Promising,42,2,324.24,162.12,95,52.0,0.4116452932357788,0.0,Medium,Nudge: Reminder email + product recommendation + limited offer
18262,At Risk,139,3,577.54,192.51333333333332,602,231.0,,,Lapsed,[Lapsed] Recovery: Time-limited 30% win-back discount + feedback survey
18263,Promising,25,3,1213.16,404.3866666666667,252,112.5,0.4123420715332031,0.0,Medium,Nudge: Reminder email + product recommendation + limited offer
18264,Lost Customers,498,1,603.25,603.25,498,,,,Lapsed,[Lapsed] Last Chance: Final win-back email + maximum discount
18265,Promising,71,2,801.51,400.755,157,85.0,0.4245729148387909,0.0,Medium,Nudge: Reminder email + product recommendation + limited offer
18266,Lost Customers,433,1,251.1,251.1,433,,,,Lapsed,[Lapsed] Last Chance: Final win-back email + maximum discount
18267,Lost Customers,672,1,269.37,269.37,672,,,,Lapsed,[Lapsed] Last Chance: Final win-back email + maximum discount
18268,At Risk,133,6,1490.23,248.37166666666667,728,118.6,0.6452234387397766,1.0,High,Recovery: Time-limited 30% win-back discount + feedback survey
18269,Lost Customers,365,1,168.60000000000002,168.60000000000002,365,,,,Lapsed,[Lapsed] Last Chance: Final win-back email + maximum discount
18270,Promising,37,3,444.55,148.18333333333334,432,197.0,0.5438512563705444,1.0,Medium,Nudge: Reminder email + product recommendation + limited offer
18271,Lost Customers,609,2,680.85,340.425,731,121.0,,,Lapsed,[Lapsed] Last Chance: Final win-back email + maximum discount
18272,Champions,2,9,4385.98,487.33111111111106,644,79.875,0.2612718641757965,0.0,Low,Retain: Enrol in VIP loyalty program + send thank-you offer
18273,Promising,1,4,357.0,89.25,590,195.66666666666666,0.5160821080207825,1.0,Medium,Nudge: Reminder email + product recommendation + limited offer
18274,Promising,29,1,175.92,175.92,29,,0.5616953372955322,1.0,High,Urgent Re-engage: 20% discount coupon + highlight new arrivals
18275,Lost Customers,577,2,741.85,370.925,730,152.0,,,Lapsed,[Lapsed] Last Chance: Final win-back email + maximum discount
18276,At Risk,43,6,1656.52,276.08666666666664,728,136.6,0.5361629128456116,1.0,Medium,Re-engage: Best-seller showcase email + 15% discount
18277,At Risk,57,5,1180.05,236.01,494,108.75,0.5838740468025208,1.0,High,Recovery: Time-limited 30% win-back discount + feedback survey
18278,Promising,73,2,414.20000000000005,207.10000000000002,404,330.0,0.6567839980125427,1.0,High,Urgent Re-engage: 20% discount coupon + highlight new arrivals
18279,Lost Customers,518,1,231.34,231.34,518,,,,Lapsed,[Lapsed] Last Chance: Final win-back email + maximum discount
18280,Lost Customers,277,2,488.15000000000003,244.07500000000002,393,116.0,,,Lapsed,[Lapsed] Last Chance: Final win-back email + maximum discount
18281,Lost Customers,180,2,201.14,100.57,577,397.0,,,Lapsed,[Lapsed] Last Chance: Final win-back email + maximum discount
18282,Promising,7,2,178.05,89.025,125,118.0,0.514690101146698,1.0,Medium,Nudge: Reminder email + product recommendation + limited offer
18283,Champions,3,22,2736.65,124.39318181818182,657,30.666666666666668,0.15324875712394714,0.0,Low,Retain: Enrol in VIP loyalty program + send thank-you offer
18284,Lost Customers,431,1,461.68,461.68,431,,,,Lapsed,[Lapsed] Last Chance: Final win-back email + maximum discount
18285,Lost Customers,660,1,427.0,427.0,660,,,,Lapsed,[Lapsed] Last Chance: Final win-back email + maximum discount
18286,At Risk,476,2,1296.43,648.215,723,247.0,,,Lapsed,[Lapsed] Recovery: Time-limited 30% win-back discount + feedback survey
18287,At Risk,42,7,4182.99,597.5699999999999,571,87.5,0.3362078070640564,0.0,Low,Monitor: Add to re-engagement campaign
