CustomerID,Segment_Label,Recency,Frequency,Monetary,AvgOrderValue,Tenure,AvgGapDays,Churn_Probability,Churn_Prediction,Risk_Tier,Recommended_Action,RFM_Cluster_Label
12346,Champions,325,12,77556.46,6463.038333333334,725,35.90909090909091,,,Lapsed,[Lapsed] VIP Win-Back: Personal call + exclusive loyalty reward + free shipping,Champions
16754,Champions,371,29,65500.07,2258.6231034482757,641,9.285714285714286,,,Lapsed,[Lapsed] VIP Win-Back: Personal call + exclusive loyalty reward + free shipping,Champions
13093,Champions,275,55,54144.25,984.4409090909091,735,8.092592592592593,,,Lapsed,[Lapsed] VIP Win-Back: Personal call + exclusive loyalty reward + free shipping,Champions
17850,Champions,371,155,51208.87,330.3798064516129,734,2.25974025974026,,,Lapsed,[Lapsed] VIP Win-Back: Personal call + exclusive loyalty reward + free shipping,Champions
15749,At Risk,234,3,44534.3,14844.766666666668,331,48.5,,,Lapsed,[Lapsed] Recovery: Time-limited 30% win-back discount + feedback survey,At Risk
15098,At Risk,181,3,39916.5,13305.5,181,0.0,,,Lapsed,[Lapsed] Recovery: Time-limited 30% win-back discount + feedback survey,At Risk
13902,At Risk,631,5,34095.259999999995,6819.051999999999,724,22.5,,,Lapsed,[Lapsed] Recovery: Time-limited 30% win-back discount + feedback survey,At Risk
13802,Champions,138,19,26259.11,1382.0584210526315,661,28.666666666666668,,,Lapsed,[Lapsed] VIP Win-Back: Personal call + exclusive loyalty reward + free shipping,Champions
12482,Champions,575,29,23691.4,816.944827586207,653,2.642857142857143,,,Lapsed,[Lapsed] VIP Win-Back: Personal call + exclusive loyalty reward + free shipping,Champions
14063,At Risk,437,9,22710.2,2523.355555555556,730,36.25,,,Lapsed,[Lapsed] Recovery: Time-limited 30% win-back discount + feedback survey,At Risk
15808,Champions,305,21,17388.48,828.0228571428571,737,21.05,,,Lapsed,[Lapsed] VIP Win-Back: Personal call + exclusive loyalty reward + free shipping,Champions
13564,Champions,143,37,16709.55,451.60945945945946,737,16.055555555555557,,,Lapsed,[Lapsed] VIP Win-Back: Personal call + exclusive loyalty reward + free shipping,Champions
16553,Champions,162,33,16644.010000000002,504.36393939393946,665,15.4375,,,Lapsed,[Lapsed] VIP Win-Back: Personal call + exclusive loyalty reward + free shipping,Champions
12980,Champions,157,21,16245.78,773.6085714285715,737,28.5,,,Lapsed,[Lapsed] VIP Win-Back: Personal call + exclusive loyalty reward + free shipping,Champions
17448,Champions,496,46,14556.97,316.45586956521737,644,3.0444444444444443,,,Lapsed,[Lapsed] VIP Win-Back: Personal call + exclusive loyalty reward + free shipping,Champions
15760,At Risk,630,2,13916.34,6958.17,630,0.0,,,Lapsed,[Lapsed] Recovery: Time-limited 30% win-back discount + feedback survey,At Risk
13952,Champions,217,14,12823.521,915.9657857142857,723,38.38461538461539,,,Lapsed,[Lapsed] VIP Win-Back: Personal call + exclusive loyalty reward + free shipping,Champions
13687,At Risk,437,1,11880.84,11880.84,437,,,,Lapsed,[Lapsed] Recovery: Time-limited 30% win-back discount + feedback survey,At Risk
14016,At Risk,161,11,11403.41,1036.6736363636364,699,53.4,,,Lapsed,[Lapsed] Recovery: Time-limited 30% win-back discount + feedback survey,At Risk
14134,At Risk,382,15,11123.35,741.5566666666667,729,24.428571428571427,,,Lapsed,[Lapsed] Recovery: Time-limited 30% win-back discount + feedback survey,At Risk
15032,At Risk,255,8,11010.05,1376.25625,728,67.14285714285714,,,Lapsed,[Lapsed] Recovery: Time-limited 30% win-back discount + feedback survey,At Risk
12918,At Risk,625,1,10953.5,10953.5,625,,,,Lapsed,[Lapsed] Recovery: Time-limited 30% win-back discount + feedback survey,At Risk
18052,At Risk,564,1,10877.18,10877.18,564,,,,Lapsed,[Lapsed] Recovery: Time-limited 30% win-back discount + feedback survey,At Risk
14028,At Risk,549,3,10396.5,3465.5,550,0.0,,,Lapsed,[Lapsed] Recovery: Time-limited 30% win-back discount + feedback survey,At Risk
18260,Champions,172,23,9962.11,433.13521739130437,723,24.59090909090909,,,Lapsed,[Lapsed] VIP Win-Back: Personal call + exclusive loyalty reward + free shipping,Champions
17230,Champions,263,18,9924.95,551.3861111111112,730,27.176470588235293,,,Lapsed,[Lapsed] VIP Win-Back: Personal call + exclusive loyalty reward + free shipping,Champions
12590,At Risk,210,2,9864.26,4932.13,210,0.0,,,Lapsed,[Lapsed] Recovery: Time-limited 30% win-back discount + feedback survey,At Risk
14828,At Risk,196,13,9839.46,756.8815384615384,732,44.166666666666664,,,Lapsed,[Lapsed] Recovery: Time-limited 30% win-back discount + feedback survey,At Risk
17504,Champions,205,18,9565.12,531.3955555555556,669,26.88235294117647,,,Lapsed,[Lapsed] VIP Win-Back: Personal call + exclusive loyalty reward + free shipping,Champions
14091,At Risk,653,2,9530.08,4765.04,697,44.0,,,Lapsed,[Lapsed] Recovery: Time-limited 30% win-back discount + feedback survey,At Risk
14439,At Risk,319,5,9443.039999999999,1888.6079999999997,686,91.5,,,Lapsed,[Lapsed] Recovery: Time-limited 30% win-back discount + feedback survey,At Risk
14160,At Risk,609,7,8421.470000000001,1203.067142857143,698,14.5,,,Lapsed,[Lapsed] Recovery: Time-limited 30% win-back discount + feedback survey,At Risk
13206,At Risk,399,13,8377.32,644.4092307692307,731,27.166666666666668,,,Lapsed,[Lapsed] Recovery: Time-limited 30% win-back discount + feedback survey,At Risk
13715,At Risk,280,17,8210.64,482.9788235294117,637,21.8125,,,Lapsed,[Lapsed] Recovery: Time-limited 30% win-back discount + feedback survey,At Risk
17409,At Risk,184,10,7793.51,779.351,728,60.111111111111114,,,Lapsed,[Lapsed] Recovery: Time-limited 30% win-back discount + feedback survey,At Risk
18231,Champions,191,28,6880.97,245.7489285714286,698,18.22222222222222,,,Lapsed,[Lapsed] VIP Win-Back: Personal call + exclusive loyalty reward + free shipping,Champions
15413,At Risk,691,5,6798.72,1359.7440000000001,738,11.0,,,Lapsed,[Lapsed] Recovery: Time-limited 30% win-back discount + feedback survey,At Risk
14461,At Risk,147,13,6713.5,516.4230769230769,690,44.75,,,Lapsed,[Lapsed] Recovery: Time-limited 30% win-back discount + feedback survey,At Risk
13734,At Risk,508,4,6701.640000000001,1675.4100000000003,602,31.0,,,Lapsed,[Lapsed] Recovery: Time-limited 30% win-back discount + feedback survey,At Risk
14154,At Risk,238,8,6460.7,807.5875,695,64.85714285714286,,,Lapsed,[Lapsed] Recovery: Time-limited 30% win-back discount + feedback survey,At Risk
13615,At Risk,318,8,6272.53,784.06625,679,51.142857142857146,,,Lapsed,[Lapsed] Recovery: Time-limited 30% win-back discount + feedback survey,At Risk
15369,At Risk,491,11,6251.26,568.2963636363637,731,23.5,,,Lapsed,[Lapsed] Recovery: Time-limited 30% win-back discount + feedback survey,At Risk
13935,At Risk,596,3,6116.92,2038.9733333333334,651,27.5,,,Lapsed,[Lapsed] Recovery: Time-limited 30% win-back discount + feedback survey,At Risk
12835,Champions,427,41,6043.31,147.3978048780488,736,7.225,,,Lapsed,[Lapsed] VIP Win-Back: Personal call + exclusive loyalty reward + free shipping,Champions
15372,At Risk,136,8,6017.0599999999995,752.1324999999999,663,75.0,,,Lapsed,[Lapsed] Recovery: Time-limited 30% win-back discount + feedback survey,At Risk
15202,At Risk,419,3,6001.49,2000.4966666666667,420,0.0,,,Lapsed,[Lapsed] Recovery: Time-limited 30% win-back discount + feedback survey,At Risk
14105,At Risk,238,5,5988.83,1197.766,720,120.0,,,Lapsed,[Lapsed] Recovery: Time-limited 30% win-back discount + feedback survey,At Risk
16320,At Risk,171,6,5628.990000000001,938.1650000000001,680,101.4,,,Lapsed,[Lapsed] Recovery: Time-limited 30% win-back discount + feedback survey,At Risk
14249,At Risk,410,12,5625.461,468.7884166666667,678,24.181818181818183,,,Lapsed,[Lapsed] Recovery: Time-limited 30% win-back discount + feedback survey,At Risk
17204,At Risk,174,9,5504.6900000000005,611.6322222222223,547,46.125,,,Lapsed,[Lapsed] Recovery: Time-limited 30% win-back discount + feedback survey,At Risk
14459,At Risk,154,2,5375.741,2687.8705,650,496.0,,,Lapsed,[Lapsed] Recovery: Time-limited 30% win-back discount + feedback survey,At Risk
14442,At Risk,204,7,5367.02,766.7171428571429,689,80.66666666666667,,,Lapsed,[Lapsed] Recovery: Time-limited 30% win-back discount + feedback survey,At Risk
16546,At Risk,290,5,5307.07,1061.414,441,37.25,,,Lapsed,[Lapsed] Recovery: Time-limited 30% win-back discount + feedback survey,At Risk
12755,At Risk,280,11,5236.26,476.0236363636364,693,40.9,,,Lapsed,[Lapsed] Recovery: Time-limited 30% win-back discount + feedback survey,At Risk
12510,At Risk,142,9,5178.02,575.3355555555556,734,73.5,,,Lapsed,[Lapsed] Recovery: Time-limited 30% win-back discount + feedback survey,At Risk
12625,At Risk,211,4,5164.88,1291.22,596,127.66666666666667,,,Lapsed,[Lapsed] Recovery: Time-limited 30% win-back discount + feedback survey,At Risk
14081,At Risk,301,10,4946.58,494.658,728,47.22222222222222,,,Lapsed,[Lapsed] Recovery: Time-limited 30% win-back discount + feedback survey,At Risk
16919,Champions,155,24,4927.56,205.31500000000003,476,13.478260869565217,,,Lapsed,[Lapsed] VIP Win-Back: Personal call + exclusive loyalty reward + free shipping,Champions
13659,At Risk,205,12,4894.88,407.9066666666667,660,41.0,,,Lapsed,[Lapsed] Recovery: Time-limited 30% win-back discount + feedback survey,At Risk
15332,At Risk,365,6,4892.68,815.4466666666667,512,29.0,,,Lapsed,[Lapsed] Recovery: Time-limited 30% win-back discount + feedback survey,At Risk
15379,At Risk,168,8,4877.84,609.73,400,32.42857142857143,,,Lapsed,[Lapsed] Recovery: Time-limited 30% win-back discount + feedback survey,At Risk
13044,At Risk,290,11,4853.9,441.26363636363635,699,40.3,,,Lapsed,[Lapsed] Recovery: Time-limited 30% win-back discount + feedback survey,At Risk
17829,At Risk,298,5,4756.74,951.348,654,88.75,,,Lapsed,[Lapsed] Recovery: Time-limited 30% win-back discount + feedback survey,At Risk
13958,At Risk,379,8,4709.23,588.65375,733,50.285714285714285,,,Lapsed,[Lapsed] Recovery: Time-limited 30% win-back discount + feedback survey,At Risk
12916,At Risk,138,7,4654.02,664.86,684,90.33333333333333,,,Lapsed,[Lapsed] Recovery: Time-limited 30% win-back discount + feedback survey,At Risk
14685,At Risk,575,8,4619.79,577.47375,726,21.0,,,Lapsed,[Lapsed] Recovery: Time-limited 30% win-back discount + feedback survey,At Risk
17508,At Risk,280,8,4579.2300000000005,572.4037500000001,732,64.0,,,Lapsed,[Lapsed] Recovery: Time-limited 30% win-back discount + feedback survey,At Risk
14648,At Risk,415,15,4546.86,303.12399999999997,728,21.928571428571427,,,Lapsed,[Lapsed] Recovery: Time-limited 30% win-back discount + feedback survey,At Risk
17308,At Risk,392,2,4511.76,2255.88,452,59.0,,,Lapsed,[Lapsed] Recovery: Time-limited 30% win-back discount + feedback survey,At Risk
14625,At Risk,195,11,4497.88,408.89818181818185,722,52.3,,,Lapsed,[Lapsed] Recovery: Time-limited 30% win-back discount + feedback survey,At Risk
17138,At Risk,275,7,4417.27,631.0385714285715,672,65.66666666666667,,,Lapsed,[Lapsed] Recovery: Time-limited 30% win-back discount + feedback survey,At Risk
16749,At Risk,590,2,4387.08,2193.54,723,132.0,,,Lapsed,[Lapsed] Recovery: Time-limited 30% win-back discount + feedback survey,At Risk
16118,At Risk,652,1,4376.25,4376.25,652,,,,Lapsed,[Lapsed] Recovery: Time-limited 30% win-back discount + feedback survey,At Risk
15633,At Risk,508,13,4352.46,334.8046153846154,730,17.916666666666668,,,Lapsed,[Lapsed] Recovery: Time-limited 30% win-back discount + feedback survey,At Risk
16072,At Risk,287,4,4328.89,1082.2225,548,86.33333333333333,,,Lapsed,[Lapsed] Recovery: Time-limited 30% win-back discount + feedback survey,At Risk
16125,At Risk,366,14,4298.3,307.0214285714286,724,26.923076923076923,,,Lapsed,[Lapsed] Recovery: Time-limited 30% win-back discount + feedback survey,At Risk
16858,At Risk,368,10,4292.59,429.259,724,39.0,,,Lapsed,[Lapsed] Recovery: Time-limited 30% win-back discount + feedback survey,At Risk
17406,At Risk,332,13,4202.95,323.30384615384617,732,32.75,,,Lapsed,[Lapsed] Recovery: Time-limited 30% win-back discount + feedback survey,At Risk
14740,At Risk,196,11,4161.06,378.27818181818185,652,45.0,,,Lapsed,[Lapsed] Recovery: Time-limited 30% win-back discount + feedback survey,At Risk
12653,At Risk,148,3,4160.83,1386.9433333333334,526,188.5,,,Lapsed,[Lapsed] Recovery: Time-limited 30% win-back discount + feedback survey,At Risk
14025,At Risk,464,8,4057.9,507.2375,583,16.571428571428573,,,Lapsed,[Lapsed] Recovery: Time-limited 30% win-back discount + feedback survey,At Risk
12840,At Risk,143,7,4041.9700000000003,577.4242857142857,673,87.83333333333333,,,Lapsed,[Lapsed] Recovery: Time-limited 30% win-back discount + feedback survey,At Risk
15665,At Risk,167,5,4015.12,803.024,634,116.25,,,Lapsed,[Lapsed] Recovery: Time-limited 30% win-back discount + feedback survey,At Risk
13542,At Risk,376,17,4006.17,235.6570588235294,728,21.5625,,,Lapsed,[Lapsed] Recovery: Time-limited 30% win-back discount + feedback survey,At Risk
17307,At Risk,394,11,3999.8900000000003,363.6263636363637,688,29.0,,,Lapsed,[Lapsed] Recovery: Time-limited 30% win-back discount + feedback survey,At Risk
14817,At Risk,199,7,3959.86,565.6942857142857,627,70.66666666666667,,,Lapsed,[Lapsed] Recovery: Time-limited 30% win-back discount + feedback survey,At Risk
14465,At Risk,246,11,3946.03,358.73,700,45.0,,,Lapsed,[Lapsed] Recovery: Time-limited 30% win-back discount + feedback survey,At Risk
13037,At Risk,137,12,3914.9500000000003,326.24583333333334,735,53.81818181818182,,,Lapsed,[Lapsed] Recovery: Time-limited 30% win-back discount + feedback survey,At Risk
17646,At Risk,218,12,3898.79,324.89916666666664,723,45.36363636363637,,,Lapsed,[Lapsed] Recovery: Time-limited 30% win-back discount + feedback survey,At Risk
15823,At Risk,371,3,3882.1700000000005,1294.0566666666668,730,179.0,,,Lapsed,[Lapsed] Recovery: Time-limited 30% win-back discount + feedback survey,At Risk
13446,At Risk,429,11,3881.8900000000003,352.89909090909094,663,22.9,,,Lapsed,[Lapsed] Recovery: Time-limited 30% win-back discount + feedback survey,At Risk
14532,At Risk,235,11,3859.18,350.83454545454543,698,45.8,,,Lapsed,[Lapsed] Recovery: Time-limited 30% win-back discount + feedback survey,At Risk
13357,At Risk,256,5,3838.36,767.672,626,92.0,,,Lapsed,[Lapsed] Recovery: Time-limited 30% win-back discount + feedback survey,At Risk
15704,At Risk,139,6,3817.96,636.3266666666667,582,88.2,,,Lapsed,[Lapsed] Recovery: Time-limited 30% win-back discount + feedback survey,At Risk
16636,At Risk,437,4,3802.04,950.51,645,68.66666666666667,,,Lapsed,[Lapsed] Recovery: Time-limited 30% win-back discount + feedback survey,At Risk
12623,At Risk,275,7,3747.84,535.4057142857143,696,69.66666666666667,,,Lapsed,[Lapsed] Recovery: Time-limited 30% win-back discount + feedback survey,At Risk
16772,At Risk,422,3,3723.55,1241.1833333333334,721,149.0,,,Lapsed,[Lapsed] Recovery: Time-limited 30% win-back discount + feedback survey,At Risk
12737,At Risk,498,2,3710.5,1855.25,498,0.0,,,Lapsed,[Lapsed] Recovery: Time-limited 30% win-back discount + feedback survey,At Risk
12857,At Risk,210,6,3688.0,614.6666666666666,682,94.0,,,Lapsed,[Lapsed] Recovery: Time-limited 30% win-back discount + feedback survey,At Risk
12468,At Risk,187,5,3670.74,734.1479999999999,682,123.25,,,Lapsed,[Lapsed] Recovery: Time-limited 30% win-back discount + feedback survey,At Risk
14770,At Risk,231,8,3637.6400000000003,454.70500000000004,651,59.42857142857143,,,Lapsed,[Lapsed] Recovery: Time-limited 30% win-back discount + feedback survey,At Risk
15079,At Risk,212,11,3625.4,329.58181818181816,731,51.6,,,Lapsed,[Lapsed] Recovery: Time-limited 30% win-back discount + feedback survey,At Risk
15222,At Risk,318,11,3550.91,322.81,722,39.8,,,Lapsed,[Lapsed] Recovery: Time-limited 30% win-back discount + feedback survey,At Risk
16336,At Risk,420,4,3517.6899999999996,879.4224999999999,631,70.0,,,Lapsed,[Lapsed] Recovery: Time-limited 30% win-back discount + feedback survey,At Risk
18168,At Risk,175,16,3506.97,219.185625,735,36.86666666666667,,,Lapsed,[Lapsed] Recovery: Time-limited 30% win-back discount + feedback survey,At Risk
13929,At Risk,168,11,3494.1,317.6454545454545,694,52.3,,,Lapsed,[Lapsed] Recovery: Time-limited 30% win-back discount + feedback survey,At Risk
17597,At Risk,213,5,3484.09,696.818,582,91.75,,,Lapsed,[Lapsed] Recovery: Time-limited 30% win-back discount + feedback survey,At Risk
12377,At Risk,314,4,3426.32,856.58,588,91.0,,,Lapsed,[Lapsed] Recovery: Time-limited 30% win-back discount + feedback survey,At Risk
17876,At Risk,399,3,3424.02,1141.34,674,137.5,,,Lapsed,[Lapsed] Recovery: Time-limited 30% win-back discount + feedback survey,At Risk
13031,At Risk,406,5,3419.27,683.854,553,36.25,,,Lapsed,[Lapsed] Recovery: Time-limited 30% win-back discount + feedback survey,At Risk
16067,At Risk,562,3,3395.29,1131.7633333333333,674,55.5,,,Lapsed,[Lapsed] Recovery: Time-limited 30% win-back discount + feedback survey,At Risk
13135,At Risk,196,2,3371.45,1685.725,490,294.0,,,Lapsed,[Lapsed] Recovery: Time-limited 30% win-back discount + feedback survey,At Risk
13707,At Risk,266,5,3365.8599999999997,673.1719999999999,536,67.0,,,Lapsed,[Lapsed] Recovery: Time-limited 30% win-back discount + feedback survey,At Risk
15538,At Risk,537,6,3358.4,559.7333333333333,663,24.8,,,Lapsed,[Lapsed] Recovery: Time-limited 30% win-back discount + feedback survey,At Risk
15265,At Risk,150,4,3345.64,836.41,737,195.33333333333334,,,Lapsed,[Lapsed] Recovery: Time-limited 30% win-back discount + feedback survey,At Risk
12424,At Risk,162,4,3340.0299999999997,835.0074999999999,547,128.33333333333334,,,Lapsed,[Lapsed] Recovery: Time-limited 30% win-back discount + feedback survey,At Risk
16351,At Risk,332,13,3330.03,256.15615384615387,734,33.0,,,Lapsed,[Lapsed] Recovery: Time-limited 30% win-back discount + feedback survey,At Risk
13291,At Risk,155,11,3320.84,301.8945454545455,665,50.4,,,Lapsed,[Lapsed] Recovery: Time-limited 30% win-back discount + feedback survey,At Risk
12872,At Risk,326,12,3306.96,275.58,735,36.72727272727273,,,Lapsed,[Lapsed] Recovery: Time-limited 30% win-back discount + feedback survey,At Risk
13214,At Risk,417,7,3264.23,466.31857142857143,645,37.666666666666664,,,Lapsed,[Lapsed] Recovery: Time-limited 30% win-back discount + feedback survey,At Risk
15057,At Risk,274,5,3255.96,651.192,733,114.25,,,Lapsed,[Lapsed] Recovery: Time-limited 30% win-back discount + feedback survey,At Risk
12770,At Risk,210,2,3246.45,1623.225,456,245.0,,,Lapsed,[Lapsed] Recovery: Time-limited 30% win-back discount + feedback survey,At Risk
14669,At Risk,241,7,3243.9300000000003,463.41857142857145,736,82.16666666666667,,,Lapsed,[Lapsed] Recovery: Time-limited 30% win-back discount + feedback survey,At Risk
13052,At Risk,211,7,3168.53,452.6471428571429,654,73.16666666666667,,,Lapsed,[Lapsed] Recovery: Time-limited 30% win-back discount + feedback survey,At Risk
12976,At Risk,211,8,3156.38,394.5475,664,64.42857142857143,,,Lapsed,[Lapsed] Recovery: Time-limited 30% win-back discount + feedback survey,At Risk
15614,At Risk,437,4,3147.36,786.84,626,62.666666666666664,,,Lapsed,[Lapsed] Recovery: Time-limited 30% win-back discount + feedback survey,At Risk
13786,At Risk,366,6,3128.54,521.4233333333333,735,73.4,,,Lapsed,[Lapsed] Recovery: Time-limited 30% win-back discount + feedback survey,At Risk
17145,At Risk,512,4,3120.91,780.2275,658,48.333333333333336,,,Lapsed,[Lapsed] Recovery: Time-limited 30% win-back discount + feedback survey,At Risk
12511,At Risk,428,1,3084.02,3084.02,428,,,,Lapsed,[Lapsed] Recovery: Time-limited 30% win-back discount + feedback survey,At Risk
12469,At Risk,522,2,3070.54,1535.27,536,14.0,,,Lapsed,[Lapsed] Recovery: Time-limited 30% win-back discount + feedback survey,At Risk
14161,At Risk,215,7,3035.73,433.67571428571426,726,84.5,,,Lapsed,[Lapsed] Recovery: Time-limited 30% win-back discount + feedback survey,At Risk
16718,At Risk,368,5,3023.7799999999997,604.756,732,90.25,,,Lapsed,[Lapsed] Recovery: Time-limited 30% win-back discount + feedback survey,At Risk
13485,At Risk,232,11,3019.2200000000003,274.4745454545455,735,49.9,,,Lapsed,[Lapsed] Recovery: Time-limited 30% win-back discount + feedback survey,At Risk
12754,At Risk,235,3,3010.74,1003.5799999999999,308,36.0,,,Lapsed,[Lapsed] Recovery: Time-limited 30% win-back discount + feedback survey,At Risk
14590,At Risk,424,20,3006.62,150.331,731,15.631578947368421,,,Lapsed,[Lapsed] Recovery: Time-limited 30% win-back discount + feedback survey,At Risk
17032,At Risk,547,8,3004.6,375.575,728,25.571428571428573,,,Lapsed,[Lapsed] Recovery: Time-limited 30% win-back discount + feedback survey,At Risk
15182,At Risk,153,11,2998.952,272.632,656,50.0,,,Lapsed,[Lapsed] Recovery: Time-limited 30% win-back discount + feedback survey,At Risk
16736,At Risk,505,5,2956.56,591.312,735,57.0,,,Lapsed,[Lapsed] Recovery: Time-limited 30% win-back discount + feedback survey,At Risk
14867,At Risk,185,16,2952.06,184.50375,733,36.2,,,Lapsed,[Lapsed] Recovery: Time-limited 30% win-back discount + feedback survey,At Risk
13253,At Risk,156,4,2951.11,737.7775,703,182.0,,,Lapsed,[Lapsed] Recovery: Time-limited 30% win-back discount + feedback survey,At Risk
17444,At Risk,147,3,2940.04,980.0133333333333,172,12.5,,,Lapsed,[Lapsed] Recovery: Time-limited 30% win-back discount + feedback survey,At Risk
12967,At Risk,357,3,2938.5200000000004,979.5066666666668,383,12.0,,,Lapsed,[Lapsed] Recovery: Time-limited 30% win-back discount + feedback survey,At Risk
13501,At Risk,287,3,2885.1099999999997,961.7033333333333,569,140.5,,,Lapsed,[Lapsed] Recovery: Time-limited 30% win-back discount + feedback survey,At Risk
12806,At Risk,434,4,2878.96,719.74,588,50.666666666666664,,,Lapsed,[Lapsed] Recovery: Time-limited 30% win-back discount + feedback survey,At Risk
16467,At Risk,508,7,2869.16,409.88,737,37.666666666666664,,,Lapsed,[Lapsed] Recovery: Time-limited 30% win-back discount + feedback survey,At Risk
14758,At Risk,144,7,2864.97,409.28142857142853,610,77.16666666666667,,,Lapsed,[Lapsed] Recovery: Time-limited 30% win-back discount + feedback survey,At Risk
15353,At Risk,254,7,2864.3,409.1857142857143,737,80.0,,,Lapsed,[Lapsed] Recovery: Time-limited 30% win-back discount + feedback survey,At Risk
13963,At Risk,307,17,2860.57,168.26882352941178,596,17.5625,,,Lapsed,[Lapsed] Recovery: Time-limited 30% win-back discount + feedback survey,At Risk
14935,At Risk,296,2,2849.83,1424.915,619,322.0,,,Lapsed,[Lapsed] Recovery: Time-limited 30% win-back discount + feedback survey,At Risk
13205,At Risk,442,1,2803.2,2803.2,442,,,,Lapsed,[Lapsed] Recovery: Time-limited 30% win-back discount + feedback survey,At Risk
16335,At Risk,551,7,2774.0,396.2857142857143,735,30.333333333333332,,,Lapsed,[Lapsed] Recovery: Time-limited 30% win-back discount + feedback survey,At Risk
15235,At Risk,217,16,2772.76,173.2975,388,11.0,,,Lapsed,[Lapsed] Recovery: Time-limited 30% win-back discount + feedback survey,At Risk
15817,At Risk,420,3,2766.4,922.1333333333333,542,60.5,,,Lapsed,[Lapsed] Recovery: Time-limited 30% win-back discount + feedback survey,At Risk
12982,At Risk,242,8,2744.81,343.10125,605,51.42857142857143,,,Lapsed,[Lapsed] Recovery: Time-limited 30% win-back discount + feedback survey,At Risk
17241,At Risk,384,12,2744.1400000000003,228.67833333333337,661,24.636363636363637,,,Lapsed,[Lapsed] Recovery: Time-limited 30% win-back discount + feedback survey,At Risk
12669,At Risk,150,3,2744.0299999999997,914.6766666666666,256,52.5,,,Lapsed,[Lapsed] Recovery: Time-limited 30% win-back discount + feedback survey,At Risk
15389,At Risk,171,5,2733.8,546.76,681,126.75,,,Lapsed,[Lapsed] Recovery: Time-limited 30% win-back discount + feedback survey,At Risk
12986,At Risk,428,10,2729.84,272.98400000000004,687,28.444444444444443,,,Lapsed,[Lapsed] Recovery: Time-limited 30% win-back discount + feedback survey,At Risk
13819,At Risk,301,6,2642.35,440.39166666666665,737,86.8,,,Lapsed,[Lapsed] Recovery: Time-limited 30% win-back discount + feedback survey,At Risk
16276,At Risk,176,3,2629.3900000000003,876.4633333333335,607,215.0,,,Lapsed,[Lapsed] Recovery: Time-limited 30% win-back discount + feedback survey,At Risk
14548,At Risk,150,9,2627.49,291.9433333333333,732,72.625,,,Lapsed,[Lapsed] Recovery: Time-limited 30% win-back discount + feedback survey,At Risk
12671,At Risk,605,1,2622.481,2622.481,605,,,,Lapsed,[Lapsed] Recovery: Time-limited 30% win-back discount + feedback survey,At Risk
14195,At Risk,201,6,2615.6,435.93333333333334,633,86.2,,,Lapsed,[Lapsed] Recovery: Time-limited 30% win-back discount + feedback survey,At Risk
14431,At Risk,302,4,2614.2,653.55,687,127.66666666666667,,,Lapsed,[Lapsed] Recovery: Time-limited 30% win-back discount + feedback survey,At Risk
14564,At Risk,434,2,2605.62,1302.81,735,300.0,,,Lapsed,[Lapsed] Recovery: Time-limited 30% win-back discount + feedback survey,At Risk
13151,At Risk,295,3,2580.7400000000002,860.2466666666668,627,165.5,,,Lapsed,[Lapsed] Recovery: Time-limited 30% win-back discount + feedback survey,At Risk
16499,At Risk,359,8,2578.34,322.2925,546,26.142857142857142,,,Lapsed,[Lapsed] Recovery: Time-limited 30% win-back discount + feedback survey,At Risk
17550,At Risk,196,9,2547.64,283.0711111111111,669,58.625,,,Lapsed,[Lapsed] Recovery: Time-limited 30% win-back discount + feedback survey,At Risk
17465,At Risk,425,7,2542.79,363.2557142857143,735,51.333333333333336,,,Lapsed,[Lapsed] Recovery: Time-limited 30% win-back discount + feedback survey,At Risk
16889,At Risk,194,6,2530.9,421.81666666666666,565,73.8,,,Lapsed,[Lapsed] Recovery: Time-limited 30% win-back discount + feedback survey,At Risk
15716,At Risk,145,11,2509.71,228.15545454545455,732,58.1,,,Lapsed,[Lapsed] Recovery: Time-limited 30% win-back discount + feedback survey,At Risk
12978,At Risk,384,5,2502.82,500.564,729,85.75,,,Lapsed,[Lapsed] Recovery: Time-limited 30% win-back discount + feedback survey,At Risk
16202,At Risk,360,9,2501.99,277.99888888888887,737,46.75,,,Lapsed,[Lapsed] Recovery: Time-limited 30% win-back discount + feedback survey,At Risk
14256,At Risk,259,5,2473.9900000000002,494.79800000000006,694,108.25,,,Lapsed,[Lapsed] Recovery: Time-limited 30% win-back discount + feedback survey,At Risk
13762,At Risk,218,5,2472.48,494.496,698,119.25,,,Lapsed,[Lapsed] Recovery: Time-limited 30% win-back discount + feedback survey,At Risk
13338,At Risk,157,4,2445.62,611.405,703,181.0,,,Lapsed,[Lapsed] Recovery: Time-limited 30% win-back discount + feedback survey,At Risk
15623,At Risk,140,8,2437.05,304.63125,728,83.57142857142857,,,Lapsed,[Lapsed] Recovery: Time-limited 30% win-back discount + feedback survey,At Risk
17505,At Risk,161,5,2435.48,487.096,604,110.5,,,Lapsed,[Lapsed] Recovery: Time-limited 30% win-back discount + feedback survey,At Risk
13085,At Risk,157,8,2433.28,304.16,738,82.71428571428571,,,Lapsed,[Lapsed] Recovery: Time-limited 30% win-back discount + feedback survey,At Risk
15077,At Risk,494,2,2428.08,1214.04,729,235.0,,,Lapsed,[Lapsed] Recovery: Time-limited 30% win-back discount + feedback survey,At Risk
12733,At Risk,233,4,2424.87,606.2175,688,151.33333333333334,,,Lapsed,[Lapsed] Recovery: Time-limited 30% win-back discount + feedback survey,At Risk
12802,At Risk,186,7,2416.42,345.20285714285717,563,62.5,,,Lapsed,[Lapsed] Recovery: Time-limited 30% win-back discount + feedback survey,At Risk
16163,At Risk,231,6,2407.98,401.33,737,100.6,,,Lapsed,[Lapsed] Recovery: Time-limited 30% win-back discount + feedback survey,At Risk
16812,At Risk,360,4,2392.0,598.0,381,7.0,,,Lapsed,[Lapsed] Recovery: Time-limited 30% win-back discount + feedback survey,At Risk
16105,At Risk,248,5,2386.19,477.238,603,88.25,,,Lapsed,[Lapsed] Recovery: Time-limited 30% win-back discount + feedback survey,At Risk
17969,At Risk,165,20,2369.94,118.497,732,29.31578947368421,,,Lapsed,[Lapsed] Recovery: Time-limited 30% win-back discount + feedback survey,At Risk
15015,At Risk,500,13,2365.02,181.92461538461538,724,18.166666666666668,,,Lapsed,[Lapsed] Recovery: Time-limited 30% win-back discount + feedback survey,At Risk
14496,At Risk,311,7,2363.89,337.6985714285714,632,53.0,,,Lapsed,[Lapsed] Recovery: Time-limited 30% win-back discount + feedback survey,At Risk
17113,At Risk,573,6,2322.59,387.09833333333336,697,24.2,,,Lapsed,[Lapsed] Recovery: Time-limited 30% win-back discount + feedback survey,At Risk
14938,At Risk,561,2,2322.43,1161.215,561,0.0,,,Lapsed,[Lapsed] Recovery: Time-limited 30% win-back discount + feedback survey,At Risk
14481,At Risk,164,5,2311.49,462.29799999999994,677,127.5,,,Lapsed,[Lapsed] Recovery: Time-limited 30% win-back discount + feedback survey,At Risk
15946,At Risk,502,3,2304.18,768.06,633,65.5,,,Lapsed,[Lapsed] Recovery: Time-limited 30% win-back discount + feedback survey,At Risk
13059,At Risk,249,10,2303.17,230.317,618,40.55555555555556,,,Lapsed,[Lapsed] Recovery: Time-limited 30% win-back discount + feedback survey,At Risk
18095,At Risk,312,5,2303.09,460.61800000000005,598,71.25,,,Lapsed,[Lapsed] Recovery: Time-limited 30% win-back discount + feedback survey,At Risk
16077,At Risk,625,1,2300.4,2300.4,625,,,,Lapsed,[Lapsed] Recovery: Time-limited 30% win-back discount + feedback survey,At Risk
13371,At Risk,504,2,2297.66,1148.83,631,127.0,,,Lapsed,[Lapsed] Recovery: Time-limited 30% win-back discount + feedback survey,At Risk
18051,At Risk,633,7,2282.2799999999997,326.03999999999996,730,15.5,,,Lapsed,[Lapsed] Recovery: Time-limited 30% win-back discount + feedback survey,At Risk
16883,At Risk,186,19,2268.56,119.3978947368421,735,30.0,,,Lapsed,[Lapsed] Recovery: Time-limited 30% win-back discount + feedback survey,At Risk
12725,At Risk,370,4,2266.76,566.69,583,70.66666666666667,,,Lapsed,[Lapsed] Recovery: Time-limited 30% win-back discount + feedback survey,At Risk
15638,At Risk,378,6,2265.2,377.5333333333333,609,46.0,,,Lapsed,[Lapsed] Recovery: Time-limited 30% win-back discount + feedback survey,At Risk
16823,At Risk,226,7,2260.09,322.87,737,84.5,,,Lapsed,[Lapsed] Recovery: Time-limited 30% win-back discount + feedback survey,At Risk
13407,At Risk,578,3,2244.7,748.2333333333332,661,41.0,,,Lapsed,[Lapsed] Recovery: Time-limited 30% win-back discount + feedback survey,At Risk
15629,At Risk,449,4,2240.9,560.225,532,27.333333333333332,,,Lapsed,[Lapsed] Recovery: Time-limited 30% win-back discount + feedback survey,At Risk
13478,At Risk,468,5,2215.78,443.15600000000006,676,51.25,,,Lapsed,[Lapsed] Recovery: Time-limited 30% win-back discount + feedback survey,At Risk
15476,At Risk,379,4,2209.98,552.495,441,20.333333333333332,,,Lapsed,[Lapsed] Recovery: Time-limited 30% win-back discount + feedback survey,At Risk
14573,At Risk,179,13,2208.32,169.87076923076924,699,42.833333333333336,,,Lapsed,[Lapsed] Recovery: Time-limited 30% win-back discount + feedback survey,At Risk
15100,At Risk,333,7,2193.8999999999996,313.41428571428565,700,60.666666666666664,,,Lapsed,[Lapsed] Recovery: Time-limited 30% win-back discount + feedback survey,At Risk
15934,At Risk,417,2,2190.66,1095.33,429,11.0,,,Lapsed,[Lapsed] Recovery: Time-limited 30% win-back discount + feedback survey,At Risk
17822,At Risk,419,5,2188.5,437.7,560,35.0,,,Lapsed,[Lapsed] Recovery: Time-limited 30% win-back discount + feedback survey,At Risk
12501,At Risk,336,1,2169.39,2169.39,336,,,,Lapsed,[Lapsed] Recovery: Time-limited 30% win-back discount + feedback survey,At Risk
17732,At Risk,372,8,2166.42,270.8025,487,16.142857142857142,,,Lapsed,[Lapsed] Recovery: Time-limited 30% win-back discount + feedback survey,At Risk
15944,At Risk,276,4,2164.24,541.06,725,149.66666666666666,,,Lapsed,[Lapsed] Recovery: Time-limited 30% win-back discount + feedback survey,At Risk
16520,At Risk,185,6,2156.86,359.4766666666667,646,91.6,,,Lapsed,[Lapsed] Recovery: Time-limited 30% win-back discount + feedback survey,At Risk
18009,At Risk,234,8,2155.83,269.47875,652,59.142857142857146,,,Lapsed,[Lapsed] Recovery: Time-limited 30% win-back discount + feedback survey,At Risk
16275,At Risk,196,3,2151.11,717.0366666666667,640,222.0,,,Lapsed,[Lapsed] Recovery: Time-limited 30% win-back discount + feedback survey,At Risk
17897,At Risk,172,9,2150.38,238.93111111111114,575,50.0,,,Lapsed,[Lapsed] Recovery: Time-limited 30% win-back discount + feedback survey,At Risk
16716,At Risk,266,3,2149.6800000000003,716.5600000000001,630,181.5,,,Lapsed,[Lapsed] Recovery: Time-limited 30% win-back discount + feedback survey,At Risk
16004,At Risk,474,5,2146.39,429.27799999999996,682,52.0,,,Lapsed,[Lapsed] Recovery: Time-limited 30% win-back discount + feedback survey,At Risk
13152,At Risk,416,7,2146.38,306.6257142857143,694,45.833333333333336,,,Lapsed,[Lapsed] Recovery: Time-limited 30% win-back discount + feedback survey,At Risk
12687,At Risk,480,2,2138.91,1069.455,480,0.0,,,Lapsed,[Lapsed] Recovery: Time-limited 30% win-back discount + feedback survey,At Risk
17305,Lost Customers,648,1,2135.46,2135.46,648,,,,Lapsed,[Lapsed] Last Chance: Final win-back email + maximum discount,Lost Customers
14634,At Risk,437,4,2124.46,531.115,541,34.0,,,Lapsed,[Lapsed] Recovery: Time-limited 30% win-back discount + feedback survey,At Risk
16807,At Risk,142,6,2123.88,353.98,622,95.6,,,Lapsed,[Lapsed] Recovery: Time-limited 30% win-back discount + feedback survey,At Risk
15456,At Risk,282,10,2119.27,211.927,730,49.22222222222222,,,Lapsed,[Lapsed] Recovery: Time-limited 30% win-back discount + feedback survey,At Risk
15658,At Risk,189,8,2117.27,264.65875,736,77.57142857142857,,,Lapsed,[Lapsed] Recovery: Time-limited 30% win-back discount + feedback survey,At Risk
14399,At Risk,393,8,2113.16,264.145,673,39.57142857142857,,,Lapsed,[Lapsed] Recovery: Time-limited 30% win-back discount + feedback survey,At Risk
14469,At Risk,415,4,2112.21,528.0525,679,87.0,,,Lapsed,[Lapsed] Recovery: Time-limited 30% win-back discount + feedback survey,At Risk
16054,At Risk,144,4,2111.88,527.97,616,157.0,,,Lapsed,[Lapsed] Recovery: Time-limited 30% win-back discount + feedback survey,At Risk
12975,At Risk,436,6,2100.09,350.01500000000004,733,59.0,,,Lapsed,[Lapsed] Recovery: Time-limited 30% win-back discount + feedback survey,At Risk
13753,At Risk,287,4,2094.57,523.6425,736,149.33333333333334,,,Lapsed,[Lapsed] Recovery: Time-limited 30% win-back discount + feedback survey,At Risk
15151,At Risk,422,2,2085.61,1042.805,509,86.0,,,Lapsed,[Lapsed] Recovery: Time-limited 30% win-back discount + feedback survey,At Risk
16795,At Risk,364,3,2077.51,692.5033333333334,682,158.5,,,Lapsed,[Lapsed] Recovery: Time-limited 30% win-back discount + feedback survey,At Risk
18026,At Risk,500,2,2074.07,1037.035,504,4.0,,,Lapsed,[Lapsed] Recovery: Time-limited 30% win-back discount + feedback survey,At Risk
17126,At Risk,151,9,2070.44,230.04888888888888,464,39.0,,,Lapsed,[Lapsed] Recovery: Time-limited 30% win-back discount + feedback survey,At Risk
16290,At Risk,464,4,2069.3,517.325,565,33.0,,,Lapsed,[Lapsed] Recovery: Time-limited 30% win-back discount + feedback survey,At Risk
14988,At Risk,211,7,2066.6,295.2285714285714,601,64.5,,,Lapsed,[Lapsed] Recovery: Time-limited 30% win-back discount + feedback survey,At Risk
15221,At Risk,365,4,2062.2,515.55,637,90.0,,,Lapsed,[Lapsed] Recovery: Time-limited 30% win-back discount + feedback survey,At Risk
13476,At Risk,178,5,2061.4700000000003,412.29400000000004,644,116.0,,,Lapsed,[Lapsed] Recovery: Time-limited 30% win-back discount + feedback survey,At Risk
18258,At Risk,463,6,2059.67,343.27833333333336,572,21.4,,,Lapsed,[Lapsed] Recovery: Time-limited 30% win-back discount + feedback survey,At Risk
16176,At Risk,420,4,2052.69,513.1725,619,65.66666666666667,,,Lapsed,[Lapsed] Recovery: Time-limited 30% win-back discount + feedback survey,At Risk
13874,At Risk,357,7,2049.15,292.7357142857143,672,52.0,,,Lapsed,[Lapsed] Recovery: Time-limited 30% win-back discount + feedback survey,At Risk
13663,At Risk,178,5,2047.51,409.502,646,116.5,,,Lapsed,[Lapsed] Recovery: Time-limited 30% win-back discount + feedback survey,At Risk
14000,At Risk,210,5,2046.3400000000001,409.26800000000003,737,131.25,,,Lapsed,[Lapsed] Recovery: Time-limited 30% win-back discount + feedback survey,At Risk
12868,At Risk,185,8,2043.7600000000002,255.47000000000003,392,29.142857142857142,,,Lapsed,[Lapsed] Recovery: Time-limited 30% win-back discount + feedback survey,At Risk
12585,At Risk,233,2,2040.1,1020.05,350,117.0,,,Lapsed,[Lapsed] Recovery: Time-limited 30% win-back discount + feedback survey,At Risk
16214,At Risk,170,4,2038.25,509.5625,434,87.66666666666667,,,Lapsed,[Lapsed] Recovery: Time-limited 30% win-back discount + feedback survey,At Risk
16331,At Risk,431,6,2037.7,339.6166666666667,642,41.6,,,Lapsed,[Lapsed] Recovery: Time-limited 30% win-back discount + feedback survey,At Risk
14225,At Risk,434,4,2037.02,509.255,695,87.0,,,Lapsed,[Lapsed] Recovery: Time-limited 30% win-back discount + feedback survey,At Risk
17337,At Risk,150,4,2027.8700000000001,506.96750000000003,309,52.333333333333336,,,Lapsed,[Lapsed] Recovery: Time-limited 30% win-back discount + feedback survey,At Risk
15384,At Risk,169,4,2027.79,506.9475,592,140.0,,,Lapsed,[Lapsed] Recovery: Time-limited 30% win-back discount + feedback survey,At Risk
12873,At Risk,281,3,2027.3,675.7666666666667,681,199.5,,,Lapsed,[Lapsed] Recovery: Time-limited 30% win-back discount + feedback survey,At Risk
13696,At Risk,421,3,2020.4,673.4666666666667,665,121.5,,,Lapsed,[Lapsed] Recovery: Time-limited 30% win-back discount + feedback survey,At Risk
16197,At Risk,468,9,2016.71,224.07888888888888,723,31.25,,,Lapsed,[Lapsed] Recovery: Time-limited 30% win-back discount + feedback survey,At Risk
17152,At Risk,194,4,2016.5,504.125,425,76.66666666666667,,,Lapsed,[Lapsed] Recovery: Time-limited 30% win-back discount + feedback survey,At Risk
16529,At Risk,189,4,2012.0,503.0,529,113.0,,,Lapsed,[Lapsed] Recovery: Time-limited 30% win-back discount + feedback survey,At Risk
13693,At Risk,373,9,2011.8200000000002,223.53555555555556,732,44.25,,,Lapsed,[Lapsed] Recovery: Time-limited 30% win-back discount + feedback survey,At Risk
16065,At Risk,364,8,2010.53,251.31625,462,13.571428571428571,,,Lapsed,[Lapsed] Recovery: Time-limited 30% win-back discount + feedback survey,At Risk
16698,At Risk,226,2,1998.0,999.0,252,26.0,,,Lapsed,[Lapsed] Recovery: Time-limited 30% win-back discount + feedback survey,At Risk
15481,At Risk,400,1,1993.34,1993.34,400,,,,Lapsed,[Lapsed] Recovery: Time-limited 30% win-back discount + feedback survey,At Risk
12582,At Risk,238,4,1980.4,495.1,577,112.66666666666667,,,Lapsed,[Lapsed] Recovery: Time-limited 30% win-back discount + feedback survey,At Risk
15795,At Risk,149,8,1979.87,247.48375,690,77.0,,,Lapsed,[Lapsed] Recovery: Time-limited 30% win-back discount + feedback survey,At Risk
14905,At Risk,157,8,1971.39,246.42375,735,82.28571428571429,,,Lapsed,[Lapsed] Recovery: Time-limited 30% win-back discount + feedback survey,At Risk
16032,At Risk,455,6,1970.45,328.40833333333336,522,13.0,,,Lapsed,[Lapsed] Recovery: Time-limited 30% win-back discount + feedback survey,At Risk
15789,At Risk,357,6,1962.01,327.00166666666667,623,52.8,,,Lapsed,[Lapsed] Recovery: Time-limited 30% win-back discount + feedback survey,At Risk
17039,Lost Customers,603,1,1954.99,1954.99,603,,,,Lapsed,[Lapsed] Last Chance: Final win-back email + maximum discount,Lost Customers
16993,At Risk,463,2,1950.95,975.475,575,112.0,,,Lapsed,[Lapsed] Recovery: Time-limited 30% win-back discount + feedback survey,At Risk
15425,At Risk,399,4,1944.5700000000002,486.14250000000004,663,87.33333333333333,,,Lapsed,[Lapsed] Recovery: Time-limited 30% win-back discount + feedback survey,At Risk
12385,At Risk,378,1,1938.4,1938.4,378,,,,Lapsed,[Lapsed] Recovery: Time-limited 30% win-back discount + feedback survey,At Risk
16619,At Risk,263,4,1938.3300000000002,484.58250000000004,655,130.33333333333334,,,Lapsed,[Lapsed] Recovery: Time-limited 30% win-back discount + feedback survey,At Risk
16859,At Risk,144,7,1932.4099999999999,276.0585714285714,645,83.0,,,Lapsed,[Lapsed] Recovery: Time-limited 30% win-back discount + feedback survey,At Risk
14492,At Risk,429,7,1921.91,274.55857142857144,618,31.166666666666668,,,Lapsed,[Lapsed] Recovery: Time-limited 30% win-back discount + feedback survey,At Risk
18220,At Risk,226,6,1921.76,320.29333333333335,724,99.0,,,Lapsed,[Lapsed] Recovery: Time-limited 30% win-back discount + feedback survey,At Risk
16692,At Risk,255,4,1914.6999999999998,478.67499999999995,441,61.0,,,Lapsed,[Lapsed] Recovery: Time-limited 30% win-back discount + feedback survey,At Risk
17046,At Risk,156,5,1906.0700000000002,381.21400000000006,619,115.5,,,Lapsed,[Lapsed] Recovery: Time-limited 30% win-back discount + feedback survey,At Risk
14327,At Risk,162,6,1894.93,315.82166666666666,699,106.8,,,Lapsed,[Lapsed] Recovery: Time-limited 30% win-back discount + feedback survey,At Risk
15248,At Risk,410,3,1893.93,631.3100000000001,533,60.5,,,Lapsed,[Lapsed] Recovery: Time-limited 30% win-back discount + feedback survey,At Risk
16631,At Risk,481,7,1892.52,270.36,651,28.0,,,Lapsed,[Lapsed] Recovery: Time-limited 30% win-back discount + feedback survey,At Risk
15381,At Risk,213,5,1890.57,378.114,582,92.0,,,Lapsed,[Lapsed] Recovery: Time-limited 30% win-back discount + feedback survey,At Risk
14130,At Risk,318,4,1882.67,470.6675,727,135.66666666666666,,,Lapsed,[Lapsed] Recovery: Time-limited 30% win-back discount + feedback survey,At Risk
17787,At Risk,152,4,1865.19,466.2975,370,72.0,,,Lapsed,[Lapsed] Recovery: Time-limited 30% win-back discount + feedback survey,At Risk
16917,At Risk,276,2,1857.83,928.915,631,355.0,,,Lapsed,[Lapsed] Recovery: Time-limited 30% win-back discount + feedback survey,At Risk
16510,At Risk,371,6,1851.8999999999999,308.65,691,63.2,,,Lapsed,[Lapsed] Recovery: Time-limited 30% win-back discount + feedback survey,At Risk
12383,At Risk,184,5,1850.56,370.11199999999997,351,41.25,,,Lapsed,[Lapsed] Recovery: Time-limited 30% win-back discount + feedback survey,At Risk
14870,At Risk,261,6,1838.95,306.4916666666667,683,84.2,,,Lapsed,[Lapsed] Recovery: Time-limited 30% win-back discount + feedback survey,At Risk
14896,At Risk,204,8,1835.2,229.4,733,75.0,,,Lapsed,[Lapsed] Recovery: Time-limited 30% win-back discount + feedback survey,At Risk
15402,At Risk,148,6,1830.5400000000002,305.09000000000003,591,88.0,,,Lapsed,[Lapsed] Recovery: Time-limited 30% win-back discount + feedback survey,At Risk
16152,At Risk,268,1,1829.04,1829.04,268,,,,Lapsed,[Lapsed] Recovery: Time-limited 30% win-back discount + feedback survey,At Risk
16797,At Risk,392,5,1827.77,365.554,736,85.75,,,Lapsed,[Lapsed] Recovery: Time-limited 30% win-back discount + feedback survey,At Risk
13561,At Risk,215,11,1820.72,165.52,648,43.0,,,Lapsed,[Lapsed] Recovery: Time-limited 30% win-back discount + feedback survey,At Risk
15736,At Risk,434,2,1815.72,907.86,434,0.0,,,Lapsed,[Lapsed] Recovery: Time-limited 30% win-back discount + feedback survey,At Risk
15972,At Risk,455,5,1810.27,362.054,599,35.5,,,Lapsed,[Lapsed] Recovery: Time-limited 30% win-back discount + feedback survey,At Risk
17165,At Risk,283,6,1794.3200000000002,299.05333333333334,728,88.4,,,Lapsed,[Lapsed] Recovery: Time-limited 30% win-back discount + feedback survey,At Risk
14850,At Risk,311,7,1794.0100000000002,256.2871428571429,567,42.5,,,Lapsed,[Lapsed] Recovery: Time-limited 30% win-back discount + feedback survey,At Risk
13711,At Risk,218,9,1792.2600000000002,199.14000000000001,723,62.75,,,Lapsed,[Lapsed] Recovery: Time-limited 30% win-back discount + feedback survey,At Risk
12369,At Risk,412,3,1791.1499999999999,597.05,641,113.5,,,Lapsed,[Lapsed] Recovery: Time-limited 30% win-back discount + feedback survey,At Risk
16611,At Risk,185,6,1785.13,297.5216666666667,638,90.2,,,Lapsed,[Lapsed] Recovery: Time-limited 30% win-back discount + feedback survey,At Risk
18214,At Risk,530,4,1780.34,445.085,553,7.0,,,Lapsed,[Lapsed] Recovery: Time-limited 30% win-back discount + feedback survey,At Risk
12908,At Risk,175,5,1776.0,355.2,629,113.0,,,Lapsed,[Lapsed] Recovery: Time-limited 30% win-back discount + feedback survey,At Risk
13920,At Risk,431,4,1774.68,443.67,561,43.0,,,Lapsed,[Lapsed] Recovery: Time-limited 30% win-back discount + feedback survey,At Risk
16124,At Risk,316,4,1772.49,443.1225,732,138.33333333333334,,,Lapsed,[Lapsed] Recovery: Time-limited 30% win-back discount + feedback survey,At Risk
14933,At Risk,443,4,1770.0,442.5,443,0.0,,,Lapsed,[Lapsed] Recovery: Time-limited 30% win-back discount + feedback survey,At Risk
13648,At Risk,399,8,1764.02,220.5025,737,47.714285714285715,,,Lapsed,[Lapsed] Recovery: Time-limited 30% win-back discount + feedback survey,At Risk
15777,At Risk,240,7,1762.6100000000001,251.8014285714286,568,54.166666666666664,,,Lapsed,[Lapsed] Recovery: Time-limited 30% win-back discount + feedback survey,At Risk
16725,At Risk,301,14,1759.96,125.71142857142857,725,32.23076923076923,,,Lapsed,[Lapsed] Recovery: Time-limited 30% win-back discount + feedback survey,At Risk
12809,At Risk,177,3,1755.94,585.3133333333334,646,234.0,,,Lapsed,[Lapsed] Recovery: Time-limited 30% win-back discount + feedback survey,At Risk
14584,At Risk,168,8,1747.91,218.48875,659,69.71428571428571,,,Lapsed,[Lapsed] Recovery: Time-limited 30% win-back discount + feedback survey,At Risk
15976,At Risk,164,6,1746.6399999999999,291.1066666666666,550,76.6,,,Lapsed,[Lapsed] Recovery: Time-limited 30% win-back discount + feedback survey,At Risk
14692,At Risk,136,12,1745.0900000000001,145.42416666666668,616,43.18181818181818,,,Lapsed,[Lapsed] Recovery: Time-limited 30% win-back discount + feedback survey,At Risk
16087,At Risk,388,5,1739.92,347.98400000000004,689,74.5,,,Lapsed,[Lapsed] Recovery: Time-limited 30% win-back discount + feedback survey,At Risk
14400,At Risk,148,3,1732.47,577.49,631,241.0,,,Lapsed,[Lapsed] Recovery: Time-limited 30% win-back discount + feedback survey,At Risk
14304,At Risk,222,3,1725.01,575.0033333333333,570,173.5,,,Lapsed,[Lapsed] Recovery: Time-limited 30% win-back discount + feedback survey,At Risk
16010,At Risk,245,11,1724.06,156.73272727272726,411,16.1,,,Lapsed,[Lapsed] Recovery: Time-limited 30% win-back discount + feedback survey,At Risk
14021,At Risk,154,7,1716.5800000000002,245.2257142857143,592,72.33333333333333,,,Lapsed,[Lapsed] Recovery: Time-limited 30% win-back discount + feedback survey,At Risk
18239,At Risk,218,6,1712.26,285.37666666666667,422,40.2,,,Lapsed,[Lapsed] Recovery: Time-limited 30% win-back discount + feedback survey,At Risk
13665,At Risk,385,3,1711.6599999999999,570.5533333333333,503,58.5,,,Lapsed,[Lapsed] Recovery: Time-limited 30% win-back discount + feedback survey,At Risk
12405,At Risk,148,1,1710.39,1710.39,148,,,,Lapsed,[Lapsed] Recovery: Time-limited 30% win-back discount + feedback survey,At Risk
15607,At Risk,336,9,1708.97,189.88555555555556,700,45.125,,,Lapsed,[Lapsed] Recovery: Time-limited 30% win-back discount + feedback survey,At Risk
16398,At Risk,153,2,1705.8000000000002,852.9000000000001,253,99.0,,,Lapsed,[Lapsed] Recovery: Time-limited 30% win-back discount + feedback survey,At Risk
16329,At Risk,427,4,1703.0700000000002,425.76750000000004,738,103.0,,,Lapsed,[Lapsed] Recovery: Time-limited 30% win-back discount + feedback survey,At Risk
15911,At Risk,623,8,1702.34,212.7925,729,14.857142857142858,,,Lapsed,[Lapsed] Recovery: Time-limited 30% win-back discount + feedback survey,At Risk
15326,At Risk,333,5,1700.52,340.104,737,100.75,,,Lapsed,[Lapsed] Recovery: Time-limited 30% win-back discount + feedback survey,At Risk
12932,At Risk,538,8,1698.56,212.32,667,17.857142857142858,,,Lapsed,[Lapsed] Recovery: Time-limited 30% win-back discount + feedback survey,At Risk
17694,At Risk,141,3,1695.97,565.3233333333334,562,210.5,,,Lapsed,[Lapsed] Recovery: Time-limited 30% win-back discount + feedback survey,At Risk
12764,Lost Customers,316,1,1693.88,1693.88,316,,,,Lapsed,[Lapsed] Last Chance: Final win-back email + maximum discount,Lost Customers
14245,At Risk,219,2,1693.45,846.725,263,43.0,,,Lapsed,[Lapsed] Recovery: Time-limited 30% win-back discount + feedback survey,At Risk
13294,At Risk,189,3,1689.53,563.1766666666666,645,227.5,,,Lapsed,[Lapsed] Recovery: Time-limited 30% win-back discount + feedback survey,At Risk
12813,At Risk,501,3,1687.8000000000002,562.6,692,95.0,,,Lapsed,[Lapsed] Recovery: Time-limited 30% win-back discount + feedback survey,At Risk
12911,Lost Customers,551,1,1680.47,1680.47,551,,,,Lapsed,[Lapsed] Last Chance: Final win-back email + maximum discount,Lost Customers
14643,At Risk,169,5,1679.89,335.978,728,139.0,,,Lapsed,[Lapsed] Recovery: Time-limited 30% win-back discount + feedback survey,At Risk
13800,At Risk,309,3,1679.56,559.8533333333334,736,213.0,,,Lapsed,[Lapsed] Recovery: Time-limited 30% win-back discount + feedback survey,At Risk
12870,At Risk,374,3,1676.95,558.9833333333333,623,124.0,,,Lapsed,[Lapsed] Recovery: Time-limited 30% win-back discount + feedback survey,At Risk
14831,At Risk,679,3,1676.5700000000002,558.8566666666667,737,28.5,,,Lapsed,[Lapsed] Recovery: Time-limited 30% win-back discount + feedback survey,At Risk
15649,At Risk,335,4,1660.35,415.0875,386,16.666666666666668,,,Lapsed,[Lapsed] Recovery: Time-limited 30% win-back discount + feedback survey,At Risk
15167,At Risk,320,5,1659.67,331.934,672,87.75,,,Lapsed,[Lapsed] Recovery: Time-limited 30% win-back discount + feedback survey,At Risk
16625,At Risk,274,5,1654.03,330.806,543,66.75,,,Lapsed,[Lapsed] Recovery: Time-limited 30% win-back discount + feedback survey,At Risk
16634,At Risk,222,6,1649.81,274.9683333333333,687,92.6,,,Lapsed,[Lapsed] Recovery: Time-limited 30% win-back discount + feedback survey,At Risk
15013,At Risk,487,10,1641.3,164.13,677,20.666666666666668,,,Lapsed,[Lapsed] Recovery: Time-limited 30% win-back discount + feedback survey,At Risk
13554,At Risk,379,7,1638.28,234.04,446,10.666666666666666,,,Lapsed,[Lapsed] Recovery: Time-limited 30% win-back discount + feedback survey,At Risk
15310,Lost Customers,478,1,1634.64,1634.64,478,,,,Lapsed,[Lapsed] Last Chance: Final win-back email + maximum discount,Lost Customers
18062,At Risk,172,6,1632.67,272.1116666666667,597,84.2,,,Lapsed,[Lapsed] Recovery: Time-limited 30% win-back discount + feedback survey,At Risk
16256,At Risk,266,3,1629.3700000000001,543.1233333333333,597,165.0,,,Lapsed,[Lapsed] Recovery: Time-limited 30% win-back discount + feedback survey,At Risk
13154,At Risk,398,3,1624.8400000000001,541.6133333333333,735,168.0,,,Lapsed,[Lapsed] Recovery: Time-limited 30% win-back discount + feedback survey,At Risk
14695,At Risk,518,3,1620.0700000000002,540.0233333333334,732,106.5,,,Lapsed,[Lapsed] Recovery: Time-limited 30% win-back discount + feedback survey,At Risk
15422,At Risk,322,7,1619.97,231.42428571428573,670,57.333333333333336,,,Lapsed,[Lapsed] Recovery: Time-limited 30% win-back discount + feedback survey,At Risk
16801,At Risk,162,4,1619.73,404.9325,272,36.0,,,Lapsed,[Lapsed] Recovery: Time-limited 30% win-back discount + feedback survey,At Risk
17814,At Risk,374,2,1617.3200000000002,808.6600000000001,421,47.0,,,Lapsed,[Lapsed] Recovery: Time-limited 30% win-back discount + feedback survey,At Risk
16461,At Risk,177,3,1615.22,538.4066666666666,645,234.0,,,Lapsed,[Lapsed] Recovery: Time-limited 30% win-back discount + feedback survey,At Risk
16860,At Risk,452,3,1610.6200000000001,536.8733333333333,661,104.5,,,Lapsed,[Lapsed] Recovery: Time-limited 30% win-back discount + feedback survey,At Risk
13900,At Risk,182,6,1610.5900000000001,268.4316666666667,623,88.0,,,Lapsed,[Lapsed] Recovery: Time-limited 30% win-back discount + feedback survey,At Risk
17853,At Risk,406,3,1608.19,536.0633333333334,735,164.0,,,Lapsed,[Lapsed] Recovery: Time-limited 30% win-back discount + feedback survey,At Risk
14920,At Risk,212,3,1607.17,535.7233333333334,564,176.0,,,Lapsed,[Lapsed] Recovery: Time-limited 30% win-back discount + feedback survey,At Risk
12947,At Risk,143,6,1603.99,267.33166666666665,372,45.6,,,Lapsed,[Lapsed] Recovery: Time-limited 30% win-back discount + feedback survey,At Risk
13740,At Risk,240,5,1597.77,319.554,737,123.75,,,Lapsed,[Lapsed] Recovery: Time-limited 30% win-back discount + feedback survey,At Risk
12514,At Risk,266,2,1597.7600000000002,798.8800000000001,641,374.0,,,Lapsed,[Lapsed] Recovery: Time-limited 30% win-back discount + feedback survey,At Risk
13239,At Risk,261,5,1594.69,318.938,501,59.75,,,Lapsed,[Lapsed] Recovery: Time-limited 30% win-back discount + feedback survey,At Risk
17028,At Risk,580,3,1593.83,531.2766666666666,720,69.5,,,Lapsed,[Lapsed] Recovery: Time-limited 30% win-back discount + feedback survey,At Risk
13156,At Risk,384,3,1586.54,528.8466666666667,675,145.0,,,Lapsed,[Lapsed] Recovery: Time-limited 30% win-back discount + feedback survey,At Risk
16096,At Risk,263,4,1584.97,396.2425,644,126.33333333333333,,,Lapsed,[Lapsed] Recovery: Time-limited 30% win-back discount + feedback survey,At Risk
15279,At Risk,354,5,1580.54,316.108,675,79.75,,,Lapsed,[Lapsed] Recovery: Time-limited 30% win-back discount + feedback survey,At Risk
13202,At Risk,393,7,1580.3000000000002,225.7571428571429,730,55.666666666666664,,,Lapsed,[Lapsed] Recovery: Time-limited 30% win-back discount + feedback survey,At Risk
17649,At Risk,137,3,1578.8899999999999,526.2966666666666,471,166.5,,,Lapsed,[Lapsed] Recovery: Time-limited 30% win-back discount + feedback survey,At Risk
12549,At Risk,575,6,1575.68,262.61333333333334,697,24.0,,,Lapsed,[Lapsed] Recovery: Time-limited 30% win-back discount + feedback survey,At Risk
13337,Lost Customers,545,1,1575.26,1575.26,545,,,,Lapsed,[Lapsed] Last Chance: Final win-back email + maximum discount,Lost Customers
14489,At Risk,206,4,1574.93,393.7325,612,134.66666666666666,,,Lapsed,[Lapsed] Recovery: Time-limited 30% win-back discount + feedback survey,At Risk
14136,At Risk,400,5,1570.8100000000002,314.16200000000003,731,82.5,,,Lapsed,[Lapsed] Recovery: Time-limited 30% win-back discount + feedback survey,At Risk
17851,At Risk,421,6,1563.3400000000001,260.5566666666667,735,62.2,,,Lapsed,[Lapsed] Recovery: Time-limited 30% win-back discount + feedback survey,At Risk
12629,At Risk,385,2,1558.22,779.11,422,37.0,,,Lapsed,[Lapsed] Recovery: Time-limited 30% win-back discount + feedback survey,At Risk
13042,At Risk,597,3,1556.54,518.8466666666667,731,66.5,,,Lapsed,[Lapsed] Recovery: Time-limited 30% win-back discount + feedback survey,At Risk
13360,At Risk,431,4,1553.65,388.4125,700,89.0,,,Lapsed,[Lapsed] Recovery: Time-limited 30% win-back discount + feedback survey,At Risk
13377,At Risk,396,2,1552.88,776.44,645,249.0,,,Lapsed,[Lapsed] Recovery: Time-limited 30% win-back discount + feedback survey,At Risk
14186,At Risk,426,5,1550.63,310.12600000000003,644,53.75,,,Lapsed,[Lapsed] Recovery: Time-limited 30% win-back discount + feedback survey,At Risk
12926,At Risk,410,4,1548.46,387.115,724,104.33333333333333,,,Lapsed,[Lapsed] Recovery: Time-limited 30% win-back discount + feedback survey,At Risk
17454,At Risk,191,10,1547.94,154.794,692,55.333333333333336,,,Lapsed,[Lapsed] Recovery: Time-limited 30% win-back discount + feedback survey,At Risk
15732,At Risk,211,10,1543.97,154.397,673,50.77777777777778,,,Lapsed,[Lapsed] Recovery: Time-limited 30% win-back discount + feedback survey,At Risk
13783,At Risk,487,4,1542.09,385.5225,672,61.0,,,Lapsed,[Lapsed] Recovery: Time-limited 30% win-back discount + feedback survey,At Risk
12818,Lost Customers,261,1,1542.08,1542.08,261,,,,Lapsed,[Lapsed] Last Chance: Final win-back email + maximum discount,Lost Customers
15798,At Risk,492,3,1535.37,511.78999999999996,681,94.0,,,Lapsed,[Lapsed] Recovery: Time-limited 30% win-back discount + feedback survey,At Risk
16714,At Risk,218,4,1529.8,382.45,670,150.33333333333334,,,Lapsed,[Lapsed] Recovery: Time-limited 30% win-back discount + feedback survey,At Risk
17610,At Risk,539,5,1529.49,305.898,732,48.0,,,Lapsed,[Lapsed] Recovery: Time-limited 30% win-back discount + feedback survey,At Risk
14068,At Risk,319,4,1528.37,382.0925,677,118.66666666666667,,,Lapsed,[Lapsed] Recovery: Time-limited 30% win-back discount + feedback survey,At Risk
17990,At Risk,236,6,1527.6100000000001,254.6016666666667,731,98.6,,,Lapsed,[Lapsed] Recovery: Time-limited 30% win-back discount + feedback survey,At Risk
16244,At Risk,211,2,1522.75,761.375,372,160.0,,,Lapsed,[Lapsed] Recovery: Time-limited 30% win-back discount + feedback survey,At Risk
14264,At Risk,154,6,1517.3600000000001,252.89333333333335,610,91.0,,,Lapsed,[Lapsed] Recovery: Time-limited 30% win-back discount + feedback survey,At Risk
14267,At Risk,162,3,1516.24,505.41333333333336,260,48.5,,,Lapsed,[Lapsed] Recovery: Time-limited 30% win-back discount + feedback survey,At Risk
14220,At Risk,246,4,1515.0,378.75,568,107.0,,,Lapsed,[Lapsed] Recovery: Time-limited 30% win-back discount + feedback survey,At Risk
14682,At Risk,187,6,1514.81,252.46833333333333,671,96.6,,,Lapsed,[Lapsed] Recovery: Time-limited 30% win-back discount + feedback survey,At Risk
16037,At Risk,269,5,1509.3400000000001,301.86800000000005,648,94.0,,,Lapsed,[Lapsed] Recovery: Time-limited 30% win-back discount + feedback survey,At Risk
15889,At Risk,156,8,1508.3600000000001,188.54500000000002,729,81.28571428571429,,,Lapsed,[Lapsed] Recovery: Time-limited 30% win-back discount + feedback survey,At Risk
17259,At Risk,147,6,1507.7,251.28333333333333,654,101.0,,,Lapsed,[Lapsed] Recovery: Time-limited 30% win-back discount + feedback survey,At Risk
17179,At Risk,177,6,1507.26,251.21,562,76.4,,,Lapsed,[Lapsed] Recovery: Time-limited 30% win-back discount + feedback survey,At Risk
16450,At Risk,149,3,1505.73,501.91,655,252.5,,,Lapsed,[Lapsed] Recovery: Time-limited 30% win-back discount + feedback survey,At Risk
14802,At Risk,437,2,1502.98,751.49,437,0.0,,,Lapsed,[Lapsed] Recovery: Time-limited 30% win-back discount + feedback survey,At Risk
15590,At Risk,381,5,1496.6,299.32,606,55.75,,,Lapsed,[Lapsed] Recovery: Time-limited 30% win-back discount + feedback survey,At Risk
15173,At Risk,380,7,1494.6,213.5142857142857,617,38.833333333333336,,,Lapsed,[Lapsed] Recovery: Time-limited 30% win-back discount + feedback survey,At Risk
16314,At Risk,389,3,1491.4,497.1333333333334,472,41.0,,,Lapsed,[Lapsed] Recovery: Time-limited 30% win-back discount + feedback survey,At Risk
16654,At Risk,140,8,1484.0700000000002,185.50875000000002,611,66.85714285714286,,,Lapsed,[Lapsed] Recovery: Time-limited 30% win-back discount + feedback survey,At Risk
13649,At Risk,256,6,1481.0800000000002,246.8466666666667,526,53.4,,,Lapsed,[Lapsed] Recovery: Time-limited 30% win-back discount + feedback survey,At Risk
16980,At Risk,254,3,1473.33,491.10999999999996,427,86.0,,,Lapsed,[Lapsed] Recovery: Time-limited 30% win-back discount + feedback survey,At Risk
16586,At Risk,248,3,1462.78,487.5933333333333,635,192.5,,,Lapsed,[Lapsed] Recovery: Time-limited 30% win-back discount + feedback survey,At Risk
18106,At Risk,329,6,1461.46,243.57666666666668,693,72.6,,,Lapsed,[Lapsed] Recovery: Time-limited 30% win-back discount + feedback survey,At Risk
17582,At Risk,235,5,1450.7,290.14,623,96.25,,,Lapsed,[Lapsed] Recovery: Time-limited 30% win-back discount + feedback survey,At Risk
13361,At Risk,471,2,1450.5,725.25,617,145.0,,,Lapsed,[Lapsed] Recovery: Time-limited 30% win-back discount + feedback survey,At Risk
15876,At Risk,408,2,1449.1399999999999,724.5699999999999,447,39.0,,,Lapsed,[Lapsed] Recovery: Time-limited 30% win-back discount + feedback survey,At Risk
15076,At Risk,172,3,1447.7400000000002,482.5800000000001,521,174.0,,,Lapsed,[Lapsed] Recovery: Time-limited 30% win-back discount + feedback survey,At Risk
13583,At Risk,155,2,1445.031,722.5155,678,523.0,,,Lapsed,[Lapsed] Recovery: Time-limited 30% win-back discount + feedback survey,At Risk
13543,At Risk,633,2,1439.6100000000001,719.8050000000001,686,52.0,,,Lapsed,[Lapsed] Recovery: Time-limited 30% win-back discount + feedback survey,At Risk
16088,At Risk,575,2,1437.4299999999998,718.7149999999999,591,15.0,,,Lapsed,[Lapsed] Recovery: Time-limited 30% win-back discount + feedback survey,At Risk
16727,At Risk,363,4,1437.42,359.355,688,107.66666666666667,,,Lapsed,[Lapsed] Recovery: Time-limited 30% win-back discount + feedback survey,At Risk
12805,At Risk,381,4,1434.95,358.7375,674,97.33333333333333,,,Lapsed,[Lapsed] Recovery: Time-limited 30% win-back discount + feedback survey,At Risk
12389,At Risk,402,3,1433.33,477.77666666666664,655,126.0,,,Lapsed,[Lapsed] Recovery: Time-limited 30% win-back discount + feedback survey,At Risk
13531,At Risk,204,6,1433.07,238.845,735,106.0,,,Lapsed,[Lapsed] Recovery: Time-limited 30% win-back discount + feedback survey,At Risk
13475,At Risk,190,4,1431.78,357.945,298,35.333333333333336,,,Lapsed,[Lapsed] Recovery: Time-limited 30% win-back discount + feedback survey,At Risk
17438,At Risk,253,5,1422.77,284.554,640,96.5,,,Lapsed,[Lapsed] Recovery: Time-limited 30% win-back discount + feedback survey,At Risk
15223,At Risk,225,5,1417.95,283.59000000000003,734,126.75,,,Lapsed,[Lapsed] Recovery: Time-limited 30% win-back discount + feedback survey,At Risk
17496,At Risk,358,4,1412.89,353.2225,693,111.33333333333333,,,Lapsed,[Lapsed] Recovery: Time-limited 30% win-back discount + feedback survey,At Risk
13821,At Risk,144,6,1410.73,235.12166666666667,703,111.2,,,Lapsed,[Lapsed] Recovery: Time-limited 30% win-back discount + feedback survey,At Risk
17714,At Risk,320,5,1410.18,282.036,513,48.0,,,Lapsed,[Lapsed] Recovery: Time-limited 30% win-back discount + feedback survey,At Risk
16854,At Risk,416,2,1408.96,704.48,639,223.0,,,Lapsed,[Lapsed] Recovery: Time-limited 30% win-back discount + feedback survey,At Risk
14909,At Risk,436,3,1404.6799999999998,468.22666666666663,662,112.5,,,Lapsed,[Lapsed] Recovery: Time-limited 30% win-back discount + feedback survey,At Risk
12765,At Risk,471,6,1404.58,234.09666666666666,641,33.4,,,Lapsed,[Lapsed] Recovery: Time-limited 30% win-back discount + feedback survey,At Risk
18202,At Risk,199,3,1396.99,465.66333333333336,310,55.5,,,Lapsed,[Lapsed] Recovery: Time-limited 30% win-back discount + feedback survey,At Risk
16129,At Risk,406,3,1396.05,465.34999999999997,507,49.5,,,Lapsed,[Lapsed] Recovery: Time-limited 30% win-back discount + feedback survey,At Risk
16300,At Risk,429,3,1392.43,464.1433333333334,675,122.5,,,Lapsed,[Lapsed] Recovery: Time-limited 30% win-back discount + feedback survey,At Risk
15141,At Risk,457,7,1388.47,198.35285714285715,620,26.833333333333332,,,Lapsed,[Lapsed] Recovery: Time-limited 30% win-back discount + feedback survey,At Risk
13382,At Risk,280,5,1387.58,277.51599999999996,731,112.25,,,Lapsed,[Lapsed] Recovery: Time-limited 30% win-back discount + feedback survey,At Risk
16167,At Risk,413,5,1386.1200000000001,277.22400000000005,738,80.75,,,Lapsed,[Lapsed] Recovery: Time-limited 30% win-back discount + feedback survey,At Risk
14899,Lost Customers,394,1,1384.88,1384.88,394,,,,Lapsed,[Lapsed] Last Chance: Final win-back email + maximum discount,Lost Customers
13572,Lost Customers,205,1,1384.25,1384.25,205,,,,Lapsed,[Lapsed] Last Chance: Final win-back email + maximum discount,Lost Customers
15580,At Risk,376,8,1381.19,172.64875,670,41.57142857142857,,,Lapsed,[Lapsed] Recovery: Time-limited 30% win-back discount + feedback survey,At Risk
15751,At Risk,460,11,1380.44,125.49454545454546,732,27.0,,,Lapsed,[Lapsed] Recovery: Time-limited 30% win-back discount + feedback survey,At Risk
13074,At Risk,510,4,1378.74,344.685,723,70.33333333333333,,,Lapsed,[Lapsed] Recovery: Time-limited 30% win-back discount + feedback survey,At Risk
17341,At Risk,156,5,1376.23,275.246,539,95.5,,,Lapsed,[Lapsed] Recovery: Time-limited 30% win-back discount + feedback survey,At Risk
17150,At Risk,376,6,1375.65,229.275,733,70.8,,,Lapsed,[Lapsed] Recovery: Time-limited 30% win-back discount + feedback survey,At Risk
14316,At Risk,421,5,1370.34,274.068,629,51.5,,,Lapsed,[Lapsed] Recovery: Time-limited 30% win-back discount + feedback survey,At Risk
12533,At Risk,627,2,1367.89,683.945,738,110.0,,,Lapsed,[Lapsed] Recovery: Time-limited 30% win-back discount + feedback survey,At Risk
14114,At Risk,273,7,1364.09,194.86999999999998,606,54.833333333333336,,,Lapsed,[Lapsed] Recovery: Time-limited 30% win-back discount + feedback survey,At Risk
16588,At Risk,385,4,1361.28,340.32,573,62.333333333333336,,,Lapsed,[Lapsed] Recovery: Time-limited 30% win-back discount + feedback survey,At Risk
12875,At Risk,142,5,1356.99,271.398,697,138.25,,,Lapsed,[Lapsed] Recovery: Time-limited 30% win-back discount + feedback survey,At Risk
12591,At Risk,316,3,1352.15,450.7166666666667,408,45.5,,,Lapsed,[Lapsed] Recovery: Time-limited 30% win-back discount + feedback survey,At Risk
14847,At Risk,148,3,1348.95,449.65000000000003,564,207.5,,,Lapsed,[Lapsed] Recovery: Time-limited 30% win-back discount + feedback survey,At Risk
14320,At Risk,206,5,1346.75,269.35,687,120.0,,,Lapsed,[Lapsed] Recovery: Time-limited 30% win-back discount + feedback survey,At Risk
16222,At Risk,317,2,1345.22,672.61,720,402.0,,,Lapsed,[Lapsed] Recovery: Time-limited 30% win-back discount + feedback survey,At Risk
12426,At Risk,194,2,1345.21,672.605,662,468.0,,,Lapsed,[Lapsed] Recovery: Time-limited 30% win-back discount + feedback survey,At Risk
18085,At Risk,329,4,1341.85,335.4625,628,99.0,,,Lapsed,[Lapsed] Recovery: Time-limited 30% win-back discount + feedback survey,At Risk
17499,At Risk,289,2,1341.3899999999999,670.6949999999999,561,271.0,,,Lapsed,[Lapsed] Recovery: Time-limited 30% win-back discount + feedback survey,At Risk
12711,At Risk,611,2,1339.0500000000002,669.5250000000001,676,65.0,,,Lapsed,[Lapsed] Recovery: Time-limited 30% win-back discount + feedback survey,At Risk
13803,At Risk,254,3,1338.91,446.30333333333334,618,181.5,,,Lapsed,[Lapsed] Recovery: Time-limited 30% win-back discount + feedback survey,At Risk
13506,At Risk,315,5,1338.08,267.616,460,35.75,,,Lapsed,[Lapsed] Recovery: Time-limited 30% win-back discount + feedback survey,At Risk
15146,At Risk,164,2,1327.16,663.58,290,126.0,,,Lapsed,[Lapsed] Recovery: Time-limited 30% win-back discount + feedback survey,At Risk
14956,Lost Customers,420,1,1325.0,1325.0,420,,,,Lapsed,[Lapsed] Last Chance: Final win-back email + maximum discount,Lost Customers
16894,At Risk,501,3,1324.0600000000002,441.3533333333334,534,16.5,,,Lapsed,[Lapsed] Recovery: Time-limited 30% win-back discount + feedback survey,At Risk
12960,At Risk,413,4,1322.0700000000002,330.51750000000004,660,81.66666666666667,,,Lapsed,[Lapsed] Recovery: Time-limited 30% win-back discount + feedback survey,At Risk
16296,At Risk,625,4,1313.67,328.4175,721,31.333333333333332,,,Lapsed,[Lapsed] Recovery: Time-limited 30% win-back discount + feedback survey,At Risk
12639,At Risk,238,3,1312.3700000000001,437.4566666666667,627,194.5,,,Lapsed,[Lapsed] Recovery: Time-limited 30% win-back discount + feedback survey,At Risk
16756,At Risk,214,7,1312.3700000000001,187.48142857142858,639,70.16666666666667,,,Lapsed,[Lapsed] Recovery: Time-limited 30% win-back discount + feedback survey,At Risk
13855,At Risk,500,4,1310.34,327.585,730,76.0,,,Lapsed,[Lapsed] Recovery: Time-limited 30% win-back discount + feedback survey,At Risk
12717,At Risk,150,3,1308.91,436.30333333333334,589,219.0,,,Lapsed,[Lapsed] Recovery: Time-limited 30% win-back discount + feedback survey,At Risk
13328,Lost Customers,315,1,1308.48,1308.48,315,,,,Lapsed,[Lapsed] Last Chance: Final win-back email + maximum discount,Lost Customers
16377,At Risk,266,2,1308.48,654.24,617,350.0,,,Lapsed,[Lapsed] Recovery: Time-limited 30% win-back discount + feedback survey,At Risk
16282,At Risk,339,3,1307.58,435.85999999999996,718,189.0,,,Lapsed,[Lapsed] Recovery: Time-limited 30% win-back discount + feedback survey,At Risk
15813,At Risk,207,2,1303.9099999999999,651.9549999999999,239,31.0,,,Lapsed,[Lapsed] Recovery: Time-limited 30% win-back discount + feedback survey,At Risk
15108,At Risk,141,4,1300.25,325.0625,227,28.333333333333332,,,Lapsed,[Lapsed] Recovery: Time-limited 30% win-back discount + feedback survey,At Risk
16943,At Risk,211,5,1299.49,259.898,623,102.75,,,Lapsed,[Lapsed] Recovery: Time-limited 30% win-back discount + feedback survey,At Risk
18286,At Risk,476,2,1296.43,648.215,723,247.0,,,Lapsed,[Lapsed] Recovery: Time-limited 30% win-back discount + feedback survey,At Risk
13440,At Risk,422,7,1295.25,185.03571428571428,451,4.5,,,Lapsed,[Lapsed] Recovery: Time-limited 30% win-back discount + feedback survey,At Risk
14619,At Risk,245,2,1291.24,645.62,540,295.0,,,Lapsed,[Lapsed] Recovery: Time-limited 30% win-back discount + feedback survey,At Risk
15171,Lost Customers,330,1,1289.5,1289.5,330,,,,Lapsed,[Lapsed] Last Chance: Final win-back email + maximum discount,Lost Customers
14679,At Risk,381,3,1289.44,429.81333333333333,730,174.5,,,Lapsed,[Lapsed] Recovery: Time-limited 30% win-back discount + feedback survey,At Risk
16608,At Risk,453,2,1288.72,644.36,663,209.0,,,Lapsed,[Lapsed] Recovery: Time-limited 30% win-back discount + feedback survey,At Risk
13300,At Risk,168,3,1285.51,428.50333333333333,573,202.0,,,Lapsed,[Lapsed] Recovery: Time-limited 30% win-back discount + feedback survey,At Risk
17142,At Risk,238,4,1283.75,320.9375,683,148.0,,,Lapsed,[Lapsed] Recovery: Time-limited 30% win-back discount + feedback survey,At Risk
13443,At Risk,448,6,1280.1599999999999,213.35999999999999,676,45.4,,,Lapsed,[Lapsed] Recovery: Time-limited 30% win-back discount + feedback survey,At Risk
17862,At Risk,323,4,1279.0900000000001,319.77250000000004,562,79.66666666666667,,,Lapsed,[Lapsed] Recovery: Time-limited 30% win-back discount + feedback survey,At Risk
13243,At Risk,202,5,1278.04,255.608,630,106.5,,,Lapsed,[Lapsed] Recovery: Time-limited 30% win-back discount + feedback survey,At Risk
14478,At Risk,381,4,1276.6599999999999,319.16499999999996,737,118.33333333333333,,,Lapsed,[Lapsed] Recovery: Time-limited 30% win-back discount + feedback survey,At Risk
13916,At Risk,463,4,1275.81,318.9525,675,70.33333333333333,,,Lapsed,[Lapsed] Recovery: Time-limited 30% win-back discount + feedback survey,At Risk
14490,At Risk,405,2,1273.47,636.735,428,22.0,,,Lapsed,[Lapsed] Recovery: Time-limited 30% win-back discount + feedback survey,At Risk
17478,At Risk,407,2,1272.8000000000002,636.4000000000001,632,225.0,,,Lapsed,[Lapsed] Recovery: Time-limited 30% win-back discount + feedback survey,At Risk
17132,At Risk,451,2,1272.8,636.4,487,36.0,,,Lapsed,[Lapsed] Recovery: Time-limited 30% win-back discount + feedback survey,At Risk
15439,At Risk,404,4,1269.0500000000002,317.26250000000005,653,82.66666666666667,,,Lapsed,[Lapsed] Recovery: Time-limited 30% win-back discount + feedback survey,At Risk
17531,At Risk,189,3,1266.82,422.2733333333333,617,213.5,,,Lapsed,[Lapsed] Recovery: Time-limited 30% win-back discount + feedback survey,At Risk
17635,At Risk,423,3,1265.58,421.85999999999996,590,82.5,,,Lapsed,[Lapsed] Recovery: Time-limited 30% win-back discount + feedback survey,At Risk
17343,At Risk,354,6,1259.94,209.99,735,75.8,,,Lapsed,[Lapsed] Recovery: Time-limited 30% win-back discount + feedback survey,At Risk
12402,At Risk,322,6,1256.9,209.48333333333335,670,69.0,,,Lapsed,[Lapsed] Recovery: Time-limited 30% win-back discount + feedback survey,At Risk
15064,At Risk,409,4,1254.41,313.6025,716,101.66666666666667,,,Lapsed,[Lapsed] Recovery: Time-limited 30% win-back discount + feedback survey,At Risk
15441,At Risk,395,3,1254.21,418.07,729,166.5,,,Lapsed,[Lapsed] Recovery: Time-limited 30% win-back discount + feedback survey,At Risk
12666,Lost Customers,393,1,1248.42,1248.42,393,,,,Lapsed,[Lapsed] Last Chance: Final win-back email + maximum discount,Lost Customers
15004,Lost Customers,146,1,1246.32,1246.32,146,,,,Lapsed,[Lapsed] Last Chance: Final win-back email + maximum discount,Lost Customers
13201,At Risk,501,4,1240.61,310.1525,642,46.333333333333336,,,Lapsed,[Lapsed] Recovery: Time-limited 30% win-back discount + feedback survey,At Risk
17529,At Risk,609,2,1240.25,620.125,697,87.0,,,Lapsed,[Lapsed] Recovery: Time-limited 30% win-back discount + feedback survey,At Risk
13863,At Risk,247,4,1239.55,309.8875,592,114.66666666666667,,,Lapsed,[Lapsed] Recovery: Time-limited 30% win-back discount + feedback survey,At Risk
14821,At Risk,366,7,1237.65,176.80714285714288,675,51.166666666666664,,,Lapsed,[Lapsed] Recovery: Time-limited 30% win-back discount + feedback survey,At Risk
16501,Lost Customers,382,1,1237.23,1237.23,382,,,,Lapsed,[Lapsed] Last Chance: Final win-back email + maximum discount,Lost Customers
14231,At Risk,183,4,1235.62,308.905,450,88.66666666666667,,,Lapsed,[Lapsed] Recovery: Time-limited 30% win-back discount + feedback survey,At Risk
12605,At Risk,375,4,1232.95,308.2375,457,27.0,,,Lapsed,[Lapsed] Recovery: Time-limited 30% win-back discount + feedback survey,At Risk
16159,At Risk,281,4,1232.79,308.1975,736,151.0,,,Lapsed,[Lapsed] Recovery: Time-limited 30% win-back discount + feedback survey,At Risk
13019,At Risk,378,6,1229.95,204.99166666666667,732,70.2,,,Lapsed,[Lapsed] Recovery: Time-limited 30% win-back discount + feedback survey,At Risk
17342,At Risk,379,4,1227.54,306.885,669,96.0,,,Lapsed,[Lapsed] Recovery: Time-limited 30% win-back discount + feedback survey,At Risk
12866,At Risk,282,3,1227.35,409.1166666666666,502,109.0,,,Lapsed,[Lapsed] Recovery: Time-limited 30% win-back discount + feedback survey,At Risk
17539,At Risk,617,4,1226.5700000000002,306.64250000000004,726,35.666666666666664,,,Lapsed,[Lapsed] Recovery: Time-limited 30% win-back discount + feedback survey,At Risk
15303,At Risk,289,3,1224.18,408.06,683,196.5,,,Lapsed,[Lapsed] Recovery: Time-limited 30% win-back discount + feedback survey,At Risk
14512,At Risk,187,7,1223.47,174.78142857142856,731,90.33333333333333,,,Lapsed,[Lapsed] Recovery: Time-limited 30% win-back discount + feedback survey,At Risk
16946,At Risk,382,5,1222.04,244.408,647,65.5,,,Lapsed,[Lapsed] Recovery: Time-limited 30% win-back discount + feedback survey,At Risk
14430,At Risk,511,3,1220.9,406.9666666666667,606,47.5,,,Lapsed,[Lapsed] Recovery: Time-limited 30% win-back discount + feedback survey,At Risk
13299,At Risk,267,3,1218.7,406.23333333333335,528,129.5,,,Lapsed,[Lapsed] Recovery: Time-limited 30% win-back discount + feedback survey,At Risk
13304,At Risk,350,4,1217.99,304.4975,669,105.66666666666667,,,Lapsed,[Lapsed] Recovery: Time-limited 30% win-back discount + feedback survey,At Risk
15390,At Risk,395,2,1216.66,608.33,408,12.0,,,Lapsed,[Lapsed] Recovery: Time-limited 30% win-back discount + feedback survey,At Risk
15661,At Risk,316,8,1215.9499999999998,151.99374999999998,578,36.857142857142854,,,Lapsed,[Lapsed] Recovery: Time-limited 30% win-back discount + feedback survey,At Risk
15377,At Risk,382,4,1211.75,302.9375,415,10.666666666666666,,,Lapsed,[Lapsed] Recovery: Time-limited 30% win-back discount + feedback survey,At Risk
13723,At Risk,216,6,1209.2,201.53333333333333,610,78.6,,,Lapsed,[Lapsed] Recovery: Time-limited 30% win-back discount + feedback survey,At Risk
18193,At Risk,164,3,1207.35,402.45,441,138.0,,,Lapsed,[Lapsed] Recovery: Time-limited 30% win-back discount + feedback survey,At Risk
18057,At Risk,392,3,1203.56,401.18666666666667,690,148.5,,,Lapsed,[Lapsed] Recovery: Time-limited 30% win-back discount + feedback survey,At Risk
12742,Lost Customers,625,1,1201.52,1201.52,625,,,,Lapsed,[Lapsed] Last Chance: Final win-back email + maximum discount,Lost Customers
15600,At Risk,427,4,1199.31,299.8275,593,54.666666666666664,,,Lapsed,[Lapsed] Recovery: Time-limited 30% win-back discount + feedback survey,At Risk
17713,At Risk,381,4,1198.0900000000001,299.52250000000004,548,55.333333333333336,,,Lapsed,[Lapsed] Recovery: Time-limited 30% win-back discount + feedback survey,At Risk
16307,At Risk,428,3,1194.92,398.3066666666667,576,73.5,,,Lapsed,[Lapsed] Recovery: Time-limited 30% win-back discount + feedback survey,At Risk
13293,At Risk,391,6,1192.94,198.82333333333335,668,54.8,,,Lapsed,[Lapsed] Recovery: Time-limited 30% win-back discount + feedback survey,At Risk
13976,At Risk,206,4,1192.3600000000001,298.09000000000003,667,153.33333333333334,,,Lapsed,[Lapsed] Recovery: Time-limited 30% win-back discount + feedback survey,At Risk
14213,Lost Customers,404,1,1192.2,1192.2,404,,,,Lapsed,[Lapsed] Last Chance: Final win-back email + maximum discount,Lost Customers
17984,At Risk,144,5,1191.27,238.254,738,147.75,,,Lapsed,[Lapsed] Recovery: Time-limited 30% win-back discount + feedback survey,At Risk
16926,At Risk,370,5,1191.1,238.21999999999997,525,38.5,,,Lapsed,[Lapsed] Recovery: Time-limited 30% win-back discount + feedback survey,At Risk
16471,At Risk,274,4,1189.98,297.495,652,125.66666666666667,,,Lapsed,[Lapsed] Recovery: Time-limited 30% win-back discount + feedback survey,At Risk
17239,At Risk,312,4,1189.45,297.3625,526,71.0,,,Lapsed,[Lapsed] Recovery: Time-limited 30% win-back discount + feedback survey,At Risk
14275,At Risk,395,6,1189.3799999999999,198.23,607,42.0,,,Lapsed,[Lapsed] Recovery: Time-limited 30% win-back discount + feedback survey,At Risk
18060,At Risk,407,2,1185.46,592.73,564,156.0,,,Lapsed,[Lapsed] Recovery: Time-limited 30% win-back discount + feedback survey,At Risk
14206,At Risk,238,3,1185.01,395.00333333333333,402,81.0,,,Lapsed,[Lapsed] Recovery: Time-limited 30% win-back discount + feedback survey,At Risk
15259,At Risk,512,4,1182.3799999999999,295.59499999999997,682,56.333333333333336,,,Lapsed,[Lapsed] Recovery: Time-limited 30% win-back discount + feedback survey,At Risk
17021,At Risk,441,6,1182.22,197.03666666666666,588,28.8,,,Lapsed,[Lapsed] Recovery: Time-limited 30% win-back discount + feedback survey,At Risk
13526,Lost Customers,737,2,1182.0,591.0,737,0.0,,,Lapsed,[Lapsed] Last Chance: Final win-back email + maximum discount,Lost Customers
13395,At Risk,184,3,1180.23,393.41,420,118.0,,,Lapsed,[Lapsed] Recovery: Time-limited 30% win-back discount + feedback survey,At Risk
16614,At Risk,182,3,1179.79,393.2633333333333,577,197.5,,,Lapsed,[Lapsed] Recovery: Time-limited 30% win-back discount + feedback survey,At Risk
13797,At Risk,436,3,1179.45,393.15000000000003,647,105.0,,,Lapsed,[Lapsed] Recovery: Time-limited 30% win-back discount + feedback survey,At Risk
18025,At Risk,379,6,1177.72,196.28666666666666,618,47.4,,,Lapsed,[Lapsed] Recovery: Time-limited 30% win-back discount + feedback survey,At Risk
15210,At Risk,224,3,1176.19,392.06333333333333,574,174.5,,,Lapsed,[Lapsed] Recovery: Time-limited 30% win-back discount + feedback survey,At Risk
14370,At Risk,450,6,1175.78,195.96333333333334,676,44.8,,,Lapsed,[Lapsed] Recovery: Time-limited 30% win-back discount + feedback survey,At Risk
18071,At Risk,257,6,1169.68,194.9466666666667,734,95.2,,,Lapsed,[Lapsed] Recovery: Time-limited 30% win-back discount + feedback survey,At Risk
17908,At Risk,373,5,1168.26,233.652,725,87.5,,,Lapsed,[Lapsed] Recovery: Time-limited 30% win-back discount + feedback survey,At Risk
13497,At Risk,282,6,1166.83,194.47166666666666,669,76.8,,,Lapsed,[Lapsed] Recovery: Time-limited 30% win-back discount + feedback survey,At Risk
14693,At Risk,264,7,1165.3600000000001,166.48000000000002,525,43.0,,,Lapsed,[Lapsed] Recovery: Time-limited 30% win-back discount + feedback survey,At Risk
15347,At Risk,365,4,1162.0,290.5,437,23.333333333333332,,,Lapsed,[Lapsed] Recovery: Time-limited 30% win-back discount + feedback survey,At Risk
17525,At Risk,359,3,1161.9,387.3,428,34.5,,,Lapsed,[Lapsed] Recovery: Time-limited 30% win-back discount + feedback survey,At Risk
12972,At Risk,413,4,1161.2,290.3,660,81.66666666666667,,,Lapsed,[Lapsed] Recovery: Time-limited 30% win-back discount + feedback survey,At Risk
17978,At Risk,364,4,1160.84,290.21,730,121.66666666666667,,,Lapsed,[Lapsed] Recovery: Time-limited 30% win-back discount + feedback survey,At Risk
13459,Lost Customers,624,2,1160.4099999999999,580.2049999999999,681,57.0,,,Lapsed,[Lapsed] Last Chance: Final win-back email + maximum discount,Lost Customers
16838,At Risk,196,4,1159.6100000000001,289.90250000000003,662,154.66666666666666,,,Lapsed,[Lapsed] Recovery: Time-limited 30% win-back discount + feedback survey,At Risk
12439,Lost Customers,682,2,1158.18,579.09,725,43.0,,,Lapsed,[Lapsed] Last Chance: Final win-back email + maximum discount,Lost Customers
15879,At Risk,403,4,1157.3000000000002,289.32500000000005,721,105.0,,,Lapsed,[Lapsed] Recovery: Time-limited 30% win-back discount + feedback survey,At Risk
17127,At Risk,428,5,1155.0300000000002,231.00600000000003,734,76.0,,,Lapsed,[Lapsed] Recovery: Time-limited 30% win-back discount + feedback survey,At Risk
13462,At Risk,252,5,1153.85,230.76999999999998,725,118.0,,,Lapsed,[Lapsed] Recovery: Time-limited 30% win-back discount + feedback survey,At Risk
16521,At Risk,414,3,1148.01,382.67,647,116.0,,,Lapsed,[Lapsed] Recovery: Time-limited 30% win-back discount + feedback survey,At Risk
14308,Lost Customers,548,2,1147.02,573.51,548,0.0,,,Lapsed,[Lapsed] Last Chance: Final win-back email + maximum discount,Lost Customers
16766,At Risk,272,2,1145.6,572.8,272,0.0,,,Lapsed,[Lapsed] Recovery: Time-limited 30% win-back discount + feedback survey,At Risk
17477,Lost Customers,612,2,1144.3,572.15,647,34.0,,,Lapsed,[Lapsed] Last Chance: Final win-back email + maximum discount,Lost Customers
12769,Lost Customers,238,1,1143.6,1143.6,238,,,,Lapsed,[Lapsed] Last Chance: Final win-back email + maximum discount,Lost Customers
17770,At Risk,198,5,1143.27,228.654,281,20.5,,,Lapsed,[Lapsed] Recovery: Time-limited 30% win-back discount + feedback survey,At Risk
15574,At Risk,177,6,1143.05,190.50833333333333,463,56.8,,,Lapsed,[Lapsed] Recovery: Time-limited 30% win-back discount + feedback survey,At Risk
13856,At Risk,168,11,1142.03,103.82090909090908,618,44.5,,,Lapsed,[Lapsed] Recovery: Time-limited 30% win-back discount + feedback survey,At Risk
18218,At Risk,210,4,1142.0,285.5,659,149.0,,,Lapsed,[Lapsed] Recovery: Time-limited 30% win-back discount + feedback survey,At Risk
16769,At Risk,259,4,1141.75,285.4375,725,154.66666666666666,,,Lapsed,[Lapsed] Recovery: Time-limited 30% win-back discount + feedback survey,At Risk
16270,Lost Customers,352,1,1141.24,1141.24,352,,,,Lapsed,[Lapsed] Last Chance: Final win-back email + maximum discount,Lost Customers
15586,At Risk,592,3,1139.1000000000001,379.70000000000005,700,54.0,,,Lapsed,[Lapsed] Recovery: Time-limited 30% win-back discount + feedback survey,At Risk
17866,At Risk,142,3,1134.95,378.31666666666666,724,290.5,,,Lapsed,[Lapsed] Recovery: Time-limited 30% win-back discount + feedback survey,At Risk
17137,At Risk,415,6,1133.63,188.93833333333336,677,51.8,,,Lapsed,[Lapsed] Recovery: Time-limited 30% win-back discount + feedback survey,At Risk
14375,At Risk,184,3,1132.99,377.66333333333336,540,177.5,,,Lapsed,[Lapsed] Recovery: Time-limited 30% win-back discount + feedback survey,At Risk
13393,At Risk,583,4,1131.45,282.8625,731,49.0,,,Lapsed,[Lapsed] Recovery: Time-limited 30% win-back discount + feedback survey,At Risk
15695,At Risk,266,4,1131.04,282.76,681,137.66666666666666,,,Lapsed,[Lapsed] Recovery: Time-limited 30% win-back discount + feedback survey,At Risk
17622,Lost Customers,597,2,1130.21,565.105,597,0.0,,,Lapsed,[Lapsed] Last Chance: Final win-back email + maximum discount,Lost Customers
14450,At Risk,180,7,1128.44,161.2057142857143,610,71.16666666666667,,,Lapsed,[Lapsed] Recovery: Time-limited 30% win-back discount + feedback survey,At Risk
12373,At Risk,310,3,1127.65,375.8833333333334,673,180.5,,,Lapsed,[Lapsed] Recovery: Time-limited 30% win-back discount + feedback survey,At Risk
14671,Lost Customers,548,2,1127.45,563.725,567,18.0,,,Lapsed,[Lapsed] Last Chance: Final win-back email + maximum discount,Lost Customers
12503,Lost Customers,583,1,1126.0,1126.0,583,,,,Lapsed,[Lapsed] Last Chance: Final win-back email + maximum discount,Lost Customers
16306,At Risk,213,7,1124.72,160.67428571428573,434,36.5,,,Lapsed,[Lapsed] Recovery: Time-limited 30% win-back discount + feedback survey,At Risk
14479,At Risk,253,4,1124.71,281.1775,732,159.33333333333334,,,Lapsed,[Lapsed] Recovery: Time-limited 30% win-back discount + feedback survey,At Risk
15882,At Risk,198,8,1124.66,140.5825,728,75.42857142857143,,,Lapsed,[Lapsed] Recovery: Time-limited 30% win-back discount + feedback survey,At Risk
14917,Lost Customers,596,2,1123.75,561.875,596,0.0,,,Lapsed,[Lapsed] Last Chance: Final win-back email + maximum discount,Lost Customers
17492,At Risk,247,3,1122.42,374.14000000000004,517,135.0,,,Lapsed,[Lapsed] Recovery: Time-limited 30% win-back discount + feedback survey,At Risk
13368,At Risk,256,4,1121.5,280.375,423,55.0,,,Lapsed,[Lapsed] Recovery: Time-limited 30% win-back discount + feedback survey,At Risk
16955,At Risk,184,6,1120.31,186.71833333333333,677,98.2,,,Lapsed,[Lapsed] Recovery: Time-limited 30% win-back discount + feedback survey,At Risk
17871,At Risk,204,5,1118.99,223.798,692,121.75,,,Lapsed,[Lapsed] Recovery: Time-limited 30% win-back discount + feedback survey,At Risk
14672,At Risk,234,4,1113.1399999999999,278.28499999999997,680,148.0,,,Lapsed,[Lapsed] Recovery: Time-limited 30% win-back discount + feedback survey,At Risk
12648,At Risk,154,4,1112.0,278.0,700,182.0,,,Lapsed,[Lapsed] Recovery: Time-limited 30% win-back discount + feedback survey,At Risk
16702,At Risk,414,4,1110.83,277.7075,731,105.0,,,Lapsed,[Lapsed] Recovery: Time-limited 30% win-back discount + feedback survey,At Risk
15069,Lost Customers,178,1,1109.53,1109.53,178,,,,Lapsed,[Lapsed] Last Chance: Final win-back email + maximum discount,Lost Customers
15559,Lost Customers,567,1,1109.4,1109.4,567,,,,Lapsed,[Lapsed] Last Chance: Final win-back email + maximum discount,Lost Customers
15828,Lost Customers,374,1,1108.82,1108.82,374,,,,Lapsed,[Lapsed] Last Chance: Final win-back email + maximum discount,Lost Customers
14891,At Risk,147,4,1106.73,276.6825,436,95.33333333333333,,,Lapsed,[Lapsed] Recovery: Time-limited 30% win-back discount + feedback survey,At Risk
16391,At Risk,400,4,1103.6100000000001,275.90250000000003,561,53.333333333333336,,,Lapsed,[Lapsed] Recovery: Time-limited 30% win-back discount + feedback survey,At Risk
16223,At Risk,374,2,1102.35,551.175,395,20.0,,,Lapsed,[Lapsed] Recovery: Time-limited 30% win-back discount + feedback survey,At Risk
13295,At Risk,359,4,1101.97,275.4925,576,72.0,,,Lapsed,[Lapsed] Recovery: Time-limited 30% win-back discount + feedback survey,At Risk
12785,At Risk,363,3,1100.4,366.8,730,183.0,,,Lapsed,[Lapsed] Recovery: Time-limited 30% win-back discount + feedback survey,At Risk
14009,At Risk,197,3,1099.9099999999999,366.6366666666666,462,132.0,,,Lapsed,[Lapsed] Recovery: Time-limited 30% win-back discount + feedback survey,At Risk
16805,At Risk,173,5,1097.24,219.448,730,138.75,,,Lapsed,[Lapsed] Recovery: Time-limited 30% win-back discount + feedback survey,At Risk
17366,Lost Customers,431,2,1096.24,548.12,455,23.0,,,Lapsed,[Lapsed] Last Chance: Final win-back email + maximum discount,Lost Customers
12803,Lost Customers,392,1,1092.81,1092.81,392,,,,Lapsed,[Lapsed] Last Chance: Final win-back email + maximum discount,Lost Customers
17726,At Risk,394,7,1092.0600000000002,156.00857142857146,681,47.5,,,Lapsed,[Lapsed] Recovery: Time-limited 30% win-back discount + feedback survey,At Risk
14199,At Risk,217,4,1091.6999999999998,272.92499999999995,530,103.66666666666667,,,Lapsed,[Lapsed] Recovery: Time-limited 30% win-back discount + feedback survey,At Risk
14343,At Risk,420,4,1088.91,272.2275,689,89.0,,,Lapsed,[Lapsed] Recovery: Time-limited 30% win-back discount + feedback survey,At Risk
15535,At Risk,172,6,1087.8200000000002,181.30333333333337,448,54.8,,,Lapsed,[Lapsed] Recovery: Time-limited 30% win-back discount + feedback survey,At Risk
13567,At Risk,427,4,1083.69,270.9225,541,37.333333333333336,,,Lapsed,[Lapsed] Recovery: Time-limited 30% win-back discount + feedback survey,At Risk
12354,Lost Customers,231,1,1079.4,1079.4,231,,,,Lapsed,[Lapsed] Last Chance: Final win-back email + maximum discount,Lost Customers
15546,Lost Customers,606,2,1079.1000000000001,539.5500000000001,606,0.0,,,Lapsed,[Lapsed] Last Chance: Final win-back email + maximum discount,Lost Customers
14352,At Risk,156,4,1078.96,269.74,272,38.333333333333336,,,Lapsed,[Lapsed] Recovery: Time-limited 30% win-back discount + feedback survey,At Risk
13656,At Risk,164,4,1078.85,269.7125,595,143.0,,,Lapsed,[Lapsed] Recovery: Time-limited 30% win-back discount + feedback survey,At Risk
16231,At Risk,378,4,1078.22,269.555,597,72.33333333333333,,,Lapsed,[Lapsed] Recovery: Time-limited 30% win-back discount + feedback survey,At Risk
15912,At Risk,177,9,1074.7,119.41111111111111,728,68.625,,,Lapsed,[Lapsed] Recovery: Time-limited 30% win-back discount + feedback survey,At Risk
12801,Lost Customers,500,1,1071.82,1071.82,500,,,,Lapsed,[Lapsed] Last Chance: Final win-back email + maximum discount,Lost Customers
17854,At Risk,184,6,1071.45,178.57500000000002,731,108.8,,,Lapsed,[Lapsed] Recovery: Time-limited 30% win-back discount + feedback survey,At Risk
17277,At Risk,227,2,1065.35,532.675,322,95.0,,,Lapsed,[Lapsed] Recovery: Time-limited 30% win-back discount + feedback survey,At Risk
17849,At Risk,217,8,1063.76,132.97,634,59.285714285714285,,,Lapsed,[Lapsed] Recovery: Time-limited 30% win-back discount + feedback survey,At Risk
12815,At Risk,147,2,1063.46,531.73,197,50.0,,,Lapsed,[Lapsed] Recovery: Time-limited 30% win-back discount + feedback survey,At Risk
14411,Lost Customers,310,1,1063.0,1063.0,310,,,,Lapsed,[Lapsed] Last Chance: Final win-back email + maximum discount,Lost Customers
15003,At Risk,472,6,1060.7,176.78333333333333,681,41.2,,,Lapsed,[Lapsed] Recovery: Time-limited 30% win-back discount + feedback survey,At Risk
17421,At Risk,385,3,1059.41,353.1366666666667,734,174.0,,,Lapsed,[Lapsed] Recovery: Time-limited 30% win-back discount + feedback survey,At Risk
14734,At Risk,425,4,1056.42,264.105,550,41.666666666666664,,,Lapsed,[Lapsed] Recovery: Time-limited 30% win-back discount + feedback survey,At Risk
13065,At Risk,372,5,1055.0500000000002,211.01000000000005,547,43.25,,,Lapsed,[Lapsed] Recovery: Time-limited 30% win-back discount + feedback survey,At Risk
12580,At Risk,246,2,1052.9,526.45,576,329.0,,,Lapsed,[Lapsed] Recovery: Time-limited 30% win-back discount + feedback survey,At Risk
15855,At Risk,136,6,1052.72,175.45333333333335,475,67.6,,,Lapsed,[Lapsed] Recovery: Time-limited 30% win-back discount + feedback survey,At Risk
13775,Lost Customers,590,1,1049.66,1049.66,590,,,,Lapsed,[Lapsed] Last Chance: Final win-back email + maximum discount,Lost Customers
15464,Lost Customers,337,1,1048.85,1048.85,337,,,,Lapsed,[Lapsed] Last Chance: Final win-back email + maximum discount,Lost Customers
17578,At Risk,217,7,1047.33,149.6185714285714,529,51.5,,,Lapsed,[Lapsed] Recovery: Time-limited 30% win-back discount + feedback survey,At Risk
17474,Lost Customers,599,1,1047.0,1047.0,599,,,,Lapsed,[Lapsed] Last Chance: Final win-back email + maximum discount,Lost Customers
16991,Lost Customers,420,1,1041.21,1041.21,420,,,,Lapsed,[Lapsed] Last Chance: Final win-back email + maximum discount,Lost Customers
13613,At Risk,452,5,1039.85,207.96999999999997,660,51.75,,,Lapsed,[Lapsed] Recovery: Time-limited 30% win-back discount + feedback survey,At Risk
12486,Lost Customers,431,1,1037.28,1037.28,431,,,,Lapsed,[Lapsed] Last Chance: Final win-back email + maximum discount,Lost Customers
16787,At Risk,397,4,1035.43,258.8575,698,100.0,,,Lapsed,[Lapsed] Recovery: Time-limited 30% win-back discount + feedback survey,At Risk
12811,At Risk,260,5,1033.9,206.78000000000003,427,41.0,,,Lapsed,[Lapsed] Recovery: Time-limited 30% win-back discount + feedback survey,At Risk
17980,At Risk,165,4,1033.42,258.355,392,75.33333333333333,,,Lapsed,[Lapsed] Recovery: Time-limited 30% win-back discount + feedback survey,At Risk
14248,At Risk,317,3,1032.95,344.31666666666666,514,98.0,,,Lapsed,[Lapsed] Recovery: Time-limited 30% win-back discount + feedback survey,At Risk
13235,Lost Customers,211,1,1031.07,1031.07,211,,,,Lapsed,[Lapsed] Last Chance: Final win-back email + maximum discount,Lost Customers
15333,Lost Customers,207,1,1028.56,1028.56,207,,,,Lapsed,[Lapsed] Last Chance: Final win-back email + maximum discount,Lost Customers
15104,At Risk,196,2,1027.44,513.72,281,85.0,,,Lapsed,[Lapsed] Recovery: Time-limited 30% win-back discount + feedback survey,At Risk
16227,At Risk,224,3,1027.22,342.4066666666667,534,154.5,,,Lapsed,[Lapsed] Recovery: Time-limited 30% win-back discount + feedback survey,At Risk
15887,At Risk,406,3,1027.15,342.3833333333334,555,74.0,,,Lapsed,[Lapsed] Recovery: Time-limited 30% win-back discount + feedback survey,At Risk
17749,At Risk,177,3,1026.18,342.06,545,183.5,,,Lapsed,[Lapsed] Recovery: Time-limited 30% win-back discount + feedback survey,At Risk
17310,Lost Customers,386,2,1025.1,512.55,534,147.0,,,Lapsed,[Lapsed] Last Chance: Final win-back email + maximum discount,Lost Customers
17362,At Risk,238,7,1024.04,146.29142857142855,702,76.66666666666667,,,Lapsed,[Lapsed] Recovery: Time-limited 30% win-back discount + feedback survey,At Risk
16568,Lost Customers,427,2,1020.9,510.45,640,213.0,,,Lapsed,[Lapsed] Last Chance: Final win-back email + maximum discount,Lost Customers
18142,At Risk,156,2,1019.52,509.76,215,58.0,,,Lapsed,[Lapsed] Recovery: Time-limited 30% win-back discount + feedback survey,At Risk
18074,Lost Customers,373,2,1019.44,509.72,505,131.0,,,Lapsed,[Lapsed] Last Chance: Final win-back email + maximum discount,Lost Customers
12905,Lost Customers,576,2,1018.42,509.21,681,105.0,,,Lapsed,[Lapsed] Last Chance: Final win-back email + maximum discount,Lost Customers
15970,At Risk,303,2,1017.3199999999999,508.65999999999997,598,295.0,,,Lapsed,[Lapsed] Recovery: Time-limited 30% win-back discount + feedback survey,At Risk
12652,Lost Customers,330,2,1017.03,508.515,433,102.0,,,Lapsed,[Lapsed] Last Chance: Final win-back email + maximum discount,Lost Customers
13641,At Risk,640,5,1016.47,203.294,733,22.75,,,Lapsed,[Lapsed] Recovery: Time-limited 30% win-back discount + feedback survey,At Risk
13333,At Risk,410,3,1015.74,338.58,658,123.0,,,Lapsed,[Lapsed] Recovery: Time-limited 30% win-back discount + feedback survey,At Risk
16623,At Risk,245,4,1015.24,253.81,591,114.66666666666667,,,Lapsed,[Lapsed] Recovery: Time-limited 30% win-back discount + feedback survey,At Risk
12410,At Risk,308,3,1013.71,337.90333333333336,501,96.5,,,Lapsed,[Lapsed] Recovery: Time-limited 30% win-back discount + feedback survey,At Risk
13466,At Risk,183,5,1013.35,202.67000000000002,627,110.75,,,Lapsed,[Lapsed] Recovery: Time-limited 30% win-back discount + feedback survey,At Risk
16435,At Risk,511,3,1011.57,337.19,513,0.5,,,Lapsed,[Lapsed] Recovery: Time-limited 30% win-back discount + feedback survey,At Risk
13039,At Risk,583,4,1010.73,252.6825,721,45.333333333333336,,,Lapsed,[Lapsed] Recovery: Time-limited 30% win-back discount + feedback survey,At Risk
12862,Lost Customers,425,2,1008.3199999999999,504.15999999999997,494,69.0,,,Lapsed,[Lapsed] Last Chance: Final win-back email + maximum discount,Lost Customers
14510,At Risk,375,3,1007.28,335.76,435,30.0,,,Lapsed,[Lapsed] Recovery: Time-limited 30% win-back discount + feedback survey,At Risk
16287,At Risk,169,5,1006.98,201.39600000000002,689,129.5,,,Lapsed,[Lapsed] Recovery: Time-limited 30% win-back discount + feedback survey,At Risk
15771,At Risk,603,3,1006.54,335.5133333333333,693,44.5,,,Lapsed,[Lapsed] Recovery: Time-limited 30% win-back discount + feedback survey,At Risk
17987,At Risk,184,5,1003.64,200.728,550,91.0,,,Lapsed,[Lapsed] Recovery: Time-limited 30% win-back discount + feedback survey,At Risk
13857,At Risk,392,6,1001.01,166.835,570,35.0,,,Lapsed,[Lapsed] Recovery: Time-limited 30% win-back discount + feedback survey,At Risk
17464,At Risk,157,3,1000.94,333.6466666666667,618,230.0,,,Lapsed,[Lapsed] Recovery: Time-limited 30% win-back discount + feedback survey,At Risk
14255,Lost Customers,545,1,1000.63,1000.63,545,,,,Lapsed,[Lapsed] Last Chance: Final win-back email + maximum discount,Lost Customers
15508,At Risk,188,6,1000.27,166.71166666666667,234,8.8,,,Lapsed,[Lapsed] Recovery: Time-limited 30% win-back discount + feedback survey,At Risk
13005,At Risk,173,4,999.6800000000001,249.92000000000002,456,94.0,,,Lapsed,[Lapsed] Recovery: Time-limited 30% win-back discount + feedback survey,At Risk
13965,At Risk,476,3,996.6099999999999,332.2033333333333,702,113.0,,,Lapsed,[Lapsed] Recovery: Time-limited 30% win-back discount + feedback survey,At Risk
16699,At Risk,379,7,994.6,142.0857142857143,734,58.833333333333336,,,Lapsed,[Lapsed] Recovery: Time-limited 30% win-back discount + feedback survey,At Risk
13559,Lost Customers,512,2,990.0,495.0,543,30.0,,,Lapsed,[Lapsed] Last Chance: Final win-back email + maximum discount,Lost Customers
15176,Lost Customers,667,1,988.0400000000001,988.0400000000001,667,,,,Lapsed,[Lapsed] Last Chance: Final win-back email + maximum discount,Lost Customers
16130,At Risk,421,4,987.48,246.87,616,64.33333333333333,,,Lapsed,[Lapsed] Recovery: Time-limited 30% win-back discount + feedback survey,At Risk
16661,At Risk,539,4,986.63,246.6575,721,60.333333333333336,,,Lapsed,[Lapsed] Recovery: Time-limited 30% win-back discount + feedback survey,At Risk
13439,At Risk,254,3,986.61,328.87,525,135.0,,,Lapsed,[Lapsed] Recovery: Time-limited 30% win-back discount + feedback survey,At Risk
16254,At Risk,377,3,985.14,328.38,631,126.0,,,Lapsed,[Lapsed] Recovery: Time-limited 30% win-back discount + feedback survey,At Risk
15109,At Risk,245,3,983.0999999999999,327.7,735,244.5,,,Lapsed,[Lapsed] Recovery: Time-limited 30% win-back discount + feedback survey,At Risk
12543,Lost Customers,447,1,980.25,980.25,447,,,,Lapsed,[Lapsed] Last Chance: Final win-back email + maximum discount,Lost Customers
14230,At Risk,435,3,979.8000000000001,326.6,547,56.0,,,Lapsed,[Lapsed] Recovery: Time-limited 30% win-back discount + feedback survey,At Risk
17369,Lost Customers,455,1,979.2,979.2,455,,,,Lapsed,[Lapsed] Last Chance: Final win-back email + maximum discount,Lost Customers
14454,At Risk,375,5,977.3,195.45999999999998,732,88.75,,,Lapsed,[Lapsed] Recovery: Time-limited 30% win-back discount + feedback survey,At Risk
17123,At Risk,161,3,977.1700000000001,325.72333333333336,572,205.0,,,Lapsed,[Lapsed] Recovery: Time-limited 30% win-back discount + feedback survey,At Risk
17456,Lost Customers,364,2,975.5600000000001,487.78000000000003,455,90.0,,,Lapsed,[Lapsed] Last Chance: Final win-back email + maximum discount,Lost Customers
12915,At Risk,148,4,975.1,243.775,588,146.33333333333334,,,Lapsed,[Lapsed] Recovery: Time-limited 30% win-back discount + feedback survey,At Risk
12525,At Risk,497,3,973.73,324.57666666666665,646,74.0,,,Lapsed,[Lapsed] Recovery: Time-limited 30% win-back discount + feedback survey,At Risk
14350,At Risk,273,3,972.03,324.01,429,77.5,,,Lapsed,[Lapsed] Recovery: Time-limited 30% win-back discount + feedback survey,At Risk
13223,At Risk,199,6,969.12,161.52,664,92.4,,,Lapsed,[Lapsed] Recovery: Time-limited 30% win-back discount + feedback survey,At Risk
13204,Lost Customers,730,1,966.6600000000001,966.6600000000001,730,,,,Lapsed,[Lapsed] Last Chance: Final win-back email + maximum discount,Lost Customers
15084,Lost Customers,379,2,965.1999999999999,482.59999999999997,645,266.0,,,Lapsed,[Lapsed] Last Chance: Final win-back email + maximum discount,Lost Customers
16763,At Risk,198,2,964.6999999999999,482.34999999999997,737,539.0,,,Lapsed,[Lapsed] Recovery: Time-limited 30% win-back discount + feedback survey,At Risk
15268,At Risk,478,3,961.9000000000001,320.6333333333334,605,63.0,,,Lapsed,[Lapsed] Recovery: Time-limited 30% win-back discount + feedback survey,At Risk
17544,At Risk,389,3,960.69,320.23,389,0.0,,,Lapsed,[Lapsed] Recovery: Time-limited 30% win-back discount + feedback survey,At Risk
14994,At Risk,381,5,960.63,192.126,622,59.75,,,Lapsed,[Lapsed] Recovery: Time-limited 30% win-back discount + feedback survey,At Risk
12675,Lost Customers,553,2,958.5,479.25,577,24.0,,,Lapsed,[Lapsed] Last Chance: Final win-back email + maximum discount,Lost Customers
14958,At Risk,146,6,957.94,159.65666666666667,735,117.2,,,Lapsed,[Lapsed] Recovery: Time-limited 30% win-back discount + feedback survey,At Risk
16947,At Risk,235,5,955.21,191.042,646,102.25,,,Lapsed,[Lapsed] Recovery: Time-limited 30% win-back discount + feedback survey,At Risk
12505,Lost Customers,408,1,955.2,955.2,408,,,,Lapsed,[Lapsed] Last Chance: Final win-back email + maximum discount,Lost Customers
15430,Lost Customers,467,2,954.75,477.375,527,60.0,,,Lapsed,[Lapsed] Last Chance: Final win-back email + maximum discount,Lost Customers
12414,At Risk,216,6,952.4100000000001,158.735,463,49.0,,,Lapsed,[Lapsed] Recovery: Time-limited 30% win-back discount + feedback survey,At Risk
14615,At Risk,393,5,951.76,190.352,547,38.0,,,Lapsed,[Lapsed] Recovery: Time-limited 30% win-back discount + feedback survey,At Risk
17955,At Risk,198,6,949.9,158.31666666666666,664,93.0,,,Lapsed,[Lapsed] Recovery: Time-limited 30% win-back discount + feedback survey,At Risk
12767,Lost Customers,375,1,949.82,949.82,375,,,,Lapsed,[Lapsed] Last Chance: Final win-back email + maximum discount,Lost Customers
15177,Lost Customers,425,1,948.9300000000001,948.9300000000001,425,,,,Lapsed,[Lapsed] Last Chance: Final win-back email + maximum discount,Lost Customers
12874,Lost Customers,384,2,948.42,474.21,553,169.0,,,Lapsed,[Lapsed] Last Chance: Final win-back email + maximum discount,Lost Customers
15723,At Risk,364,4,947.6500000000001,236.91250000000002,573,69.33333333333333,,,Lapsed,[Lapsed] Recovery: Time-limited 30% win-back discount + feedback survey,At Risk
12355,At Risk,213,2,947.6100000000001,473.80500000000006,567,353.0,,,Lapsed,[Lapsed] Recovery: Time-limited 30% win-back discount + feedback survey,At Risk
17356,At Risk,311,5,946.47,189.294,688,93.75,,,Lapsed,[Lapsed] Recovery: Time-limited 30% win-back discount + feedback survey,At Risk
16146,At Risk,156,4,946.3800000000001,236.59500000000003,448,96.66666666666667,,,Lapsed,[Lapsed] Recovery: Time-limited 30% win-back discount + feedback survey,At Risk
17604,At Risk,216,6,945.9300000000001,157.655,681,92.0,,,Lapsed,[Lapsed] Recovery: Time-limited 30% win-back discount + feedback survey,At Risk
13261,Lost Customers,268,2,944.1,472.05,285,17.0,,,Lapsed,[Lapsed] Last Chance: Final win-back email + maximum discount,Lost Customers
16199,At Risk,391,7,942.75,134.67857142857142,630,39.166666666666664,,,Lapsed,[Lapsed] Recovery: Time-limited 30% win-back discount + feedback survey,At Risk
14326,At Risk,241,3,940.98,313.66,532,145.0,,,Lapsed,[Lapsed] Recovery: Time-limited 30% win-back discount + feedback survey,At Risk
17363,At Risk,394,3,940.86,313.62,401,3.0,,,Lapsed,[Lapsed] Recovery: Time-limited 30% win-back discount + feedback survey,At Risk
13936,At Risk,179,3,939.66,313.21999999999997,413,116.5,,,Lapsed,[Lapsed] Recovery: Time-limited 30% win-back discount + feedback survey,At Risk
16109,At Risk,218,3,939.48,313.16,698,239.5,,,Lapsed,[Lapsed] Recovery: Time-limited 30% win-back discount + feedback survey,At Risk
14605,At Risk,373,4,937.1600000000001,234.29000000000002,730,118.66666666666667,,,Lapsed,[Lapsed] Recovery: Time-limited 30% win-back discount + feedback survey,At Risk
17020,Lost Customers,541,2,935.62,467.81,646,104.0,,,Lapsed,[Lapsed] Last Chance: Final win-back email + maximum discount,Lost Customers
14813,At Risk,369,4,935.4399999999999,233.85999999999999,610,80.0,,,Lapsed,[Lapsed] Recovery: Time-limited 30% win-back discount + feedback survey,At Risk
17472,At Risk,190,4,935.0999999999999,233.77499999999998,627,145.33333333333334,,,Lapsed,[Lapsed] Recovery: Time-limited 30% win-back discount + feedback survey,At Risk
15792,Lost Customers,399,2,933.84,466.92,618,218.0,,,Lapsed,[Lapsed] Last Chance: Final win-back email + maximum discount,Lost Customers
18133,Lost Customers,211,1,931.5,931.5,211,,,,Lapsed,[Lapsed] Last Chance: Final win-back email + maximum discount,Lost Customers
12396,Lost Customers,673,1,931.4300000000001,931.4300000000001,673,,,,Lapsed,[Lapsed] Last Chance: Final win-back email + maximum discount,Lost Customers
13465,Lost Customers,445,2,931.12,465.56,585,139.0,,,Lapsed,[Lapsed] Last Chance: Final win-back email + maximum discount,Lost Customers
14924,At Risk,245,3,931.01,310.33666666666664,638,196.5,,,Lapsed,[Lapsed] Recovery: Time-limited 30% win-back discount + feedback survey,At Risk
16034,At Risk,195,6,928.72,154.78666666666666,408,42.4,,,Lapsed,[Lapsed] Recovery: Time-limited 30% win-back discount + feedback survey,At Risk
14338,At Risk,160,3,928.1,309.3666666666667,536,187.5,,,Lapsed,[Lapsed] Recovery: Time-limited 30% win-back discount + feedback survey,At Risk
13288,At Risk,442,5,927.61,185.522,665,55.25,,,Lapsed,[Lapsed] Recovery: Time-limited 30% win-back discount + feedback survey,At Risk
16975,At Risk,422,3,926.12,308.70666666666665,505,40.5,,,Lapsed,[Lapsed] Recovery: Time-limited 30% win-back discount + feedback survey,At Risk
12745,At Risk,486,3,925.4100000000001,308.47,681,97.5,,,Lapsed,[Lapsed] Recovery: Time-limited 30% win-back discount + feedback survey,At Risk
17143,Lost Customers,416,2,924.11,462.055,514,98.0,,,Lapsed,[Lapsed] Last Chance: Final win-back email + maximum discount,Lost Customers
16643,Lost Customers,245,2,923.11,461.555,422,176.0,,,Lapsed,[Lapsed] Last Chance: Final win-back email + maximum discount,Lost Customers
17322,At Risk,375,5,922.59,184.518,736,89.75,,,Lapsed,[Lapsed] Recovery: Time-limited 30% win-back discount + feedback survey,At Risk
13934,Lost Customers,263,1,922.1,922.1,263,,,,Lapsed,[Lapsed] Last Chance: Final win-back email + maximum discount,Lost Customers
12998,At Risk,492,3,920.08,306.6933333333333,653,80.0,,,Lapsed,[Lapsed] Recovery: Time-limited 30% win-back discount + feedback survey,At Risk
14568,Lost Customers,434,1,919.7,919.7,434,,,,Lapsed,[Lapsed] Last Chance: Final win-back email + maximum discount,Lost Customers
13872,At Risk,526,3,919.5699999999999,306.5233333333333,725,99.0,,,Lapsed,[Lapsed] Recovery: Time-limited 30% win-back discount + feedback survey,At Risk
16387,At Risk,322,5,918.55,183.70999999999998,638,78.75,,,Lapsed,[Lapsed] Recovery: Time-limited 30% win-back discount + feedback survey,At Risk
15542,At Risk,511,3,918.45,306.15000000000003,737,112.5,,,Lapsed,[Lapsed] Recovery: Time-limited 30% win-back discount + feedback survey,At Risk
12368,Lost Customers,627,1,917.7,917.7,627,,,,Lapsed,[Lapsed] Last Chance: Final win-back email + maximum discount,Lost Customers
14061,At Risk,506,3,917.4300000000001,305.81,737,114.5,,,Lapsed,[Lapsed] Recovery: Time-limited 30% win-back discount + feedback survey,At Risk
14423,At Risk,217,3,916.61,305.5366666666667,694,237.5,,,Lapsed,[Lapsed] Recovery: Time-limited 30% win-back discount + feedback survey,At Risk
14549,At Risk,310,4,916.5500000000001,229.13750000000002,736,141.33333333333334,,,Lapsed,[Lapsed] Recovery: Time-limited 30% win-back discount + feedback survey,At Risk
14839,At Risk,417,3,915.28,305.0933333333333,703,142.5,,,Lapsed,[Lapsed] Recovery: Time-limited 30% win-back discount + feedback survey,At Risk
16216,Lost Customers,266,1,914.9300000000001,914.9300000000001,266,,,,Lapsed,[Lapsed] Last Chance: Final win-back email + maximum discount,Lost Customers
17062,At Risk,313,6,913.7900000000001,152.29833333333335,439,24.6,,,Lapsed,[Lapsed] Recovery: Time-limited 30% win-back discount + feedback survey,At Risk
16138,At Risk,378,3,910.3500000000001,303.45000000000005,590,106.0,,,Lapsed,[Lapsed] Recovery: Time-limited 30% win-back discount + feedback survey,At Risk
14969,Lost Customers,703,1,906.23,906.23,703,,,,Lapsed,[Lapsed] Last Chance: Final win-back email + maximum discount,Lost Customers
17746,At Risk,239,4,904.1800000000001,226.04500000000002,609,123.33333333333333,,,Lapsed,[Lapsed] Recovery: Time-limited 30% win-back discount + feedback survey,At Risk
17176,At Risk,201,3,902.3199999999999,300.7733333333333,676,237.5,,,Lapsed,[Lapsed] Recovery: Time-limited 30% win-back discount + feedback survey,At Risk
17226,At Risk,308,3,900.12,300.04,664,178.0,,,Lapsed,[Lapsed] Recovery: Time-limited 30% win-back discount + feedback survey,At Risk
12945,Lost Customers,287,2,900.11,450.055,655,367.0,,,Lapsed,[Lapsed] Last Chance: Final win-back email + maximum discount,Lost Customers
16834,Lost Customers,227,2,898.96,449.48,673,446.0,,,Lapsed,[Lapsed] Last Chance: Final win-back email + maximum discount,Lost Customers
15710,Lost Customers,416,1,898.87,898.87,416,,,,Lapsed,[Lapsed] Last Chance: Final win-back email + maximum discount,Lost Customers
14437,At Risk,365,5,895.84,179.168,583,54.0,,,Lapsed,[Lapsed] Recovery: Time-limited 30% win-back discount + feedback survey,At Risk
13996,Lost Customers,385,2,895.76,447.88,398,13.0,,,Lapsed,[Lapsed] Last Chance: Final win-back email + maximum discount,Lost Customers
14065,At Risk,388,3,891.02,297.00666666666666,431,21.0,,,Lapsed,[Lapsed] Recovery: Time-limited 30% win-back discount + feedback survey,At Risk
15824,Lost Customers,452,2,890.94,445.47,531,78.0,,,Lapsed,[Lapsed] Last Chance: Final win-back email + maximum discount,Lost Customers
16228,At Risk,384,3,890.8100000000001,296.93666666666667,399,7.0,,,Lapsed,[Lapsed] Recovery: Time-limited 30% win-back discount + feedback survey,At Risk
17708,At Risk,187,4,887.9300000000001,221.98250000000002,423,78.33333333333333,,,Lapsed,[Lapsed] Recovery: Time-limited 30% win-back discount + feedback survey,At Risk
14686,At Risk,413,5,885.8299999999999,177.166,658,61.0,,,Lapsed,[Lapsed] Recovery: Time-limited 30% win-back discount + feedback survey,At Risk
12793,At Risk,334,3,885.53,295.1766666666667,400,33.0,,,Lapsed,[Lapsed] Recovery: Time-limited 30% win-back discount + feedback survey,At Risk
17704,At Risk,168,2,885.19,442.595,239,71.0,,,Lapsed,[Lapsed] Recovery: Time-limited 30% win-back discount + feedback survey,At Risk
13166,Lost Customers,282,2,884.1800000000001,442.09000000000003,413,131.0,,,Lapsed,[Lapsed] Last Chance: Final win-back email + maximum discount,Lost Customers
18141,Lost Customers,401,2,882.47,441.235,588,187.0,,,Lapsed,[Lapsed] Last Chance: Final win-back email + maximum discount,Lost Customers
16677,Lost Customers,410,2,880.62,440.31,651,240.0,,,Lapsed,[Lapsed] Last Chance: Final win-back email + maximum discount,Lost Customers
13937,At Risk,168,2,880.13,440.065,402,233.0,,,Lapsed,[Lapsed] Recovery: Time-limited 30% win-back discount + feedback survey,At Risk
14612,Lost Customers,414,1,877.7,877.7,414,,,,Lapsed,[Lapsed] Last Chance: Final win-back email + maximum discount,Lost Customers
14645,At Risk,156,3,876.8900000000001,292.2966666666667,634,238.0,,,Lapsed,[Lapsed] Recovery: Time-limited 30% win-back discount + feedback survey,At Risk
13768,Lost Customers,726,2,875.97,437.985,730,4.0,,,Lapsed,[Lapsed] Last Chance: Final win-back email + maximum discount,Lost Customers
15224,At Risk,357,5,871.36,174.272,692,83.25,,,Lapsed,[Lapsed] Recovery: Time-limited 30% win-back discount + feedback survey,At Risk
16948,At Risk,138,7,868.77,124.11,655,85.83333333333333,,,Lapsed,[Lapsed] Recovery: Time-limited 30% win-back discount + feedback survey,At Risk
17167,At Risk,379,3,867.11,289.0366666666667,444,32.0,,,Lapsed,[Lapsed] Recovery: Time-limited 30% win-back discount + feedback survey,At Risk
17358,At Risk,302,5,866.05,173.20999999999998,652,87.25,,,Lapsed,[Lapsed] Recovery: Time-limited 30% win-back discount + feedback survey,At Risk
16567,Lost Customers,193,2,865.5999999999999,432.79999999999995,336,142.0,,,Lapsed,[Lapsed] Last Chance: Final win-back email + maximum discount,Lost Customers
13922,At Risk,351,3,865.2,288.40000000000003,466,57.5,,,Lapsed,[Lapsed] Recovery: Time-limited 30% win-back discount + feedback survey,At Risk
14600,Lost Customers,305,2,865.1700000000001,432.58500000000004,392,87.0,,,Lapsed,[Lapsed] Last Chance: Final win-back email + maximum discount,Lost Customers
13891,At Risk,377,3,863.56,287.8533333333333,581,101.5,,,Lapsed,[Lapsed] Recovery: Time-limited 30% win-back discount + feedback survey,At Risk
12791,At Risk,373,6,863.51,143.91833333333332,623,49.8,,,Lapsed,[Lapsed] Recovery: Time-limited 30% win-back discount + feedback survey,At Risk
15483,At Risk,160,10,862.1999999999999,86.22,683,57.77777777777778,,,Lapsed,[Lapsed] Recovery: Time-limited 30% win-back discount + feedback survey,At Risk
13339,Lost Customers,200,1,860.12,860.12,200,,,,Lapsed,[Lapsed] Last Chance: Final win-back email + maximum discount,Lost Customers
14372,Lost Customers,442,2,860.08,430.04,598,156.0,,,Lapsed,[Lapsed] Last Chance: Final win-back email + maximum discount,Lost Customers
12440,Lost Customers,461,2,859.2,429.6,717,255.0,,,Lapsed,[Lapsed] Last Chance: Final win-back email + maximum discount,Lost Customers
17161,Lost Customers,443,1,856.01,856.01,443,,,,Lapsed,[Lapsed] Last Chance: Final win-back email + maximum discount,Lost Customers
12878,Lost Customers,235,2,854.99,427.495,265,29.0,,,Lapsed,[Lapsed] Last Chance: Final win-back email + maximum discount,Lost Customers
13945,Lost Customers,394,2,854.15,427.075,479,85.0,,,Lapsed,[Lapsed] Last Chance: Final win-back email + maximum discount,Lost Customers
14873,Lost Customers,209,2,854.1299999999999,427.06499999999994,633,423.0,,,Lapsed,[Lapsed] Last Chance: Final win-back email + maximum discount,Lost Customers
17349,At Risk,178,5,852.25,170.45,630,112.25,,,Lapsed,[Lapsed] Recovery: Time-limited 30% win-back discount + feedback survey,At Risk
15266,At Risk,337,5,852.21,170.442,701,90.25,,,Lapsed,[Lapsed] Recovery: Time-limited 30% win-back discount + feedback survey,At Risk
12696,Lost Customers,434,2,851.91,425.955,508,74.0,,,Lapsed,[Lapsed] Last Chance: Final win-back email + maximum discount,Lost Customers
13479,At Risk,200,4,851.37,212.8425,476,91.33333333333333,,,Lapsed,[Lapsed] Recovery: Time-limited 30% win-back discount + feedback survey,At Risk
18108,At Risk,253,3,848.81,282.93666666666667,737,241.0,,,Lapsed,[Lapsed] Recovery: Time-limited 30% win-back discount + feedback survey,At Risk
16798,At Risk,553,3,848.71,282.90333333333336,728,87.0,,,Lapsed,[Lapsed] Recovery: Time-limited 30% win-back discount + feedback survey,At Risk
15784,Lost Customers,467,2,848.3299999999999,424.16499999999996,671,204.0,,,Lapsed,[Lapsed] Last Chance: Final win-back email + maximum discount,Lost Customers
14202,At Risk,380,3,847.76,282.58666666666664,624,121.5,,,Lapsed,[Lapsed] Recovery: Time-limited 30% win-back discount + feedback survey,At Risk
13221,Lost Customers,239,2,847.4100000000001,423.70500000000004,358,119.0,,,Lapsed,[Lapsed] Last Chance: Final win-back email + maximum discount,Lost Customers
13970,Lost Customers,385,2,846.55,423.275,437,51.0,,,Lapsed,[Lapsed] Last Chance: Final win-back email + maximum discount,Lost Customers
14803,At Risk,161,3,845.55,281.84999999999997,291,64.5,,,Lapsed,[Lapsed] Recovery: Time-limited 30% win-back discount + feedback survey,At Risk
18078,At Risk,216,4,844.6,211.15,627,136.33333333333334,,,Lapsed,[Lapsed] Recovery: Time-limited 30% win-back discount + feedback survey,At Risk
14922,Lost Customers,393,2,843.74,421.87,507,114.0,,,Lapsed,[Lapsed] Last Chance: Final win-back email + maximum discount,Lost Customers
16344,At Risk,157,4,842.42,210.605,668,169.66666666666666,,,Lapsed,[Lapsed] Recovery: Time-limited 30% win-back discount + feedback survey,At Risk
17638,Lost Customers,646,2,842.4000000000001,421.20000000000005,721,74.0,,,Lapsed,[Lapsed] Last Chance: Final win-back email + maximum discount,Lost Customers
16810,Lost Customers,191,2,842.04,421.02,419,228.0,,,Lapsed,[Lapsed] Last Chance: Final win-back email + maximum discount,Lost Customers
12891,At Risk,185,11,840.5,76.4090909090909,658,46.9,,,Lapsed,[Lapsed] Recovery: Time-limited 30% win-back discount + feedback survey,At Risk
14355,At Risk,365,3,840.05,280.01666666666665,626,130.5,,,Lapsed,[Lapsed] Recovery: Time-limited 30% win-back discount + feedback survey,At Risk
18247,At Risk,414,3,839.73,279.91,630,107.5,,,Lapsed,[Lapsed] Recovery: Time-limited 30% win-back discount + feedback survey,At Risk
15713,At Risk,142,4,839.6400000000001,209.91000000000003,723,193.0,,,Lapsed,[Lapsed] Recovery: Time-limited 30% win-back discount + feedback survey,At Risk
17332,At Risk,527,5,838.27,167.654,655,31.5,,,Lapsed,[Lapsed] Recovery: Time-limited 30% win-back discount + feedback survey,At Risk
16264,Lost Customers,437,2,837.53,418.765,445,7.0,,,Lapsed,[Lapsed] Last Chance: Final win-back email + maximum discount,Lost Customers
14037,At Risk,175,6,836.95,139.49166666666667,732,110.6,,,Lapsed,[Lapsed] Recovery: Time-limited 30% win-back discount + feedback survey,At Risk
15832,Lost Customers,253,1,836.79,836.79,253,,,,Lapsed,[Lapsed] Last Chance: Final win-back email + maximum discount,Lost Customers
13795,At Risk,387,4,836.3,209.075,637,82.33333333333333,,,Lapsed,[Lapsed] Recovery: Time-limited 30% win-back discount + feedback survey,At Risk
13386,Lost Customers,413,2,835.46,417.73,436,22.0,,,Lapsed,[Lapsed] Last Chance: Final win-back email + maximum discount,Lost Customers
14556,At Risk,595,3,835.3399999999999,278.44666666666666,688,45.5,,,Lapsed,[Lapsed] Recovery: Time-limited 30% win-back discount + feedback survey,At Risk
15190,Lost Customers,433,1,834.4399999999999,834.4399999999999,433,,,,Lapsed,[Lapsed] Last Chance: Final win-back email + maximum discount,Lost Customers
16644,Lost Customers,177,2,833.78,416.89,211,34.0,,,Lapsed,[Lapsed] Last Chance: Final win-back email + maximum discount,Lost Customers
12903,Lost Customers,428,1,833.5300000000001,833.5300000000001,428,,,,Lapsed,[Lapsed] Last Chance: Final win-back email + maximum discount,Lost Customers
13175,Lost Customers,581,2,831.45,415.725,735,153.0,,,Lapsed,[Lapsed] Last Chance: Final win-back email + maximum discount,Lost Customers
15759,At Risk,217,7,830.9300000000001,118.70428571428572,737,86.16666666666667,,,Lapsed,[Lapsed] Recovery: Time-limited 30% win-back discount + feedback survey,At Risk
17003,At Risk,401,4,830.16,207.54,578,58.333333333333336,,,Lapsed,[Lapsed] Recovery: Time-limited 30% win-back discount + feedback survey,At Risk
12730,Lost Customers,521,1,829.25,829.25,521,,,,Lapsed,[Lapsed] Last Chance: Final win-back email + maximum discount,Lost Customers
15617,At Risk,395,3,828.55,276.18333333333334,506,55.0,,,Lapsed,[Lapsed] Recovery: Time-limited 30% win-back discount + feedback survey,At Risk
16246,Lost Customers,459,2,827.25,413.625,669,209.0,,,Lapsed,[Lapsed] Last Chance: Final win-back email + maximum discount,Lost Customers
12792,Lost Customers,256,2,827.01,413.505,534,278.0,,,Lapsed,[Lapsed] Last Chance: Final win-back email + maximum discount,Lost Customers
16494,Lost Customers,296,1,826.53,826.53,296,,,,Lapsed,[Lapsed] Last Chance: Final win-back email + maximum discount,Lost Customers
17880,At Risk,364,3,824.9200000000001,274.97333333333336,729,182.0,,,Lapsed,[Lapsed] Recovery: Time-limited 30% win-back discount + feedback survey,At Risk
15107,At Risk,310,9,824.35,91.59444444444445,451,17.0,,,Lapsed,[Lapsed] Recovery: Time-limited 30% win-back discount + feedback survey,At Risk
14260,At Risk,470,3,824.28,274.76,548,38.5,,,Lapsed,[Lapsed] Recovery: Time-limited 30% win-back discount + feedback survey,At Risk
15137,Lost Customers,520,2,823.4,411.7,679,159.0,,,Lapsed,[Lapsed] Last Chance: Final win-back email + maximum discount,Lost Customers
13893,Lost Customers,297,1,821.1,821.1,297,,,,Lapsed,[Lapsed] Last Chance: Final win-back email + maximum discount,Lost Customers
15314,At Risk,198,3,820.45,273.48333333333335,427,114.0,,,Lapsed,[Lapsed] Recovery: Time-limited 30% win-back discount + feedback survey,At Risk
17952,At Risk,377,4,819.61,204.9025,541,54.333333333333336,,,Lapsed,[Lapsed] Recovery: Time-limited 30% win-back discount + feedback survey,At Risk
16135,Lost Customers,262,2,819.4499999999999,409.72499999999997,583,321.0,,,Lapsed,[Lapsed] Last Chance: Final win-back email + maximum discount,Lost Customers
17683,At Risk,385,3,819.01,273.00333333333333,553,83.5,,,Lapsed,[Lapsed] Recovery: Time-limited 30% win-back discount + feedback survey,At Risk
16048,At Risk,372,4,818.7900000000001,204.69750000000002,549,58.333333333333336,,,Lapsed,[Lapsed] Recovery: Time-limited 30% win-back discount + feedback survey,At Risk
13612,Lost Customers,632,1,818.29,818.29,632,,,,Lapsed,[Lapsed] Last Chance: Final win-back email + maximum discount,Lost Customers
13595,At Risk,516,3,818.22,272.74,645,64.5,,,Lapsed,[Lapsed] Recovery: Time-limited 30% win-back discount + feedback survey,At Risk
14890,At Risk,253,3,817.25,272.4166666666667,659,203.0,,,Lapsed,[Lapsed] Recovery: Time-limited 30% win-back discount + feedback survey,At Risk
15180,At Risk,366,3,816.9300000000001,272.31,588,110.5,,,Lapsed,[Lapsed] Recovery: Time-limited 30% win-back discount + feedback survey,At Risk
14872,At Risk,483,3,816.6,272.2,632,74.5,,,Lapsed,[Lapsed] Recovery: Time-limited 30% win-back discount + feedback survey,At Risk
14656,At Risk,168,5,814.65,162.93,603,108.25,,,Lapsed,[Lapsed] Recovery: Time-limited 30% win-back discount + feedback survey,At Risk
13811,At Risk,183,3,814.5,271.5,238,27.0,,,Lapsed,[Lapsed] Recovery: Time-limited 30% win-back discount + feedback survey,At Risk
15644,At Risk,165,4,813.0,203.25,260,31.0,,,Lapsed,[Lapsed] Recovery: Time-limited 30% win-back discount + feedback survey,At Risk
17194,At Risk,273,3,812.5,270.8333333333333,529,127.5,,,Lapsed,[Lapsed] Recovery: Time-limited 30% win-back discount + feedback survey,At Risk
17251,At Risk,362,3,812.4300000000001,270.81,724,181.0,,,Lapsed,[Lapsed] Recovery: Time-limited 30% win-back discount + feedback survey,At Risk
16958,Lost Customers,434,1,809.44,809.44,434,,,,Lapsed,[Lapsed] Last Chance: Final win-back email + maximum discount,Lost Customers
12632,Lost Customers,520,2,804.88,402.44,564,44.0,,,Lapsed,[Lapsed] Last Chance: Final win-back email + maximum discount,Lost Customers
15921,At Risk,172,4,802.11,200.5275,640,155.66666666666666,,,Lapsed,[Lapsed] Recovery: Time-limited 30% win-back discount + feedback survey,At Risk
13415,At Risk,472,4,800.6700000000001,200.16750000000002,727,85.0,,,Lapsed,[Lapsed] Recovery: Time-limited 30% win-back discount + feedback survey,At Risk
17023,At Risk,416,3,800.1800000000001,266.7266666666667,696,139.5,,,Lapsed,[Lapsed] Recovery: Time-limited 30% win-back discount + feedback survey,At Risk
13041,At Risk,450,4,799.13,199.7825,589,46.0,,,Lapsed,[Lapsed] Recovery: Time-limited 30% win-back discount + feedback survey,At Risk
17801,At Risk,450,3,798.3299999999999,266.10999999999996,691,120.0,,,Lapsed,[Lapsed] Recovery: Time-limited 30% win-back discount + feedback survey,At Risk
15309,At Risk,610,4,797.96,199.49,734,41.333333333333336,,,Lapsed,[Lapsed] Recovery: Time-limited 30% win-back discount + feedback survey,At Risk
17281,At Risk,373,6,797.85,132.975,672,59.2,,,Lapsed,[Lapsed] Recovery: Time-limited 30% win-back discount + feedback survey,At Risk
16155,At Risk,381,5,796.9,159.38,539,39.25,,,Lapsed,[Lapsed] Recovery: Time-limited 30% win-back discount + feedback survey,At Risk
17212,At Risk,252,3,794.41,264.80333333333334,486,116.5,,,Lapsed,[Lapsed] Recovery: Time-limited 30% win-back discount + feedback survey,At Risk
13296,At Risk,136,6,792.51,132.085,576,87.6,,,Lapsed,[Lapsed] Recovery: Time-limited 30% win-back discount + feedback survey,At Risk
14022,Lost Customers,224,2,792.1500000000001,396.07500000000005,486,261.0,,,Lapsed,[Lapsed] Last Chance: Final win-back email + maximum discount,Lost Customers
13484,At Risk,240,3,790.72,263.5733333333333,639,199.0,,,Lapsed,[Lapsed] Recovery: Time-limited 30% win-back discount + feedback survey,At Risk
16472,Lost Customers,433,2,789.5999999999999,394.79999999999995,597,163.0,,,Lapsed,[Lapsed] Last Chance: Final win-back email + maximum discount,Lost Customers
15448,Lost Customers,312,2,788.81,394.405,673,361.0,,,Lapsed,[Lapsed] Last Chance: Final win-back email + maximum discount,Lost Customers
16739,Lost Customers,176,2,786.4300000000001,393.21500000000003,536,359.0,,,Lapsed,[Lapsed] Last Chance: Final win-back email + maximum discount,Lost Customers
16972,Lost Customers,382,2,786.25,393.125,456,73.0,,,Lapsed,[Lapsed] Last Chance: Final win-back email + maximum discount,Lost Customers
13770,At Risk,421,4,785.37,196.3425,729,102.33333333333333,,,Lapsed,[Lapsed] Recovery: Time-limited 30% win-back discount + feedback survey,At Risk
13541,Lost Customers,426,2,785.25,392.625,569,143.0,,,Lapsed,[Lapsed] Last Chance: Final win-back email + maximum discount,Lost Customers
15646,At Risk,157,5,784.8100000000001,156.96200000000002,409,63.0,,,Lapsed,[Lapsed] Recovery: Time-limited 30% win-back discount + feedback survey,At Risk
12761,Lost Customers,457,2,782.95,391.475,464,7.0,,,Lapsed,[Lapsed] Last Chance: Final win-back email + maximum discount,Lost Customers
13453,At Risk,165,3,781.6899999999999,260.56333333333333,401,117.5,,,Lapsed,[Lapsed] Recovery: Time-limited 30% win-back discount + feedback survey,At Risk
13287,Lost Customers,602,3,781.59,260.53000000000003,704,50.5,,,Lapsed,[Lapsed] Last Chance: Final win-back email + maximum discount,Lost Customers
15246,At Risk,237,3,780.4,260.1333333333333,555,158.0,,,Lapsed,[Lapsed] Recovery: Time-limited 30% win-back discount + feedback survey,At Risk
12735,Lost Customers,314,2,779.5699999999999,389.78499999999997,336,21.0,,,Lapsed,[Lapsed] Last Chance: Final win-back email + maximum discount,Lost Customers
13781,At Risk,250,3,778.83,259.61,720,234.5,,,Lapsed,[Lapsed] Recovery: Time-limited 30% win-back discount + feedback survey,At Risk
17482,Lost Customers,486,2,778.19,389.095,577,91.0,,,Lapsed,[Lapsed] Last Chance: Final win-back email + maximum discount,Lost Customers
13745,Lost Customers,161,2,777.36,388.68,545,383.0,,,Lapsed,[Lapsed] Last Chance: Final win-back email + maximum discount,Lost Customers
15794,Lost Customers,735,2,777.0,388.5,736,0.0,,,Lapsed,[Lapsed] Last Chance: Final win-back email + maximum discount,Lost Customers
15092,At Risk,214,3,776.46,258.82,462,123.0,,,Lapsed,[Lapsed] Recovery: Time-limited 30% win-back discount + feedback survey,At Risk
13341,Lost Customers,260,1,775.85,775.85,260,,,,Lapsed,[Lapsed] Last Chance: Final win-back email + maximum discount,Lost Customers
17889,At Risk,211,7,774.87,110.69571428571429,618,67.33333333333333,,,Lapsed,[Lapsed] Recovery: Time-limited 30% win-back discount + feedback survey,At Risk
14838,Lost Customers,422,2,773.6700000000001,386.83500000000004,736,313.0,,,Lapsed,[Lapsed] Last Chance: Final win-back email + maximum discount,Lost Customers
16565,At Risk,363,4,773.05,193.2625,555,63.0,,,Lapsed,[Lapsed] Recovery: Time-limited 30% win-back discount + feedback survey,At Risk
14247,At Risk,277,5,772.66,154.53199999999998,550,67.75,,,Lapsed,[Lapsed] Recovery: Time-limited 30% win-back discount + feedback survey,At Risk
14104,At Risk,154,5,771.58,154.316,559,100.75,,,Lapsed,[Lapsed] Recovery: Time-limited 30% win-back discount + feedback survey,At Risk
14998,At Risk,169,4,770.73,192.6825,604,144.66666666666666,,,Lapsed,[Lapsed] Recovery: Time-limited 30% win-back discount + feedback survey,At Risk
14413,At Risk,361,4,770.37,192.5925,688,108.33333333333333,,,Lapsed,[Lapsed] Recovery: Time-limited 30% win-back discount + feedback survey,At Risk
15331,At Risk,499,3,767.9100000000001,255.97000000000003,608,54.5,,,Lapsed,[Lapsed] Recovery: Time-limited 30% win-back discount + feedback survey,At Risk
13712,Lost Customers,246,2,766.4200000000001,383.21000000000004,610,364.0,,,Lapsed,[Lapsed] Last Chance: Final win-back email + maximum discount,Lost Customers
15908,Lost Customers,490,2,764.57,382.285,511,21.0,,,Lapsed,[Lapsed] Last Chance: Final win-back email + maximum discount,Lost Customers
13699,Lost Customers,154,2,764.1500000000001,382.07500000000005,549,395.0,,,Lapsed,[Lapsed] Last Chance: Final win-back email + maximum discount,Lost Customers
16392,At Risk,269,3,763.05,254.35,561,146.0,,,Lapsed,[Lapsed] Recovery: Time-limited 30% win-back discount + feedback survey,At Risk
17860,At Risk,368,4,762.74,190.685,727,119.33333333333333,,,Lapsed,[Lapsed] Recovery: Time-limited 30% win-back discount + feedback survey,At Risk
14176,At Risk,296,5,756.46,151.292,380,20.5,,,Lapsed,[Lapsed] Recovery: Time-limited 30% win-back discount + feedback survey,At Risk
16262,Lost Customers,377,1,755.15,755.15,377,,,,Lapsed,[Lapsed] Last Chance: Final win-back email + maximum discount,Lost Customers
13370,Lost Customers,371,1,754.87,754.87,371,,,,Lapsed,[Lapsed] Last Chance: Final win-back email + maximum discount,Lost Customers
17141,At Risk,417,4,754.33,188.5825,683,88.66666666666667,,,Lapsed,[Lapsed] Recovery: Time-limited 30% win-back discount + feedback survey,At Risk
13070,At Risk,191,4,751.7,187.925,731,179.66666666666666,,,Lapsed,[Lapsed] Recovery: Time-limited 30% win-back discount + feedback survey,At Risk
14048,At Risk,304,3,748.69,249.56333333333336,381,38.5,,,Lapsed,[Lapsed] Recovery: Time-limited 30% win-back discount + feedback survey,At Risk
13108,Lost Customers,372,2,748.46,374.23,434,62.0,,,Lapsed,[Lapsed] Last Chance: Final win-back email + maximum discount,Lost Customers
14942,At Risk,401,4,746.56,186.64,729,109.0,,,Lapsed,[Lapsed] Recovery: Time-limited 30% win-back discount + feedback survey,At Risk
16465,Lost Customers,420,2,746.24,373.12,444,23.0,,,Lapsed,[Lapsed] Last Chance: Final win-back email + maximum discount,Lost Customers
18190,At Risk,191,5,745.62,149.124,717,131.0,,,Lapsed,[Lapsed] Recovery: Time-limited 30% win-back discount + feedback survey,At Risk
14228,At Risk,437,3,745.5,248.5,546,53.5,,,Lapsed,[Lapsed] Recovery: Time-limited 30% win-back discount + feedback survey,At Risk
13713,At Risk,407,3,743.26,247.75333333333333,582,87.0,,,Lapsed,[Lapsed] Recovery: Time-limited 30% win-back discount + feedback survey,At Risk
15420,At Risk,433,6,743.0,123.83333333333333,733,59.6,,,Lapsed,[Lapsed] Recovery: Time-limited 30% win-back discount + feedback survey,At Risk
14302,At Risk,430,3,742.9000000000001,247.63333333333335,737,153.0,,,Lapsed,[Lapsed] Recovery: Time-limited 30% win-back discount + feedback survey,At Risk
17005,Lost Customers,470,2,742.36,371.18,588,118.0,,,Lapsed,[Lapsed] Last Chance: Final win-back email + maximum discount,Lost Customers
18275,Lost Customers,577,2,741.85,370.925,730,152.0,,,Lapsed,[Lapsed] Last Chance: Final win-back email + maximum discount,Lost Customers
15070,At Risk,372,3,737.0500000000001,245.68333333333337,723,175.5,,,Lapsed,[Lapsed] Recovery: Time-limited 30% win-back discount + feedback survey,At Risk
16075,Lost Customers,502,2,736.9300000000001,368.46500000000003,563,61.0,,,Lapsed,[Lapsed] Last Chance: Final win-back email + maximum discount,Lost Customers
15045,Lost Customers,151,2,735.66,367.83,257,105.0,,,Lapsed,[Lapsed] Last Chance: Final win-back email + maximum discount,Lost Customers
13286,Lost Customers,599,1,734.91,734.91,599,,,,Lapsed,[Lapsed] Last Chance: Final win-back email + maximum discount,Lost Customers
17616,At Risk,173,4,734.4,183.6,451,92.0,,,Lapsed,[Lapsed] Recovery: Time-limited 30% win-back discount + feedback survey,At Risk
17756,At Risk,375,3,733.7,244.5666666666667,393,8.5,,,Lapsed,[Lapsed] Recovery: Time-limited 30% win-back discount + feedback survey,At Risk
12537,Lost Customers,408,1,732.94,732.94,408,,,,Lapsed,[Lapsed] Last Chance: Final win-back email + maximum discount,Lost Customers
17825,At Risk,598,4,731.96,182.99,725,42.0,,,Lapsed,[Lapsed] Recovery: Time-limited 30% win-back discount + feedback survey,At Risk
17548,At Risk,233,4,731.26,182.815,395,53.666666666666664,,,Lapsed,[Lapsed] Recovery: Time-limited 30% win-back discount + feedback survey,At Risk
17681,At Risk,596,5,731.2,146.24,693,23.75,,,Lapsed,[Lapsed] Recovery: Time-limited 30% win-back discount + feedback survey,At Risk
13921,At Risk,401,4,730.7,182.675,721,105.66666666666667,,,Lapsed,[Lapsed] Recovery: Time-limited 30% win-back discount + feedback survey,At Risk
17834,Lost Customers,414,2,730.47,365.235,444,30.0,,,Lapsed,[Lapsed] Last Chance: Final win-back email + maximum discount,Lost Customers
13452,At Risk,258,3,729.8,243.26666666666665,472,106.5,,,Lapsed,[Lapsed] Recovery: Time-limited 30% win-back discount + feedback survey,At Risk
18163,Lost Customers,583,1,728.84,728.84,583,,,,Lapsed,[Lapsed] Last Chance: Final win-back email + maximum discount,Lost Customers
12786,Lost Customers,609,1,728.5000000000001,728.5000000000001,609,,,,Lapsed,[Lapsed] Last Chance: Final win-back email + maximum discount,Lost Customers
17547,Lost Customers,375,2,727.85,363.925,664,289.0,,,Lapsed,[Lapsed] Last Chance: Final win-back email + maximum discount,Lost Customers
17374,At Risk,218,3,727.11,242.37,394,87.5,,,Lapsed,[Lapsed] Recovery: Time-limited 30% win-back discount + feedback survey,At Risk
18187,Lost Customers,631,1,724.89,724.89,631,,,,Lapsed,[Lapsed] Last Chance: Final win-back email + maximum discount,Lost Customers
13729,At Risk,435,3,724.73,241.57666666666668,683,123.5,,,Lapsed,[Lapsed] Recovery: Time-limited 30% win-back discount + feedback survey,At Risk
13264,Lost Customers,442,1,722.5600000000001,722.5600000000001,442,,,,Lapsed,[Lapsed] Last Chance: Final win-back email + maximum discount,Lost Customers
13057,Lost Customers,529,3,722.09,240.6966666666667,631,50.5,,,Lapsed,[Lapsed] Last Chance: Final win-back email + maximum discount,Lost Customers
13537,Lost Customers,425,2,717.85,358.925,451,26.0,,,Lapsed,[Lapsed] Last Chance: Final win-back email + maximum discount,Lost Customers
13604,Lost Customers,658,1,717.62,717.62,658,,,,Lapsed,[Lapsed] Last Chance: Final win-back email + maximum discount,Lost Customers
16269,Lost Customers,437,1,717.57,717.57,437,,,,Lapsed,[Lapsed] Last Chance: Final win-back email + maximum discount,Lost Customers
12573,At Risk,226,5,717.4100000000001,143.48200000000003,464,58.75,,,Lapsed,[Lapsed] Recovery: Time-limited 30% win-back discount + feedback survey,At Risk
16526,Lost Customers,171,2,717.21,358.605,583,412.0,,,Lapsed,[Lapsed] Last Chance: Final win-back email + maximum discount,Lost Customers
17051,At Risk,193,4,714.39,178.5975,627,144.0,,,Lapsed,[Lapsed] Recovery: Time-limited 30% win-back discount + feedback survey,At Risk
13512,At Risk,260,4,713.39,178.3475,582,107.0,,,Lapsed,[Lapsed] Recovery: Time-limited 30% win-back discount + feedback survey,At Risk
14026,Lost Customers,470,2,713.11,356.555,624,154.0,,,Lapsed,[Lapsed] Last Chance: Final win-back email + maximum discount,Lost Customers
12485,Lost Customers,528,1,708.1,708.1,528,,,,Lapsed,[Lapsed] Last Chance: Final win-back email + maximum discount,Lost Customers
14398,Lost Customers,400,2,707.79,353.895,527,126.0,,,Lapsed,[Lapsed] Last Chance: Final win-back email + maximum discount,Lost Customers
16449,Lost Customers,197,2,707.69,353.845,280,82.0,,,Lapsed,[Lapsed] Last Chance: Final win-back email + maximum discount,Lost Customers
13626,Lost Customers,252,2,707.04,353.52,378,126.0,,,Lapsed,[Lapsed] Last Chance: Final win-back email + maximum discount,Lost Customers
14699,At Risk,213,4,702.6,175.65,525,103.33333333333333,,,Lapsed,[Lapsed] Recovery: Time-limited 30% win-back discount + feedback survey,At Risk
16997,At Risk,287,3,702.0,234.0,325,18.5,,,Lapsed,[Lapsed] Recovery: Time-limited 30% win-back discount + feedback survey,At Risk
14324,Lost Customers,409,2,701.61,350.805,692,283.0,,,Lapsed,[Lapsed] Last Chance: Final win-back email + maximum discount,Lost Customers
13833,Lost Customers,158,2,701.36,350.68,403,244.0,,,Lapsed,[Lapsed] Last Chance: Final win-back email + maximum discount,Lost Customers
14497,Lost Customers,308,2,697.06,348.53,673,364.0,,,Lapsed,[Lapsed] Last Chance: Final win-back email + maximum discount,Lost Customers
15700,Lost Customers,171,2,696.68,348.34,172,1.0,,,Lapsed,[Lapsed] Last Chance: Final win-back email + maximum discount,Lost Customers
15995,Lost Customers,413,1,696.19,696.19,413,,,,Lapsed,[Lapsed] Last Chance: Final win-back email + maximum discount,Lost Customers
16704,Lost Customers,617,2,695.66,347.83,671,53.0,,,Lapsed,[Lapsed] Last Chance: Final win-back email + maximum discount,Lost Customers
13101,At Risk,233,4,695.4,173.85,680,148.33333333333334,,,Lapsed,[Lapsed] Recovery: Time-limited 30% win-back discount + feedback survey,At Risk
12817,At Risk,280,3,690.98,230.32666666666668,434,76.0,,,Lapsed,[Lapsed] Recovery: Time-limited 30% win-back discount + feedback survey,At Risk
16658,At Risk,367,6,690.83,115.13833333333334,618,49.8,,,Lapsed,[Lapsed] Recovery: Time-limited 30% win-back discount + feedback survey,At Risk
16545,Lost Customers,164,2,689.8199999999999,344.90999999999997,375,210.0,,,Lapsed,[Lapsed] Last Chance: Final win-back email + maximum discount,Lost Customers
15361,At Risk,361,4,689.07,172.2675,542,60.0,,,Lapsed,[Lapsed] Recovery: Time-limited 30% win-back discount + feedback survey,At Risk
12837,Lost Customers,172,2,688.41,344.205,568,396.0,,,Lapsed,[Lapsed] Last Chance: Final win-back email + maximum discount,Lost Customers
12450,At Risk,155,5,688.2,137.64000000000001,473,79.0,,,Lapsed,[Lapsed] Recovery: Time-limited 30% win-back discount + feedback survey,At Risk
17962,At Risk,141,4,687.42,171.855,694,184.0,,,Lapsed,[Lapsed] Recovery: Time-limited 30% win-back discount + feedback survey,At Risk
14809,Lost Customers,620,2,686.76,343.38,620,0.0,,,Lapsed,[Lapsed] Last Chance: Final win-back email + maximum discount,Lost Customers
13898,Lost Customers,325,2,686.4000000000001,343.20000000000005,410,85.0,,,Lapsed,[Lapsed] Last Chance: Final win-back email + maximum discount,Lost Customers
17935,At Risk,137,7,686.14,98.02,734,99.0,,,Lapsed,[Lapsed] Recovery: Time-limited 30% win-back discount + feedback survey,At Risk
15257,Lost Customers,282,2,685.9,342.95,413,130.0,,,Lapsed,[Lapsed] Last Chance: Final win-back email + maximum discount,Lost Customers
15219,Lost Customers,175,2,685.45,342.725,648,472.0,,,Lapsed,[Lapsed] Last Chance: Final win-back email + maximum discount,Lost Customers
13585,Lost Customers,530,3,684.54,228.17999999999998,737,103.5,,,Lapsed,[Lapsed] Last Chance: Final win-back email + maximum discount,Lost Customers
15207,Lost Customers,415,3,683.92,227.97333333333333,546,65.0,,,Lapsed,[Lapsed] Last Chance: Final win-back email + maximum discount,Lost Customers
17874,At Risk,184,6,683.46,113.91000000000001,255,13.8,,,Lapsed,[Lapsed] Recovery: Time-limited 30% win-back discount + feedback survey,At Risk
14222,Lost Customers,176,1,683.17,683.17,176,,,,Lapsed,[Lapsed] Last Chance: Final win-back email + maximum discount,Lost Customers
13987,Lost Customers,379,2,682.54,341.27,400,21.0,,,Lapsed,[Lapsed] Last Chance: Final win-back email + maximum discount,Lost Customers
12601,At Risk,189,6,681.26,113.54333333333334,404,42.4,,,Lapsed,[Lapsed] Recovery: Time-limited 30% win-back discount + feedback survey,At Risk
18271,Lost Customers,609,2,680.85,340.425,731,121.0,,,Lapsed,[Lapsed] Last Chance: Final win-back email + maximum discount,Lost Customers
15973,Lost Customers,366,3,680.6200000000001,226.87333333333336,428,31.0,,,Lapsed,[Lapsed] Last Chance: Final win-back email + maximum discount,Lost Customers
13809,At Risk,304,3,679.7,226.5666666666667,460,77.0,,,Lapsed,[Lapsed] Recovery: Time-limited 30% win-back discount + feedback survey,At Risk
14151,Lost Customers,672,2,679.45,339.725,716,43.0,,,Lapsed,[Lapsed] Last Chance: Final win-back email + maximum discount,Lost Customers
14563,Lost Customers,509,2,679.4399999999999,339.71999999999997,591,82.0,,,Lapsed,[Lapsed] Last Chance: Final win-back email + maximum discount,Lost Customers
17782,Lost Customers,382,2,679.02,339.51,382,0.0,,,Lapsed,[Lapsed] Last Chance: Final win-back email + maximum discount,Lost Customers
16646,Lost Customers,448,1,678.8,678.8,448,,,,Lapsed,[Lapsed] Last Chance: Final win-back email + maximum discount,Lost Customers
14182,At Risk,443,4,678.77,169.6925,595,50.666666666666664,,,Lapsed,[Lapsed] Recovery: Time-limited 30% win-back discount + feedback survey,At Risk
15363,Lost Customers,372,2,678.11,339.055,492,120.0,,,Lapsed,[Lapsed] Last Chance: Final win-back email + maximum discount,Lost Customers
13951,At Risk,175,3,674.45,224.8166666666667,293,58.5,,,Lapsed,[Lapsed] Recovery: Time-limited 30% win-back discount + feedback survey,At Risk
15562,Lost Customers,351,3,673.3800000000001,224.46000000000004,725,186.5,,,Lapsed,[Lapsed] Last Chance: Final win-back email + maximum discount,Lost Customers
18121,Lost Customers,148,2,673.1,336.55,154,5.0,,,Lapsed,[Lapsed] Last Chance: Final win-back email + maximum discount,Lost Customers
16226,At Risk,202,5,672.1700000000001,134.43400000000003,413,52.0,,,Lapsed,[Lapsed] Recovery: Time-limited 30% win-back discount + feedback survey,At Risk
14142,Lost Customers,372,2,671.34,335.67,645,273.0,,,Lapsed,[Lapsed] Last Chance: Final win-back email + maximum discount,Lost Customers
17709,At Risk,169,5,671.01,134.202,602,107.75,,,Lapsed,[Lapsed] Recovery: Time-limited 30% win-back discount + feedback survey,At Risk
13398,Lost Customers,191,2,670.34,335.17,448,256.0,,,Lapsed,[Lapsed] Last Chance: Final win-back email + maximum discount,Lost Customers
14932,Lost Customers,365,2,666.13,333.065,385,20.0,,,Lapsed,[Lapsed] Last Chance: Final win-back email + maximum discount,Lost Customers
17105,Lost Customers,158,2,665.78,332.89,305,147.0,,,Lapsed,[Lapsed] Last Chance: Final win-back email + maximum discount,Lost Customers
16132,Lost Customers,543,2,664.2,332.1,627,83.0,,,Lapsed,[Lapsed] Last Chance: Final win-back email + maximum discount,Lost Customers
15643,At Risk,191,3,664.0,221.33333333333334,281,45.0,,,Lapsed,[Lapsed] Recovery: Time-limited 30% win-back discount + feedback survey,At Risk
13474,At Risk,235,3,663.79,221.26333333333332,494,129.0,,,Lapsed,[Lapsed] Recovery: Time-limited 30% win-back discount + feedback survey,At Risk
16679,Lost Customers,365,3,663.31,221.10333333333332,546,90.0,,,Lapsed,[Lapsed] Last Chance: Final win-back email + maximum discount,Lost Customers
13864,Lost Customers,386,1,662.4000000000001,662.4000000000001,386,,,,Lapsed,[Lapsed] Last Chance: Final win-back email + maximum discount,Lost Customers
16862,At Risk,546,4,662.33,165.5825,700,50.666666666666664,,,Lapsed,[Lapsed] Recovery: Time-limited 30% win-back discount + feedback survey,At Risk
14425,Lost Customers,434,3,661.39,220.46333333333334,737,151.0,,,Lapsed,[Lapsed] Last Chance: Final win-back email + maximum discount,Lost Customers
13820,Lost Customers,417,3,660.6500000000001,220.2166666666667,680,130.5,,,Lapsed,[Lapsed] Last Chance: Final win-back email + maximum discount,Lost Customers
17375,At Risk,198,4,660.55,165.1375,431,77.0,,,Lapsed,[Lapsed] Recovery: Time-limited 30% win-back discount + feedback survey,At Risk
16428,Lost Customers,413,3,660.28,220.09333333333333,497,42.0,,,Lapsed,[Lapsed] Last Chance: Final win-back email + maximum discount,Lost Customers
14603,Lost Customers,274,1,660.0,660.0,274,,,,Lapsed,[Lapsed] Last Chance: Final win-back email + maximum discount,Lost Customers
15405,Lost Customers,188,2,659.84,329.92,575,386.0,,,Lapsed,[Lapsed] Last Chance: Final win-back email + maximum discount,Lost Customers
13622,Lost Customers,695,1,658.95,658.95,695,,,,Lapsed,[Lapsed] Last Chance: Final win-back email + maximum discount,Lost Customers
13433,At Risk,500,4,658.3199999999999,164.57999999999998,696,64.66666666666667,,,Lapsed,[Lapsed] Recovery: Time-limited 30% win-back discount + feedback survey,At Risk
15715,At Risk,555,5,658.02,131.60399999999998,619,15.75,,,Lapsed,[Lapsed] Recovery: Time-limited 30% win-back discount + feedback survey,At Risk
15648,Lost Customers,203,2,657.35,328.675,266,62.0,,,Lapsed,[Lapsed] Last Chance: Final win-back email + maximum discount,Lost Customers
14558,Lost Customers,653,3,655.5,218.5,731,38.0,,,Lapsed,[Lapsed] Last Chance: Final win-back email + maximum discount,Lost Customers
16117,At Risk,189,3,654.4,218.13333333333333,591,200.5,,,Lapsed,[Lapsed] Recovery: Time-limited 30% win-back discount + feedback survey,At Risk
17963,At Risk,470,4,651.51,162.8775,688,72.0,,,Lapsed,[Lapsed] Recovery: Time-limited 30% win-back discount + feedback survey,At Risk
13840,Lost Customers,415,1,651.4,651.4,415,,,,Lapsed,[Lapsed] Last Chance: Final win-back email + maximum discount,Lost Customers
15945,At Risk,364,4,646.27,161.5675,737,124.0,,,Lapsed,[Lapsed] Recovery: Time-limited 30% win-back discount + feedback survey,At Risk
17380,Lost Customers,433,3,645.0,215.0,534,49.5,,,Lapsed,[Lapsed] Last Chance: Final win-back email + maximum discount,Lost Customers
17312,At Risk,138,3,644.3,214.76666666666665,158,10.0,,,Lapsed,[Lapsed] Recovery: Time-limited 30% win-back discount + feedback survey,At Risk
13237,Lost Customers,387,1,643.0,643.0,387,,,,Lapsed,[Lapsed] Last Chance: Final win-back email + maximum discount,Lost Customers
16431,At Risk,212,3,642.81,214.26999999999998,296,42.0,,,Lapsed,[Lapsed] Recovery: Time-limited 30% win-back discount + feedback survey,At Risk
12365,Lost Customers,290,2,641.38,320.69,290,0.0,,,Lapsed,[Lapsed] Last Chance: Final win-back email + maximum discount,Lost Customers
12880,Lost Customers,381,2,640.13,320.065,574,192.0,,,Lapsed,[Lapsed] Last Chance: Final win-back email + maximum discount,Lost Customers
15183,Lost Customers,547,3,639.9300000000001,213.31000000000003,584,18.0,,,Lapsed,[Lapsed] Last Chance: Final win-back email + maximum discount,Lost Customers
12734,Lost Customers,352,3,639.6500000000001,213.2166666666667,391,19.5,,,Lapsed,[Lapsed] Last Chance: Final win-back email + maximum discount,Lost Customers
17998,Lost Customers,379,3,639.24,213.08,737,178.5,,,Lapsed,[Lapsed] Last Chance: Final win-back email + maximum discount,Lost Customers
12699,Lost Customers,417,1,638.11,638.11,417,,,,Lapsed,[Lapsed] Last Chance: Final win-back email + maximum discount,Lost Customers
17691,At Risk,357,4,637.55,159.3875,546,62.333333333333336,,,Lapsed,[Lapsed] Recovery: Time-limited 30% win-back discount + feedback survey,At Risk
16534,Lost Customers,641,1,635.9,635.9,641,,,,Lapsed,[Lapsed] Last Chance: Final win-back email + maximum discount,Lost Customers
17334,Lost Customers,301,3,635.1500000000001,211.7166666666667,406,51.5,,,Lapsed,[Lapsed] Last Chance: Final win-back email + maximum discount,Lost Customers
14365,Lost Customers,394,2,634.6800000000001,317.34000000000003,681,287.0,,,Lapsed,[Lapsed] Last Chance: Final win-back email + maximum discount,Lost Customers
15666,Lost Customers,471,2,632.94,316.47,494,23.0,,,Lapsed,[Lapsed] Last Chance: Final win-back email + maximum discount,Lost Customers
13540,Lost Customers,466,3,632.39,210.79666666666665,655,94.0,,,Lapsed,[Lapsed] Last Chance: Final win-back email + maximum discount,Lost Customers
18183,Lost Customers,226,2,632.07,316.035,274,47.0,,,Lapsed,[Lapsed] Last Chance: Final win-back email + maximum discount,Lost Customers
13444,Lost Customers,373,2,631.68,315.84,505,131.0,,,Lapsed,[Lapsed] Last Chance: Final win-back email + maximum discount,Lost Customers
13706,Lost Customers,302,2,631.1700000000001,315.58500000000004,626,324.0,,,Lapsed,[Lapsed] Last Chance: Final win-back email + maximum discount,Lost Customers
16193,Lost Customers,236,2,630.4300000000001,315.21500000000003,410,174.0,,,Lapsed,[Lapsed] Last Chance: Final win-back email + maximum discount,Lost Customers
15016,At Risk,172,5,630.3,126.05999999999999,542,92.5,,,Lapsed,[Lapsed] Recovery: Time-limited 30% win-back discount + feedback survey,At Risk
14283,At Risk,462,4,628.44,157.11,569,35.333333333333336,,,Lapsed,[Lapsed] Recovery: Time-limited 30% win-back discount + feedback survey,At Risk
16158,At Risk,521,9,628.32,69.81333333333333,733,26.125,,,Lapsed,[Lapsed] Recovery: Time-limited 30% win-back discount + feedback survey,At Risk
16022,Lost Customers,259,1,628.28,628.28,259,,,,Lapsed,[Lapsed] Last Chance: Final win-back email + maximum discount,Lost Customers
14455,At Risk,431,4,628.21,157.0525,494,20.666666666666668,,,Lapsed,[Lapsed] Recovery: Time-limited 30% win-back discount + feedback survey,At Risk
13480,Lost Customers,416,2,627.8199999999999,313.90999999999997,679,262.0,,,Lapsed,[Lapsed] Last Chance: Final win-back email + maximum discount,Lost Customers
14036,Lost Customers,284,1,626.65,626.65,284,,,,Lapsed,[Lapsed] Last Chance: Final win-back email + maximum discount,Lost Customers
17392,Lost Customers,306,3,626.56,208.85333333333332,449,71.5,,,Lapsed,[Lapsed] Last Chance: Final win-back email + maximum discount,Lost Customers
14169,Lost Customers,430,2,624.4300000000001,312.21500000000003,443,13.0,,,Lapsed,[Lapsed] Last Chance: Final win-back email + maximum discount,Lost Customers
13776,Lost Customers,427,2,623.98,311.99,427,0.0,,,Lapsed,[Lapsed] Last Chance: Final win-back email + maximum discount,Lost Customers
15147,Lost Customers,239,1,623.5,623.5,239,,,,Lapsed,[Lapsed] Last Chance: Final win-back email + maximum discount,Lost Customers
16792,At Risk,281,5,623.4599999999999,124.69199999999998,703,105.25,,,Lapsed,[Lapsed] Recovery: Time-limited 30% win-back discount + feedback survey,At Risk
15258,Lost Customers,168,2,623.1600000000001,311.58000000000004,216,48.0,,,Lapsed,[Lapsed] Last Chance: Final win-back email + maximum discount,Lost Customers
16781,Lost Customers,371,2,623.0,311.5,668,297.0,,,Lapsed,[Lapsed] Last Chance: Final win-back email + maximum discount,Lost Customers
12575,Lost Customers,456,2,622.8199999999999,311.40999999999997,526,69.0,,,Lapsed,[Lapsed] Last Chance: Final win-back email + maximum discount,Lost Customers
14115,Lost Customers,501,2,622.67,311.335,666,165.0,,,Lapsed,[Lapsed] Last Chance: Final win-back email + maximum discount,Lost Customers
13836,Lost Customers,398,2,620.37,310.185,413,15.0,,,Lapsed,[Lapsed] Last Chance: Final win-back email + maximum discount,Lost Customers
14339,Lost Customers,242,2,620.27,310.135,428,186.0,,,Lapsed,[Lapsed] Last Chance: Final win-back email + maximum discount,Lost Customers
13020,Lost Customers,562,2,618.96,309.48,659,97.0,,,Lapsed,[Lapsed] Last Chance: Final win-back email + maximum discount,Lost Customers
13493,Lost Customers,274,2,618.63,309.315,286,11.0,,,Lapsed,[Lapsed] Last Chance: Final win-back email + maximum discount,Lost Customers
15956,Lost Customers,550,2,617.5999999999999,308.79999999999995,726,175.0,,,Lapsed,[Lapsed] Last Chance: Final win-back email + maximum discount,Lost Customers
14377,Lost Customers,190,2,617.05,308.525,261,70.0,,,Lapsed,[Lapsed] Last Chance: Final win-back email + maximum discount,Lost Customers
17639,At Risk,275,6,615.17,102.52833333333332,483,41.0,,,Lapsed,[Lapsed] Recovery: Time-limited 30% win-back discount + feedback survey,At Risk
16844,Lost Customers,562,2,614.34,307.17,582,20.0,,,Lapsed,[Lapsed] Last Chance: Final win-back email + maximum discount,Lost Customers
14570,Lost Customers,280,3,613.75,204.58333333333334,442,81.0,,,Lapsed,[Lapsed] Last Chance: Final win-back email + maximum discount,Lost Customers
17035,At Risk,245,4,613.59,153.3975,736,163.0,,,Lapsed,[Lapsed] Recovery: Time-limited 30% win-back discount + feedback survey,At Risk
15362,Lost Customers,448,2,613.0799999999999,306.53999999999996,738,290.0,,,Lapsed,[Lapsed] Last Chance: Final win-back email + maximum discount,Lost Customers
12855,At Risk,372,4,612.84,153.21,401,9.333333333333334,,,Lapsed,[Lapsed] Recovery: Time-limited 30% win-back discount + feedback survey,At Risk
16116,Lost Customers,211,1,612.78,612.78,211,,,,Lapsed,[Lapsed] Last Chance: Final win-back email + maximum discount,Lost Customers
16178,Lost Customers,137,2,612.6,306.3,400,263.0,,,Lapsed,[Lapsed] Last Chance: Final win-back email + maximum discount,Lost Customers
13008,Lost Customers,322,3,612.13,204.04333333333332,722,199.5,,,Lapsed,[Lapsed] Last Chance: Final win-back email + maximum discount,Lost Customers
17209,Lost Customers,648,3,611.6,203.86666666666667,736,43.5,,,Lapsed,[Lapsed] Last Chance: Final win-back email + maximum discount,Lost Customers
16922,Lost Customers,572,1,611.08,611.08,572,,,,Lapsed,[Lapsed] Last Chance: Final win-back email + maximum discount,Lost Customers
17968,At Risk,373,4,610.69,152.6725,511,46.0,,,Lapsed,[Lapsed] Recovery: Time-limited 30% win-back discount + feedback survey,At Risk
13731,Lost Customers,218,2,610.59,305.295,246,27.0,,,Lapsed,[Lapsed] Last Chance: Final win-back email + maximum discount,Lost Customers
17325,Lost Customers,279,3,609.5699999999999,203.18999999999997,641,180.0,,,Lapsed,[Lapsed] Last Chance: Final win-back email + maximum discount,Lost Customers
17707,At Risk,184,8,609.3000000000001,76.16250000000001,732,77.71428571428571,,,Lapsed,[Lapsed] Recovery: Time-limited 30% win-back discount + feedback survey,At Risk
16675,Lost Customers,441,2,608.86,304.43,477,36.0,,,Lapsed,[Lapsed] Last Chance: Final win-back email + maximum discount,Lost Customers
17473,Lost Customers,408,2,607.0,303.5,455,47.0,,,Lapsed,[Lapsed] Last Chance: Final win-back email + maximum discount,Lost Customers
15717,At Risk,233,5,607.0,121.4,592,89.0,,,Lapsed,[Lapsed] Recovery: Time-limited 30% win-back discount + feedback survey,At Risk
16590,Lost Customers,400,2,605.9,302.95,414,13.0,,,Lapsed,[Lapsed] Last Chance: Final win-back email + maximum discount,Lost Customers
17507,Lost Customers,261,2,605.5799999999999,302.78999999999996,308,47.0,,,Lapsed,[Lapsed] Last Chance: Final win-back email + maximum discount,Lost Customers
17270,Lost Customers,468,2,604.4,302.2,731,262.0,,,Lapsed,[Lapsed] Last Chance: Final win-back email + maximum discount,Lost Customers
14611,Lost Customers,443,2,604.3299999999999,302.16499999999996,598,154.0,,,Lapsed,[Lapsed] Last Chance: Final win-back email + maximum discount,Lost Customers
14417,Lost Customers,387,1,604.2,604.2,387,,,,Lapsed,[Lapsed] Last Chance: Final win-back email + maximum discount,Lost Customers
12707,Lost Customers,291,1,603.42,603.42,291,,,,Lapsed,[Lapsed] Last Chance: Final win-back email + maximum discount,Lost Customers
18264,Lost Customers,498,1,603.25,603.25,498,,,,Lapsed,[Lapsed] Last Chance: Final win-back email + maximum discount,Lost Customers
17890,Lost Customers,322,2,602.0899999999999,301.04499999999996,360,38.0,,,Lapsed,[Lapsed] Last Chance: Final win-back email + maximum discount,Lost Customers
14670,Lost Customers,279,3,602.0,200.66666666666666,731,225.5,,,Lapsed,[Lapsed] Last Chance: Final win-back email + maximum discount,Lost Customers
14254,Lost Customers,432,1,601.03,601.03,432,,,,Lapsed,[Lapsed] Last Chance: Final win-back email + maximum discount,Lost Customers
17745,Lost Customers,477,2,600.34,300.17,555,78.0,,,Lapsed,[Lapsed] Last Chance: Final win-back email + maximum discount,Lost Customers
17678,Lost Customers,263,2,599.76,299.88,602,339.0,,,Lapsed,[Lapsed] Last Chance: Final win-back email + maximum discount,Lost Customers
12521,Lost Customers,142,1,599.68,599.68,142,,,,Lapsed,[Lapsed] Last Chance: Final win-back email + maximum discount,Lost Customers
17845,At Risk,554,4,598.19,149.5475,575,7.0,,,Lapsed,[Lapsed] Recovery: Time-limited 30% win-back discount + feedback survey,At Risk
15424,Lost Customers,253,3,597.78,199.26,462,104.0,,,Lapsed,[Lapsed] Last Chance: Final win-back email + maximum discount,Lost Customers
14170,Lost Customers,374,3,597.33,199.11,394,9.0,,,Lapsed,[Lapsed] Last Chance: Final win-back email + maximum discount,Lost Customers
13684,At Risk,285,4,596.98,149.245,620,111.0,,,Lapsed,[Lapsed] Recovery: Time-limited 30% win-back discount + feedback survey,At Risk
15631,Lost Customers,641,1,596.67,596.67,641,,,,Lapsed,[Lapsed] Last Chance: Final win-back email + maximum discount,Lost Customers
15346,Lost Customers,332,3,596.12,198.70666666666668,430,48.5,,,Lapsed,[Lapsed] Last Chance: Final win-back email + maximum discount,Lost Customers
14771,Lost Customers,620,2,594.62,297.31,736,115.0,,,Lapsed,[Lapsed] Last Chance: Final win-back email + maximum discount,Lost Customers
15929,Lost Customers,643,1,594.0,594.0,643,,,,Lapsed,[Lapsed] Last Chance: Final win-back email + maximum discount,Lost Customers
15442,Lost Customers,248,1,594.0,594.0,248,,,,Lapsed,[Lapsed] Last Chance: Final win-back email + maximum discount,Lost Customers
14729,Lost Customers,373,3,593.8900000000001,197.96333333333337,624,125.5,,,Lapsed,[Lapsed] Last Chance: Final win-back email + maximum discount,Lost Customers
14746,At Risk,405,4,593.5,148.375,423,5.666666666666667,,,Lapsed,[Lapsed] Recovery: Time-limited 30% win-back discount + feedback survey,At Risk
13472,Lost Customers,463,2,592.24,296.12,555,91.0,,,Lapsed,[Lapsed] Last Chance: Final win-back email + maximum discount,Lost Customers
17815,Lost Customers,392,1,591.96,591.96,392,,,,Lapsed,[Lapsed] Last Chance: Final win-back email + maximum discount,Lost Customers
17156,Lost Customers,491,1,591.87,591.87,491,,,,Lapsed,[Lapsed] Last Chance: Final win-back email + maximum discount,Lost Customers
12790,Lost Customers,191,2,591.85,295.925,409,218.0,,,Lapsed,[Lapsed] Last Chance: Final win-back email + maximum discount,Lost Customers
17098,Lost Customers,381,3,591.07,197.02333333333334,540,79.5,,,Lapsed,[Lapsed] Last Chance: Final win-back email + maximum discount,Lost Customers
13270,Lost Customers,365,1,590.0,590.0,365,,,,Lapsed,[Lapsed] Last Chance: Final win-back email + maximum discount,Lost Customers
15160,At Risk,356,4,589.27,147.3175,420,20.666666666666668,,,Lapsed,[Lapsed] Recovery: Time-limited 30% win-back discount + feedback survey,At Risk
15191,Lost Customers,462,3,588.05,196.01666666666665,688,112.5,,,Lapsed,[Lapsed] Last Chance: Final win-back email + maximum discount,Lost Customers
17773,Lost Customers,513,2,585.27,292.635,689,175.0,,,Lapsed,[Lapsed] Last Chance: Final win-back email + maximum discount,Lost Customers
12800,Lost Customers,469,3,584.25,194.75,676,103.0,,,Lapsed,[Lapsed] Last Chance: Final win-back email + maximum discount,Lost Customers
16001,Lost Customers,380,1,583.39,583.39,380,,,,Lapsed,[Lapsed] Last Chance: Final win-back email + maximum discount,Lost Customers
15918,At Risk,190,3,582.88,194.29333333333332,631,220.0,,,Lapsed,[Lapsed] Recovery: Time-limited 30% win-back discount + feedback survey,At Risk
16100,Lost Customers,462,1,582.64,582.64,462,,,,Lapsed,[Lapsed] Last Chance: Final win-back email + maximum discount,Lost Customers
16802,Lost Customers,678,2,582.61,291.305,729,51.0,,,Lapsed,[Lapsed] Last Chance: Final win-back email + maximum discount,Lost Customers
17970,Lost Customers,210,1,582.59,582.59,210,,,,Lapsed,[Lapsed] Last Chance: Final win-back email + maximum discount,Lost Customers
17099,Lost Customers,532,1,582.17,582.17,532,,,,Lapsed,[Lapsed] Last Chance: Final win-back email + maximum discount,Lost Customers
17223,Lost Customers,309,3,580.69,193.56333333333336,374,32.0,,,Lapsed,[Lapsed] Last Chance: Final win-back email + maximum discount,Lost Customers
14742,Lost Customers,434,1,579.85,579.85,434,,,,Lapsed,[Lapsed] Last Chance: Final win-back email + maximum discount,Lost Customers
15588,Lost Customers,677,1,579.6,579.6,677,,,,Lapsed,[Lapsed] Last Chance: Final win-back email + maximum discount,Lost Customers
15959,Lost Customers,681,3,579.49,193.16333333333333,681,0.0,,,Lapsed,[Lapsed] Last Chance: Final win-back email + maximum discount,Lost Customers
18039,At Risk,373,4,579.17,144.7925,640,88.33333333333333,,,Lapsed,[Lapsed] Recovery: Time-limited 30% win-back discount + feedback survey,At Risk
18262,At Risk,139,3,577.54,192.51333333333332,602,231.0,,,Lapsed,[Lapsed] Recovery: Time-limited 30% win-back discount + feedback survey,At Risk
12859,Lost Customers,458,1,575.1,575.1,458,,,,Lapsed,[Lapsed] Last Chance: Final win-back email + maximum discount,Lost Customers
13262,Lost Customers,262,3,573.45,191.15,600,168.5,,,Lapsed,[Lapsed] Last Chance: Final win-back email + maximum discount,Lost Customers
15415,Lost Customers,312,1,572.8100000000001,572.8100000000001,312,,,,Lapsed,[Lapsed] Last Chance: Final win-back email + maximum discount,Lost Customers
13424,Lost Customers,449,1,572.77,572.77,449,,,,Lapsed,[Lapsed] Last Chance: Final win-back email + maximum discount,Lost Customers
13179,Lost Customers,618,1,572.3100000000001,572.3100000000001,618,,,,Lapsed,[Lapsed] Last Chance: Final win-back email + maximum discount,Lost Customers
15920,At Risk,153,9,571.64,63.51555555555555,724,71.25,,,Lapsed,[Lapsed] Recovery: Time-limited 30% win-back discount + feedback survey,At Risk
15691,At Risk,251,4,571.3,142.825,732,160.0,,,Lapsed,[Lapsed] Recovery: Time-limited 30% win-back discount + feedback survey,At Risk
13190,Lost Customers,543,3,570.66,190.22,732,93.5,,,Lapsed,[Lapsed] Last Chance: Final win-back email + maximum discount,Lost Customers
15169,Lost Customers,381,2,569.22,284.61,726,344.0,,,Lapsed,[Lapsed] Last Chance: Final win-back email + maximum discount,Lost Customers
13406,Lost Customers,426,2,568.92,284.46,631,204.0,,,Lapsed,[Lapsed] Last Chance: Final win-back email + maximum discount,Lost Customers
18244,Lost Customers,430,2,568.6400000000001,284.32000000000005,502,72.0,,,Lapsed,[Lapsed] Last Chance: Final win-back email + maximum discount,Lost Customers
15627,Lost Customers,456,2,566.9000000000001,283.45000000000005,522,65.0,,,Lapsed,[Lapsed] Last Chance: Final win-back email + maximum discount,Lost Customers
14986,Lost Customers,375,2,566.9,283.45,683,307.0,,,Lapsed,[Lapsed] Last Chance: Final win-back email + maximum discount,Lost Customers
13998,Lost Customers,446,3,566.7,188.9,575,64.5,,,Lapsed,[Lapsed] Last Chance: Final win-back email + maximum discount,Lost Customers
16250,Lost Customers,260,3,565.24,188.41333333333333,386,62.0,,,Lapsed,[Lapsed] Last Chance: Final win-back email + maximum discount,Lost Customers
15143,Lost Customers,225,2,563.63,281.815,431,206.0,,,Lapsed,[Lapsed] Last Chance: Final win-back email + maximum discount,Lost Customers
17665,Lost Customers,492,1,563.1,563.1,492,,,,Lapsed,[Lapsed] Last Chance: Final win-back email + maximum discount,Lost Customers
17195,Lost Customers,654,1,562.98,562.98,654,,,,Lapsed,[Lapsed] Last Chance: Final win-back email + maximum discount,Lost Customers
17265,Lost Customers,138,2,562.9000000000001,281.45000000000005,180,41.0,,,Lapsed,[Lapsed] Last Chance: Final win-back email + maximum discount,Lost Customers
16111,Lost Customers,427,1,562.48,562.48,427,,,,Lapsed,[Lapsed] Last Chance: Final win-back email + maximum discount,Lost Customers
12559,Lost Customers,310,2,561.71,280.855,319,8.0,,,Lapsed,[Lapsed] Last Chance: Final win-back email + maximum discount,Lost Customers
15655,Lost Customers,242,1,560.6700000000001,560.6700000000001,242,,,,Lapsed,[Lapsed] Last Chance: Final win-back email + maximum discount,Lost Customers
15917,At Risk,247,5,560.63,112.126,736,122.0,,,Lapsed,[Lapsed] Recovery: Time-limited 30% win-back discount + feedback survey,At Risk
17413,Lost Customers,404,2,560.14,280.07,569,165.0,,,Lapsed,[Lapsed] Last Chance: Final win-back email + maximum discount,Lost Customers
15055,Lost Customers,474,3,560.07,186.69000000000003,722,123.5,,,Lapsed,[Lapsed] Last Chance: Final win-back email + maximum discount,Lost Customers
18049,Lost Customers,436,2,556.52,278.26,589,153.0,,,Lapsed,[Lapsed] Last Chance: Final win-back email + maximum discount,Lost Customers
13677,Lost Customers,404,2,556.19,278.095,519,115.0,,,Lapsed,[Lapsed] Last Chance: Final win-back email + maximum discount,Lost Customers
13024,Lost Customers,470,2,555.87,277.935,581,111.0,,,Lapsed,[Lapsed] Last Chance: Final win-back email + maximum discount,Lost Customers
15102,Lost Customers,530,2,554.67,277.335,546,16.0,,,Lapsed,[Lapsed] Last Chance: Final win-back email + maximum discount,Lost Customers
18056,Lost Customers,287,2,554.5999999999999,277.29999999999995,618,330.0,,,Lapsed,[Lapsed] Last Chance: Final win-back email + maximum discount,Lost Customers
15650,Lost Customers,521,2,553.88,276.94,628,106.0,,,Lapsed,[Lapsed] Last Chance: Final win-back email + maximum discount,Lost Customers
17407,Lost Customers,411,1,552.9,552.9,411,,,,Lapsed,[Lapsed] Last Chance: Final win-back email + maximum discount,Lost Customers
17016,Lost Customers,576,1,552.4,552.4,576,,,,Lapsed,[Lapsed] Last Chance: Final win-back email + maximum discount,Lost Customers
12797,Lost Customers,365,2,552.08,276.04,423,58.0,,,Lapsed,[Lapsed] Last Chance: Final win-back email + maximum discount,Lost Customers
16707,At Risk,399,4,551.11,137.7775,639,79.33333333333333,,,Lapsed,[Lapsed] Recovery: Time-limited 30% win-back discount + feedback survey,At Risk
18098,Lost Customers,395,1,550.84,550.84,395,,,,Lapsed,[Lapsed] Last Chance: Final win-back email + maximum discount,Lost Customers
17291,Lost Customers,307,1,550.8000000000001,550.8000000000001,307,,,,Lapsed,[Lapsed] Last Chance: Final win-back email + maximum discount,Lost Customers
15200,Lost Customers,494,1,549.0500000000001,549.0500000000001,494,,,,Lapsed,[Lapsed] Last Chance: Final win-back email + maximum discount,Lost Customers
15842,Lost Customers,392,2,548.8,274.4,527,134.0,,,Lapsed,[Lapsed] Last Chance: Final win-back email + maximum discount,Lost Customers
13948,At Risk,360,4,548.76,137.19,735,124.66666666666667,,,Lapsed,[Lapsed] Recovery: Time-limited 30% win-back discount + feedback survey,At Risk
15350,Lost Customers,372,2,547.6,273.8,382,9.0,,,Lapsed,[Lapsed] Last Chance: Final win-back email + maximum discount,Lost Customers
18212,Lost Customers,325,2,546.72,273.36,676,351.0,,,Lapsed,[Lapsed] Last Chance: Final win-back email + maximum discount,Lost Customers
15080,Lost Customers,427,2,546.25,273.125,501,74.0,,,Lapsed,[Lapsed] Last Chance: Final win-back email + maximum discount,Lost Customers
17580,At Risk,252,5,545.27,109.054,421,41.75,,,Lapsed,[Lapsed] Recovery: Time-limited 30% win-back discount + feedback survey,At Risk
13955,At Risk,153,3,545.17,181.72333333333333,374,110.0,,,Lapsed,[Lapsed] Recovery: Time-limited 30% win-back discount + feedback survey,At Risk
15728,Lost Customers,379,2,544.6,272.3,443,64.0,,,Lapsed,[Lapsed] Last Chance: Final win-back email + maximum discount,Lost Customers
18207,Lost Customers,498,1,544.47,544.47,498,,,,Lapsed,[Lapsed] Last Chance: Final win-back email + maximum discount,Lost Customers
13785,At Risk,428,4,542.49,135.6225,459,10.0,,,Lapsed,[Lapsed] Recovery: Time-limited 30% win-back discount + feedback survey,At Risk
16230,Lost Customers,189,2,542.03,271.015,219,30.0,,,Lapsed,[Lapsed] Last Chance: Final win-back email + maximum discount,Lost Customers
16060,Lost Customers,400,3,541.95,180.65,493,46.5,,,Lapsed,[Lapsed] Last Chance: Final win-back email + maximum discount,Lost Customers
16647,At Risk,169,4,541.9,135.475,543,124.33333333333333,,,Lapsed,[Lapsed] Recovery: Time-limited 30% win-back discount + feedback survey,At Risk
16576,Lost Customers,419,2,540.87,270.435,521,101.0,,,Lapsed,[Lapsed] Last Chance: Final win-back email + maximum discount,Lost Customers
12819,Lost Customers,457,1,540.52,540.52,457,,,,Lapsed,[Lapsed] Last Chance: Final win-back email + maximum discount,Lost Customers
12958,Lost Customers,399,2,539.49,269.745,582,182.0,,,Lapsed,[Lapsed] Last Chance: Final win-back email + maximum discount,Lost Customers
17524,Lost Customers,360,3,539.14,179.71333333333334,437,38.0,,,Lapsed,[Lapsed] Last Chance: Final win-back email + maximum discount,Lost Customers
13961,Lost Customers,391,1,538.4,538.4,391,,,,Lapsed,[Lapsed] Last Chance: Final win-back email + maximum discount,Lost Customers
17269,Lost Customers,385,1,537.46,537.46,385,,,,Lapsed,[Lapsed] Last Chance: Final win-back email + maximum discount,Lost Customers
18140,Lost Customers,473,1,536.41,536.41,473,,,,Lapsed,[Lapsed] Last Chance: Final win-back email + maximum discount,Lost Customers
15890,At Risk,394,5,535.65,107.13,604,52.25,,,Lapsed,[Lapsed] Recovery: Time-limited 30% win-back discount + feedback survey,At Risk
16142,Lost Customers,249,1,535.34,535.34,249,,,,Lapsed,[Lapsed] Last Chance: Final win-back email + maximum discount,Lost Customers
12988,Lost Customers,291,1,535.32,535.32,291,,,,Lapsed,[Lapsed] Last Chance: Final win-back email + maximum discount,Lost Customers
16935,Lost Customers,381,3,535.1,178.36666666666667,420,19.0,,,Lapsed,[Lapsed] Last Chance: Final win-back email + maximum discount,Lost Customers
12810,Lost Customers,534,2,534.99,267.495,676,142.0,,,Lapsed,[Lapsed] Last Chance: Final win-back email + maximum discount,Lost Customers
13385,Lost Customers,329,1,534.57,534.57,329,,,,Lapsed,[Lapsed] Last Chance: Final win-back email + maximum discount,Lost Customers
17443,Lost Customers,219,1,534.24,534.24,219,,,,Lapsed,[Lapsed] Last Chance: Final win-back email + maximum discount,Lost Customers
16785,Lost Customers,409,1,533.78,533.78,409,,,,Lapsed,[Lapsed] Last Chance: Final win-back email + maximum discount,Lost Customers
15433,Lost Customers,213,2,533.3,266.65,266,53.0,,,Lapsed,[Lapsed] Last Chance: Final win-back email + maximum discount,Lost Customers
15825,Lost Customers,171,1,532.94,532.94,171,,,,Lapsed,[Lapsed] Last Chance: Final win-back email + maximum discount,Lost Customers
16021,Lost Customers,394,2,532.25,266.125,544,149.0,,,Lapsed,[Lapsed] Last Chance: Final win-back email + maximum discount,Lost Customers
14940,Lost Customers,417,2,531.49,265.745,732,315.0,,,Lapsed,[Lapsed] Last Chance: Final win-back email + maximum discount,Lost Customers
17765,At Risk,158,4,530.8,132.7,448,96.33333333333333,,,Lapsed,[Lapsed] Recovery: Time-limited 30% win-back discount + feedback survey,At Risk
18159,Lost Customers,300,1,530.15,530.15,300,,,,Lapsed,[Lapsed] Last Chance: Final win-back email + maximum discount,Lost Customers
18191,Lost Customers,261,2,529.4000000000001,264.70000000000005,476,215.0,,,Lapsed,[Lapsed] Last Chance: Final win-back email + maximum discount,Lost Customers
14616,At Risk,242,5,527.78,105.556,548,75.75,,,Lapsed,[Lapsed] Recovery: Time-limited 30% win-back discount + feedback survey,At Risk
16421,Lost Customers,375,3,526.27,175.42333333333332,469,46.0,,,Lapsed,[Lapsed] Last Chance: Final win-back email + maximum discount,Lost Customers
15891,Lost Customers,226,1,524.52,524.52,226,,,,Lapsed,[Lapsed] Last Chance: Final win-back email + maximum discount,Lost Customers
13605,Lost Customers,386,2,522.6700000000001,261.33500000000004,570,184.0,,,Lapsed,[Lapsed] Last Chance: Final win-back email + maximum discount,Lost Customers
12956,At Risk,305,4,521.89,130.4725,723,138.66666666666666,,,Lapsed,[Lapsed] Recovery: Time-limited 30% win-back discount + feedback survey,At Risk
14647,Lost Customers,200,2,519.97,259.985,522,322.0,,,Lapsed,[Lapsed] Last Chance: Final win-back email + maximum discount,Lost Customers
13977,Lost Customers,410,1,519.8100000000001,519.8100000000001,410,,,,Lapsed,[Lapsed] Last Chance: Final win-back email + maximum discount,Lost Customers
12777,Lost Customers,457,1,519.45,519.45,457,,,,Lapsed,[Lapsed] Last Chance: Final win-back email + maximum discount,Lost Customers
14807,Lost Customers,390,2,519.29,259.645,649,259.0,,,Lapsed,[Lapsed] Last Chance: Final win-back email + maximum discount,Lost Customers
12825,Lost Customers,520,2,518.63,259.315,641,120.0,,,Lapsed,[Lapsed] Last Chance: Final win-back email + maximum discount,Lost Customers
13600,Lost Customers,311,2,518.42,259.21,633,321.0,,,Lapsed,[Lapsed] Last Chance: Final win-back email + maximum discount,Lost Customers
13553,Lost Customers,674,1,517.8,517.8,674,,,,Lapsed,[Lapsed] Last Chance: Final win-back email + maximum discount,Lost Customers
12979,Lost Customers,728,1,517.7,517.7,728,,,,Lapsed,[Lapsed] Last Chance: Final win-back email + maximum discount,Lost Customers
12977,At Risk,155,4,517.63,129.4075,510,118.0,,,Lapsed,[Lapsed] Recovery: Time-limited 30% win-back discount + feedback survey,At Risk
14311,Lost Customers,242,2,516.45,258.225,567,324.0,,,Lapsed,[Lapsed] Last Chance: Final win-back email + maximum discount,Lost Customers
13043,Lost Customers,272,1,516.42,516.42,272,,,,Lapsed,[Lapsed] Last Chance: Final win-back email + maximum discount,Lost Customers
14429,Lost Customers,403,1,516.28,516.28,403,,,,Lapsed,[Lapsed] Last Chance: Final win-back email + maximum discount,Lost Customers
13859,Lost Customers,325,2,515.86,257.93,528,203.0,,,Lapsed,[Lapsed] Last Chance: Final win-back email + maximum discount,Lost Customers
18243,Lost Customers,413,1,515.78,515.78,413,,,,Lapsed,[Lapsed] Last Chance: Final win-back email + maximum discount,Lost Customers
14949,Lost Customers,468,4,515.0,128.75,720,83.33333333333333,,,Lapsed,[Lapsed] Last Chance: Final win-back email + maximum discount,Lost Customers
13642,At Risk,215,4,514.72,128.68,432,72.33333333333333,,,Lapsed,[Lapsed] Recovery: Time-limited 30% win-back discount + feedback survey,At Risk
12897,At Risk,204,4,514.25,128.5625,543,112.66666666666667,,,Lapsed,[Lapsed] Recovery: Time-limited 30% win-back discount + feedback survey,At Risk
14722,Lost Customers,146,3,513.37,171.12333333333333,485,169.5,,,Lapsed,[Lapsed] Last Chance: Final win-back email + maximum discount,Lost Customers
16829,Lost Customers,156,2,513.32,256.66,387,231.0,,,Lapsed,[Lapsed] Last Chance: Final win-back email + maximum discount,Lost Customers
14552,Lost Customers,151,3,511.28,170.42666666666665,591,220.0,,,Lapsed,[Lapsed] Last Chance: Final win-back email + maximum discount,Lost Customers
12361,At Risk,286,4,511.25,127.8125,681,131.0,,,Lapsed,[Lapsed] Recovery: Time-limited 30% win-back discount + feedback survey,At Risk
17110,Lost Customers,164,3,510.7,170.23333333333332,609,222.0,,,Lapsed,[Lapsed] Last Chance: Final win-back email + maximum discount,Lost Customers
13367,Lost Customers,431,1,510.2,510.2,431,,,,Lapsed,[Lapsed] Last Chance: Final win-back email + maximum discount,Lost Customers
14008,Lost Customers,431,1,509.04,509.04,431,,,,Lapsed,[Lapsed] Last Chance: Final win-back email + maximum discount,Lost Customers
12907,Lost Customers,395,2,508.90999999999997,254.45499999999998,493,98.0,,,Lapsed,[Lapsed] Last Chance: Final win-back email + maximum discount,Lost Customers
17391,Lost Customers,163,2,508.8,254.4,164,0.0,,,Lapsed,[Lapsed] Last Chance: Final win-back email + maximum discount,Lost Customers
17276,Lost Customers,401,1,508.39,508.39,401,,,,Lapsed,[Lapsed] Last Chance: Final win-back email + maximum discount,Lost Customers
17335,Lost Customers,383,2,508.0,254.0,684,300.0,,,Lapsed,[Lapsed] Last Chance: Final win-back email + maximum discount,Lost Customers
13885,Lost Customers,188,2,506.80000000000007,253.40000000000003,200,11.0,,,Lapsed,[Lapsed] Last Chance: Final win-back email + maximum discount,Lost Customers
13123,Lost Customers,472,2,506.75,253.375,529,56.0,,,Lapsed,[Lapsed] Last Chance: Final win-back email + maximum discount,Lost Customers
18203,At Risk,156,4,504.42,126.105,730,190.66666666666666,,,Lapsed,[Lapsed] Recovery: Time-limited 30% win-back discount + feedback survey,At Risk
17630,Lost Customers,169,2,503.6,251.8,231,62.0,,,Lapsed,[Lapsed] Last Chance: Final win-back email + maximum discount,Lost Customers
12376,Lost Customers,389,2,503.15,251.575,417,28.0,,,Lapsed,[Lapsed] Last Chance: Final win-back email + maximum discount,Lost Customers
12419,Lost Customers,385,2,503.01,251.505,413,27.0,,,Lapsed,[Lapsed] Last Chance: Final win-back email + maximum discount,Lost Customers
15138,Lost Customers,393,1,502.52,502.52,393,,,,Lapsed,[Lapsed] Last Chance: Final win-back email + maximum discount,Lost Customers
15881,At Risk,311,5,501.39000000000004,100.278,363,12.75,,,Lapsed,[Lapsed] Recovery: Time-limited 30% win-back discount + feedback survey,At Risk
13116,Lost Customers,137,1,501.14,501.14,137,,,,Lapsed,[Lapsed] Last Chance: Final win-back email + maximum discount,Lost Customers
12366,Lost Customers,633,1,500.24,500.24,633,,,,Lapsed,[Lapsed] Last Chance: Final win-back email + maximum discount,Lost Customers
17923,Lost Customers,281,3,497.0,165.66666666666666,543,130.5,,,Lapsed,[Lapsed] Last Chance: Final win-back email + maximum discount,Lost Customers
12943,Lost Customers,557,2,496.49999999999994,248.24999999999997,605,47.0,,,Lapsed,[Lapsed] Last Chance: Final win-back email + maximum discount,Lost Customers
15278,Lost Customers,561,4,496.16,124.04,664,34.333333333333336,,,Lapsed,[Lapsed] Last Chance: Final win-back email + maximum discount,Lost Customers
16977,Lost Customers,394,4,496.0,124.0,631,78.33333333333333,,,Lapsed,[Lapsed] Last Chance: Final win-back email + maximum discount,Lost Customers
16799,Lost Customers,431,2,495.98,247.99,453,21.0,,,Lapsed,[Lapsed] Last Chance: Final win-back email + maximum discount,Lost Customers
17995,Lost Customers,281,3,495.48,165.16,386,52.0,,,Lapsed,[Lapsed] Last Chance: Final win-back email + maximum discount,Lost Customers
14319,Lost Customers,423,1,494.85,494.85,423,,,,Lapsed,[Lapsed] Last Chance: Final win-back email + maximum discount,Lost Customers
17823,Lost Customers,420,2,494.25,247.125,420,0.0,,,Lapsed,[Lapsed] Last Chance: Final win-back email + maximum discount,Lost Customers
12763,Lost Customers,137,2,494.08,247.04,368,230.0,,,Lapsed,[Lapsed] Last Chance: Final win-back email + maximum discount,Lost Customers
15447,At Risk,330,5,492.88,98.576,624,73.25,,,Lapsed,[Lapsed] Recovery: Time-limited 30% win-back discount + feedback survey,At Risk
14270,Lost Customers,331,1,492.65000000000003,492.65000000000003,331,,,,Lapsed,[Lapsed] Last Chance: Final win-back email + maximum discount,Lost Customers
15507,Lost Customers,171,1,492.36,492.36,171,,,,Lapsed,[Lapsed] Last Chance: Final win-back email + maximum discount,Lost Customers
14310,Lost Customers,432,1,492.1,492.1,432,,,,Lapsed,[Lapsed] Last Chance: Final win-back email + maximum discount,Lost Customers
17106,Lost Customers,388,1,491.23,491.23,388,,,,Lapsed,[Lapsed] Last Chance: Final win-back email + maximum discount,Lost Customers
14663,Lost Customers,429,2,490.6,245.3,429,0.0,,,Lapsed,[Lapsed] Last Chance: Final win-back email + maximum discount,Lost Customers
12983,Lost Customers,597,1,490.08,490.08,597,,,,Lapsed,[Lapsed] Last Chance: Final win-back email + maximum discount,Lost Customers
12634,Lost Customers,535,2,490.0,245.0,547,12.0,,,Lapsed,[Lapsed] Last Chance: Final win-back email + maximum discount,Lost Customers
17476,Lost Customers,395,2,489.86,244.93,737,341.0,,,Lapsed,[Lapsed] Last Chance: Final win-back email + maximum discount,Lost Customers
17715,Lost Customers,200,2,489.59999999999997,244.79999999999998,592,392.0,,,Lapsed,[Lapsed] Last Chance: Final win-back email + maximum discount,Lost Customers
18280,Lost Customers,277,2,488.15000000000003,244.07500000000002,393,116.0,,,Lapsed,[Lapsed] Last Chance: Final win-back email + maximum discount,Lost Customers
15165,Lost Customers,372,1,487.75,487.75,372,,,,Lapsed,[Lapsed] Last Chance: Final win-back email + maximum discount,Lost Customers
13412,Lost Customers,619,1,487.35,487.35,619,,,,Lapsed,[Lapsed] Last Chance: Final win-back email + maximum discount,Lost Customers
13733,Lost Customers,410,2,487.03,243.515,734,324.0,,,Lapsed,[Lapsed] Last Chance: Final win-back email + maximum discount,Lost Customers
13675,Lost Customers,150,2,486.82000000000005,243.41000000000003,284,133.0,,,Lapsed,[Lapsed] Last Chance: Final win-back email + maximum discount,Lost Customers
12443,Lost Customers,731,1,485.31,485.31,731,,,,Lapsed,[Lapsed] Last Chance: Final win-back email + maximum discount,Lost Customers
17996,Lost Customers,379,3,482.33000000000004,160.77666666666667,546,83.0,,,Lapsed,[Lapsed] Last Chance: Final win-back email + maximum discount,Lost Customers
12542,Lost Customers,483,2,481.88,240.94,639,156.0,,,Lapsed,[Lapsed] Last Chance: Final win-back email + maximum discount,Lost Customers
15174,Lost Customers,322,2,481.46,240.73,410,87.0,,,Lapsed,[Lapsed] Last Chance: Final win-back email + maximum discount,Lost Customers
13161,Lost Customers,312,2,478.88,239.44,500,187.0,,,Lapsed,[Lapsed] Last Chance: Final win-back email + maximum discount,Lost Customers
15589,Lost Customers,255,3,478.53,159.51,310,27.0,,,Lapsed,[Lapsed] Last Chance: Final win-back email + maximum discount,Lost Customers
12447,Lost Customers,242,1,476.49,476.49,242,,,,Lapsed,[Lapsed] Last Chance: Final win-back email + maximum discount,Lost Customers
18176,Lost Customers,357,1,476.35,476.35,357,,,,Lapsed,[Lapsed] Last Chance: Final win-back email + maximum discount,Lost Customers
15780,Lost Customers,183,3,475.28000000000003,158.42666666666668,357,86.5,,,Lapsed,[Lapsed] Last Chance: Final win-back email + maximum discount,Lost Customers
14599,Lost Customers,389,2,474.53999999999996,237.26999999999998,508,118.0,,,Lapsed,[Lapsed] Last Chance: Final win-back email + maximum discount,Lost Customers
14322,Lost Customers,428,4,474.1,118.525,659,76.66666666666667,,,Lapsed,[Lapsed] Last Chance: Final win-back email + maximum discount,Lost Customers
17104,Lost Customers,423,1,474.03000000000003,474.03000000000003,423,,,,Lapsed,[Lapsed] Last Chance: Final win-back email + maximum discount,Lost Customers
15349,Lost Customers,157,2,473.81,236.905,186,29.0,,,Lapsed,[Lapsed] Last Chance: Final win-back email + maximum discount,Lost Customers
16635,Lost Customers,406,1,473.0,473.0,406,,,,Lapsed,[Lapsed] Last Chance: Final win-back email + maximum discount,Lost Customers
14237,Lost Customers,372,2,471.14,235.57,590,217.0,,,Lapsed,[Lapsed] Last Chance: Final win-back email + maximum discount,Lost Customers
16473,At Risk,164,4,470.83,117.7075,373,69.33333333333333,,,Lapsed,[Lapsed] Recovery: Time-limited 30% win-back discount + feedback survey,At Risk
18083,Lost Customers,397,1,470.73,470.73,397,,,,Lapsed,[Lapsed] Last Chance: Final win-back email + maximum discount,Lost Customers
14058,Lost Customers,462,2,469.19000000000005,234.59500000000003,530,67.0,,,Lapsed,[Lapsed] Last Chance: Final win-back email + maximum discount,Lost Customers
14369,Lost Customers,641,2,469.13,234.565,661,19.0,,,Lapsed,[Lapsed] Last Chance: Final win-back email + maximum discount,Lost Customers
15387,Lost Customers,491,1,468.65,468.65,491,,,,Lapsed,[Lapsed] Last Chance: Final win-back email + maximum discount,Lost Customers
12554,Lost Customers,448,1,468.5,468.5,448,,,,Lapsed,[Lapsed] Last Chance: Final win-back email + maximum discount,Lost Customers
14727,Lost Customers,273,3,467.93,155.97666666666666,545,136.0,,,Lapsed,[Lapsed] Last Chance: Final win-back email + maximum discount,Lost Customers
17294,Lost Customers,668,2,467.79,233.895,668,0.0,,,Lapsed,[Lapsed] Last Chance: Final win-back email + maximum discount,Lost Customers
17187,Lost Customers,226,2,467.71,233.855,525,299.0,,,Lapsed,[Lapsed] Last Chance: Final win-back email + maximum discount,Lost Customers
16390,Lost Customers,536,3,467.50000000000006,155.83333333333334,678,70.5,,,Lapsed,[Lapsed] Last Chance: Final win-back email + maximum discount,Lost Customers
14148,Lost Customers,233,2,466.29,233.145,413,180.0,,,Lapsed,[Lapsed] Last Chance: Final win-back email + maximum discount,Lost Customers
13698,Lost Customers,596,2,465.53000000000003,232.76500000000001,681,85.0,,,Lapsed,[Lapsed] Last Chance: Final win-back email + maximum discount,Lost Customers
17140,Lost Customers,246,1,465.32,465.32,246,,,,Lapsed,[Lapsed] Last Chance: Final win-back email + maximum discount,Lost Customers
17040,Lost Customers,137,2,463.25,231.625,549,412.0,,,Lapsed,[Lapsed] Last Chance: Final win-back email + maximum discount,Lost Customers
14627,Lost Customers,378,1,462.75,462.75,378,,,,Lapsed,[Lapsed] Last Chance: Final win-back email + maximum discount,Lost Customers
18031,Lost Customers,378,1,462.1,462.1,378,,,,Lapsed,[Lapsed] Last Chance: Final win-back email + maximum discount,Lost Customers
13624,Lost Customers,387,1,462.08,462.08,387,,,,Lapsed,[Lapsed] Last Chance: Final win-back email + maximum discount,Lost Customers
18284,Lost Customers,431,1,461.68,461.68,431,,,,Lapsed,[Lapsed] Last Chance: Final win-back email + maximum discount,Lost Customers
14575,Lost Customers,487,1,460.71,460.71,487,,,,Lapsed,[Lapsed] Last Chance: Final win-back email + maximum discount,Lost Customers
16310,Lost Customers,413,2,460.08,230.04,641,227.0,,,Lapsed,[Lapsed] Last Chance: Final win-back email + maximum discount,Lost Customers
14118,Lost Customers,428,1,458.45,458.45,428,,,,Lapsed,[Lapsed] Last Chance: Final win-back email + maximum discount,Lost Customers
13957,Lost Customers,417,3,458.25,152.75,658,120.0,,,Lapsed,[Lapsed] Last Chance: Final win-back email + maximum discount,Lost Customers
14011,Lost Customers,479,2,457.82,228.91,606,127.0,,,Lapsed,[Lapsed] Last Chance: Final win-back email + maximum discount,Lost Customers
16069,Lost Customers,417,1,457.7,457.7,417,,,,Lapsed,[Lapsed] Last Chance: Final win-back email + maximum discount,Lost Customers
12564,Lost Customers,260,1,456.90000000000003,456.90000000000003,260,,,,Lapsed,[Lapsed] Last Chance: Final win-back email + maximum discount,Lost Customers
16039,Lost Customers,423,2,456.40000000000003,228.20000000000002,627,204.0,,,Lapsed,[Lapsed] Last Chance: Final win-back email + maximum discount,Lost Customers
14296,Lost Customers,420,2,456.4,228.2,573,152.0,,,Lapsed,[Lapsed] Last Chance: Final win-back email + maximum discount,Lost Customers
12999,Lost Customers,195,3,455.88,151.96,245,24.0,,,Lapsed,[Lapsed] Last Chance: Final win-back email + maximum discount,Lost Customers
15585,Lost Customers,176,1,455.3,455.3,176,,,,Lapsed,[Lapsed] Last Chance: Final win-back email + maximum discount,Lost Customers
16765,Lost Customers,293,2,454.75,227.375,381,88.0,,,Lapsed,[Lapsed] Last Chance: Final win-back email + maximum discount,Lost Customers
17067,Lost Customers,724,3,454.53999999999996,151.51333333333332,731,3.0,,,Lapsed,[Lapsed] Last Chance: Final win-back email + maximum discount,Lost Customers
12459,Lost Customers,604,1,454.36,454.36,604,,,,Lapsed,[Lapsed] Last Chance: Final win-back email + maximum discount,Lost Customers
16481,Lost Customers,681,1,453.38,453.38,681,,,,Lapsed,[Lapsed] Last Chance: Final win-back email + maximum discount,Lost Customers
15418,Lost Customers,424,2,452.32000000000005,226.16000000000003,586,161.0,,,Lapsed,[Lapsed] Last Chance: Final win-back email + maximum discount,Lost Customers
18100,Lost Customers,549,1,451.56,451.56,549,,,,Lapsed,[Lapsed] Last Chance: Final win-back email + maximum discount,Lost Customers
15802,Lost Customers,142,1,451.42,451.42,142,,,,Lapsed,[Lapsed] Last Chance: Final win-back email + maximum discount,Lost Customers
15961,Lost Customers,378,1,451.28999999999996,451.28999999999996,378,,,,Lapsed,[Lapsed] Last Chance: Final win-back email + maximum discount,Lost Customers
12831,Lost Customers,261,3,451.11,150.37,462,100.0,,,Lapsed,[Lapsed] Last Chance: Final win-back email + maximum discount,Lost Customers
16870,Lost Customers,468,1,450.16,450.16,468,,,,Lapsed,[Lapsed] Last Chance: Final win-back email + maximum discount,Lost Customers
13150,Lost Customers,483,3,449.96999999999997,149.98999999999998,630,73.0,,,Lapsed,[Lapsed] Last Chance: Final win-back email + maximum discount,Lost Customers
15126,Lost Customers,536,2,449.49,224.745,686,150.0,,,Lapsed,[Lapsed] Last Chance: Final win-back email + maximum discount,Lost Customers
16939,Lost Customers,488,3,449.0,149.66666666666666,648,79.5,,,Lapsed,[Lapsed] Last Chance: Final win-back email + maximum discount,Lost Customers
18201,Lost Customers,722,1,447.53000000000003,447.53000000000003,722,,,,Lapsed,[Lapsed] Last Chance: Final win-back email + maximum discount,Lost Customers
16095,Lost Customers,455,1,447.05,447.05,455,,,,Lapsed,[Lapsed] Last Chance: Final win-back email + maximum discount,Lost Customers
13754,Lost Customers,151,3,447.04999999999995,149.01666666666665,436,142.0,,,Lapsed,[Lapsed] Last Chance: Final win-back email + maximum discount,Lost Customers
14149,Lost Customers,220,1,446.62,446.62,220,,,,Lapsed,[Lapsed] Last Chance: Final win-back email + maximum discount,Lost Customers
14010,Lost Customers,564,2,445.15000000000003,222.57500000000002,565,0.0,,,Lapsed,[Lapsed] Last Chance: Final win-back email + maximum discount,Lost Customers
14328,Lost Customers,437,1,445.05,445.05,437,,,,Lapsed,[Lapsed] Last Chance: Final win-back email + maximum discount,Lost Customers
18134,Lost Customers,597,2,445.0,222.5,694,96.0,,,Lapsed,[Lapsed] Last Chance: Final win-back email + maximum discount,Lost Customers
12788,Lost Customers,462,4,444.90000000000003,111.22500000000001,527,21.333333333333332,,,Lapsed,[Lapsed] Last Chance: Final win-back email + maximum discount,Lost Customers
16424,Lost Customers,190,2,443.06,221.53,382,191.0,,,Lapsed,[Lapsed] Last Chance: Final win-back email + maximum discount,Lost Customers
14996,Lost Customers,480,2,442.29,221.145,480,0.0,,,Lapsed,[Lapsed] Last Chance: Final win-back email + maximum discount,Lost Customers
17699,Lost Customers,476,2,442.0,221.0,561,84.0,,,Lapsed,[Lapsed] Last Chance: Final win-back email + maximum discount,Lost Customers
13738,Lost Customers,395,1,440.93,440.93,395,,,,Lapsed,[Lapsed] Last Chance: Final win-back email + maximum discount,Lost Customers
18233,Lost Customers,325,1,440.0,440.0,325,,,,Lapsed,[Lapsed] Last Chance: Final win-back email + maximum discount,Lost Customers
17643,Lost Customers,372,2,439.70000000000005,219.85000000000002,504,132.0,,,Lapsed,[Lapsed] Last Chance: Final win-back email + maximum discount,Lost Customers
14979,Lost Customers,734,1,439.46000000000004,439.46000000000004,734,,,,Lapsed,[Lapsed] Last Chance: Final win-back email + maximum discount,Lost Customers
13086,Lost Customers,382,1,439.33000000000004,439.33000000000004,382,,,,Lapsed,[Lapsed] Last Chance: Final win-back email + maximum discount,Lost Customers
17718,Lost Customers,231,2,439.17999999999995,219.58999999999997,644,412.0,,,Lapsed,[Lapsed] Last Chance: Final win-back email + maximum discount,Lost Customers
13432,Lost Customers,570,2,439.1,219.55,611,40.0,,,Lapsed,[Lapsed] Last Chance: Final win-back email + maximum discount,Lost Customers
13358,Lost Customers,268,1,439.03000000000003,439.03000000000003,268,,,,Lapsed,[Lapsed] Last Chance: Final win-back email + maximum discount,Lost Customers
13964,Lost Customers,386,2,438.9,219.45,430,43.0,,,Lapsed,[Lapsed] Last Chance: Final win-back email + maximum discount,Lost Customers
17729,Lost Customers,595,1,438.65000000000003,438.65000000000003,595,,,,Lapsed,[Lapsed] Last Chance: Final win-back email + maximum discount,Lost Customers
15859,Lost Customers,431,1,438.46,438.46,431,,,,Lapsed,[Lapsed] Last Chance: Final win-back email + maximum discount,Lost Customers
17807,Lost Customers,394,3,437.87,145.95666666666668,703,154.5,,,Lapsed,[Lapsed] Last Chance: Final win-back email + maximum discount,Lost Customers
14846,Lost Customers,426,1,437.4,437.4,426,,,,Lapsed,[Lapsed] Last Chance: Final win-back email + maximum discount,Lost Customers
16888,Lost Customers,400,3,437.15,145.71666666666667,700,150.0,,,Lapsed,[Lapsed] Last Chance: Final win-back email + maximum discount,Lost Customers
12672,Lost Customers,329,2,437.05,218.525,595,265.0,,,Lapsed,[Lapsed] Last Chance: Final win-back email + maximum discount,Lost Customers
14877,Lost Customers,417,2,437.0,218.5,642,224.0,,,Lapsed,[Lapsed] Last Chance: Final win-back email + maximum discount,Lost Customers
17178,Lost Customers,730,1,436.71000000000004,436.71000000000004,730,,,,Lapsed,[Lapsed] Last Chance: Final win-back email + maximum discount,Lost Customers
16084,Lost Customers,298,1,436.18,436.18,298,,,,Lapsed,[Lapsed] Last Chance: Final win-back email + maximum discount,Lost Customers
14123,Lost Customers,732,1,436.18,436.18,732,,,,Lapsed,[Lapsed] Last Chance: Final win-back email + maximum discount,Lost Customers
16166,Lost Customers,427,2,435.83000000000004,217.91500000000002,690,263.0,,,Lapsed,[Lapsed] Last Chance: Final win-back email + maximum discount,Lost Customers
15323,Lost Customers,562,3,434.6,144.86666666666667,661,49.0,,,Lapsed,[Lapsed] Last Chance: Final win-back email + maximum discount,Lost Customers
14238,Lost Customers,325,3,434.23,144.74333333333334,734,204.0,,,Lapsed,[Lapsed] Last Chance: Final win-back email + maximum discount,Lost Customers
18029,Lost Customers,641,1,433.77,433.77,641,,,,Lapsed,[Lapsed] Last Chance: Final win-back email + maximum discount,Lost Customers
12493,Lost Customers,165,2,433.74,216.87,196,31.0,,,Lapsed,[Lapsed] Last Chance: Final win-back email + maximum discount,Lost Customers
15613,Lost Customers,609,1,433.71999999999997,433.71999999999997,609,,,,Lapsed,[Lapsed] Last Chance: Final win-back email + maximum discount,Lost Customers
16522,Lost Customers,435,2,433.36,216.68,449,14.0,,,Lapsed,[Lapsed] Last Chance: Final win-back email + maximum discount,Lost Customers
17687,Lost Customers,420,1,432.68,432.68,420,,,,Lapsed,[Lapsed] Last Chance: Final win-back email + maximum discount,Lost Customers
16604,Lost Customers,562,2,432.45000000000005,216.22500000000002,567,5.0,,,Lapsed,[Lapsed] Last Chance: Final win-back email + maximum discount,Lost Customers
14042,Lost Customers,724,1,431.98,431.98,724,,,,Lapsed,[Lapsed] Last Chance: Final win-back email + maximum discount,Lost Customers
17842,Lost Customers,601,1,430.69,430.69,601,,,,Lapsed,[Lapsed] Last Chance: Final win-back email + maximum discount,Lost Customers
15461,Lost Customers,460,2,429.7,214.85,631,170.0,,,Lapsed,[Lapsed] Last Chance: Final win-back email + maximum discount,Lost Customers
15230,Lost Customers,238,2,429.6,214.8,240,1.0,,,Lapsed,[Lapsed] Last Chance: Final win-back email + maximum discount,Lost Customers
13413,At Risk,639,6,429.44000000000005,71.57333333333334,686,9.2,,,Lapsed,[Lapsed] Recovery: Time-limited 30% win-back discount + feedback survey,At Risk
15915,Lost Customers,401,1,429.21,429.21,401,,,,Lapsed,[Lapsed] Last Chance: Final win-back email + maximum discount,Lost Customers
18089,Lost Customers,446,1,428.45,428.45,446,,,,Lapsed,[Lapsed] Last Chance: Final win-back email + maximum discount,Lost Customers
17285,Lost Customers,627,2,428.34000000000003,214.17000000000002,662,34.0,,,Lapsed,[Lapsed] Last Chance: Final win-back email + maximum discount,Lost Customers
18285,Lost Customers,660,1,427.0,427.0,660,,,,Lapsed,[Lapsed] Last Chance: Final win-back email + maximum discount,Lost Customers
17740,At Risk,388,6,426.90000000000003,71.15,696,61.2,,,Lapsed,[Lapsed] Recovery: Time-limited 30% win-back discount + feedback survey,At Risk
18152,Lost Customers,645,1,426.69,426.69,645,,,,Lapsed,[Lapsed] Last Chance: Final win-back email + maximum discount,Lost Customers
14288,Lost Customers,212,1,426.6,426.6,212,,,,Lapsed,[Lapsed] Last Chance: Final win-back email + maximum discount,Lost Customers
15966,Lost Customers,450,1,426.53,426.53,450,,,,Lapsed,[Lapsed] Last Chance: Final win-back email + maximum discount,Lost Customers
15217,Lost Customers,562,1,426.24,426.24,562,,,,Lapsed,[Lapsed] Last Chance: Final win-back email + maximum discount,Lost Customers
13703,Lost Customers,317,2,425.56,212.78,414,96.0,,,Lapsed,[Lapsed] Last Chance: Final win-back email + maximum discount,Lost Customers
17103,Lost Customers,721,1,424.3,424.3,721,,,,Lapsed,[Lapsed] Last Chance: Final win-back email + maximum discount,Lost Customers
18011,Lost Customers,372,2,424.24,212.12,566,194.0,,,Lapsed,[Lapsed] Last Chance: Final win-back email + maximum discount,Lost Customers
16541,Lost Customers,734,1,424.03,424.03,734,,,,Lapsed,[Lapsed] Last Chance: Final win-back email + maximum discount,Lost Customers
16913,Lost Customers,289,3,423.90999999999997,141.3033333333333,651,180.5,,,Lapsed,[Lapsed] Last Chance: Final win-back email + maximum discount,Lost Customers
14097,Lost Customers,480,2,422.86,211.43,645,164.0,,,Lapsed,[Lapsed] Last Chance: Final win-back email + maximum discount,Lost Customers
13374,Lost Customers,414,2,422.8,211.4,449,34.0,,,Lapsed,[Lapsed] Last Chance: Final win-back email + maximum discount,Lost Customers
16137,Lost Customers,679,1,422.7,422.7,679,,,,Lapsed,[Lapsed] Last Chance: Final win-back email + maximum discount,Lost Customers
13807,Lost Customers,366,3,422.2,140.73333333333332,735,184.0,,,Lapsed,[Lapsed] Last Chance: Final win-back email + maximum discount,Lost Customers
17601,Lost Customers,238,2,421.47999999999996,210.73999999999998,379,141.0,,,Lapsed,[Lapsed] Last Chance: Final win-back email + maximum discount,Lost Customers
13574,Lost Customers,410,1,421.25,421.25,410,,,,Lapsed,[Lapsed] Last Chance: Final win-back email + maximum discount,Lost Customers
15711,Lost Customers,556,2,420.25,210.125,684,128.0,,,Lapsed,[Lapsed] Last Chance: Final win-back email + maximum discount,Lost Customers
18128,Lost Customers,536,1,420.04,420.04,536,,,,Lapsed,[Lapsed] Last Chance: Final win-back email + maximum discount,Lost Customers
13672,Lost Customers,300,3,419.92,139.97333333333333,730,214.0,,,Lapsed,[Lapsed] Last Chance: Final win-back email + maximum discount,Lost Customers
13442,Lost Customers,666,3,419.87,139.95666666666668,737,35.0,,,Lapsed,[Lapsed] Last Chance: Final win-back email + maximum discount,Lost Customers
13096,Lost Customers,393,1,419.7000000000001,419.7000000000001,393,,,,Lapsed,[Lapsed] Last Chance: Final win-back email + maximum discount,Lost Customers
15262,Lost Customers,323,3,418.82000000000005,139.60666666666668,487,81.5,,,Lapsed,[Lapsed] Last Chance: Final win-back email + maximum discount,Lost Customers
13073,Lost Customers,410,2,418.08,209.04,437,26.0,,,Lapsed,[Lapsed] Last Chance: Final win-back email + maximum discount,Lost Customers
15968,Lost Customers,387,1,418.05,418.05,387,,,,Lapsed,[Lapsed] Last Chance: Final win-back email + maximum discount,Lost Customers
17701,Lost Customers,252,1,417.95,417.95,252,,,,Lapsed,[Lapsed] Last Chance: Final win-back email + maximum discount,Lost Customers
16832,At Risk,183,5,417.61,83.522,458,68.25,,,Lapsed,[Lapsed] Recovery: Time-limited 30% win-back discount + feedback survey,At Risk
14762,Lost Customers,263,2,417.57,208.785,625,362.0,,,Lapsed,[Lapsed] Last Chance: Final win-back email + maximum discount,Lost Customers
12833,Lost Customers,144,1,417.38,417.38,144,,,,Lapsed,[Lapsed] Last Chance: Final win-back email + maximum discount,Lost Customers
17258,Lost Customers,396,2,417.30000000000007,208.65000000000003,664,268.0,,,Lapsed,[Lapsed] Last Chance: Final win-back email + maximum discount,Lost Customers
15935,Lost Customers,238,2,416.86,208.43,241,2.0,,,Lapsed,[Lapsed] Last Chance: Final win-back email + maximum discount,Lost Customers
16957,Lost Customers,238,2,416.64,208.32,281,42.0,,,Lapsed,[Lapsed] Last Chance: Final win-back email + maximum discount,Lost Customers
15011,Lost Customers,395,2,416.6,208.3,416,20.0,,,Lapsed,[Lapsed] Last Chance: Final win-back email + maximum discount,Lost Customers
16355,Lost Customers,374,1,416.35,416.35,374,,,,Lapsed,[Lapsed] Last Chance: Final win-back email + maximum discount,Lost Customers
16356,At Risk,197,6,415.87,69.31166666666667,551,70.2,,,Lapsed,[Lapsed] Recovery: Time-limited 30% win-back discount + feedback survey,At Risk
12608,Lost Customers,404,1,415.79,415.79,404,,,,Lapsed,[Lapsed] Last Chance: Final win-back email + maximum discount,Lost Customers
13002,Lost Customers,317,3,414.13,138.04333333333332,434,58.0,,,Lapsed,[Lapsed] Last Chance: Final win-back email + maximum discount,Lost Customers
14082,Lost Customers,364,2,413.36,206.68,392,27.0,,,Lapsed,[Lapsed] Last Chance: Final win-back email + maximum discount,Lost Customers
17662,Lost Customers,661,2,412.92,206.46,722,60.0,,,Lapsed,[Lapsed] Last Chance: Final win-back email + maximum discount,Lost Customers
14620,Lost Customers,205,2,412.78,206.39,283,78.0,,,Lapsed,[Lapsed] Last Chance: Final win-back email + maximum discount,Lost Customers
18050,Lost Customers,358,2,412.06000000000006,206.03000000000003,392,33.0,,,Lapsed,[Lapsed] Last Chance: Final win-back email + maximum discount,Lost Customers
16815,Lost Customers,453,2,410.97,205.485,536,82.0,,,Lapsed,[Lapsed] Last Chance: Final win-back email + maximum discount,Lost Customers
15960,Lost Customers,373,4,410.95000000000005,102.73750000000001,434,19.666666666666668,,,Lapsed,[Lapsed] Last Chance: Final win-back email + maximum discount,Lost Customers
17598,Lost Customers,380,1,409.98,409.98,380,,,,Lapsed,[Lapsed] Last Chance: Final win-back email + maximum discount,Lost Customers
14348,Lost Customers,259,1,409.57,409.57,259,,,,Lapsed,[Lapsed] Last Chance: Final win-back email + maximum discount,Lost Customers
15225,Lost Customers,233,1,409.40000000000003,409.40000000000003,233,,,,Lapsed,[Lapsed] Last Chance: Final win-back email + maximum discount,Lost Customers
16864,Lost Customers,433,2,409.25,204.625,598,164.0,,,Lapsed,[Lapsed] Last Chance: Final win-back email + maximum discount,Lost Customers
13686,Lost Customers,182,3,409.04,136.34666666666666,400,109.0,,,Lapsed,[Lapsed] Last Chance: Final win-back email + maximum discount,Lost Customers
12974,Lost Customers,197,2,408.95,204.475,565,367.0,,,Lapsed,[Lapsed] Last Chance: Final win-back email + maximum discount,Lost Customers
15446,Lost Customers,376,3,406.95000000000005,135.65,725,174.5,,,Lapsed,[Lapsed] Last Chance: Final win-back email + maximum discount,Lost Customers
12353,Lost Customers,203,2,406.76,203.38,408,204.0,,,Lapsed,[Lapsed] Last Chance: Final win-back email + maximum discount,Lost Customers
16632,Lost Customers,485,2,406.4,203.2,580,95.0,,,Lapsed,[Lapsed] Last Chance: Final win-back email + maximum discount,Lost Customers
17000,Lost Customers,395,2,406.30000000000007,203.15000000000003,407,11.0,,,Lapsed,[Lapsed] Last Chance: Final win-back email + maximum discount,Lost Customers
15280,Lost Customers,171,3,406.22,135.40666666666667,570,199.0,,,Lapsed,[Lapsed] Last Chance: Final win-back email + maximum discount,Lost Customers
12741,Lost Customers,528,2,406.07,203.035,532,3.0,,,Lapsed,[Lapsed] Last Chance: Final win-back email + maximum discount,Lost Customers
18111,Lost Customers,588,1,405.85,405.85,588,,,,Lapsed,[Lapsed] Last Chance: Final win-back email + maximum discount,Lost Customers
12922,Lost Customers,160,1,405.38,405.38,160,,,,Lapsed,[Lapsed] Last Chance: Final win-back email + maximum discount,Lost Customers
13143,Lost Customers,584,1,405.1,405.1,584,,,,Lapsed,[Lapsed] Last Chance: Final win-back email + maximum discount,Lost Customers
13640,Lost Customers,610,1,405.0,405.0,610,,,,Lapsed,[Lapsed] Last Chance: Final win-back email + maximum discount,Lost Customers
15941,Lost Customers,636,1,405.0,405.0,636,,,,Lapsed,[Lapsed] Last Chance: Final win-back email + maximum discount,Lost Customers
16319,Lost Customers,217,1,404.40000000000003,404.40000000000003,217,,,,Lapsed,[Lapsed] Last Chance: Final win-back email + maximum discount,Lost Customers
16484,Lost Customers,173,2,404.29999999999995,202.14999999999998,190,17.0,,,Lapsed,[Lapsed] Last Chance: Final win-back email + maximum discount,Lost Customers
14678,Lost Customers,578,1,403.39,403.39,578,,,,Lapsed,[Lapsed] Last Chance: Final win-back email + maximum discount,Lost Customers
17431,Lost Customers,312,1,403.3,403.3,312,,,,Lapsed,[Lapsed] Last Chance: Final win-back email + maximum discount,Lost Customers
13530,Lost Customers,633,1,402.98,402.98,633,,,,Lapsed,[Lapsed] Last Chance: Final win-back email + maximum discount,Lost Customers
14172,Lost Customers,604,3,402.72,134.24,642,18.5,,,Lapsed,[Lapsed] Last Chance: Final win-back email + maximum discount,Lost Customers
16315,Lost Customers,330,2,402.71000000000004,201.35500000000002,535,205.0,,,Lapsed,[Lapsed] Last Chance: Final win-back email + maximum discount,Lost Customers
15037,Lost Customers,375,2,402.51,201.255,376,0.0,,,Lapsed,[Lapsed] Last Chance: Final win-back email + maximum discount,Lost Customers
15501,Lost Customers,404,2,402.5,201.25,415,10.0,,,Lapsed,[Lapsed] Last Chance: Final win-back email + maximum discount,Lost Customers
17094,Lost Customers,321,2,402.2,201.1,423,101.0,,,Lapsed,[Lapsed] Last Chance: Final win-back email + maximum discount,Lost Customers
16998,At Risk,149,5,402.0,80.4,443,73.25,,,Lapsed,[Lapsed] Recovery: Time-limited 30% win-back discount + feedback survey,At Risk
12386,Lost Customers,337,2,401.90000000000003,200.95000000000002,366,29.0,,,Lapsed,[Lapsed] Last Chance: Final win-back email + maximum discount,Lost Customers
18048,Lost Customers,202,3,401.73,133.91,492,145.0,,,Lapsed,[Lapsed] Last Chance: Final win-back email + maximum discount,Lost Customers
14736,Lost Customers,484,2,401.08,200.54,484,0.0,,,Lapsed,[Lapsed] Last Chance: Final win-back email + maximum discount,Lost Customers
14471,Lost Customers,590,2,400.95,200.475,732,141.0,,,Lapsed,[Lapsed] Last Chance: Final win-back email + maximum discount,Lost Customers
17168,Lost Customers,498,1,400.2,400.2,498,,,,Lapsed,[Lapsed] Last Chance: Final win-back email + maximum discount,Lost Customers
14358,Lost Customers,388,2,400.05999999999995,200.02999999999997,427,38.0,,,Lapsed,[Lapsed] Last Chance: Final win-back email + maximum discount,Lost Customers
16538,Lost Customers,540,3,399.62,133.20666666666668,594,27.0,,,Lapsed,[Lapsed] Last Chance: Final win-back email + maximum discount,Lost Customers
13252,Lost Customers,393,2,399.3,199.65,625,231.0,,,Lapsed,[Lapsed] Last Chance: Final win-back email + maximum discount,Lost Customers
15577,At Risk,150,5,397.98,79.596,725,143.25,,,Lapsed,[Lapsed] Recovery: Time-limited 30% win-back discount + feedback survey,At Risk
17789,Lost Customers,280,2,397.15,198.575,660,379.0,,,Lapsed,[Lapsed] Last Chance: Final win-back email + maximum discount,Lost Customers
17486,Lost Customers,260,1,396.87,396.87,260,,,,Lapsed,[Lapsed] Last Chance: Final win-back email + maximum discount,Lost Customers
13597,Lost Customers,399,2,396.71,198.355,402,2.0,,,Lapsed,[Lapsed] Last Chance: Final win-back email + maximum discount,Lost Customers
17918,Lost Customers,500,3,396.39,132.13,504,2.0,,,Lapsed,[Lapsed] Last Chance: Final win-back email + maximum discount,Lost Customers
13879,Lost Customers,645,1,395.5,395.5,645,,,,Lapsed,[Lapsed] Last Chance: Final win-back email + maximum discount,Lost Customers
17617,Lost Customers,558,1,395.33,395.33,558,,,,Lapsed,[Lapsed] Last Chance: Final win-back email + maximum discount,Lost Customers
12677,Lost Customers,554,2,395.1,197.55,665,111.0,,,Lapsed,[Lapsed] Last Chance: Final win-back email + maximum discount,Lost Customers
15386,Lost Customers,185,1,394.14,394.14,185,,,,Lapsed,[Lapsed] Last Chance: Final win-back email + maximum discount,Lost Customers
12499,Lost Customers,559,1,393.72,393.72,559,,,,Lapsed,[Lapsed] Last Chance: Final win-back email + maximum discount,Lost Customers
17300,Lost Customers,390,2,393.64,196.82,481,90.0,,,Lapsed,[Lapsed] Last Chance: Final win-back email + maximum discount,Lost Customers
15437,Lost Customers,261,2,393.45000000000005,196.72500000000002,640,378.0,,,Lapsed,[Lapsed] Last Chance: Final win-back email + maximum discount,Lost Customers
16868,Lost Customers,393,3,393.39,131.13,593,99.0,,,Lapsed,[Lapsed] Last Chance: Final win-back email + maximum discount,Lost Customers
13584,Lost Customers,306,3,392.45000000000005,130.8166666666667,675,184.0,,,Lapsed,[Lapsed] Last Chance: Final win-back email + maximum discount,Lost Customers
17563,Lost Customers,577,2,392.38,196.19,611,33.0,,,Lapsed,[Lapsed] Last Chance: Final win-back email + maximum discount,Lost Customers
16827,At Risk,392,5,392.13,78.426,588,48.25,,,Lapsed,[Lapsed] Recovery: Time-limited 30% win-back discount + feedback survey,At Risk
16783,Lost Customers,436,1,391.95,391.95,436,,,,Lapsed,[Lapsed] Last Chance: Final win-back email + maximum discount,Lost Customers
13966,Lost Customers,434,1,390.86,390.86,434,,,,Lapsed,[Lapsed] Last Chance: Final win-back email + maximum discount,Lost Customers
14072,Lost Customers,666,1,390.85,390.85,666,,,,Lapsed,[Lapsed] Last Chance: Final win-back email + maximum discount,Lost Customers
14706,Lost Customers,618,1,390.69,390.69,618,,,,Lapsed,[Lapsed] Last Chance: Final win-back email + maximum discount,Lost Customers
17753,Lost Customers,463,4,390.55999999999995,97.63999999999999,701,79.0,,,Lapsed,[Lapsed] Last Chance: Final win-back email + maximum discount,Lost Customers
14197,Lost Customers,410,1,390.05,390.05,410,,,,Lapsed,[Lapsed] Last Chance: Final win-back email + maximum discount,Lost Customers
18024,Lost Customers,152,2,389.78,194.89,152,0.0,,,Lapsed,[Lapsed] Last Chance: Final win-back email + maximum discount,Lost Customers
17116,Lost Customers,647,1,389.78,389.78,647,,,,Lapsed,[Lapsed] Last Chance: Final win-back email + maximum discount,Lost Customers
13345,Lost Customers,287,1,389.5,389.5,287,,,,Lapsed,[Lapsed] Last Chance: Final win-back email + maximum discount,Lost Customers
17479,Lost Customers,632,1,389.26000000000005,389.26000000000005,632,,,,Lapsed,[Lapsed] Last Chance: Final win-back email + maximum discount,Lost Customers
12690,Lost Customers,205,1,389.01,389.01,205,,,,Lapsed,[Lapsed] Last Chance: Final win-back email + maximum discount,Lost Customers
18227,Lost Customers,217,2,388.75,194.375,483,266.0,,,Lapsed,[Lapsed] Last Chance: Final win-back email + maximum discount,Lost Customers
13896,Lost Customers,625,1,388.55,388.55,625,,,,Lapsed,[Lapsed] Last Chance: Final win-back email + maximum discount,Lost Customers
16148,Lost Customers,295,2,386.62,193.31,436,140.0,,,Lapsed,[Lapsed] Last Chance: Final win-back email + maximum discount,Lost Customers
14779,Lost Customers,280,3,386.15,128.71666666666667,323,21.5,,,Lapsed,[Lapsed] Last Chance: Final win-back email + maximum discount,Lost Customers
16492,Lost Customers,540,1,385.56,385.56,540,,,,Lapsed,[Lapsed] Last Chance: Final win-back email + maximum discount,Lost Customers
12973,Lost Customers,413,1,385.55,385.55,413,,,,Lapsed,[Lapsed] Last Chance: Final win-back email + maximum discount,Lost Customers
12889,Lost Customers,380,4,385.46000000000004,96.36500000000001,501,40.0,,,Lapsed,[Lapsed] Last Chance: Final win-back email + maximum discount,Lost Customers
12829,Lost Customers,336,3,385.3,128.43333333333334,549,106.0,,,Lapsed,[Lapsed] Last Chance: Final win-back email + maximum discount,Lost Customers
17804,Lost Customers,375,3,385.23,128.41,738,181.0,,,Lapsed,[Lapsed] Last Chance: Final win-back email + maximum discount,Lost Customers
14826,Lost Customers,581,2,385.20000000000005,192.60000000000002,694,113.0,,,Lapsed,[Lapsed] Last Chance: Final win-back email + maximum discount,Lost Customers
17171,Lost Customers,288,2,384.59000000000003,192.29500000000002,661,372.0,,,Lapsed,[Lapsed] Last Chance: Final win-back email + maximum discount,Lost Customers
17012,Lost Customers,724,1,384.16,384.16,724,,,,Lapsed,[Lapsed] Last Chance: Final win-back email + maximum discount,Lost Customers
15155,Lost Customers,382,1,383.96999999999997,383.96999999999997,382,,,,Lapsed,[Lapsed] Last Chance: Final win-back email + maximum discount,Lost Customers
12515,Lost Customers,352,1,383.7,383.7,352,,,,Lapsed,[Lapsed] Last Chance: Final win-back email + maximum discount,Lost Customers
12547,Lost Customers,197,3,383.58,127.86,499,150.5,,,Lapsed,[Lapsed] Last Chance: Final win-back email + maximum discount,Lost Customers
14767,Lost Customers,473,1,382.81,382.81,473,,,,Lapsed,[Lapsed] Last Chance: Final win-back email + maximum discount,Lost Customers
17568,Lost Customers,632,1,382.79,382.79,632,,,,Lapsed,[Lapsed] Last Chance: Final win-back email + maximum discount,Lost Customers
13997,Lost Customers,518,3,382.31,127.43666666666667,549,15.5,,,Lapsed,[Lapsed] Last Chance: Final win-back email + maximum discount,Lost Customers
16304,Lost Customers,694,1,381.66,381.66,694,,,,Lapsed,[Lapsed] Last Chance: Final win-back email + maximum discount,Lost Customers
15090,Lost Customers,307,1,381.32,381.32,307,,,,Lapsed,[Lapsed] Last Chance: Final win-back email + maximum discount,Lost Customers
17393,Lost Customers,410,2,381.15000000000003,190.57500000000002,487,77.0,,,Lapsed,[Lapsed] Last Chance: Final win-back email + maximum discount,Lost Customers
17903,Lost Customers,393,1,381.09000000000003,381.09000000000003,393,,,,Lapsed,[Lapsed] Last Chance: Final win-back email + maximum discount,Lost Customers
12796,Lost Customers,627,1,381.0,381.0,627,,,,Lapsed,[Lapsed] Last Chance: Final win-back email + maximum discount,Lost Customers
16577,Lost Customers,666,1,380.0,380.0,666,,,,Lapsed,[Lapsed] Last Chance: Final win-back email + maximum discount,Lost Customers
16552,Lost Customers,242,2,379.73,189.865,373,130.0,,,Lapsed,[Lapsed] Last Chance: Final win-back email + maximum discount,Lost Customers
14200,Lost Customers,616,1,379.2,379.2,616,,,,Lapsed,[Lapsed] Last Chance: Final win-back email + maximum discount,Lost Customers
18162,Lost Customers,731,1,379.15999999999997,379.15999999999997,731,,,,Lapsed,[Lapsed] Last Chance: Final win-back email + maximum discount,Lost Customers
12651,Lost Customers,334,4,377.75,94.4375,464,43.333333333333336,,,Lapsed,[Lapsed] Last Chance: Final win-back email + maximum discount,Lost Customers
12941,Lost Customers,723,1,377.49,377.49,723,,,,Lapsed,[Lapsed] Last Chance: Final win-back email + maximum discount,Lost Customers
17717,Lost Customers,420,1,376.92,376.92,420,,,,Lapsed,[Lapsed] Last Chance: Final win-back email + maximum discount,Lost Customers
16544,Lost Customers,519,4,376.70000000000005,94.17500000000001,661,47.333333333333336,,,Lapsed,[Lapsed] Last Chance: Final win-back email + maximum discount,Lost Customers
14353,Lost Customers,214,3,376.5,125.5,431,108.0,,,Lapsed,[Lapsed] Last Chance: Final win-back email + maximum discount,Lost Customers
14531,Lost Customers,479,1,376.34,376.34,479,,,,Lapsed,[Lapsed] Last Chance: Final win-back email + maximum discount,Lost Customers
17912,At Risk,309,6,375.5,62.583333333333336,374,12.6,,,Lapsed,[Lapsed] Recovery: Time-limited 30% win-back discount + feedback survey,At Risk
13688,Lost Customers,634,1,375.5,375.5,634,,,,Lapsed,[Lapsed] Last Chance: Final win-back email + maximum discount,Lost Customers
14294,Lost Customers,406,1,375.34000000000003,375.34000000000003,406,,,,Lapsed,[Lapsed] Last Chance: Final win-back email + maximum discount,Lost Customers
17810,Lost Customers,668,2,374.81,187.405,683,15.0,,,Lapsed,[Lapsed] Last Chance: Final win-back email + maximum discount,Lost Customers
13545,Lost Customers,390,2,374.64,187.32,544,153.0,,,Lapsed,[Lapsed] Last Chance: Final win-back email + maximum discount,Lost Customers
17437,Lost Customers,529,1,373.17,373.17,529,,,,Lapsed,[Lapsed] Last Chance: Final win-back email + maximum discount,Lost Customers
15337,Lost Customers,410,1,373.02,373.02,410,,,,Lapsed,[Lapsed] Last Chance: Final win-back email + maximum discount,Lost Customers
13197,Lost Customers,609,1,373.01000000000005,373.01000000000005,609,,,,Lapsed,[Lapsed] Last Chance: Final win-back email + maximum discount,Lost Customers
14981,Lost Customers,245,2,372.92,186.46,423,177.0,,,Lapsed,[Lapsed] Last Chance: Final win-back email + maximum discount,Lost Customers
15989,Lost Customers,375,2,372.51,186.255,736,361.0,,,Lapsed,[Lapsed] Last Chance: Final win-back email + maximum discount,Lost Customers
13164,Lost Customers,568,2,372.20000000000005,186.10000000000002,667,98.0,,,Lapsed,[Lapsed] Last Chance: Final win-back email + maximum discount,Lost Customers
17245,Lost Customers,204,2,371.63,185.815,688,484.0,,,Lapsed,[Lapsed] Last Chance: Final win-back email + maximum discount,Lost Customers
15063,Lost Customers,212,1,370.79999999999995,370.79999999999995,212,,,,Lapsed,[Lapsed] Last Chance: Final win-back email + maximum discount,Lost Customers
15765,Lost Customers,666,1,370.63,370.63,666,,,,Lapsed,[Lapsed] Last Chance: Final win-back email + maximum discount,Lost Customers
14168,Lost Customers,420,2,370.45,185.225,564,143.0,,,Lapsed,[Lapsed] Last Chance: Final win-back email + maximum discount,Lost Customers
17792,Lost Customers,466,2,370.05,185.025,477,11.0,,,Lapsed,[Lapsed] Last Chance: Final win-back email + maximum discount,Lost Customers
15922,Lost Customers,372,1,369.5,369.5,372,,,,Lapsed,[Lapsed] Last Chance: Final win-back email + maximum discount,Lost Customers
14888,Lost Customers,206,1,369.2,369.2,206,,,,Lapsed,[Lapsed] Last Chance: Final win-back email + maximum discount,Lost Customers
15477,Lost Customers,649,1,368.4,368.4,649,,,,Lapsed,[Lapsed] Last Chance: Final win-back email + maximum discount,Lost Customers
16448,Lost Customers,197,2,367.87,183.935,470,272.0,,,Lapsed,[Lapsed] Last Chance: Final win-back email + maximum discount,Lost Customers
14018,Lost Customers,644,1,367.15,367.15,644,,,,Lapsed,[Lapsed] Last Chance: Final win-back email + maximum discount,Lost Customers
13187,Lost Customers,336,4,367.01,91.7525,623,95.33333333333333,,,Lapsed,[Lapsed] Last Chance: Final win-back email + maximum discount,Lost Customers
14962,Lost Customers,270,4,366.91,91.7275,583,104.0,,,Lapsed,[Lapsed] Last Chance: Final win-back email + maximum discount,Lost Customers
14244,Lost Customers,660,1,366.41999999999996,366.41999999999996,660,,,,Lapsed,[Lapsed] Last Chance: Final win-back email + maximum discount,Lost Customers
12899,Lost Customers,413,1,366.4,366.4,413,,,,Lapsed,[Lapsed] Last Chance: Final win-back email + maximum discount,Lost Customers
16974,Lost Customers,522,2,365.5,182.75,564,41.0,,,Lapsed,[Lapsed] Last Chance: Final win-back email + maximum discount,Lost Customers
15029,Lost Customers,619,1,365.1,365.1,619,,,,Lapsed,[Lapsed] Last Chance: Final win-back email + maximum discount,Lost Customers
17536,Lost Customers,176,3,364.83000000000004,121.61000000000001,682,252.5,,,Lapsed,[Lapsed] Last Chance: Final win-back email + maximum discount,Lost Customers
14886,Lost Customers,252,1,364.8,364.8,252,,,,Lapsed,[Lapsed] Last Chance: Final win-back email + maximum discount,Lost Customers
16509,Lost Customers,296,1,363.70000000000005,363.70000000000005,296,,,,Lapsed,[Lapsed] Last Chance: Final win-back email + maximum discount,Lost Customers
14253,Lost Customers,492,2,363.40000000000003,181.70000000000002,622,129.0,,,Lapsed,[Lapsed] Last Chance: Final win-back email + maximum discount,Lost Customers
16078,Lost Customers,283,2,362.99,181.495,668,385.0,,,Lapsed,[Lapsed] Last Chance: Final win-back email + maximum discount,Lost Customers
16378,Lost Customers,246,3,362.95,120.98333333333333,310,31.0,,,Lapsed,[Lapsed] Last Chance: Final win-back email + maximum discount,Lost Customers
14840,Lost Customers,267,2,362.71000000000004,181.35500000000002,538,271.0,,,Lapsed,[Lapsed] Last Chance: Final win-back email + maximum discount,Lost Customers
14122,Lost Customers,405,3,362.42,120.80666666666667,736,165.0,,,Lapsed,[Lapsed] Last Chance: Final win-back email + maximum discount,Lost Customers
16259,Lost Customers,409,3,361.94000000000005,120.64666666666669,604,97.0,,,Lapsed,[Lapsed] Last Chance: Final win-back email + maximum discount,Lost Customers
16305,Lost Customers,138,1,361.22,361.22,138,,,,Lapsed,[Lapsed] Last Chance: Final win-back email + maximum discount,Lost Customers
18091,Lost Customers,592,1,360.85,360.85,592,,,,Lapsed,[Lapsed] Last Chance: Final win-back email + maximum discount,Lost Customers
13274,Lost Customers,408,1,360.85,360.85,408,,,,Lapsed,[Lapsed] Last Chance: Final win-back email + maximum discount,Lost Customers
17945,Lost Customers,696,3,360.35,120.11666666666667,696,0.0,,,Lapsed,[Lapsed] Last Chance: Final win-back email + maximum discount,Lost Customers
18208,Lost Customers,565,1,360.08,360.08,565,,,,Lapsed,[Lapsed] Last Chance: Final win-back email + maximum discount,Lost Customers
15008,Lost Customers,479,2,360.0,180.0,637,157.0,,,Lapsed,[Lapsed] Last Chance: Final win-back email + maximum discount,Lost Customers
13181,Lost Customers,380,1,359.69,359.69,380,,,,Lapsed,[Lapsed] Last Chance: Final win-back email + maximum discount,Lost Customers
17660,Lost Customers,140,2,359.47,179.735,736,595.0,,,Lapsed,[Lapsed] Last Chance: Final win-back email + maximum discount,Lost Customers
14926,Lost Customers,381,2,359.4,179.7,598,216.0,,,Lapsed,[Lapsed] Last Chance: Final win-back email + maximum discount,Lost Customers
14919,Lost Customers,538,1,359.35,359.35,538,,,,Lapsed,[Lapsed] Last Chance: Final win-back email + maximum discount,Lost Customers
18003,Lost Customers,375,1,358.61,358.61,375,,,,Lapsed,[Lapsed] Last Chance: Final win-back email + maximum discount,Lost Customers
17948,Lost Customers,146,1,358.56000000000006,358.56000000000006,146,,,,Lapsed,[Lapsed] Last Chance: Final win-back email + maximum discount,Lost Customers
17748,Lost Customers,526,1,358.15,358.15,526,,,,Lapsed,[Lapsed] Last Chance: Final win-back email + maximum discount,Lost Customers
16274,Lost Customers,372,1,357.95,357.95,372,,,,Lapsed,[Lapsed] Last Chance: Final win-back email + maximum discount,Lost Customers
16606,Lost Customers,403,2,357.66,178.83,433,30.0,,,Lapsed,[Lapsed] Last Chance: Final win-back email + maximum discount,Lost Customers
15595,Lost Customers,487,1,357.59999999999997,357.59999999999997,487,,,,Lapsed,[Lapsed] Last Chance: Final win-back email + maximum discount,Lost Customers
12495,Lost Customers,640,1,357.4,357.4,640,,,,Lapsed,[Lapsed] Last Chance: Final win-back email + maximum discount,Lost Customers
13234,Lost Customers,672,2,356.95,178.475,732,59.0,,,Lapsed,[Lapsed] Last Chance: Final win-back email + maximum discount,Lost Customers
17200,Lost Customers,386,4,356.71,89.1775,651,88.0,,,Lapsed,[Lapsed] Last Chance: Final win-back email + maximum discount,Lost Customers
12996,Lost Customers,375,1,355.5,355.5,375,,,,Lapsed,[Lapsed] Last Chance: Final win-back email + maximum discount,Lost Customers
16920,Lost Customers,410,1,355.45,355.45,410,,,,Lapsed,[Lapsed] Last Chance: Final win-back email + maximum discount,Lost Customers
14268,Lost Customers,470,1,354.85,354.85,470,,,,Lapsed,[Lapsed] Last Chance: Final win-back email + maximum discount,Lost Customers
12888,Lost Customers,213,2,354.12,177.06,254,41.0,,,Lapsed,[Lapsed] Last Chance: Final win-back email + maximum discount,Lost Customers
12845,Lost Customers,266,4,354.09000000000003,88.52250000000001,289,7.333333333333333,,,Lapsed,[Lapsed] Last Chance: Final win-back email + maximum discount,Lost Customers
16323,Lost Customers,195,2,353.66,176.83,577,381.0,,,Lapsed,[Lapsed] Last Chance: Final win-back email + maximum discount,Lost Customers
13343,Lost Customers,177,1,353.43,353.43,177,,,,Lapsed,[Lapsed] Last Chance: Final win-back email + maximum discount,Lost Customers
17976,Lost Customers,371,1,353.19,353.19,371,,,,Lapsed,[Lapsed] Last Chance: Final win-back email + maximum discount,Lost Customers
16382,Lost Customers,407,2,353.1,176.55,550,142.0,,,Lapsed,[Lapsed] Last Chance: Final win-back email + maximum discount,Lost Customers
17780,Lost Customers,666,3,352.90999999999997,117.63666666666666,684,8.5,,,Lapsed,[Lapsed] Last Chance: Final win-back email + maximum discount,Lost Customers
17196,Lost Customers,427,1,352.9,352.9,427,,,,Lapsed,[Lapsed] Last Chance: Final win-back email + maximum discount,Lost Customers
13765,Lost Customers,652,1,352.821,352.821,652,,,,Lapsed,[Lapsed] Last Chance: Final win-back email + maximum discount,Lost Customers
16857,Lost Customers,442,1,352.8,352.8,442,,,,Lapsed,[Lapsed] Last Chance: Final win-back email + maximum discount,Lost Customers
15334,Lost Customers,156,3,351.67,117.22333333333334,172,8.0,,,Lapsed,[Lapsed] Last Chance: Final win-back email + maximum discount,Lost Customers
16192,Lost Customers,735,1,351.3,351.3,735,,,,Lapsed,[Lapsed] Last Chance: Final win-back email + maximum discount,Lost Customers
16263,Lost Customers,422,1,351.01,351.01,422,,,,Lapsed,[Lapsed] Last Chance: Final win-back email + maximum discount,Lost Customers
14252,Lost Customers,380,1,350.99,350.99,380,,,,Lapsed,[Lapsed] Last Chance: Final win-back email + maximum discount,Lost Customers
13281,Lost Customers,438,1,350.85,350.85,438,,,,Lapsed,[Lapsed] Last Chance: Final win-back email + maximum discount,Lost Customers
17795,Lost Customers,179,2,350.39,175.195,264,85.0,,,Lapsed,[Lapsed] Last Chance: Final win-back email + maximum discount,Lost Customers
16476,Lost Customers,431,1,350.35,350.35,431,,,,Lapsed,[Lapsed] Last Chance: Final win-back email + maximum discount,Lost Customers
13887,Lost Customers,203,1,349.55,349.55,203,,,,Lapsed,[Lapsed] Last Chance: Final win-back email + maximum discount,Lost Customers
13550,Lost Customers,382,1,349.51,349.51,382,,,,Lapsed,[Lapsed] Last Chance: Final win-back email + maximum discount,Lost Customers
18090,Lost Customers,421,1,349.4,349.4,421,,,,Lapsed,[Lapsed] Last Chance: Final win-back email + maximum discount,Lost Customers
18250,Lost Customers,309,1,349.27,349.27,309,,,,Lapsed,[Lapsed] Last Chance: Final win-back email + maximum discount,Lost Customers
14545,Lost Customers,673,1,349.25,349.25,673,,,,Lapsed,[Lapsed] Last Chance: Final win-back email + maximum discount,Lost Customers
17577,Lost Customers,644,2,348.75,174.375,668,23.0,,,Lapsed,[Lapsed] Last Chance: Final win-back email + maximum discount,Lost Customers
15282,Lost Customers,569,1,348.59,348.59,569,,,,Lapsed,[Lapsed] Last Chance: Final win-back email + maximum discount,Lost Customers
12760,Lost Customers,455,1,347.8,347.8,455,,,,Lapsed,[Lapsed] Last Chance: Final win-back email + maximum discount,Lost Customers
15085,Lost Customers,729,1,347.54,347.54,729,,,,Lapsed,[Lapsed] Last Chance: Final win-back email + maximum discount,Lost Customers
16006,Lost Customers,210,2,347.17,173.585,387,176.0,,,Lapsed,[Lapsed] Last Chance: Final win-back email + maximum discount,Lost Customers
13062,Lost Customers,190,1,346.98,346.98,190,,,,Lapsed,[Lapsed] Last Chance: Final win-back email + maximum discount,Lost Customers
12411,Lost Customers,409,1,346.9,346.9,409,,,,Lapsed,[Lapsed] Last Chance: Final win-back email + maximum discount,Lost Customers
14724,Lost Customers,589,1,345.25,345.25,589,,,,Lapsed,[Lapsed] Last Chance: Final win-back email + maximum discount,Lost Customers
14633,Lost Customers,265,1,344.90000000000003,344.90000000000003,265,,,,Lapsed,[Lapsed] Last Chance: Final win-back email + maximum discount,Lost Customers
18199,Lost Customers,683,1,344.75,344.75,683,,,,Lapsed,[Lapsed] Last Chance: Final win-back email + maximum discount,Lost Customers
15519,Lost Customers,382,2,344.61,172.305,445,63.0,,,Lapsed,[Lapsed] Last Chance: Final win-back email + maximum discount,Lost Customers
17569,Lost Customers,331,1,344.14,344.14,331,,,,Lapsed,[Lapsed] Last Chance: Final win-back email + maximum discount,Lost Customers
16990,Lost Customers,218,2,344.0,172.0,422,203.0,,,Lapsed,[Lapsed] Last Chance: Final win-back email + maximum discount,Lost Customers
15047,Lost Customers,269,1,343.62,343.62,269,,,,Lapsed,[Lapsed] Last Chance: Final win-back email + maximum discount,Lost Customers
15880,Lost Customers,368,1,343.28,343.28,368,,,,Lapsed,[Lapsed] Last Chance: Final win-back email + maximum discount,Lost Customers
18047,Lost Customers,380,2,342.69,171.345,380,0.0,,,Lapsed,[Lapsed] Last Chance: Final win-back email + maximum discount,Lost Customers
14989,Lost Customers,661,1,342.4,342.4,661,,,,Lapsed,[Lapsed] Last Chance: Final win-back email + maximum discount,Lost Customers
17833,Lost Customers,722,1,342.36,342.36,722,,,,Lapsed,[Lapsed] Last Chance: Final win-back email + maximum discount,Lost Customers
17542,Lost Customers,269,3,341.70000000000005,113.90000000000002,641,185.5,,,Lapsed,[Lapsed] Last Chance: Final win-back email + maximum discount,Lost Customers
16585,Lost Customers,593,2,341.59000000000003,170.79500000000002,694,101.0,,,Lapsed,[Lapsed] Last Chance: Final win-back email + maximum discount,Lost Customers
14491,Lost Customers,174,2,340.93,170.465,372,197.0,,,Lapsed,[Lapsed] Last Chance: Final win-back email + maximum discount,Lost Customers
16044,Lost Customers,434,1,340.84000000000003,340.84000000000003,434,,,,Lapsed,[Lapsed] Last Chance: Final win-back email + maximum discount,Lost Customers
15818,Lost Customers,587,1,340.5,340.5,587,,,,Lapsed,[Lapsed] Last Chance: Final win-back email + maximum discount,Lost Customers
12900,Lost Customers,421,1,340.33000000000004,340.33000000000004,421,,,,Lapsed,[Lapsed] Last Chance: Final win-back email + maximum discount,Lost Customers
12698,Lost Customers,589,1,339.75,339.75,589,,,,Lapsed,[Lapsed] Last Chance: Final win-back email + maximum discount,Lost Customers
13737,Lost Customers,199,1,339.6,339.6,199,,,,Lapsed,[Lapsed] Last Chance: Final win-back email + maximum discount,Lost Customers
14203,Lost Customers,396,1,339.34,339.34,396,,,,Lapsed,[Lapsed] Last Chance: Final win-back email + maximum discount,Lost Customers
17697,Lost Customers,235,1,338.95,338.95,235,,,,Lapsed,[Lapsed] Last Chance: Final win-back email + maximum discount,Lost Customers
14630,Lost Customers,483,1,338.65,338.65,483,,,,Lapsed,[Lapsed] Last Chance: Final win-back email + maximum discount,Lost Customers
17776,Lost Customers,386,2,338.56,169.28,722,336.0,,,Lapsed,[Lapsed] Last Chance: Final win-back email + maximum discount,Lost Customers
17296,Lost Customers,729,1,338.13,338.13,729,,,,Lapsed,[Lapsed] Last Chance: Final win-back email + maximum discount,Lost Customers
12869,Lost Customers,681,1,337.66999999999996,337.66999999999996,681,,,,Lapsed,[Lapsed] Last Chance: Final win-back email + maximum discount,Lost Customers
12780,Lost Customers,598,1,337.4,337.4,598,,,,Lapsed,[Lapsed] Last Chance: Final win-back email + maximum discount,Lost Customers
17488,Lost Customers,640,1,336.5,336.5,640,,,,Lapsed,[Lapsed] Last Chance: Final win-back email + maximum discount,Lost Customers
13482,Lost Customers,231,2,336.09000000000003,168.04500000000002,627,395.0,,,Lapsed,[Lapsed] Last Chance: Final win-back email + maximum discount,Lost Customers
16273,Lost Customers,647,2,336.04,168.02,655,7.0,,,Lapsed,[Lapsed] Last Chance: Final win-back email + maximum discount,Lost Customers
16063,Lost Customers,259,1,335.32,335.32,259,,,,Lapsed,[Lapsed] Last Chance: Final win-back email + maximum discount,Lost Customers
14094,Lost Customers,439,1,335.22,335.22,439,,,,Lapsed,[Lapsed] Last Chance: Final win-back email + maximum discount,Lost Customers
12489,Lost Customers,335,1,334.93,334.93,335,,,,Lapsed,[Lapsed] Last Chance: Final win-back email + maximum discount,Lost Customers
17821,Lost Customers,405,1,334.62,334.62,405,,,,Lapsed,[Lapsed] Last Chance: Final win-back email + maximum discount,Lost Customers
12350,Lost Customers,309,1,334.40000000000003,334.40000000000003,309,,,,Lapsed,[Lapsed] Last Chance: Final win-back email + maximum discount,Lost Customers
17607,Lost Customers,375,1,333.81,333.81,375,,,,Lapsed,[Lapsed] Last Chance: Final win-back email + maximum discount,Lost Customers
13216,Lost Customers,267,1,333.74,333.74,267,,,,Lapsed,[Lapsed] Last Chance: Final win-back email + maximum discount,Lost Customers
14241,Lost Customers,183,2,333.70000000000005,166.85000000000002,695,512.0,,,Lapsed,[Lapsed] Last Chance: Final win-back email + maximum discount,Lost Customers
14957,Lost Customers,252,2,333.29,166.645,644,391.0,,,Lapsed,[Lapsed] Last Chance: Final win-back email + maximum discount,Lost Customers
16234,Lost Customers,475,3,333.18,111.06,561,42.5,,,Lapsed,[Lapsed] Last Chance: Final win-back email + maximum discount,Lost Customers
14137,Lost Customers,695,1,332.7,332.7,695,,,,Lapsed,[Lapsed] Last Chance: Final win-back email + maximum discount,Lost Customers
16850,Lost Customers,333,1,332.41,332.41,333,,,,Lapsed,[Lapsed] Last Chance: Final win-back email + maximum discount,Lost Customers
16452,Lost Customers,630,2,332.17,166.085,693,63.0,,,Lapsed,[Lapsed] Last Chance: Final win-back email + maximum discount,Lost Customers
15512,Lost Customers,155,4,331.58000000000004,82.89500000000001,675,172.66666666666666,,,Lapsed,[Lapsed] Last Chance: Final win-back email + maximum discount,Lost Customers
17435,Lost Customers,410,1,331.35,331.35,410,,,,Lapsed,[Lapsed] Last Chance: Final win-back email + maximum discount,Lost Customers
16030,Lost Customers,309,1,331.24,331.24,309,,,,Lapsed,[Lapsed] Last Chance: Final win-back email + maximum discount,Lost Customers
13981,Lost Customers,415,1,331.14,331.14,415,,,,Lapsed,[Lapsed] Last Chance: Final win-back email + maximum discount,Lost Customers
15878,Lost Customers,561,2,330.77,165.385,733,171.0,,,Lapsed,[Lapsed] Last Chance: Final win-back email + maximum discount,Lost Customers
12807,Lost Customers,382,1,330.35,330.35,382,,,,Lapsed,[Lapsed] Last Chance: Final win-back email + maximum discount,Lost Customers
13010,Lost Customers,373,2,330.12,165.06,648,274.0,,,Lapsed,[Lapsed] Last Chance: Final win-back email + maximum discount,Lost Customers
15130,Lost Customers,169,1,330.11,330.11,169,,,,Lapsed,[Lapsed] Last Chance: Final win-back email + maximum discount,Lost Customers
12850,Lost Customers,445,1,330.0,330.0,445,,,,Lapsed,[Lapsed] Last Chance: Final win-back email + maximum discount,Lost Customers
18186,Lost Customers,722,1,329.58000000000004,329.58000000000004,722,,,,Lapsed,[Lapsed] Last Chance: Final win-back email + maximum discount,Lost Customers
17518,Lost Customers,425,2,329.42,164.71,620,195.0,,,Lapsed,[Lapsed] Last Chance: Final win-back email + maximum discount,Lost Customers
16436,Lost Customers,667,3,329.34,109.77999999999999,732,32.0,,,Lapsed,[Lapsed] Last Chance: Final win-back email + maximum discount,Lost Customers
15979,Lost Customers,602,1,329.21999999999997,329.21999999999997,602,,,,Lapsed,[Lapsed] Last Chance: Final win-back email + maximum discount,Lost Customers
16286,Lost Customers,476,2,328.95,164.475,623,146.0,,,Lapsed,[Lapsed] Last Chance: Final win-back email + maximum discount,Lost Customers
14012,Lost Customers,277,1,328.8,328.8,277,,,,Lapsed,[Lapsed] Last Chance: Final win-back email + maximum discount,Lost Customers
15213,Lost Customers,318,2,328.34999999999997,164.17499999999998,329,11.0,,,Lapsed,[Lapsed] Last Chance: Final win-back email + maximum discount,Lost Customers
14747,Lost Customers,248,1,328.2,328.2,248,,,,Lapsed,[Lapsed] Last Chance: Final win-back email + maximum discount,Lost Customers
15709,Lost Customers,283,2,327.85,163.925,588,305.0,,,Lapsed,[Lapsed] Last Chance: Final win-back email + maximum discount,Lost Customers
15735,Lost Customers,420,1,327.68,327.68,420,,,,Lapsed,[Lapsed] Last Chance: Final win-back email + maximum discount,Lost Customers
13498,Lost Customers,729,1,327.38,327.38,729,,,,Lapsed,[Lapsed] Last Chance: Final win-back email + maximum discount,Lost Customers
12804,Lost Customers,465,2,327.02,163.51,499,34.0,,,Lapsed,[Lapsed] Last Chance: Final win-back email + maximum discount,Lost Customers
12460,Lost Customers,455,1,326.65,326.65,455,,,,Lapsed,[Lapsed] Last Chance: Final win-back email + maximum discount,Lost Customers
14070,Lost Customers,684,1,326.55,326.55,684,,,,Lapsed,[Lapsed] Last Chance: Final win-back email + maximum discount,Lost Customers
13646,Lost Customers,399,2,326.25,163.125,399,0.0,,,Lapsed,[Lapsed] Last Chance: Final win-back email + maximum discount,Lost Customers
17843,Lost Customers,302,2,326.23,163.115,411,108.0,,,Lapsed,[Lapsed] Last Chance: Final win-back email + maximum discount,Lost Customers
17439,Lost Customers,655,1,325.74,325.74,655,,,,Lapsed,[Lapsed] Last Chance: Final win-back email + maximum discount,Lost Customers
13661,Lost Customers,602,1,325.24,325.24,602,,,,Lapsed,[Lapsed] Last Chance: Final win-back email + maximum discount,Lost Customers
15670,Lost Customers,296,2,325.20000000000005,162.60000000000002,555,259.0,,,Lapsed,[Lapsed] Last Chance: Final win-back email + maximum discount,Lost Customers
15982,Lost Customers,604,1,324.51,324.51,604,,,,Lapsed,[Lapsed] Last Chance: Final win-back email + maximum discount,Lost Customers
12946,Lost Customers,436,1,324.45,324.45,436,,,,Lapsed,[Lapsed] Last Chance: Final win-back email + maximum discount,Lost Customers
13834,Lost Customers,576,2,324.19,162.095,668,92.0,,,Lapsed,[Lapsed] Last Chance: Final win-back email + maximum discount,Lost Customers
15869,Lost Customers,276,3,323.66,107.88666666666667,625,174.5,,,Lapsed,[Lapsed] Last Chance: Final win-back email + maximum discount,Lost Customers
17440,Lost Customers,156,4,323.58,80.895,548,130.33333333333334,,,Lapsed,[Lapsed] Last Chance: Final win-back email + maximum discount,Lost Customers
13025,Lost Customers,731,1,323.39,323.39,731,,,,Lapsed,[Lapsed] Last Chance: Final win-back email + maximum discount,Lost Customers
16195,Lost Customers,722,1,323.25,323.25,722,,,,Lapsed,[Lapsed] Last Chance: Final win-back email + maximum discount,Lost Customers
14263,Lost Customers,422,1,322.93,322.93,422,,,,Lapsed,[Lapsed] Last Chance: Final win-back email + maximum discount,Lost Customers
14832,Lost Customers,629,1,322.69,322.69,629,,,,Lapsed,[Lapsed] Last Chance: Final win-back email + maximum discount,Lost Customers
17326,Lost Customers,407,2,321.95,160.975,528,121.0,,,Lapsed,[Lapsed] Last Chance: Final win-back email + maximum discount,Lost Customers
15726,Lost Customers,389,1,321.91,321.91,389,,,,Lapsed,[Lapsed] Last Chance: Final win-back email + maximum discount,Lost Customers
13111,Lost Customers,718,1,321.88000000000005,321.88000000000005,718,,,,Lapsed,[Lapsed] Last Chance: Final win-back email + maximum discount,Lost Customers
17471,Lost Customers,474,1,321.65000000000003,321.65000000000003,474,,,,Lapsed,[Lapsed] Last Chance: Final win-back email + maximum discount,Lost Customers
15770,Lost Customers,612,1,321.45,321.45,612,,,,Lapsed,[Lapsed] Last Chance: Final win-back email + maximum discount,Lost Customers
14823,Lost Customers,179,3,321.43,107.14333333333333,194,6.5,,,Lapsed,[Lapsed] Last Chance: Final win-back email + maximum discount,Lost Customers
17182,Lost Customers,422,2,321.3,160.65,717,295.0,,,Lapsed,[Lapsed] Last Chance: Final win-back email + maximum discount,Lost Customers
15236,Lost Customers,298,1,321.05,321.05,298,,,,Lapsed,[Lapsed] Last Chance: Final win-back email + maximum discount,Lost Customers
14622,Lost Customers,184,1,320.58000000000004,320.58000000000004,184,,,,Lapsed,[Lapsed] Last Chance: Final win-back email + maximum discount,Lost Customers
17991,Lost Customers,224,3,320.55,106.85000000000001,591,182.5,,,Lapsed,[Lapsed] Last Chance: Final win-back email + maximum discount,Lost Customers
16683,Lost Customers,533,1,320.25,320.25,533,,,,Lapsed,[Lapsed] Last Chance: Final win-back email + maximum discount,Lost Customers
13942,Lost Customers,534,1,320.0,320.0,534,,,,Lapsed,[Lapsed] Last Chance: Final win-back email + maximum discount,Lost Customers
13843,Lost Customers,380,1,319.75,319.75,380,,,,Lapsed,[Lapsed] Last Chance: Final win-back email + maximum discount,Lost Customers
16967,Lost Customers,188,1,319.02,319.02,188,,,,Lapsed,[Lapsed] Last Chance: Final win-back email + maximum discount,Lost Customers
15682,Lost Customers,598,2,318.24,159.12,686,88.0,,,Lapsed,[Lapsed] Last Chance: Final win-back email + maximum discount,Lost Customers
18253,Lost Customers,642,1,317.88,317.88,642,,,,Lapsed,[Lapsed] Last Chance: Final win-back email + maximum discount,Lost Customers
15616,Lost Customers,437,1,317.11,317.11,437,,,,Lapsed,[Lapsed] Last Chance: Final win-back email + maximum discount,Lost Customers
17689,Lost Customers,387,2,317.08000000000004,158.54000000000002,473,85.0,,,Lapsed,[Lapsed] Last Chance: Final win-back email + maximum discount,Lost Customers
15204,Lost Customers,356,1,316.58,316.58,356,,,,Lapsed,[Lapsed] Last Chance: Final win-back email + maximum discount,Lost Customers
12529,Lost Customers,527,1,316.48,316.48,527,,,,Lapsed,[Lapsed] Last Chance: Final win-back email + maximum discount,Lost Customers
13494,Lost Customers,311,1,316.26000000000005,316.26000000000005,311,,,,Lapsed,[Lapsed] Last Chance: Final win-back email + maximum discount,Lost Customers
15196,Lost Customers,432,2,316.25,158.125,726,293.0,,,Lapsed,[Lapsed] Last Chance: Final win-back email + maximum discount,Lost Customers
17408,Lost Customers,162,3,316.09,105.36333333333333,513,174.5,,,Lapsed,[Lapsed] Last Chance: Final win-back email + maximum discount,Lost Customers
12614,Lost Customers,277,1,315.6,315.6,277,,,,Lapsed,[Lapsed] Last Chance: Final win-back email + maximum discount,Lost Customers
15042,Lost Customers,198,2,315.45000000000005,157.72500000000002,594,396.0,,,Lapsed,[Lapsed] Last Chance: Final win-back email + maximum discount,Lost Customers
16091,Lost Customers,154,2,315.06,157.53,198,43.0,,,Lapsed,[Lapsed] Last Chance: Final win-back email + maximum discount,Lost Customers
17121,Lost Customers,402,1,314.74,314.74,402,,,,Lapsed,[Lapsed] Last Chance: Final win-back email + maximum discount,Lost Customers
14991,Lost Customers,429,1,314.67,314.67,429,,,,Lapsed,[Lapsed] Last Chance: Final win-back email + maximum discount,Lost Customers
18206,Lost Customers,552,1,314.65999999999997,314.65999999999997,552,,,,Lapsed,[Lapsed] Last Chance: Final win-back email + maximum discount,Lost Customers
13660,Lost Customers,399,1,314.59,314.59,399,,,,Lapsed,[Lapsed] Last Chance: Final win-back email + maximum discount,Lost Customers
18070,Lost Customers,668,1,314.1,314.1,668,,,,Lapsed,[Lapsed] Last Chance: Final win-back email + maximum discount,Lost Customers
15873,Lost Customers,499,4,313.92,78.48,500,0.3333333333333333,,,Lapsed,[Lapsed] Last Chance: Final win-back email + maximum discount,Lost Customers
13087,Lost Customers,725,1,313.64,313.64,725,,,,Lapsed,[Lapsed] Last Chance: Final win-back email + maximum discount,Lost Customers
12665,Lost Customers,324,3,313.6,104.53333333333335,668,171.5,,,Lapsed,[Lapsed] Last Chance: Final win-back email + maximum discount,Lost Customers
17882,Lost Customers,378,2,313.46,156.73,378,0.0,,,Lapsed,[Lapsed] Last Chance: Final win-back email + maximum discount,Lost Customers
15162,Lost Customers,730,1,312.9,312.9,730,,,,Lapsed,[Lapsed] Last Chance: Final win-back email + maximum discount,Lost Customers
13905,Lost Customers,732,1,312.65,312.65,732,,,,Lapsed,[Lapsed] Last Chance: Final win-back email + maximum discount,Lost Customers
13226,Lost Customers,272,2,312.46000000000004,156.23000000000002,392,120.0,,,Lapsed,[Lapsed] Last Chance: Final win-back email + maximum discount,Lost Customers
12834,Lost Customers,282,1,312.38,312.38,282,,,,Lapsed,[Lapsed] Last Chance: Final win-back email + maximum discount,Lost Customers
12852,Lost Customers,294,1,311.55,311.55,294,,,,Lapsed,[Lapsed] Last Chance: Final win-back email + maximum discount,Lost Customers
13990,Lost Customers,212,1,311.3,311.3,212,,,,Lapsed,[Lapsed] Last Chance: Final win-back email + maximum discount,Lost Customers
12898,Lost Customers,463,2,310.96,155.48,659,195.0,,,Lapsed,[Lapsed] Last Chance: Final win-back email + maximum discount,Lost Customers
15724,Lost Customers,200,3,310.85,103.61666666666667,400,99.5,,,Lapsed,[Lapsed] Last Chance: Final win-back email + maximum discount,Lost Customers
16328,Lost Customers,562,1,310.83,310.83,562,,,,Lapsed,[Lapsed] Last Chance: Final win-back email + maximum discount,Lost Customers
13400,Lost Customers,582,1,310.83,310.83,582,,,,Lapsed,[Lapsed] Last Chance: Final win-back email + maximum discount,Lost Customers
13847,Lost Customers,719,1,310.72,310.72,719,,,,Lapsed,[Lapsed] Last Chance: Final win-back email + maximum discount,Lost Customers
16439,Lost Customers,721,1,310.70000000000005,310.70000000000005,721,,,,Lapsed,[Lapsed] Last Chance: Final win-back email + maximum discount,Lost Customers
14848,Lost Customers,404,1,310.56,310.56,404,,,,Lapsed,[Lapsed] Last Chance: Final win-back email + maximum discount,Lost Customers
14181,Lost Customers,410,2,310.55,155.275,562,151.0,,,Lapsed,[Lapsed] Last Chance: Final win-back email + maximum discount,Lost Customers
15308,Lost Customers,273,1,310.47,310.47,273,,,,Lapsed,[Lapsed] Last Chance: Final win-back email + maximum discount,Lost Customers
15188,Lost Customers,724,1,310.43,310.43,724,,,,Lapsed,[Lapsed] Last Chance: Final win-back email + maximum discount,Lost Customers
13315,Lost Customers,688,1,310.26000000000005,310.26000000000005,688,,,,Lapsed,[Lapsed] Last Chance: Final win-back email + maximum discount,Lost Customers
14749,Lost Customers,479,1,310.15,310.15,479,,,,Lapsed,[Lapsed] Last Chance: Final win-back email + maximum discount,Lost Customers
13628,Lost Customers,675,1,310.14,310.14,675,,,,Lapsed,[Lapsed] Last Chance: Final win-back email + maximum discount,Lost Customers
16373,Lost Customers,381,2,309.49,154.745,410,29.0,,,Lapsed,[Lapsed] Last Chance: Final win-back email + maximum discount,Lost Customers
16194,Lost Customers,374,1,308.6,308.6,374,,,,Lapsed,[Lapsed] Last Chance: Final win-back email + maximum discount,Lost Customers
13369,Lost Customers,365,1,308.28000000000003,308.28000000000003,365,,,,Lapsed,[Lapsed] Last Chance: Final win-back email + maximum discount,Lost Customers
14927,Lost Customers,396,1,308.2,308.2,396,,,,Lapsed,[Lapsed] Last Chance: Final win-back email + maximum discount,Lost Customers
16524,Lost Customers,445,2,308.14,154.07,690,245.0,,,Lapsed,[Lapsed] Last Chance: Final win-back email + maximum discount,Lost Customers
15302,Lost Customers,729,1,308.0,308.0,729,,,,Lapsed,[Lapsed] Last Chance: Final win-back email + maximum discount,Lost Customers
15778,Lost Customers,430,1,307.95000000000005,307.95000000000005,430,,,,Lapsed,[Lapsed] Last Chance: Final win-back email + maximum discount,Lost Customers
13289,Lost Customers,723,1,307.95,307.95,723,,,,Lapsed,[Lapsed] Last Chance: Final win-back email + maximum discount,Lost Customers
15454,Lost Customers,361,2,307.69,153.845,617,256.0,,,Lapsed,[Lapsed] Last Chance: Final win-back email + maximum discount,Lost Customers
14777,Lost Customers,403,1,307.56,307.56,403,,,,Lapsed,[Lapsed] Last Chance: Final win-back email + maximum discount,Lost Customers
13060,Lost Customers,253,1,307.53000000000003,307.53000000000003,253,,,,Lapsed,[Lapsed] Last Chance: Final win-back email + maximum discount,Lost Customers
17120,Lost Customers,232,1,307.46,307.46,232,,,,Lapsed,[Lapsed] Last Chance: Final win-back email + maximum discount,Lost Customers
13932,Lost Customers,294,1,307.4,307.4,294,,,,Lapsed,[Lapsed] Last Chance: Final win-back email + maximum discount,Lost Customers
14783,Lost Customers,658,1,307.3,307.3,658,,,,Lapsed,[Lapsed] Last Chance: Final win-back email + maximum discount,Lost Customers
17721,Lost Customers,658,1,307.21000000000004,307.21000000000004,658,,,,Lapsed,[Lapsed] Last Chance: Final win-back email + maximum discount,Lost Customers
13036,Lost Customers,684,1,307.1,307.1,684,,,,Lapsed,[Lapsed] Last Chance: Final win-back email + maximum discount,Lost Customers
15087,Lost Customers,281,1,306.94,306.94,281,,,,Lapsed,[Lapsed] Last Chance: Final win-back email + maximum discount,Lost Customers
17551,Lost Customers,358,1,306.84,306.84,358,,,,Lapsed,[Lapsed] Last Chance: Final win-back email + maximum discount,Lost Customers
16649,Lost Customers,519,1,306.58,306.58,519,,,,Lapsed,[Lapsed] Last Chance: Final win-back email + maximum discount,Lost Customers
13718,Lost Customers,245,2,306.55,153.275,295,49.0,,,Lapsed,[Lapsed] Last Chance: Final win-back email + maximum discount,Lost Customers
17077,Lost Customers,577,1,306.0,306.0,577,,,,Lapsed,[Lapsed] Last Chance: Final win-back email + maximum discount,Lost Customers
15135,Lost Customers,238,2,305.68,152.84,555,317.0,,,Lapsed,[Lapsed] Last Chance: Final win-back email + maximum discount,Lost Customers
14990,Lost Customers,611,2,305.42,152.71,729,118.0,,,Lapsed,[Lapsed] Last Chance: Final win-back email + maximum discount,Lost Customers
15893,Lost Customers,481,1,305.28000000000003,305.28000000000003,481,,,,Lapsed,[Lapsed] Last Chance: Final win-back email + maximum discount,Lost Customers
13383,Lost Customers,543,1,305.28000000000003,305.28000000000003,543,,,,Lapsed,[Lapsed] Last Chance: Final win-back email + maximum discount,Lost Customers
13667,Lost Customers,148,1,305.02,305.02,148,,,,Lapsed,[Lapsed] Last Chance: Final win-back email + maximum discount,Lost Customers
14043,Lost Customers,490,2,304.25,152.125,728,238.0,,,Lapsed,[Lapsed] Last Chance: Final win-back email + maximum discount,Lost Customers
18185,Lost Customers,248,1,304.25,304.25,248,,,,Lapsed,[Lapsed] Last Chance: Final win-back email + maximum discount,Lost Customers
16217,Lost Customers,234,2,304.25,152.125,281,46.0,,,Lapsed,[Lapsed] Last Chance: Final win-back email + maximum discount,Lost Customers
17688,Lost Customers,393,1,304.2,304.2,393,,,,Lapsed,[Lapsed] Last Chance: Final win-back email + maximum discount,Lost Customers
16489,Lost Customers,379,2,303.7,151.85,435,55.0,,,Lapsed,[Lapsed] Last Chance: Final win-back email + maximum discount,Lost Customers
14791,Lost Customers,606,1,303.63,303.63,606,,,,Lapsed,[Lapsed] Last Chance: Final win-back email + maximum discount,Lost Customers
17207,Lost Customers,651,1,303.21999999999997,303.21999999999997,651,,,,Lapsed,[Lapsed] Last Chance: Final win-back email + maximum discount,Lost Customers
16425,Lost Customers,301,1,302.7,302.7,301,,,,Lapsed,[Lapsed] Last Chance: Final win-back email + maximum discount,Lost Customers
18165,Lost Customers,176,1,302.46,302.46,176,,,,Lapsed,[Lapsed] Last Chance: Final win-back email + maximum discount,Lost Customers
15242,Lost Customers,421,1,302.04,302.04,421,,,,Lapsed,[Lapsed] Last Chance: Final win-back email + maximum discount,Lost Customers
16297,Lost Customers,268,1,301.9,301.9,268,,,,Lapsed,[Lapsed] Last Chance: Final win-back email + maximum discount,Lost Customers
13773,Lost Customers,396,2,301.54,150.77,659,263.0,,,Lapsed,[Lapsed] Last Chance: Final win-back email + maximum discount,Lost Customers
13625,Lost Customers,596,1,301.26,301.26,596,,,,Lapsed,[Lapsed] Last Chance: Final win-back email + maximum discount,Lost Customers
16437,Lost Customers,380,2,301.25,150.625,429,48.0,,,Lapsed,[Lapsed] Last Chance: Final win-back email + maximum discount,Lost Customers
12351,Lost Customers,374,1,300.93,300.93,374,,,,Lapsed,[Lapsed] Last Chance: Final win-back email + maximum discount,Lost Customers
16050,Lost Customers,173,3,300.70000000000005,100.23333333333335,400,113.0,,,Lapsed,[Lapsed] Last Chance: Final win-back email + maximum discount,Lost Customers
17556,Lost Customers,205,2,300.67,150.335,378,173.0,,,Lapsed,[Lapsed] Last Chance: Final win-back email + maximum discount,Lost Customers
14797,Lost Customers,506,1,300.31,300.31,506,,,,Lapsed,[Lapsed] Last Chance: Final win-back email + maximum discount,Lost Customers
17766,Lost Customers,380,2,299.61,149.805,380,0.0,,,Lapsed,[Lapsed] Last Chance: Final win-back email + maximum discount,Lost Customers
16402,Lost Customers,264,2,299.6,149.8,368,104.0,,,Lapsed,[Lapsed] Last Chance: Final win-back email + maximum discount,Lost Customers
12864,Lost Customers,137,2,299.57,149.785,507,369.0,,,Lapsed,[Lapsed] Last Chance: Final win-back email + maximum discount,Lost Customers
13346,Lost Customers,462,6,299.4,49.9,596,26.4,,,Lapsed,[Lapsed] Last Chance: Final win-back email + maximum discount,Lost Customers
12595,Lost Customers,504,1,299.02,299.02,504,,,,Lapsed,[Lapsed] Last Chance: Final win-back email + maximum discount,Lost Customers
17124,Lost Customers,184,1,298.89,298.89,184,,,,Lapsed,[Lapsed] Last Chance: Final win-back email + maximum discount,Lost Customers
15609,Lost Customers,183,1,298.48,298.48,183,,,,Lapsed,[Lapsed] Last Chance: Final win-back email + maximum discount,Lost Customers
12881,Lost Customers,275,1,298.0,298.0,275,,,,Lapsed,[Lapsed] Last Chance: Final win-back email + maximum discount,Lost Customers
16583,Lost Customers,373,2,297.95,148.975,673,299.0,,,Lapsed,[Lapsed] Last Chance: Final win-back email + maximum discount,Lost Customers
14835,Lost Customers,528,2,297.0,148.5,616,88.0,,,Lapsed,[Lapsed] Last Chance: Final win-back email + maximum discount,Lost Customers
13708,Lost Customers,270,1,296.88,296.88,270,,,,Lapsed,[Lapsed] Last Chance: Final win-back email + maximum discount,Lost Customers
14985,Lost Customers,197,2,296.75,148.375,357,159.0,,,Lapsed,[Lapsed] Last Chance: Final win-back email + maximum discount,Lost Customers
17627,Lost Customers,478,1,296.36,296.36,478,,,,Lapsed,[Lapsed] Last Chance: Final win-back email + maximum discount,Lost Customers
13751,Lost Customers,287,1,296.25,296.25,287,,,,Lapsed,[Lapsed] Last Chance: Final win-back email + maximum discount,Lost Customers
15962,Lost Customers,448,1,295.83,295.83,448,,,,Lapsed,[Lapsed] Last Chance: Final win-back email + maximum discount,Lost Customers
14269,Lost Customers,438,1,295.73,295.73,438,,,,Lapsed,[Lapsed] Last Chance: Final win-back email + maximum discount,Lost Customers
14614,Lost Customers,385,1,295.13,295.13,385,,,,Lapsed,[Lapsed] Last Chance: Final win-back email + maximum discount,Lost Customers
16252,Lost Customers,382,1,295.09000000000003,295.09000000000003,382,,,,Lapsed,[Lapsed] Last Chance: Final win-back email + maximum discount,Lost Customers
16579,Lost Customers,425,1,295.05,295.05,425,,,,Lapsed,[Lapsed] Last Chance: Final win-back email + maximum discount,Lost Customers
17057,Lost Customers,595,1,294.74,294.74,595,,,,Lapsed,[Lapsed] Last Chance: Final win-back email + maximum discount,Lost Customers
15041,Lost Customers,169,2,294.02,147.01,443,274.0,,,Lapsed,[Lapsed] Last Chance: Final win-back email + maximum discount,Lost Customers
17927,Lost Customers,721,1,294.0,294.0,721,,,,Lapsed,[Lapsed] Last Chance: Final win-back email + maximum discount,Lost Customers
15718,Lost Customers,539,1,293.79,293.79,539,,,,Lapsed,[Lapsed] Last Chance: Final win-back email + maximum discount,Lost Customers
14192,Lost Customers,387,1,293.74,293.74,387,,,,Lapsed,[Lapsed] Last Chance: Final win-back email + maximum discount,Lost Customers
15928,Lost Customers,655,1,293.53,293.53,655,,,,Lapsed,[Lapsed] Last Chance: Final win-back email + maximum discount,Lost Customers
17710,Lost Customers,423,1,293.5,293.5,423,,,,Lapsed,[Lapsed] Last Chance: Final win-back email + maximum discount,Lost Customers
17441,Lost Customers,731,1,293.35,293.35,731,,,,Lapsed,[Lapsed] Last Chance: Final win-back email + maximum discount,Lost Customers
16721,Lost Customers,261,1,292.47,292.47,261,,,,Lapsed,[Lapsed] Last Chance: Final win-back email + maximum discount,Lost Customers
16543,Lost Customers,591,1,292.21,292.21,591,,,,Lapsed,[Lapsed] Last Chance: Final win-back email + maximum discount,Lost Customers
17907,Lost Customers,640,1,291.76,291.76,640,,,,Lapsed,[Lapsed] Last Chance: Final win-back email + maximum discount,Lost Customers
16615,Lost Customers,625,1,291.5,291.5,625,,,,Lapsed,[Lapsed] Last Chance: Final win-back email + maximum discount,Lost Customers
18182,Lost Customers,462,1,291.13,291.13,462,,,,Lapsed,[Lapsed] Last Chance: Final win-back email + maximum discount,Lost Customers
15391,Lost Customers,583,1,289.87,289.87,583,,,,Lapsed,[Lapsed] Last Chance: Final win-back email + maximum discount,Lost Customers
16897,Lost Customers,298,2,289.78,144.89,313,14.0,,,Lapsed,[Lapsed] Last Chance: Final win-back email + maximum discount,Lost Customers
13796,Lost Customers,498,1,289.7,289.7,498,,,,Lapsed,[Lapsed] Last Chance: Final win-back email + maximum discount,Lost Customers
14433,Lost Customers,465,1,289.6,289.6,465,,,,Lapsed,[Lapsed] Last Chance: Final win-back email + maximum discount,Lost Customers
14162,Lost Customers,173,2,289.36,144.68,292,118.0,,,Lapsed,[Lapsed] Last Chance: Final win-back email + maximum discount,Lost Customers
17501,Lost Customers,220,2,288.6,144.3,220,0.0,,,Lapsed,[Lapsed] Last Chance: Final win-back email + maximum discount,Lost Customers
13616,Lost Customers,567,2,288.1,144.05,690,122.0,,,Lapsed,[Lapsed] Last Chance: Final win-back email + maximum discount,Lost Customers
17497,Lost Customers,389,2,287.25,143.625,610,220.0,,,Lapsed,[Lapsed] Last Chance: Final win-back email + maximum discount,Lost Customers
13508,Lost Customers,243,2,287.04999999999995,143.52499999999998,642,399.0,,,Lapsed,[Lapsed] Last Chance: Final win-back email + maximum discount,Lost Customers
13909,Lost Customers,422,2,286.6,143.3,520,98.0,,,Lapsed,[Lapsed] Last Chance: Final win-back email + maximum discount,Lost Customers
14183,Lost Customers,410,2,286.29,143.145,480,69.0,,,Lapsed,[Lapsed] Last Chance: Final win-back email + maximum discount,Lost Customers
14402,Lost Customers,651,1,285.6,285.6,651,,,,Lapsed,[Lapsed] Last Chance: Final win-back email + maximum discount,Lost Customers
16890,Lost Customers,476,3,285.40999999999997,95.13666666666666,581,52.0,,,Lapsed,[Lapsed] Last Chance: Final win-back email + maximum discount,Lost Customers
12487,Lost Customers,730,1,285.3,285.3,730,,,,Lapsed,[Lapsed] Last Chance: Final win-back email + maximum discount,Lost Customers
17355,Lost Customers,385,1,285.11,285.11,385,,,,Lapsed,[Lapsed] Last Chance: Final win-back email + maximum discount,Lost Customers
15445,Lost Customers,263,2,284.5,142.25,589,326.0,,,Lapsed,[Lapsed] Last Chance: Final win-back email + maximum discount,Lost Customers
15354,Lost Customers,602,3,284.4,94.8,602,0.0,,,Lapsed,[Lapsed] Last Chance: Final win-back email + maximum discount,Lost Customers
13121,Lost Customers,268,1,283.73,283.73,268,,,,Lapsed,[Lapsed] Last Chance: Final win-back email + maximum discount,Lost Customers
15662,Lost Customers,660,2,283.73,141.865,737,77.0,,,Lapsed,[Lapsed] Last Chance: Final win-back email + maximum discount,Lost Customers
15338,Lost Customers,676,1,283.43,283.43,676,,,,Lapsed,[Lapsed] Last Chance: Final win-back email + maximum discount,Lost Customers
15936,Lost Customers,378,2,282.79,141.395,467,88.0,,,Lapsed,[Lapsed] Last Chance: Final win-back email + maximum discount,Lost Customers
13511,Lost Customers,676,1,282.76,282.76,676,,,,Lapsed,[Lapsed] Last Chance: Final win-back email + maximum discount,Lost Customers
12771,Lost Customers,485,1,282.3,282.3,485,,,,Lapsed,[Lapsed] Last Chance: Final win-back email + maximum discount,Lost Customers
17072,Lost Customers,624,1,282.05,282.05,624,,,,Lapsed,[Lapsed] Last Chance: Final win-back email + maximum discount,Lost Customers
13326,Lost Customers,431,1,281.76,281.76,431,,,,Lapsed,[Lapsed] Last Chance: Final win-back email + maximum discount,Lost Customers
13679,Lost Customers,493,3,281.26,93.75333333333333,734,120.5,,,Lapsed,[Lapsed] Last Chance: Final win-back email + maximum discount,Lost Customers
15772,Lost Customers,417,1,280.88,280.88,417,,,,Lapsed,[Lapsed] Last Chance: Final win-back email + maximum discount,Lost Customers
13080,Lost Customers,178,4,280.73,70.1825,608,143.0,,,Lapsed,[Lapsed] Last Chance: Final win-back email + maximum discount,Lost Customers
14242,Lost Customers,234,2,280.54999999999995,140.27499999999998,325,91.0,,,Lapsed,[Lapsed] Last Chance: Final win-back email + maximum discount,Lost Customers
13581,Lost Customers,308,2,280.53,140.265,413,104.0,,,Lapsed,[Lapsed] Last Chance: Final win-back email + maximum discount,Lost Customers
17264,Lost Customers,423,1,279.59,279.59,423,,,,Lapsed,[Lapsed] Last Chance: Final win-back email + maximum discount,Lost Customers
14303,Lost Customers,406,2,277.94,138.97,434,27.0,,,Lapsed,[Lapsed] Last Chance: Final win-back email + maximum discount,Lost Customers
16334,Lost Customers,491,1,277.48,277.48,491,,,,Lapsed,[Lapsed] Last Chance: Final win-back email + maximum discount,Lost Customers
13399,Lost Customers,463,3,275.4,91.8,518,27.0,,,Lapsed,[Lapsed] Last Chance: Final win-back email + maximum discount,Lost Customers
13861,Lost Customers,428,2,273.26,136.63,530,101.0,,,Lapsed,[Lapsed] Last Chance: Final win-back email + maximum discount,Lost Customers
15964,Lost Customers,662,1,272.96000000000004,272.96000000000004,662,,,,Lapsed,[Lapsed] Last Chance: Final win-back email + maximum discount,Lost Customers
14816,Lost Customers,196,1,271.85,271.85,196,,,,Lapsed,[Lapsed] Last Chance: Final win-back email + maximum discount,Lost Customers
17292,Lost Customers,471,2,271.75,135.875,578,107.0,,,Lapsed,[Lapsed] Last Chance: Final win-back email + maximum discount,Lost Customers
16089,Lost Customers,385,2,271.44,135.72,508,122.0,,,Lapsed,[Lapsed] Last Chance: Final win-back email + maximum discount,Lost Customers
15943,Lost Customers,649,2,271.29,135.645,677,28.0,,,Lapsed,[Lapsed] Last Chance: Final win-back email + maximum discount,Lost Customers
13837,Lost Customers,211,2,271.24,135.62,317,105.0,,,Lapsed,[Lapsed] Last Chance: Final win-back email + maximum discount,Lost Customers
17278,Lost Customers,240,2,271.24,135.62,564,323.0,,,Lapsed,[Lapsed] Last Chance: Final win-back email + maximum discount,Lost Customers
18238,Lost Customers,514,1,270.92,270.92,514,,,,Lapsed,[Lapsed] Last Chance: Final win-back email + maximum discount,Lost Customers
13533,Lost Customers,182,3,270.78999999999996,90.26333333333332,267,42.0,,,Lapsed,[Lapsed] Last Chance: Final win-back email + maximum discount,Lost Customers
16757,Lost Customers,318,2,270.48,135.24,408,90.0,,,Lapsed,[Lapsed] Last Chance: Final win-back email + maximum discount,Lost Customers
18267,Lost Customers,672,1,269.37,269.37,672,,,,Lapsed,[Lapsed] Last Chance: Final win-back email + maximum discount,Lost Customers
12751,Lost Customers,444,1,268.27,268.27,444,,,,Lapsed,[Lapsed] Last Chance: Final win-back email + maximum discount,Lost Customers
18254,Lost Customers,580,1,267.9,267.9,580,,,,Lapsed,[Lapsed] Last Chance: Final win-back email + maximum discount,Lost Customers
15408,Lost Customers,263,1,267.18,267.18,263,,,,Lapsed,[Lapsed] Last Chance: Final win-back email + maximum discount,Lost Customers
15503,Lost Customers,362,2,267.15,133.575,726,363.0,,,Lapsed,[Lapsed] Last Chance: Final win-back email + maximum discount,Lost Customers
15517,Lost Customers,232,1,267.03,267.03,232,,,,Lapsed,[Lapsed] Last Chance: Final win-back email + maximum discount,Lost Customers
16502,Lost Customers,619,2,266.5,133.25,619,0.0,,,Lapsed,[Lapsed] Last Chance: Final win-back email + maximum discount,Lost Customers
14392,Lost Customers,431,1,266.4,266.4,431,,,,Lapsed,[Lapsed] Last Chance: Final win-back email + maximum discount,Lost Customers
15119,Lost Customers,245,1,266.4,266.4,245,,,,Lapsed,[Lapsed] Last Chance: Final win-back email + maximum discount,Lost Customers
15019,Lost Customers,266,1,266.0,266.0,266,,,,Lapsed,[Lapsed] Last Chance: Final win-back email + maximum discount,Lost Customers
16074,Lost Customers,389,1,265.25,265.25,389,,,,Lapsed,[Lapsed] Last Chance: Final win-back email + maximum discount,Lost Customers
13973,Lost Customers,286,1,264.7,264.7,286,,,,Lapsed,[Lapsed] Last Chance: Final win-back email + maximum discount,Lost Customers
15894,Lost Customers,252,2,263.55,131.775,368,115.0,,,Lapsed,[Lapsed] Last Chance: Final win-back email + maximum discount,Lost Customers
13128,Lost Customers,630,1,263.5,263.5,630,,,,Lapsed,[Lapsed] Last Chance: Final win-back email + maximum discount,Lost Customers
12892,Lost Customers,396,1,263.38,263.38,396,,,,Lapsed,[Lapsed] Last Chance: Final win-back email + maximum discount,Lost Customers
17808,Lost Customers,548,4,262.64,65.66,580,10.0,,,Lapsed,[Lapsed] Last Chance: Final win-back email + maximum discount,Lost Customers
14526,Lost Customers,388,1,262.4,262.4,388,,,,Lapsed,[Lapsed] Last Chance: Final win-back email + maximum discount,Lost Customers
13331,Lost Customers,401,1,262.4,262.4,401,,,,Lapsed,[Lapsed] Last Chance: Final win-back email + maximum discount,Lost Customers
17910,Lost Customers,725,1,261.7,261.7,725,,,,Lapsed,[Lapsed] Last Chance: Final win-back email + maximum discount,Lost Customers
12655,Lost Customers,423,1,261.35,261.35,423,,,,Lapsed,[Lapsed] Last Chance: Final win-back email + maximum discount,Lost Customers
16733,Lost Customers,529,1,259.68,259.68,529,,,,Lapsed,[Lapsed] Last Chance: Final win-back email + maximum discount,Lost Customers
17558,Lost Customers,392,1,259.17,259.17,392,,,,Lapsed,[Lapsed] Last Chance: Final win-back email + maximum discount,Lost Customers
15536,Lost Customers,408,1,259.09,259.09,408,,,,Lapsed,[Lapsed] Last Chance: Final win-back email + maximum discount,Lost Customers
16381,Lost Customers,395,2,258.7,129.35,417,22.0,,,Lapsed,[Lapsed] Last Chance: Final win-back email + maximum discount,Lost Customers
13683,Lost Customers,457,1,258.6,258.6,457,,,,Lapsed,[Lapsed] Last Chance: Final win-back email + maximum discount,Lost Customers
13227,Lost Customers,201,1,257.7,257.7,201,,,,Lapsed,[Lapsed] Last Chance: Final win-back email + maximum discount,Lost Customers
15852,Lost Customers,186,3,257.26,85.75333333333333,526,169.5,,,Lapsed,[Lapsed] Last Chance: Final win-back email + maximum discount,Lost Customers
14483,Lost Customers,281,2,257.1,128.55,736,455.0,,,Lapsed,[Lapsed] Last Chance: Final win-back email + maximum discount,Lost Customers
15404,Lost Customers,375,1,257.06,257.06,375,,,,Lapsed,[Lapsed] Last Chance: Final win-back email + maximum discount,Lost Customers
14166,Lost Customers,504,2,256.85,128.425,625,121.0,,,Lapsed,[Lapsed] Last Chance: Final win-back email + maximum discount,Lost Customers
14876,Lost Customers,520,2,256.7,128.35,560,40.0,,,Lapsed,[Lapsed] Last Chance: Final win-back email + maximum discount,Lost Customers
14274,Lost Customers,685,1,256.6,256.6,685,,,,Lapsed,[Lapsed] Last Chance: Final win-back email + maximum discount,Lost Customers
13250,Lost Customers,460,2,256.03999999999996,128.01999999999998,501,41.0,,,Lapsed,[Lapsed] Last Chance: Final win-back email + maximum discount,Lost Customers
16893,Lost Customers,366,2,255.84,127.92,375,9.0,,,Lapsed,[Lapsed] Last Chance: Final win-back email + maximum discount,Lost Customers
13825,Lost Customers,621,2,255.59000000000003,127.79500000000002,729,108.0,,,Lapsed,[Lapsed] Last Chance: Final win-back email + maximum discount,Lost Customers
16911,Lost Customers,635,2,255.25,127.625,660,25.0,,,Lapsed,[Lapsed] Last Chance: Final win-back email + maximum discount,Lost Customers
12746,Lost Customers,540,1,254.55,254.55,540,,,,Lapsed,[Lapsed] Last Chance: Final win-back email + maximum discount,Lost Customers
17992,Lost Customers,388,1,254.13,254.13,388,,,,Lapsed,[Lapsed] Last Chance: Final win-back email + maximum discount,Lost Customers
17626,Lost Customers,602,1,254.0,254.0,602,,,,Lapsed,[Lapsed] Last Chance: Final win-back email + maximum discount,Lost Customers
16845,Lost Customers,617,1,253.88,253.88,617,,,,Lapsed,[Lapsed] Last Chance: Final win-back email + maximum discount,Lost Customers
17210,Lost Customers,392,1,253.37,253.37,392,,,,Lapsed,[Lapsed] Last Chance: Final win-back email + maximum discount,Lost Customers
13251,Lost Customers,401,1,252.68,252.68,401,,,,Lapsed,[Lapsed] Last Chance: Final win-back email + maximum discount,Lost Customers
16908,Lost Customers,721,1,252.59,252.59,721,,,,Lapsed,[Lapsed] Last Chance: Final win-back email + maximum discount,Lost Customers
15552,Lost Customers,216,2,252.52,126.26,622,405.0,,,Lapsed,[Lapsed] Last Chance: Final win-back email + maximum discount,Lost Customers
16453,Lost Customers,530,2,251.71,125.855,547,17.0,,,Lapsed,[Lapsed] Last Chance: Final win-back email + maximum discount,Lost Customers
16976,Lost Customers,266,1,251.51999999999998,251.51999999999998,266,,,,Lapsed,[Lapsed] Last Chance: Final win-back email + maximum discount,Lost Customers
14501,Lost Customers,183,2,251.21,125.605,319,136.0,,,Lapsed,[Lapsed] Last Chance: Final win-back email + maximum discount,Lost Customers
18266,Lost Customers,433,1,251.1,251.1,433,,,,Lapsed,[Lapsed] Last Chance: Final win-back email + maximum discount,Lost Customers
16962,Lost Customers,409,1,251.04,251.04,409,,,,Lapsed,[Lapsed] Last Chance: Final win-back email + maximum discount,Lost Customers
15231,Lost Customers,620,1,250.26000000000002,250.26000000000002,620,,,,Lapsed,[Lapsed] Last Chance: Final win-back email + maximum discount,Lost Customers
17303,Lost Customers,360,1,250.04,250.04,360,,,,Lapsed,[Lapsed] Last Chance: Final win-back email + maximum discount,Lost Customers
15510,Lost Customers,330,1,250.0,250.0,330,,,,Lapsed,[Lapsed] Last Chance: Final win-back email + maximum discount,Lost Customers
18002,Lost Customers,375,4,249.92,62.48,731,118.0,,,Lapsed,[Lapsed] Last Chance: Final win-back email + maximum discount,Lost Customers
15884,Lost Customers,431,2,249.70000000000002,124.85000000000001,735,303.0,,,Lapsed,[Lapsed] Last Chance: Final win-back email + maximum discount,Lost Customers
12563,Lost Customers,408,1,249.24,249.24,408,,,,Lapsed,[Lapsed] Last Chance: Final win-back email + maximum discount,Lost Customers
16508,Lost Customers,629,1,248.8,248.8,629,,,,Lapsed,[Lapsed] Last Chance: Final win-back email + maximum discount,Lost Customers
15293,Lost Customers,665,1,247.5,247.5,665,,,,Lapsed,[Lapsed] Last Chance: Final win-back email + maximum discount,Lost Customers
18072,Lost Customers,185,1,247.44,247.44,185,,,,Lapsed,[Lapsed] Last Chance: Final win-back email + maximum discount,Lost Customers
14654,Lost Customers,737,1,246.86,246.86,737,,,,Lapsed,[Lapsed] Last Chance: Final win-back email + maximum discount,Lost Customers
15697,Lost Customers,689,1,246.75,246.75,689,,,,Lapsed,[Lapsed] Last Chance: Final win-back email + maximum discount,Lost Customers
13943,Lost Customers,577,1,246.54000000000002,246.54000000000002,577,,,,Lapsed,[Lapsed] Last Chance: Final win-back email + maximum discount,Lost Customers
15378,Lost Customers,462,2,246.5,123.25,501,39.0,,,Lapsed,[Lapsed] Last Chance: Final win-back email + maximum discount,Lost Customers
15495,Lost Customers,378,1,246.5,246.5,378,,,,Lapsed,[Lapsed] Last Chance: Final win-back email + maximum discount,Lost Customers
18153,Lost Customers,658,1,246.22,246.22,658,,,,Lapsed,[Lapsed] Last Chance: Final win-back email + maximum discount,Lost Customers
14325,Lost Customers,569,1,245.48000000000002,245.48000000000002,569,,,,Lapsed,[Lapsed] Last Chance: Final win-back email + maximum discount,Lost Customers
14281,Lost Customers,407,1,245.15,245.15,407,,,,Lapsed,[Lapsed] Last Chance: Final win-back email + maximum discount,Lost Customers
14694,Lost Customers,616,1,244.31,244.31,616,,,,Lapsed,[Lapsed] Last Chance: Final win-back email + maximum discount,Lost Customers
13551,Lost Customers,318,2,244.2,122.1,665,346.0,,,Lapsed,[Lapsed] Last Chance: Final win-back email + maximum discount,Lost Customers
17925,Lost Customers,372,1,244.08,244.08,372,,,,Lapsed,[Lapsed] Last Chance: Final win-back email + maximum discount,Lost Customers
13676,Lost Customers,538,2,243.90000000000003,121.95000000000002,618,80.0,,,Lapsed,[Lapsed] Last Chance: Final win-back email + maximum discount,Lost Customers
15543,Lost Customers,287,2,242.84,121.42,459,171.0,,,Lapsed,[Lapsed] Last Chance: Final win-back email + maximum discount,Lost Customers
17915,Lost Customers,550,1,242.13,242.13,550,,,,Lapsed,[Lapsed] Last Chance: Final win-back email + maximum discount,Lost Customers
17009,Lost Customers,550,1,242.06,242.06,550,,,,Lapsed,[Lapsed] Last Chance: Final win-back email + maximum discount,Lost Customers
13445,Lost Customers,625,1,241.89999999999998,241.89999999999998,625,,,,Lapsed,[Lapsed] Last Chance: Final win-back email + maximum discount,Lost Customers
13582,Lost Customers,389,2,241.68,120.84,617,227.0,,,Lapsed,[Lapsed] Last Chance: Final win-back email + maximum discount,Lost Customers
13275,Lost Customers,383,2,241.66,120.83,631,248.0,,,Lapsed,[Lapsed] Last Chance: Final win-back email + maximum discount,Lost Customers
14774,Lost Customers,528,1,241.45000000000002,241.45000000000002,528,,,,Lapsed,[Lapsed] Last Chance: Final win-back email + maximum discount,Lost Customers
16427,Lost Customers,262,2,241.06,120.53,283,21.0,,,Lapsed,[Lapsed] Last Chance: Final win-back email + maximum discount,Lost Customers
13674,Lost Customers,432,1,240.68,240.68,432,,,,Lapsed,[Lapsed] Last Chance: Final win-back email + maximum discount,Lost Customers
15336,Lost Customers,401,1,240.5,240.5,401,,,,Lapsed,[Lapsed] Last Chance: Final win-back email + maximum discount,Lost Customers
15931,Lost Customers,427,1,239.9,239.9,427,,,,Lapsed,[Lapsed] Last Chance: Final win-back email + maximum discount,Lost Customers
17055,Lost Customers,445,1,239.55,239.55,445,,,,Lapsed,[Lapsed] Last Chance: Final win-back email + maximum discount,Lost Customers
13570,Lost Customers,242,1,239.49,239.49,242,,,,Lapsed,[Lapsed] Last Chance: Final win-back email + maximum discount,Lost Customers
13789,Lost Customers,387,1,239.46,239.46,387,,,,Lapsed,[Lapsed] Last Chance: Final win-back email + maximum discount,Lost Customers
12663,Lost Customers,624,2,239.4,119.7,667,43.0,,,Lapsed,[Lapsed] Last Chance: Final win-back email + maximum discount,Lost Customers
17981,Lost Customers,410,1,239.12,239.12,410,,,,Lapsed,[Lapsed] Last Chance: Final win-back email + maximum discount,Lost Customers
12561,Lost Customers,302,1,238.85,238.85,302,,,,Lapsed,[Lapsed] Last Chance: Final win-back email + maximum discount,Lost Customers
16280,Lost Customers,724,1,238.05,238.05,724,,,,Lapsed,[Lapsed] Last Chance: Final win-back email + maximum discount,Lost Customers
14982,Lost Customers,571,1,237.78,237.78,571,,,,Lapsed,[Lapsed] Last Chance: Final win-back email + maximum discount,Lost Customers
17877,Lost Customers,169,1,237.61,237.61,169,,,,Lapsed,[Lapsed] Last Chance: Final win-back email + maximum discount,Lost Customers
14458,Lost Customers,380,1,237.42,237.42,380,,,,Lapsed,[Lapsed] Last Chance: Final win-back email + maximum discount,Lost Customers
14586,Lost Customers,276,1,237.35999999999999,237.35999999999999,276,,,,Lapsed,[Lapsed] Last Chance: Final win-back email + maximum discount,Lost Customers
15457,Lost Customers,261,1,237.07,237.07,261,,,,Lapsed,[Lapsed] Last Chance: Final win-back email + maximum discount,Lost Customers
16740,Lost Customers,394,1,236.81,236.81,394,,,,Lapsed,[Lapsed] Last Chance: Final win-back email + maximum discount,Lost Customers
12732,Lost Customers,179,1,236.26000000000002,236.26000000000002,179,,,,Lapsed,[Lapsed] Last Chance: Final win-back email + maximum discount,Lost Customers
13608,Lost Customers,540,1,236.2,236.2,540,,,,Lapsed,[Lapsed] Last Chance: Final win-back email + maximum discount,Lost Customers
13088,Lost Customers,416,1,236.11,236.11,416,,,,Lapsed,[Lapsed] Last Chance: Final win-back email + maximum discount,Lost Customers
17093,Lost Customers,592,1,235.88,235.88,592,,,,Lapsed,[Lapsed] Last Chance: Final win-back email + maximum discount,Lost Customers
17872,Lost Customers,381,1,235.87,235.87,381,,,,Lapsed,[Lapsed] Last Chance: Final win-back email + maximum discount,Lost Customers
16046,Lost Customers,561,1,235.78,235.78,561,,,,Lapsed,[Lapsed] Last Chance: Final win-back email + maximum discount,Lost Customers
17993,Lost Customers,616,1,235.19,235.19,616,,,,Lapsed,[Lapsed] Last Chance: Final win-back email + maximum discount,Lost Customers
12392,Lost Customers,590,1,234.75000000000003,234.75000000000003,590,,,,Lapsed,[Lapsed] Last Chance: Final win-back email + maximum discount,Lost Customers
17868,Lost Customers,385,1,234.65,234.65,385,,,,Lapsed,[Lapsed] Last Chance: Final win-back email + maximum discount,Lost Customers
13114,Lost Customers,730,1,234.38,234.38,730,,,,Lapsed,[Lapsed] Last Chance: Final win-back email + maximum discount,Lost Customers
17060,Lost Customers,265,1,234.24,234.24,265,,,,Lapsed,[Lapsed] Last Chance: Final win-back email + maximum discount,Lost Customers
17967,Lost Customers,371,2,234.22,117.11,415,44.0,,,Lapsed,[Lapsed] Last Chance: Final win-back email + maximum discount,Lost Customers
13009,Lost Customers,672,1,234.0,234.0,672,,,,Lapsed,[Lapsed] Last Chance: Final win-back email + maximum discount,Lost Customers
12736,Lost Customers,332,1,234.0,234.0,332,,,,Lapsed,[Lapsed] Last Chance: Final win-back email + maximum discount,Lost Customers
14153,Lost Customers,482,1,233.39999999999998,233.39999999999998,482,,,,Lapsed,[Lapsed] Last Chance: Final win-back email + maximum discount,Lost Customers
15294,Lost Customers,410,1,233.35,233.35,410,,,,Lapsed,[Lapsed] Last Chance: Final win-back email + maximum discount,Lost Customers
13129,Lost Customers,451,2,233.25,116.625,529,77.0,,,Lapsed,[Lapsed] Last Chance: Final win-back email + maximum discount,Lost Customers
15451,Lost Customers,433,2,233.21,116.605,598,164.0,,,Lapsed,[Lapsed] Last Chance: Final win-back email + maximum discount,Lost Customers
13678,Lost Customers,151,1,232.6,232.6,151,,,,Lapsed,[Lapsed] Last Chance: Final win-back email + maximum discount,Lost Customers
18213,Lost Customers,236,1,232.48000000000002,232.48000000000002,236,,,,Lapsed,[Lapsed] Last Chance: Final win-back email + maximum discount,Lost Customers
16408,Lost Customers,590,1,231.93,231.93,590,,,,Lapsed,[Lapsed] Last Chance: Final win-back email + maximum discount,Lost Customers
17151,Lost Customers,734,1,231.90000000000003,231.90000000000003,734,,,,Lapsed,[Lapsed] Last Chance: Final win-back email + maximum discount,Lost Customers
13619,Lost Customers,544,2,231.69,115.845,673,129.0,,,Lapsed,[Lapsed] Last Chance: Final win-back email + maximum discount,Lost Customers
17136,Lost Customers,661,1,231.68,231.68,661,,,,Lapsed,[Lapsed] Last Chance: Final win-back email + maximum discount,Lost Customers
18279,Lost Customers,518,1,231.34,231.34,518,,,,Lapsed,[Lapsed] Last Chance: Final win-back email + maximum discount,Lost Customers
15487,Lost Customers,679,1,231.32,231.32,679,,,,Lapsed,[Lapsed] Last Chance: Final win-back email + maximum discount,Lost Customers
15001,Lost Customers,393,2,230.85999999999999,115.42999999999999,393,0.0,,,Lapsed,[Lapsed] Last Chance: Final win-back email + maximum discount,Lost Customers
17261,Lost Customers,509,1,230.44,230.44,509,,,,Lapsed,[Lapsed] Last Chance: Final win-back email + maximum discount,Lost Customers
18197,Lost Customers,575,1,230.1,230.1,575,,,,Lapsed,[Lapsed] Last Chance: Final win-back email + maximum discount,Lost Customers
14069,Lost Customers,514,2,230.06,115.03,561,46.0,,,Lapsed,[Lapsed] Last Chance: Final win-back email + maximum discount,Lost Customers
14017,Lost Customers,570,1,229.75,229.75,570,,,,Lapsed,[Lapsed] Last Chance: Final win-back email + maximum discount,Lost Customers
14596,Lost Customers,626,1,229.47,229.47,626,,,,Lapsed,[Lapsed] Last Chance: Final win-back email + maximum discount,Lost Customers
17185,Lost Customers,591,3,229.46,76.48666666666666,597,3.0,,,Lapsed,[Lapsed] Last Chance: Final win-back email + maximum discount,Lost Customers
15528,Lost Customers,253,1,229.33,229.33,253,,,,Lapsed,[Lapsed] Last Chance: Final win-back email + maximum discount,Lost Customers
17743,Lost Customers,447,1,229.2,229.2,447,,,,Lapsed,[Lapsed] Last Chance: Final win-back email + maximum discount,Lost Customers
15273,Lost Customers,599,1,228.96,228.96,599,,,,Lapsed,[Lapsed] Last Chance: Final win-back email + maximum discount,Lost Customers
17989,Lost Customers,378,1,228.83,228.83,378,,,,Lapsed,[Lapsed] Last Chance: Final win-back email + maximum discount,Lost Customers
17066,Lost Customers,725,1,228.34,228.34,725,,,,Lapsed,[Lapsed] Last Chance: Final win-back email + maximum discount,Lost Customers
16760,Lost Customers,429,1,228.0,228.0,429,,,,Lapsed,[Lapsed] Last Chance: Final win-back email + maximum discount,Lost Customers
15566,Lost Customers,392,2,227.87,113.935,723,331.0,,,Lapsed,[Lapsed] Last Chance: Final win-back email + maximum discount,Lost Customers
14363,Lost Customers,401,2,227.47,113.735,450,49.0,,,Lapsed,[Lapsed] Last Chance: Final win-back email + maximum discount,Lost Customers
18021,Lost Customers,509,2,227.06,113.53,511,2.0,,,Lapsed,[Lapsed] Last Chance: Final win-back email + maximum discount,Lost Customers
18132,Lost Customers,503,1,226.9,226.9,503,,,,Lapsed,[Lapsed] Last Chance: Final win-back email + maximum discount,Lost Customers
16540,Lost Customers,413,1,226.70000000000002,226.70000000000002,413,,,,Lapsed,[Lapsed] Last Chance: Final win-back email + maximum discount,Lost Customers
14718,Lost Customers,409,1,226.42,226.42,409,,,,Lapsed,[Lapsed] Last Chance: Final win-back email + maximum discount,Lost Customers
16622,Lost Customers,543,1,225.4,225.4,543,,,,Lapsed,[Lapsed] Last Chance: Final win-back email + maximum discount,Lost Customers
16587,Lost Customers,231,1,225.15,225.15,231,,,,Lapsed,[Lapsed] Last Chance: Final win-back email + maximum discount,Lost Customers
16346,Lost Customers,384,1,224.51,224.51,384,,,,Lapsed,[Lapsed] Last Chance: Final win-back email + maximum discount,Lost Customers
12914,Lost Customers,400,1,223.98,223.98,400,,,,Lapsed,[Lapsed] Last Chance: Final win-back email + maximum discount,Lost Customers
14928,Lost Customers,627,1,223.91000000000003,223.91000000000003,627,,,,Lapsed,[Lapsed] Last Chance: Final win-back email + maximum discount,Lost Customers
16562,Lost Customers,476,1,223.86,223.86,476,,,,Lapsed,[Lapsed] Last Chance: Final win-back email + maximum discount,Lost Customers
18131,Lost Customers,631,1,222.95999999999998,222.95999999999998,631,,,,Lapsed,[Lapsed] Last Chance: Final win-back email + maximum discount,Lost Customers
12887,Lost Customers,383,1,222.4,222.4,383,,,,Lapsed,[Lapsed] Last Chance: Final win-back email + maximum discount,Lost Customers
15897,Lost Customers,193,2,222.05,111.025,193,0.0,,,Lapsed,[Lapsed] Last Chance: Final win-back email + maximum discount,Lost Customers
15788,Lost Customers,508,1,221.83,221.83,508,,,,Lapsed,[Lapsed] Last Chance: Final win-back email + maximum discount,Lost Customers
14445,Lost Customers,455,1,221.65,221.65,455,,,,Lapsed,[Lapsed] Last Chance: Final win-back email + maximum discount,Lost Customers
17087,Lost Customers,737,1,221.53,221.53,737,,,,Lapsed,[Lapsed] Last Chance: Final win-back email + maximum discount,Lost Customers
12821,Lost Customers,213,2,220.8,110.4,610,397.0,,,Lapsed,[Lapsed] Last Chance: Final win-back email + maximum discount,Lost Customers
13033,Lost Customers,356,2,220.55,110.275,429,72.0,,,Lapsed,[Lapsed] Last Chance: Final win-back email + maximum discount,Lost Customers
18007,Lost Customers,392,1,220.32,220.32,392,,,,Lapsed,[Lapsed] Last Chance: Final win-back email + maximum discount,Lost Customers
18114,Lost Customers,289,1,220.1,220.1,289,,,,Lapsed,[Lapsed] Last Chance: Final win-back email + maximum discount,Lost Customers
13454,Lost Customers,640,1,219.87,219.87,640,,,,Lapsed,[Lapsed] Last Chance: Final win-back email + maximum discount,Lost Customers
14074,Lost Customers,622,1,219.4,219.4,622,,,,Lapsed,[Lapsed] Last Chance: Final win-back email + maximum discount,Lost Customers
12799,Lost Customers,528,1,219.35,219.35,528,,,,Lapsed,[Lapsed] Last Chance: Final win-back email + maximum discount,Lost Customers
14271,Lost Customers,225,2,219.13,109.565,408,183.0,,,Lapsed,[Lapsed] Last Chance: Final win-back email + maximum discount,Lost Customers
15086,Lost Customers,564,2,218.53,109.265,624,60.0,,,Lapsed,[Lapsed] Last Chance: Final win-back email + maximum discount,Lost Customers
17619,Lost Customers,311,1,218.52,218.52,311,,,,Lapsed,[Lapsed] Last Chance: Final win-back email + maximum discount,Lost Customers
12574,Lost Customers,315,1,218.45000000000002,218.45000000000002,315,,,,Lapsed,[Lapsed] Last Chance: Final win-back email + maximum discount,Lost Customers
17217,Lost Customers,233,2,218.0,109.0,618,385.0,,,Lapsed,[Lapsed] Last Chance: Final win-back email + maximum discount,Lost Customers
15591,Lost Customers,582,3,217.9,72.63333333333334,673,45.0,,,Lapsed,[Lapsed] Last Chance: Final win-back email + maximum discount,Lost Customers
16874,Lost Customers,378,1,217.74,217.74,378,,,,Lapsed,[Lapsed] Last Chance: Final win-back email + maximum discount,Lost Customers
16035,Lost Customers,559,1,217.73,217.73,559,,,,Lapsed,[Lapsed] Last Chance: Final win-back email + maximum discount,Lost Customers
15490,Lost Customers,429,1,217.6,217.6,429,,,,Lapsed,[Lapsed] Last Chance: Final win-back email + maximum discount,Lost Customers
15295,Lost Customers,653,1,217.23999999999998,217.23999999999998,653,,,,Lapsed,[Lapsed] Last Chance: Final win-back email + maximum discount,Lost Customers
15554,Lost Customers,277,1,217.2,217.2,277,,,,Lapsed,[Lapsed] Last Chance: Final win-back email + maximum discount,Lost Customers
13423,Lost Customers,428,1,217.03,217.03,428,,,,Lapsed,[Lapsed] Last Chance: Final win-back email + maximum discount,Lost Customers
15401,Lost Customers,451,2,216.95,108.475,568,116.0,,,Lapsed,[Lapsed] Last Chance: Final win-back email + maximum discount,Lost Customers
15460,Lost Customers,353,1,216.76,216.76,353,,,,Lapsed,[Lapsed] Last Chance: Final win-back email + maximum discount,Lost Customers
17902,Lost Customers,546,1,216.4,216.4,546,,,,Lapsed,[Lapsed] Last Chance: Final win-back email + maximum discount,Lost Customers
15052,Lost Customers,318,1,215.78,215.78,318,,,,Lapsed,[Lapsed] Last Chance: Final win-back email + maximum discount,Lost Customers
14476,Lost Customers,256,1,215.7,215.7,256,,,,Lapsed,[Lapsed] Last Chance: Final win-back email + maximum discount,Lost Customers
14376,Lost Customers,682,1,215.46,215.46,682,,,,Lapsed,[Lapsed] Last Chance: Final win-back email + maximum discount,Lost Customers
18157,Lost Customers,570,1,215.35,215.35,570,,,,Lapsed,[Lapsed] Last Chance: Final win-back email + maximum discount,Lost Customers
14635,Lost Customers,453,1,215.22,215.22,453,,,,Lapsed,[Lapsed] Last Chance: Final win-back email + maximum discount,Lost Customers
16338,Lost Customers,156,1,214.8,214.8,156,,,,Lapsed,[Lapsed] Last Chance: Final win-back email + maximum discount,Lost Customers
14106,Lost Customers,736,1,214.8,214.8,736,,,,Lapsed,[Lapsed] Last Chance: Final win-back email + maximum discount,Lost Customers
14361,Lost Customers,578,1,214.71,214.71,578,,,,Lapsed,[Lapsed] Last Chance: Final win-back email + maximum discount,Lost Customers
15558,Lost Customers,638,1,214.13,214.13,638,,,,Lapsed,[Lapsed] Last Chance: Final win-back email + maximum discount,Lost Customers
13724,Lost Customers,636,1,213.01,213.01,636,,,,Lapsed,[Lapsed] Last Chance: Final win-back email + maximum discount,Lost Customers
13691,Lost Customers,395,1,212.78,212.78,395,,,,Lapsed,[Lapsed] Last Chance: Final win-back email + maximum discount,Lost Customers
12961,Lost Customers,378,1,211.99,211.99,378,,,,Lapsed,[Lapsed] Last Chance: Final win-back email + maximum discount,Lost Customers
12470,Lost Customers,689,1,211.95,211.95,689,,,,Lapsed,[Lapsed] Last Chance: Final win-back email + maximum discount,Lost Customers
14843,Lost Customers,436,1,211.8,211.8,436,,,,Lapsed,[Lapsed] Last Chance: Final win-back email + maximum discount,Lost Customers
15703,Lost Customers,264,1,211.5,211.5,264,,,,Lapsed,[Lapsed] Last Chance: Final win-back email + maximum discount,Lost Customers
14992,Lost Customers,441,1,210.5,210.5,441,,,,Lapsed,[Lapsed] Last Chance: Final win-back email + maximum discount,Lost Customers
17271,Lost Customers,735,1,210.39,210.39,735,,,,Lapsed,[Lapsed] Last Chance: Final win-back email + maximum discount,Lost Customers
17484,Lost Customers,575,2,209.57,104.785,623,47.0,,,Lapsed,[Lapsed] Last Chance: Final win-back email + maximum discount,Lost Customers
13056,Lost Customers,550,1,209.48,209.48,550,,,,Lapsed,[Lapsed] Last Chance: Final win-back email + maximum discount,Lost Customers
14003,Lost Customers,732,1,209.41,209.41,732,,,,Lapsed,[Lapsed] Last Chance: Final win-back email + maximum discount,Lost Customers
16487,Lost Customers,576,2,209.4,104.7,658,81.0,,,Lapsed,[Lapsed] Last Chance: Final win-back email + maximum discount,Lost Customers
15112,Lost Customers,610,1,209.4,209.4,610,,,,Lapsed,[Lapsed] Last Chance: Final win-back email + maximum discount,Lost Customers
17855,Lost Customers,372,1,208.97,208.97,372,,,,Lapsed,[Lapsed] Last Chance: Final win-back email + maximum discount,Lost Customers
13290,Lost Customers,437,1,208.63,208.63,437,,,,Lapsed,[Lapsed] Last Chance: Final win-back email + maximum discount,Lost Customers
15741,Lost Customers,457,2,208.62,104.31,618,160.0,,,Lapsed,[Lapsed] Last Chance: Final win-back email + maximum discount,Lost Customers
16457,Lost Customers,217,1,208.36,208.36,217,,,,Lapsed,[Lapsed] Last Chance: Final win-back email + maximum discount,Lost Customers
15212,Lost Customers,240,2,208.27999999999997,104.13999999999999,376,135.0,,,Lapsed,[Lapsed] Last Chance: Final win-back email + maximum discount,Lost Customers
12848,Lost Customers,675,1,208.0,208.0,675,,,,Lapsed,[Lapsed] Last Chance: Final win-back email + maximum discount,Lost Customers
16964,Lost Customers,732,2,207.85,103.925,732,0.0,,,Lapsed,[Lapsed] Last Chance: Final win-back email + maximum discount,Lost Customers
16866,Lost Customers,140,3,207.74,69.24666666666667,161,9.5,,,Lapsed,[Lapsed] Last Chance: Final win-back email + maximum discount,Lost Customers
16752,Lost Customers,372,1,207.5,207.5,372,,,,Lapsed,[Lapsed] Last Chance: Final win-back email + maximum discount,Lost Customers
15925,Lost Customers,193,1,207.15,207.15,193,,,,Lapsed,[Lapsed] Last Chance: Final win-back email + maximum discount,Lost Customers
15820,Lost Customers,319,1,206.98,206.98,319,,,,Lapsed,[Lapsed] Last Chance: Final win-back email + maximum discount,Lost Customers
14964,Lost Customers,246,1,206.21,206.21,246,,,,Lapsed,[Lapsed] Last Chance: Final win-back email + maximum discount,Lost Customers
14519,Lost Customers,683,2,206.08999999999997,103.04499999999999,728,45.0,,,Lapsed,[Lapsed] Last Chance: Final win-back email + maximum discount,Lost Customers
15914,Lost Customers,377,2,205.98999999999998,102.99499999999999,377,0.0,,,Lapsed,[Lapsed] Last Chance: Final win-back email + maximum discount,Lost Customers
16090,Lost Customers,623,1,205.91,205.91,623,,,,Lapsed,[Lapsed] Last Chance: Final win-back email + maximum discount,Lost Customers
14278,Lost Customers,409,1,205.83,205.83,409,,,,Lapsed,[Lapsed] Last Chance: Final win-back email + maximum discount,Lost Customers
17670,Lost Customers,227,1,205.7,205.7,227,,,,Lapsed,[Lapsed] Last Chance: Final win-back email + maximum discount,Lost Customers
16490,Lost Customers,435,1,205.41000000000003,205.41000000000003,435,,,,Lapsed,[Lapsed] Last Chance: Final win-back email + maximum discount,Lost Customers
14602,Lost Customers,655,1,205.35999999999999,205.35999999999999,655,,,,Lapsed,[Lapsed] Last Chance: Final win-back email + maximum discount,Lost Customers
12400,Lost Customers,413,1,205.25,205.25,413,,,,Lapsed,[Lapsed] Last Chance: Final win-back email + maximum discount,Lost Customers
17112,Lost Customers,502,1,205.17000000000002,205.17000000000002,502,,,,Lapsed,[Lapsed] Last Chance: Final win-back email + maximum discount,Lost Customers
15319,Lost Customers,283,1,204.5,204.5,283,,,,Lapsed,[Lapsed] Last Chance: Final win-back email + maximum discount,Lost Customers
16901,Lost Customers,728,1,204.26,204.26,728,,,,Lapsed,[Lapsed] Last Chance: Final win-back email + maximum discount,Lost Customers
14468,Lost Customers,733,1,204.24,204.24,733,,,,Lapsed,[Lapsed] Last Chance: Final win-back email + maximum discount,Lost Customers
17394,Lost Customers,218,1,203.86999999999998,203.86999999999998,218,,,,Lapsed,[Lapsed] Last Chance: Final win-back email + maximum discount,Lost Customers
17891,Lost Customers,161,1,203.85999999999999,203.85999999999999,161,,,,Lapsed,[Lapsed] Last Chance: Final win-back email + maximum discount,Lost Customers
15020,Lost Customers,378,1,203.42,203.42,378,,,,Lapsed,[Lapsed] Last Chance: Final win-back email + maximum discount,Lost Customers
17074,Lost Customers,562,1,203.05,203.05,562,,,,Lapsed,[Lapsed] Last Chance: Final win-back email + maximum discount,Lost Customers
15459,Lost Customers,416,2,202.83,101.415,496,80.0,,,Lapsed,[Lapsed] Last Chance: Final win-back email + maximum discount,Lost Customers
12416,Lost Customers,656,1,202.56,202.56,656,,,,Lapsed,[Lapsed] Last Chance: Final win-back email + maximum discount,Lost Customers
14892,Lost Customers,690,1,202.35000000000002,202.35000000000002,690,,,,Lapsed,[Lapsed] Last Chance: Final win-back email + maximum discount,Lost Customers
16937,Lost Customers,498,1,202.1,202.1,498,,,,Lapsed,[Lapsed] Last Chance: Final win-back email + maximum discount,Lost Customers
16965,Lost Customers,226,1,201.19,201.19,226,,,,Lapsed,[Lapsed] Last Chance: Final win-back email + maximum discount,Lost Customers
13284,Lost Customers,330,1,201.19,201.19,330,,,,Lapsed,[Lapsed] Last Chance: Final win-back email + maximum discount,Lost Customers
18281,Lost Customers,180,2,201.14,100.57,577,397.0,,,Lapsed,[Lapsed] Last Chance: Final win-back email + maximum discount,Lost Customers
13556,Lost Customers,428,2,200.82,100.41,435,6.0,,,Lapsed,[Lapsed] Last Chance: Final win-back email + maximum discount,Lost Customers
14330,Lost Customers,623,1,200.63,200.63,623,,,,Lapsed,[Lapsed] Last Chance: Final win-back email + maximum discount,Lost Customers
17693,Lost Customers,136,1,200.47,200.47,136,,,,Lapsed,[Lapsed] Last Chance: Final win-back email + maximum discount,Lost Customers
13133,Lost Customers,273,3,200.45,66.81666666666666,458,92.5,,,Lapsed,[Lapsed] Last Chance: Final win-back email + maximum discount,Lost Customers
13944,Lost Customers,652,1,200.43,200.43,652,,,,Lapsed,[Lapsed] Last Chance: Final win-back email + maximum discount,Lost Customers
14782,Lost Customers,319,1,200.10000000000002,200.10000000000002,319,,,,Lapsed,[Lapsed] Last Chance: Final win-back email + maximum discount,Lost Customers
14521,Lost Customers,490,1,199.45000000000002,199.45000000000002,490,,,,Lapsed,[Lapsed] Last Chance: Final win-back email + maximum discount,Lost Customers
17184,Lost Customers,568,2,198.41000000000003,99.20500000000001,729,161.0,,,Lapsed,[Lapsed] Last Chance: Final win-back email + maximum discount,Lost Customers
17778,Lost Customers,661,1,197.70000000000002,197.70000000000002,661,,,,Lapsed,[Lapsed] Last Chance: Final win-back email + maximum discount,Lost Customers
14185,Lost Customers,330,1,197.65,197.65,330,,,,Lapsed,[Lapsed] Last Chance: Final win-back email + maximum discount,Lost Customers
12927,Lost Customers,394,1,197.31,197.31,394,,,,Lapsed,[Lapsed] Last Chance: Final win-back email + maximum discount,Lost Customers
15234,Lost Customers,276,1,197.0,197.0,276,,,,Lapsed,[Lapsed] Last Chance: Final win-back email + maximum discount,Lost Customers
16112,Lost Customers,142,4,195.74,48.935,338,64.33333333333333,,,Lapsed,[Lapsed] Last Chance: Final win-back email + maximum discount,Lost Customers
13757,Lost Customers,674,1,195.55,195.55,674,,,,Lapsed,[Lapsed] Last Chance: Final win-back email + maximum discount,Lost Customers
14405,Lost Customers,386,1,195.0,195.0,386,,,,Lapsed,[Lapsed] Last Chance: Final win-back email + maximum discount,Lost Customers
13671,Lost Customers,394,1,194.95,194.95,394,,,,Lapsed,[Lapsed] Last Chance: Final win-back email + maximum discount,Lost Customers
14100,Lost Customers,137,1,194.9,194.9,137,,,,Lapsed,[Lapsed] Last Chance: Final win-back email + maximum discount,Lost Customers
17065,Lost Customers,637,2,194.7,97.35,637,0.0,,,Lapsed,[Lapsed] Last Chance: Final win-back email + maximum discount,Lost Customers
16299,Lost Customers,476,1,193.65,193.65,476,,,,Lapsed,[Lapsed] Last Chance: Final win-back email + maximum discount,Lost Customers
16695,Lost Customers,561,2,193.15,96.575,561,0.0,,,Lapsed,[Lapsed] Last Chance: Final win-back email + maximum discount,Lost Customers
13568,Lost Customers,172,1,192.85,192.85,172,,,,Lapsed,[Lapsed] Last Chance: Final win-back email + maximum discount,Lost Customers
17257,Lost Customers,435,2,192.73000000000002,96.36500000000001,436,0.0,,,Lapsed,[Lapsed] Last Chance: Final win-back email + maximum discount,Lost Customers
15729,Lost Customers,212,3,192.55,64.18333333333334,402,95.0,,,Lapsed,[Lapsed] Last Chance: Final win-back email + maximum discount,Lost Customers
18028,Lost Customers,582,1,192.05,192.05,582,,,,Lapsed,[Lapsed] Last Chance: Final win-back email + maximum discount,Lost Customers
15909,Lost Customers,173,1,191.94,191.94,173,,,,Lapsed,[Lapsed] Last Chance: Final win-back email + maximum discount,Lost Customers
14279,Lost Customers,520,2,191.86,95.93,680,160.0,,,Lapsed,[Lapsed] Last Chance: Final win-back email + maximum discount,Lost Customers
15954,Lost Customers,588,1,190.75,190.75,588,,,,Lapsed,[Lapsed] Last Chance: Final win-back email + maximum discount,Lost Customers
14728,Lost Customers,412,1,190.58,190.58,412,,,,Lapsed,[Lapsed] Last Chance: Final win-back email + maximum discount,Lost Customers
15688,Lost Customers,418,1,190.57,190.57,418,,,,Lapsed,[Lapsed] Last Chance: Final win-back email + maximum discount,Lost Customers
15412,Lost Customers,170,1,190.53,190.53,170,,,,Lapsed,[Lapsed] Last Chance: Final win-back email + maximum discount,Lost Customers
18020,Lost Customers,543,1,190.48000000000002,190.48000000000002,543,,,,Lapsed,[Lapsed] Last Chance: Final win-back email + maximum discount,Lost Customers
14617,Lost Customers,402,2,190.47,95.235,415,13.0,,,Lapsed,[Lapsed] Last Chance: Final win-back email + maximum discount,Lost Customers
13766,Lost Customers,494,1,190.35,190.35,494,,,,Lapsed,[Lapsed] Last Chance: Final win-back email + maximum discount,Lost Customers
18046,Lost Customers,649,1,189.63,189.63,649,,,,Lapsed,[Lapsed] Last Chance: Final win-back email + maximum discount,Lost Customers
13826,Lost Customers,175,1,189.5,189.5,175,,,,Lapsed,[Lapsed] Last Chance: Final win-back email + maximum discount,Lost Customers
13387,Lost Customers,416,1,189.44,189.44,416,,,,Lapsed,[Lapsed] Last Chance: Final win-back email + maximum discount,Lost Customers
16673,Lost Customers,678,1,188.83,188.83,678,,,,Lapsed,[Lapsed] Last Chance: Final win-back email + maximum discount,Lost Customers
16277,Lost Customers,733,1,188.69,188.69,733,,,,Lapsed,[Lapsed] Last Chance: Final win-back email + maximum discount,Lost Customers
14697,Lost Customers,217,2,188.61,94.305,217,0.0,,,Lapsed,[Lapsed] Last Chance: Final win-back email + maximum discount,Lost Customers
17283,Lost Customers,378,1,188.46,188.46,378,,,,Lapsed,[Lapsed] Last Chance: Final win-back email + maximum discount,Lost Customers
16051,Lost Customers,681,1,188.44,188.44,681,,,,Lapsed,[Lapsed] Last Chance: Final win-back email + maximum discount,Lost Customers
13063,Lost Customers,480,1,188.4,188.4,480,,,,Lapsed,[Lapsed] Last Chance: Final win-back email + maximum discount,Lost Customers
17781,Lost Customers,158,2,188.01999999999998,94.00999999999999,252,93.0,,,Lapsed,[Lapsed] Last Chance: Final win-back email + maximum discount,Lost Customers
14131,Lost Customers,648,1,187.87,187.87,648,,,,Lapsed,[Lapsed] Last Chance: Final win-back email + maximum discount,Lost Customers
15072,Lost Customers,478,1,187.52,187.52,478,,,,Lapsed,[Lapsed] Last Chance: Final win-back email + maximum discount,Lost Customers
13852,Lost Customers,610,1,187.35000000000002,187.35000000000002,610,,,,Lapsed,[Lapsed] Last Chance: Final win-back email + maximum discount,Lost Customers
18013,Lost Customers,154,2,187.29000000000002,93.64500000000001,154,0.0,,,Lapsed,[Lapsed] Last Chance: Final win-back email + maximum discount,Lost Customers
16267,Lost Customers,590,1,186.66,186.66,590,,,,Lapsed,[Lapsed] Last Chance: Final win-back email + maximum discount,Lost Customers
18063,Lost Customers,390,2,186.60000000000002,93.30000000000001,632,242.0,,,Lapsed,[Lapsed] Last Chance: Final win-back email + maximum discount,Lost Customers
17215,Lost Customers,463,1,186.15,186.15,463,,,,Lapsed,[Lapsed] Last Chance: Final win-back email + maximum discount,Lost Customers
16388,Lost Customers,653,1,186.05,186.05,653,,,,Lapsed,[Lapsed] Last Chance: Final win-back email + maximum discount,Lost Customers
14812,Lost Customers,598,1,185.8,185.8,598,,,,Lapsed,[Lapsed] Last Chance: Final win-back email + maximum discount,Lost Customers
17840,Lost Customers,443,1,185.72,185.72,443,,,,Lapsed,[Lapsed] Last Chance: Final win-back email + maximum discount,Lost Customers
17574,Lost Customers,242,1,185.65,185.65,242,,,,Lapsed,[Lapsed] Last Chance: Final win-back email + maximum discount,Lost Customers
16559,Lost Customers,396,1,185.20000000000002,185.20000000000002,396,,,,Lapsed,[Lapsed] Last Chance: Final win-back email + maximum discount,Lost Customers
14879,Lost Customers,684,1,185.06,185.06,684,,,,Lapsed,[Lapsed] Last Chance: Final win-back email + maximum discount,Lost Customers
16097,Lost Customers,239,1,185.04999999999998,185.04999999999998,239,,,,Lapsed,[Lapsed] Last Chance: Final win-back email + maximum discount,Lost Customers
14677,Lost Customers,592,1,184.91,184.91,592,,,,Lapsed,[Lapsed] Last Chance: Final win-back email + maximum discount,Lost Customers
17803,Lost Customers,391,1,184.66,184.66,391,,,,Lapsed,[Lapsed] Last Chance: Final win-back email + maximum discount,Lost Customers
14059,Lost Customers,266,1,183.6,183.6,266,,,,Lapsed,[Lapsed] Last Chance: Final win-back email + maximum discount,Lost Customers
17820,Lost Customers,373,1,183.56,183.56,373,,,,Lapsed,[Lapsed] Last Chance: Final win-back email + maximum discount,Lost Customers
14119,Lost Customers,375,2,183.37,91.685,717,342.0,,,Lapsed,[Lapsed] Last Chance: Final win-back email + maximum discount,Lost Customers
14983,Lost Customers,688,1,183.20000000000002,183.20000000000002,688,,,,Lapsed,[Lapsed] Last Chance: Final win-back email + maximum discount,Lost Customers
17798,Lost Customers,581,1,183.09,183.09,581,,,,Lapsed,[Lapsed] Last Chance: Final win-back email + maximum discount,Lost Customers
16819,Lost Customers,464,2,182.59,91.295,464,0.0,,,Lapsed,[Lapsed] Last Chance: Final win-back email + maximum discount,Lost Customers
14941,Lost Customers,578,1,182.1,182.1,578,,,,Lapsed,[Lapsed] Last Chance: Final win-back email + maximum discount,Lost Customers
17587,Lost Customers,627,1,181.66,181.66,627,,,,Lapsed,[Lapsed] Last Chance: Final win-back email + maximum discount,Lost Customers
12934,Lost Customers,736,1,181.65,181.65,736,,,,Lapsed,[Lapsed] Last Chance: Final win-back email + maximum discount,Lost Customers
16822,Lost Customers,685,1,181.39,181.39,685,,,,Lapsed,[Lapsed] Last Chance: Final win-back email + maximum discount,Lost Customers
15359,Lost Customers,662,8,181.35,22.66875,693,4.142857142857143,,,Lapsed,[Lapsed] Last Chance: Final win-back email + maximum discount,Lost Customers
18119,Lost Customers,367,1,181.12,181.12,367,,,,Lapsed,[Lapsed] Last Chance: Final win-back email + maximum discount,Lost Customers
15292,Lost Customers,200,1,180.94,180.94,200,,,,Lapsed,[Lapsed] Last Chance: Final win-back email + maximum discount,Lost Customers
14858,Lost Customers,505,1,180.75,180.75,505,,,,Lapsed,[Lapsed] Last Chance: Final win-back email + maximum discount,Lost Customers
12622,Lost Customers,231,1,180.1,180.1,231,,,,Lapsed,[Lapsed] Last Chance: Final win-back email + maximum discount,Lost Customers
18234,Lost Customers,551,1,179.6,179.6,551,,,,Lapsed,[Lapsed] Last Chance: Final win-back email + maximum discount,Lost Customers
16640,Lost Customers,397,1,179.4,179.4,397,,,,Lapsed,[Lapsed] Last Chance: Final win-back email + maximum discount,Lost Customers
14945,Lost Customers,413,1,179.4,179.4,413,,,,Lapsed,[Lapsed] Last Chance: Final win-back email + maximum discount,Lost Customers
15895,Lost Customers,149,1,179.17,179.17,149,,,,Lapsed,[Lapsed] Last Chance: Final win-back email + maximum discount,Lost Customers
14705,Lost Customers,198,1,179.0,179.0,198,,,,Lapsed,[Lapsed] Last Chance: Final win-back email + maximum discount,Lost Customers
15209,Lost Customers,729,1,178.98000000000002,178.98000000000002,729,,,,Lapsed,[Lapsed] Last Chance: Final win-back email + maximum discount,Lost Customers
15139,Lost Customers,239,2,178.95999999999998,89.47999999999999,336,96.0,,,Lapsed,[Lapsed] Last Chance: Final win-back email + maximum discount,Lost Customers
16691,Lost Customers,417,2,178.82999999999998,89.41499999999999,560,143.0,,,Lapsed,[Lapsed] Last Chance: Final win-back email + maximum discount,Lost Customers
17170,Lost Customers,373,2,178.68,89.34,388,14.0,,,Lapsed,[Lapsed] Last Chance: Final win-back email + maximum discount,Lost Customers
17879,Lost Customers,173,1,178.52,178.52,173,,,,Lapsed,[Lapsed] Last Chance: Final win-back email + maximum discount,Lost Customers
12858,Lost Customers,382,1,177.92,177.92,382,,,,Lapsed,[Lapsed] Last Chance: Final win-back email + maximum discount,Lost Customers
16403,Lost Customers,311,1,177.5,177.5,311,,,,Lapsed,[Lapsed] Last Chance: Final win-back email + maximum discount,Lost Customers
13618,Lost Customers,173,1,177.34,177.34,173,,,,Lapsed,[Lapsed] Last Chance: Final win-back email + maximum discount,Lost Customers
13072,Lost Customers,266,1,177.15,177.15,266,,,,Lapsed,[Lapsed] Last Chance: Final win-back email + maximum discount,Lost Customers
17036,Lost Customers,382,1,176.9,176.9,382,,,,Lapsed,[Lapsed] Last Chance: Final win-back email + maximum discount,Lost Customers
16285,Lost Customers,645,1,176.9,176.9,645,,,,Lapsed,[Lapsed] Last Chance: Final win-back email + maximum discount,Lost Customers
13746,Lost Customers,413,1,176.69,176.69,413,,,,Lapsed,[Lapsed] Last Chance: Final win-back email + maximum discount,Lost Customers
18054,Lost Customers,392,1,176.5,176.5,392,,,,Lapsed,[Lapsed] Last Chance: Final win-back email + maximum discount,Lost Customers
12509,Lost Customers,283,1,176.5,176.5,283,,,,Lapsed,[Lapsed] Last Chance: Final win-back email + maximum discount,Lost Customers
18175,Lost Customers,675,1,176.10000000000002,176.10000000000002,675,,,,Lapsed,[Lapsed] Last Chance: Final win-back email + maximum discount,Lost Customers
17026,Lost Customers,184,3,175.83,58.61000000000001,416,115.5,,,Lapsed,[Lapsed] Last Chance: Final win-back email + maximum discount,Lost Customers
13547,Lost Customers,407,1,175.53,175.53,407,,,,Lapsed,[Lapsed] Last Chance: Final win-back email + maximum discount,Lost Customers
14486,Lost Customers,511,2,175.5,87.75,553,41.0,,,Lapsed,[Lapsed] Last Chance: Final win-back email + maximum discount,Lost Customers
18166,Lost Customers,623,1,175.5,175.5,623,,,,Lapsed,[Lapsed] Last Chance: Final win-back email + maximum discount,Lost Customers
13007,Lost Customers,579,1,175.25,175.25,579,,,,Lapsed,[Lapsed] Last Chance: Final win-back email + maximum discount,Lost Customers
16144,Lost Customers,246,1,175.2,175.2,246,,,,Lapsed,[Lapsed] Last Chance: Final win-back email + maximum discount,Lost Customers
17108,Lost Customers,663,1,174.95,174.95,663,,,,Lapsed,[Lapsed] Last Chance: Final win-back email + maximum discount,Lost Customers
18010,Lost Customers,256,1,174.8,174.8,256,,,,Lapsed,[Lapsed] Last Chance: Final win-back email + maximum discount,Lost Customers
16731,Lost Customers,647,1,174.05,174.05,647,,,,Lapsed,[Lapsed] Last Chance: Final win-back email + maximum discount,Lost Customers
15684,Lost Customers,546,3,173.95,57.98333333333333,734,93.5,,,Lapsed,[Lapsed] Last Chance: Final win-back email + maximum discount,Lost Customers
14674,Lost Customers,508,1,173.66,173.66,508,,,,Lapsed,[Lapsed] Last Chance: Final win-back email + maximum discount,Lost Customers
12441,Lost Customers,366,1,173.55,173.55,366,,,,Lapsed,[Lapsed] Last Chance: Final win-back email + maximum discount,Lost Customers
16741,Lost Customers,624,1,173.06,173.06,624,,,,Lapsed,[Lapsed] Last Chance: Final win-back email + maximum discount,Lost Customers
16599,Lost Customers,385,1,172.8,172.8,385,,,,Lapsed,[Lapsed] Last Chance: Final win-back email + maximum discount,Lost Customers
13195,Lost Customers,413,1,172.38,172.38,413,,,,Lapsed,[Lapsed] Last Chance: Final win-back email + maximum discount,Lost Customers
15515,Lost Customers,386,1,171.81,171.81,386,,,,Lapsed,[Lapsed] Last Chance: Final win-back email + maximum discount,Lost Customers
14536,Lost Customers,259,1,171.8,171.8,259,,,,Lapsed,[Lapsed] Last Chance: Final win-back email + maximum discount,Lost Customers
17983,Lost Customers,394,1,171.71,171.71,394,,,,Lapsed,[Lapsed] Last Chance: Final win-back email + maximum discount,Lost Customers
17575,Lost Customers,666,1,171.7,171.7,666,,,,Lapsed,[Lapsed] Last Chance: Final win-back email + maximum discount,Lost Customers
16312,Lost Customers,431,1,171.15,171.15,431,,,,Lapsed,[Lapsed] Last Chance: Final win-back email + maximum discount,Lost Customers
15403,Lost Customers,491,2,170.88,85.44,730,238.0,,,Lapsed,[Lapsed] Last Chance: Final win-back email + maximum discount,Lost Customers
14811,Lost Customers,386,1,170.5,170.5,386,,,,Lapsed,[Lapsed] Last Chance: Final win-back email + maximum discount,Lost Customers
15256,Lost Customers,148,2,170.4,85.2,561,413.0,,,Lapsed,[Lapsed] Last Chance: Final win-back email + maximum discount,Lost Customers
17922,Lost Customers,542,1,170.4,170.4,542,,,,Lapsed,[Lapsed] Last Chance: Final win-back email + maximum discount,Lost Customers
13747,Lost Customers,373,2,169.8,84.9,424,51.0,,,Lapsed,[Lapsed] Last Chance: Final win-back email + maximum discount,Lost Customers
18004,Lost Customers,361,1,169.47,169.47,361,,,,Lapsed,[Lapsed] Last Chance: Final win-back email + maximum discount,Lost Customers
16002,Lost Customers,624,1,169.21,169.21,624,,,,Lapsed,[Lapsed] Last Chance: Final win-back email + maximum discount,Lost Customers
15647,Lost Customers,414,1,169.0,169.0,414,,,,Lapsed,[Lapsed] Last Chance: Final win-back email + maximum discount,Lost Customers
12768,Lost Customers,450,1,168.69,168.69,450,,,,Lapsed,[Lapsed] Last Chance: Final win-back email + maximum discount,Lost Customers
18269,Lost Customers,365,1,168.60000000000002,168.60000000000002,365,,,,Lapsed,[Lapsed] Last Chance: Final win-back email + maximum discount,Lost Customers
17367,Lost Customers,237,1,168.4,168.4,237,,,,Lapsed,[Lapsed] Last Chance: Final win-back email + maximum discount,Lost Customers
12551,Lost Customers,357,1,168.0,168.0,357,,,,Lapsed,[Lapsed] Last Chance: Final win-back email + maximum discount,Lost Customers
17559,Lost Customers,512,1,167.62,167.62,512,,,,Lapsed,[Lapsed] Last Chance: Final win-back email + maximum discount,Lost Customers
18037,At Risk,153,15,167.42,11.161333333333333,737,41.214285714285715,,,Lapsed,[Lapsed] Recovery: Time-limited 30% win-back discount + feedback survey,At Risk
17586,Lost Customers,618,1,167.4,167.4,618,,,,Lapsed,[Lapsed] Last Chance: Final win-back email + maximum discount,Lost Customers
13609,Lost Customers,592,1,167.35,167.35,592,,,,Lapsed,[Lapsed] Last Chance: Final win-back email + maximum discount,Lost Customers
16405,Lost Customers,301,2,167.25,83.625,309,7.0,,,Lapsed,[Lapsed] Last Chance: Final win-back email + maximum discount,Lost Customers
15166,Lost Customers,467,1,167.16,167.16,467,,,,Lapsed,[Lapsed] Last Chance: Final win-back email + maximum discount,Lost Customers
18107,Lost Customers,441,1,167.13,167.13,441,,,,Lapsed,[Lapsed] Last Chance: Final win-back email + maximum discount,Lost Customers
17875,Lost Customers,687,1,167.1,167.1,687,,,,Lapsed,[Lapsed] Last Chance: Final win-back email + maximum discount,Lost Customers
15509,Lost Customers,379,1,166.51,166.51,379,,,,Lapsed,[Lapsed] Last Chance: Final win-back email + maximum discount,Lost Customers
13967,Lost Customers,145,2,166.3,83.15,395,250.0,,,Lapsed,[Lapsed] Last Chance: Final win-back email + maximum discount,Lost Customers
13903,Lost Customers,399,1,165.45000000000002,165.45000000000002,399,,,,Lapsed,[Lapsed] Last Chance: Final win-back email + maximum discount,Lost Customers
16663,Lost Customers,728,1,165.0,165.0,728,,,,Lapsed,[Lapsed] Last Chance: Final win-back email + maximum discount,Lost Customers
15316,Lost Customers,326,1,165.0,165.0,326,,,,Lapsed,[Lapsed] Last Chance: Final win-back email + maximum discount,Lost Customers
13191,Lost Customers,657,1,164.69,164.69,657,,,,Lapsed,[Lapsed] Last Chance: Final win-back email + maximum discount,Lost Customers
17535,Lost Customers,279,1,164.4,164.4,279,,,,Lapsed,[Lapsed] Last Chance: Final win-back email + maximum discount,Lost Customers
17318,Lost Customers,724,1,164.28,164.28,724,,,,Lapsed,[Lapsed] Last Chance: Final win-back email + maximum discount,Lost Customers
17417,Lost Customers,548,1,164.18,164.18,548,,,,Lapsed,[Lapsed] Last Chance: Final win-back email + maximum discount,Lost Customers
14516,Lost Customers,515,1,163.92,163.92,515,,,,Lapsed,[Lapsed] Last Chance: Final win-back email + maximum discount,Lost Customers
16662,Lost Customers,393,1,163.8,163.8,393,,,,Lapsed,[Lapsed] Last Chance: Final win-back email + maximum discount,Lost Customers
14955,Lost Customers,732,1,163.77,163.77,732,,,,Lapsed,[Lapsed] Last Chance: Final win-back email + maximum discount,Lost Customers
15474,Lost Customers,595,1,163.1,163.1,595,,,,Lapsed,[Lapsed] Last Chance: Final win-back email + maximum discount,Lost Customers
16517,Lost Customers,276,1,162.70000000000002,162.70000000000002,276,,,,Lapsed,[Lapsed] Last Chance: Final win-back email + maximum discount,Lost Customers
12954,Lost Customers,638,1,162.45,162.45,638,,,,Lapsed,[Lapsed] Last Chance: Final win-back email + maximum discount,Lost Customers
15733,Lost Customers,282,1,162.3,162.3,282,,,,Lapsed,[Lapsed] Last Chance: Final win-back email + maximum discount,Lost Customers
15534,Lost Customers,725,1,162.25,162.25,725,,,,Lapsed,[Lapsed] Last Chance: Final win-back email + maximum discount,Lost Customers
16443,Lost Customers,520,1,162.24,162.24,520,,,,Lapsed,[Lapsed] Last Chance: Final win-back email + maximum discount,Lost Customers
12661,Lost Customers,435,1,162.0,162.0,435,,,,Lapsed,[Lapsed] Last Chance: Final win-back email + maximum discount,Lost Customers
17971,Lost Customers,547,1,161.94,161.94,547,,,,Lapsed,[Lapsed] Last Chance: Final win-back email + maximum discount,Lost Customers
14571,Lost Customers,424,1,161.65,161.65,424,,,,Lapsed,[Lapsed] Last Chance: Final win-back email + maximum discount,Lost Customers
15499,Lost Customers,723,1,161.6,161.6,723,,,,Lapsed,[Lapsed] Last Chance: Final win-back email + maximum discount,Lost Customers
16113,Lost Customers,182,1,161.38,161.38,182,,,,Lapsed,[Lapsed] Last Chance: Final win-back email + maximum discount,Lost Customers
13714,Lost Customers,464,1,161.35,161.35,464,,,,Lapsed,[Lapsed] Last Chance: Final win-back email + maximum discount,Lost Customers
13779,Lost Customers,515,1,161.13,161.13,515,,,,Lapsed,[Lapsed] Last Chance: Final win-back email + maximum discount,Lost Customers
13701,Lost Customers,446,1,161.0,161.0,446,,,,Lapsed,[Lapsed] Last Chance: Final win-back email + maximum discount,Lost Customers
13229,Lost Customers,225,1,160.95,160.95,225,,,,Lapsed,[Lapsed] Last Chance: Final win-back email + maximum discount,Lost Customers
17953,Lost Customers,539,1,160.82,160.82,539,,,,Lapsed,[Lapsed] Last Chance: Final win-back email + maximum discount,Lost Customers
17605,Lost Customers,589,1,160.75,160.75,589,,,,Lapsed,[Lapsed] Last Chance: Final win-back email + maximum discount,Lost Customers
17202,Lost Customers,420,1,160.65,160.65,420,,,,Lapsed,[Lapsed] Last Chance: Final win-back email + maximum discount,Lost Customers
17487,Lost Customers,727,1,160.55,160.55,727,,,,Lapsed,[Lapsed] Last Chance: Final win-back email + maximum discount,Lost Customers
15229,Lost Customers,585,1,160.5,160.5,585,,,,Lapsed,[Lapsed] Last Chance: Final win-back email + maximum discount,Lost Customers
14814,Lost Customers,580,1,160.46,160.46,580,,,,Lapsed,[Lapsed] Last Chance: Final win-back email + maximum discount,Lost Customers
16645,Lost Customers,735,1,160.39,160.39,735,,,,Lapsed,[Lapsed] Last Chance: Final win-back email + maximum discount,Lost Customers
18146,Lost Customers,140,2,160.35000000000002,80.17500000000001,219,79.0,,,Lapsed,[Lapsed] Last Chance: Final win-back email + maximum discount,Lost Customers
13420,Lost Customers,149,2,159.85,79.925,170,20.0,,,Lapsed,[Lapsed] Last Chance: Final win-back email + maximum discount,Lost Customers
13302,Lost Customers,154,2,159.2,79.6,526,371.0,,,Lapsed,[Lapsed] Last Chance: Final win-back email + maximum discount,Lost Customers
18224,Lost Customers,263,1,158.95000000000002,158.95000000000002,263,,,,Lapsed,[Lapsed] Last Chance: Final win-back email + maximum discount,Lost Customers
13125,Lost Customers,523,1,158.57,158.57,523,,,,Lapsed,[Lapsed] Last Chance: Final win-back email + maximum discount,Lost Customers
15548,Lost Customers,595,1,158.09,158.09,595,,,,Lapsed,[Lapsed] Last Chance: Final win-back email + maximum discount,Lost Customers
14318,Lost Customers,459,1,158.02,158.02,459,,,,Lapsed,[Lapsed] Last Chance: Final win-back email + maximum discount,Lost Customers
17751,Lost Customers,420,1,157.85999999999999,157.85999999999999,420,,,,Lapsed,[Lapsed] Last Chance: Final win-back email + maximum discount,Lost Customers
14207,Lost Customers,687,1,157.8,157.8,687,,,,Lapsed,[Lapsed] Last Chance: Final win-back email + maximum discount,Lost Customers
14822,Lost Customers,484,1,157.7,157.7,484,,,,Lapsed,[Lapsed] Last Chance: Final win-back email + maximum discount,Lost Customers
16687,Lost Customers,390,1,157.63,157.63,390,,,,Lapsed,[Lapsed] Last Chance: Final win-back email + maximum discount,Lost Customers
12894,Lost Customers,574,1,157.35,157.35,574,,,,Lapsed,[Lapsed] Last Chance: Final win-back email + maximum discount,Lost Customers
16371,Lost Customers,448,1,157.2,157.2,448,,,,Lapsed,[Lapsed] Last Chance: Final win-back email + maximum discount,Lost Customers
17128,Lost Customers,334,1,157.09,157.09,334,,,,Lapsed,[Lapsed] Last Chance: Final win-back email + maximum discount,Lost Customers
17118,Lost Customers,317,1,157.02,157.02,317,,,,Lapsed,[Lapsed] Last Chance: Final win-back email + maximum discount,Lost Customers
15007,Lost Customers,158,1,156.91,156.91,158,,,,Lapsed,[Lapsed] Last Chance: Final win-back email + maximum discount,Lost Customers
15742,Lost Customers,618,1,156.87,156.87,618,,,,Lapsed,[Lapsed] Last Chance: Final win-back email + maximum discount,Lost Customers
13830,Lost Customers,581,1,156.85000000000002,156.85000000000002,581,,,,Lapsed,[Lapsed] Last Chance: Final win-back email + maximum discount,Lost Customers
16578,Lost Customers,625,1,156.6,156.6,625,,,,Lapsed,[Lapsed] Last Chance: Final win-back email + maximum discount,Lost Customers
17899,Lost Customers,158,1,155.8,155.8,158,,,,Lapsed,[Lapsed] Last Chance: Final win-back email + maximum discount,Lost Customers
13051,Lost Customers,578,2,155.8,77.9,619,40.0,,,Lapsed,[Lapsed] Last Chance: Final win-back email + maximum discount,Lost Customers
12738,Lost Customers,371,1,155.35,155.35,371,,,,Lapsed,[Lapsed] Last Chance: Final win-back email + maximum discount,Lost Customers
14368,Lost Customers,319,1,155.0,155.0,319,,,,Lapsed,[Lapsed] Last Chance: Final win-back email + maximum discount,Lost Customers
14046,Lost Customers,283,1,154.99,154.99,283,,,,Lapsed,[Lapsed] Last Chance: Final win-back email + maximum discount,Lost Customers
17698,Lost Customers,260,1,154.95,154.95,260,,,,Lapsed,[Lapsed] Last Chance: Final win-back email + maximum discount,Lost Customers
15226,Lost Customers,310,1,154.41,154.41,310,,,,Lapsed,[Lapsed] Last Chance: Final win-back email + maximum discount,Lost Customers
13490,Lost Customers,653,1,154.25,154.25,653,,,,Lapsed,[Lapsed] Last Chance: Final win-back email + maximum discount,Lost Customers
17517,Lost Customers,308,1,153.94,153.94,308,,,,Lapsed,[Lapsed] Last Chance: Final win-back email + maximum discount,Lost Customers
15560,Lost Customers,397,2,153.52,76.76,397,0.0,,,Lapsed,[Lapsed] Last Chance: Final win-back email + maximum discount,Lost Customers
15431,Lost Customers,502,1,153.24,153.24,502,,,,Lapsed,[Lapsed] Last Chance: Final win-back email + maximum discount,Lost Customers
16507,Lost Customers,571,1,152.76,152.76,571,,,,Lapsed,[Lapsed] Last Chance: Final win-back email + maximum discount,Lost Customers
18138,Lost Customers,294,1,152.65,152.65,294,,,,Lapsed,[Lapsed] Last Chance: Final win-back email + maximum discount,Lost Customers
14066,Lost Customers,266,1,152.55,152.55,266,,,,Lapsed,[Lapsed] Last Chance: Final win-back email + maximum discount,Lost Customers
17327,Lost Customers,409,2,152.35,76.175,562,152.0,,,Lapsed,[Lapsed] Last Chance: Final win-back email + maximum discount,Lost Customers
13653,Lost Customers,487,1,152.2,152.2,487,,,,Lapsed,[Lapsed] Last Chance: Final win-back email + maximum discount,Lost Customers
16617,Lost Customers,235,1,151.85,151.85,235,,,,Lapsed,[Lapsed] Last Chance: Final win-back email + maximum discount,Lost Customers
18076,Lost Customers,379,1,151.49,151.49,379,,,,Lapsed,[Lapsed] Last Chance: Final win-back email + maximum discount,Lost Customers
12959,Lost Customers,483,1,150.95,150.95,483,,,,Lapsed,[Lapsed] Last Chance: Final win-back email + maximum discount,Lost Customers
14980,Lost Customers,736,1,150.68,150.68,736,,,,Lapsed,[Lapsed] Last Chance: Final win-back email + maximum discount,Lost Customers
15991,Lost Customers,533,1,150.55,150.55,533,,,,Lapsed,[Lapsed] Last Chance: Final win-back email + maximum discount,Lost Customers
14084,Lost Customers,511,1,150.5,150.5,511,,,,Lapsed,[Lapsed] Last Chance: Final win-back email + maximum discount,Lost Customers
15775,Lost Customers,244,2,150.5,75.25,631,386.0,,,Lapsed,[Lapsed] Last Chance: Final win-back email + maximum discount,Lost Customers
14845,Lost Customers,599,1,150.0,150.0,599,,,,Lapsed,[Lapsed] Last Chance: Final win-back email + maximum discount,Lost Customers
17234,Lost Customers,182,1,149.89,149.89,182,,,,Lapsed,[Lapsed] Last Chance: Final win-back email + maximum discount,Lost Customers
13257,Lost Customers,435,1,149.75,149.75,435,,,,Lapsed,[Lapsed] Last Chance: Final win-back email + maximum discount,Lost Customers
17946,Lost Customers,232,2,149.57999999999998,74.78999999999999,258,26.0,,,Lapsed,[Lapsed] Last Chance: Final win-back email + maximum discount,Lost Customers
18038,Lost Customers,555,1,149.41,149.41,555,,,,Lapsed,[Lapsed] Last Chance: Final win-back email + maximum discount,Lost Customers
17390,Lost Customers,420,1,149.3,149.3,420,,,,Lapsed,[Lapsed] Last Chance: Final win-back email + maximum discount,Lost Customers
15283,Lost Customers,389,3,148.32999999999998,49.44333333333333,517,63.5,,,Lapsed,[Lapsed] Last Chance: Final win-back email + maximum discount,Lost Customers
17592,Lost Customers,738,1,148.3,148.3,738,,,,Lapsed,[Lapsed] Last Chance: Final win-back email + maximum discount,Lost Customers
13457,Lost Customers,688,2,148.22,74.11,737,48.0,,,Lapsed,[Lapsed] Last Chance: Final win-back email + maximum discount,Lost Customers
17859,Lost Customers,304,1,148.21,148.21,304,,,,Lapsed,[Lapsed] Last Chance: Final win-back email + maximum discount,Lost Customers
13578,Lost Customers,408,1,147.66,147.66,408,,,,Lapsed,[Lapsed] Last Chance: Final win-back email + maximum discount,Lost Customers
15479,Lost Customers,732,1,147.4,147.4,732,,,,Lapsed,[Lapsed] Last Chance: Final win-back email + maximum discount,Lost Customers
16724,Lost Customers,404,1,147.35,147.35,404,,,,Lapsed,[Lapsed] Last Chance: Final win-back email + maximum discount,Lost Customers
17794,Lost Customers,686,2,147.3,73.65,688,1.0,,,Lapsed,[Lapsed] Last Chance: Final win-back email + maximum discount,Lost Customers
14683,Lost Customers,587,1,146.56,146.56,587,,,,Lapsed,[Lapsed] Last Chance: Final win-back email + maximum discount,Lost Customers
15496,Lost Customers,630,1,146.14,146.14,630,,,,Lapsed,[Lapsed] Last Chance: Final win-back email + maximum discount,Lost Customers
18137,Lost Customers,550,2,145.99,72.995,550,0.0,,,Lapsed,[Lapsed] Last Chance: Final win-back email + maximum discount,Lost Customers
12565,Lost Customers,288,1,145.92000000000002,145.92000000000002,288,,,,Lapsed,[Lapsed] Last Chance: Final win-back email + maximum discount,Lost Customers
17199,Lost Customers,581,1,145.12,145.12,581,,,,Lapsed,[Lapsed] Last Chance: Final win-back email + maximum discount,Lost Customers
16598,Lost Customers,285,1,145.05,145.05,285,,,,Lapsed,[Lapsed] Last Chance: Final win-back email + maximum discount,Lost Customers
15902,Lost Customers,379,1,145.01,145.01,379,,,,Lapsed,[Lapsed] Last Chance: Final win-back email + maximum discount,Lost Customers
17938,Lost Customers,419,1,144.29,144.29,419,,,,Lapsed,[Lapsed] Last Chance: Final win-back email + maximum discount,Lost Customers
15816,Lost Customers,541,2,144.15,72.075,541,0.0,,,Lapsed,[Lapsed] Last Chance: Final win-back email + maximum discount,Lost Customers
12387,Lost Customers,414,1,143.94,143.94,414,,,,Lapsed,[Lapsed] Last Chance: Final win-back email + maximum discount,Lost Customers
14604,Lost Customers,632,1,143.85999999999999,143.85999999999999,632,,,,Lapsed,[Lapsed] Last Chance: Final win-back email + maximum discount,Lost Customers
14574,Lost Customers,732,1,143.70000000000002,143.70000000000002,732,,,,Lapsed,[Lapsed] Last Chance: Final win-back email + maximum discount,Lost Customers
17149,Lost Customers,450,1,143.10000000000002,143.10000000000002,450,,,,Lapsed,[Lapsed] Last Chance: Final win-back email + maximum discount,Lost Customers
15705,Lost Customers,200,1,143.1,143.1,200,,,,Lapsed,[Lapsed] Last Chance: Final win-back email + maximum discount,Lost Customers
15761,Lost Customers,442,1,143.05,143.05,442,,,,Lapsed,[Lapsed] Last Chance: Final win-back email + maximum discount,Lost Customers
14386,Lost Customers,296,1,142.4,142.4,296,,,,Lapsed,[Lapsed] Last Chance: Final win-back email + maximum discount,Lost Customers
14041,Lost Customers,265,1,141.41,141.41,265,,,,Lapsed,[Lapsed] Last Chance: Final win-back email + maximum discount,Lost Customers
17273,Lost Customers,423,1,141.12,141.12,423,,,,Lapsed,[Lapsed] Last Chance: Final win-back email + maximum discount,Lost Customers
12636,Lost Customers,738,1,141.0,141.0,738,,,,Lapsed,[Lapsed] Last Chance: Final win-back email + maximum discount,Lost Customers
17959,Lost Customers,591,1,140.75,140.75,591,,,,Lapsed,[Lapsed] Last Chance: Final win-back email + maximum discount,Lost Customers
14773,Lost Customers,592,1,140.55,140.55,592,,,,Lapsed,[Lapsed] Last Chance: Final win-back email + maximum discount,Lost Customers
15388,Lost Customers,269,1,140.54,140.54,269,,,,Lapsed,[Lapsed] Last Chance: Final win-back email + maximum discount,Lost Customers
15702,Lost Customers,475,2,140.39,70.195,681,205.0,,,Lapsed,[Lapsed] Last Chance: Final win-back email + maximum discount,Lost Customers
15324,Lost Customers,700,1,140.22000000000003,140.22000000000003,700,,,,Lapsed,[Lapsed] Last Chance: Final win-back email + maximum discount,Lost Customers
13839,Lost Customers,485,1,139.95000000000002,139.95000000000002,485,,,,Lapsed,[Lapsed] Last Chance: Final win-back email + maximum discount,Lost Customers
15848,Lost Customers,621,1,139.94,139.94,621,,,,Lapsed,[Lapsed] Last Chance: Final win-back email + maximum discount,Lost Customers
16840,Lost Customers,602,2,139.85,69.925,674,71.0,,,Lapsed,[Lapsed] Last Chance: Final win-back email + maximum discount,Lost Customers
16483,Lost Customers,191,1,139.35,139.35,191,,,,Lapsed,[Lapsed] Last Chance: Final win-back email + maximum discount,Lost Customers
14707,Lost Customers,435,2,139.2,69.6,576,141.0,,,Lapsed,[Lapsed] Last Chance: Final win-back email + maximum discount,Lost Customers
12902,Lost Customers,264,1,138.68,138.68,264,,,,Lapsed,[Lapsed] Last Chance: Final win-back email + maximum discount,Lost Customers
13716,Lost Customers,268,1,138.28,138.28,268,,,,Lapsed,[Lapsed] Last Chance: Final win-back email + maximum discount,Lost Customers
17982,Lost Customers,680,1,138.18,138.18,680,,,,Lapsed,[Lapsed] Last Chance: Final win-back email + maximum discount,Lost Customers
16396,Lost Customers,475,1,137.8,137.8,475,,,,Lapsed,[Lapsed] Last Chance: Final win-back email + maximum discount,Lost Customers
13907,Lost Customers,691,1,136.8,136.8,691,,,,Lapsed,[Lapsed] Last Chance: Final win-back email + maximum discount,Lost Customers
16237,Lost Customers,436,1,136.65,136.65,436,,,,Lapsed,[Lapsed] Last Chance: Final win-back email + maximum discount,Lost Customers
16289,Lost Customers,461,1,136.31,136.31,461,,,,Lapsed,[Lapsed] Last Chance: Final win-back email + maximum discount,Lost Customers
16651,Lost Customers,586,1,136.2,136.2,586,,,,Lapsed,[Lapsed] Last Chance: Final win-back email + maximum discount,Lost Customers
17972,Lost Customers,241,1,136.04,136.04,241,,,,Lapsed,[Lapsed] Last Chance: Final win-back email + maximum discount,Lost Customers
16876,Lost Customers,403,1,136.01,136.01,403,,,,Lapsed,[Lapsed] Last Chance: Final win-back email + maximum discount,Lost Customers
14366,Lost Customers,524,1,136.0,136.0,524,,,,Lapsed,[Lapsed] Last Chance: Final win-back email + maximum discount,Lost Customers
17583,Lost Customers,559,1,135.95,135.95,559,,,,Lapsed,[Lapsed] Last Chance: Final win-back email + maximum discount,Lost Customers
14889,Lost Customers,335,1,135.9,135.9,335,,,,Lapsed,[Lapsed] Last Chance: Final win-back email + maximum discount,Lost Customers
16114,Lost Customers,170,1,135.75000000000003,135.75000000000003,170,,,,Lapsed,[Lapsed] Last Chance: Final win-back email + maximum discount,Lost Customers
14391,Lost Customers,576,1,135.6,135.6,576,,,,Lapsed,[Lapsed] Last Chance: Final win-back email + maximum discount,Lost Customers
13076,Lost Customers,457,1,135.4,135.4,457,,,,Lapsed,[Lapsed] Last Chance: Final win-back email + maximum discount,Lost Customers
16665,Lost Customers,361,1,135.4,135.4,361,,,,Lapsed,[Lapsed] Last Chance: Final win-back email + maximum discount,Lost Customers
14588,Lost Customers,577,1,135.39,135.39,577,,,,Lapsed,[Lapsed] Last Chance: Final win-back email + maximum discount,Lost Customers
13144,Lost Customers,332,2,135.35,67.675,430,98.0,,,Lapsed,[Lapsed] Last Chance: Final win-back email + maximum discount,Lost Customers
13702,Lost Customers,445,1,135.18,135.18,445,,,,Lapsed,[Lapsed] Last Chance: Final win-back email + maximum discount,Lost Customers
17960,Lost Customers,170,3,135.08,45.02666666666667,641,234.5,,,Lapsed,[Lapsed] Last Chance: Final win-back email + maximum discount,Lost Customers
13119,Lost Customers,668,1,134.9,134.9,668,,,,Lapsed,[Lapsed] Last Chance: Final win-back email + maximum discount,Lost Customers
16055,Lost Customers,220,1,134.8,134.8,220,,,,Lapsed,[Lapsed] Last Chance: Final win-back email + maximum discount,Lost Customers
14340,Lost Customers,218,1,134.7,134.7,218,,,,Lapsed,[Lapsed] Last Chance: Final win-back email + maximum discount,Lost Customers
17826,Lost Customers,373,1,134.59,134.59,373,,,,Lapsed,[Lapsed] Last Chance: Final win-back email + maximum discount,Lost Customers
15926,Lost Customers,541,1,134.44,134.44,541,,,,Lapsed,[Lapsed] Last Chance: Final win-back email + maximum discount,Lost Customers
16486,Lost Customers,537,1,134.36,134.36,537,,,,Lapsed,[Lapsed] Last Chance: Final win-back email + maximum discount,Lost Customers
14280,Lost Customers,196,1,134.04,134.04,196,,,,Lapsed,[Lapsed] Last Chance: Final win-back email + maximum discount,Lost Customers
16886,Lost Customers,455,1,134.0,134.0,455,,,,Lapsed,[Lapsed] Last Chance: Final win-back email + maximum discount,Lost Customers
15056,Lost Customers,519,1,133.45,133.45,519,,,,Lapsed,[Lapsed] Last Chance: Final win-back email + maximum discount,Lost Customers
17881,Lost Customers,303,1,133.35,133.35,303,,,,Lapsed,[Lapsed] Last Chance: Final win-back email + maximum discount,Lost Customers
12467,Lost Customers,422,1,132.8,132.8,422,,,,Lapsed,[Lapsed] Last Chance: Final win-back email + maximum discount,Lost Customers
17909,Lost Customers,736,1,132.55,132.55,736,,,,Lapsed,[Lapsed] Last Chance: Final win-back email + maximum discount,Lost Customers
12964,Lost Customers,436,1,132.24,132.24,436,,,,Lapsed,[Lapsed] Last Chance: Final win-back email + maximum discount,Lost Customers
14444,Lost Customers,455,1,132.04,132.04,455,,,,Lapsed,[Lapsed] Last Chance: Final win-back email + maximum discount,Lost Customers
14438,Lost Customers,305,1,131.9,131.9,305,,,,Lapsed,[Lapsed] Last Chance: Final win-back email + maximum discount,Lost Customers
17565,Lost Customers,586,1,131.83,131.83,586,,,,Lapsed,[Lapsed] Last Chance: Final win-back email + maximum discount,Lost Customers
17455,Lost Customers,203,1,131.7,131.7,203,,,,Lapsed,[Lapsed] Last Chance: Final win-back email + maximum discount,Lost Customers
13586,Lost Customers,540,1,131.53,131.53,540,,,,Lapsed,[Lapsed] Last Chance: Final win-back email + maximum discount,Lost Customers
14795,Lost Customers,165,1,131.45000000000002,131.45000000000002,165,,,,Lapsed,[Lapsed] Last Chance: Final win-back email + maximum discount,Lost Customers
14378,Lost Customers,621,1,131.25,131.25,621,,,,Lapsed,[Lapsed] Last Chance: Final win-back email + maximum discount,Lost Customers
15409,Lost Customers,720,1,131.25,131.25,720,,,,Lapsed,[Lapsed] Last Chance: Final win-back email + maximum discount,Lost Customers
17225,Lost Customers,581,1,131.15,131.15,581,,,,Lapsed,[Lapsed] Last Chance: Final win-back email + maximum discount,Lost Customers
16865,Lost Customers,401,1,130.95,130.95,401,,,,Lapsed,[Lapsed] Last Chance: Final win-back email + maximum discount,Lost Customers
17240,Lost Customers,595,1,130.60000000000002,130.60000000000002,595,,,,Lapsed,[Lapsed] Last Chance: Final win-back email + maximum discount,Lost Customers
16410,Lost Customers,733,1,130.32,130.32,733,,,,Lapsed,[Lapsed] Last Chance: Final win-back email + maximum discount,Lost Customers
17818,Lost Customers,737,1,130.18,130.18,737,,,,Lapsed,[Lapsed] Last Chance: Final win-back email + maximum discount,Lost Customers
16288,Lost Customers,469,1,129.85,129.85,469,,,,Lapsed,[Lapsed] Last Chance: Final win-back email + maximum discount,Lost Customers
17762,Lost Customers,455,1,129.75,129.75,455,,,,Lapsed,[Lapsed] Last Chance: Final win-back email + maximum discount,Lost Customers
15317,Lost Customers,676,1,129.75,129.75,676,,,,Lapsed,[Lapsed] Last Chance: Final win-back email + maximum discount,Lost Customers
17847,Lost Customers,515,2,129.69,64.845,644,129.0,,,Lapsed,[Lapsed] Last Chance: Final win-back email + maximum discount,Lost Customers
14999,Lost Customers,592,1,129.48000000000002,129.48000000000002,592,,,,Lapsed,[Lapsed] Last Chance: Final win-back email + maximum discount,Lost Customers
12555,Lost Customers,681,1,129.23,129.23,681,,,,Lapsed,[Lapsed] Last Chance: Final win-back email + maximum discount,Lost Customers
13071,Lost Customers,611,1,129.22,129.22,611,,,,Lapsed,[Lapsed] Last Chance: Final win-back email + maximum discount,Lost Customers
17056,Lost Customers,737,1,128.60000000000002,128.60000000000002,737,,,,Lapsed,[Lapsed] Last Chance: Final win-back email + maximum discount,Lost Customers
17089,Lost Customers,385,1,128.45,128.45,385,,,,Lapsed,[Lapsed] Last Chance: Final win-back email + maximum discount,Lost Customers
16251,Lost Customers,511,1,128.31,128.31,511,,,,Lapsed,[Lapsed] Last Chance: Final win-back email + maximum discount,Lost Customers
15892,Lost Customers,668,1,128.2,128.2,668,,,,Lapsed,[Lapsed] Last Chance: Final win-back email + maximum discount,Lost Customers
16397,Lost Customers,627,1,127.88,127.88,627,,,,Lapsed,[Lapsed] Last Chance: Final win-back email + maximum discount,Lost Customers
13053,Lost Customers,621,1,127.65,127.65,621,,,,Lapsed,[Lapsed] Last Chance: Final win-back email + maximum discount,Lost Customers
15578,Lost Customers,161,1,127.1,127.1,161,,,,Lapsed,[Lapsed] Last Chance: Final win-back email + maximum discount,Lost Customers
15923,Lost Customers,372,1,127.08,127.08,372,,,,Lapsed,[Lapsed] Last Chance: Final win-back email + maximum discount,Lost Customers
16973,Lost Customers,385,1,127.0,127.0,385,,,,Lapsed,[Lapsed] Last Chance: Final win-back email + maximum discount,Lost Customers
14751,Lost Customers,683,2,126.45,63.225,725,41.0,,,Lapsed,[Lapsed] Last Chance: Final win-back email + maximum discount,Lost Customers
16294,Lost Customers,476,1,126.05000000000001,126.05000000000001,476,,,,Lapsed,[Lapsed] Last Chance: Final win-back email + maximum discount,Lost Customers
13794,Lost Customers,546,1,126.03,126.03,546,,,,Lapsed,[Lapsed] Last Chance: Final win-back email + maximum discount,Lost Customers
17657,Lost Customers,429,1,126.0,126.0,429,,,,Lapsed,[Lapsed] Last Chance: Final win-back email + maximum discount,Lost Customers
16925,Lost Customers,539,1,125.65,125.65,539,,,,Lapsed,[Lapsed] Last Chance: Final win-back email + maximum discount,Lost Customers
15731,Lost Customers,553,1,125.3,125.3,553,,,,Lapsed,[Lapsed] Last Chance: Final win-back email + maximum discount,Lost Customers
13912,Lost Customers,423,1,124.95,124.95,423,,,,Lapsed,[Lapsed] Last Chance: Final win-back email + maximum discount,Lost Customers
13312,Lost Customers,450,1,124.75,124.75,450,,,,Lapsed,[Lapsed] Last Chance: Final win-back email + maximum discount,Lost Customers
14726,Lost Customers,654,1,124.75,124.75,654,,,,Lapsed,[Lapsed] Last Chance: Final win-back email + maximum discount,Lost Customers
16849,Lost Customers,186,1,124.57,124.57,186,,,,Lapsed,[Lapsed] Last Chance: Final win-back email + maximum discount,Lost Customers
17541,Lost Customers,509,1,124.46,124.46,509,,,,Lapsed,[Lapsed] Last Chance: Final win-back email + maximum discount,Lost Customers
17316,Lost Customers,419,1,124.45,124.45,419,,,,Lapsed,[Lapsed] Last Chance: Final win-back email + maximum discount,Lost Customers
18000,Lost Customers,563,1,124.25,124.25,563,,,,Lapsed,[Lapsed] Last Chance: Final win-back email + maximum discount,Lost Customers
12773,Lost Customers,563,1,124.25,124.25,563,,,,Lapsed,[Lapsed] Last Chance: Final win-back email + maximum discount,Lost Customers
15779,Lost Customers,462,2,124.08,62.04,531,69.0,,,Lapsed,[Lapsed] Last Chance: Final win-back email + maximum discount,Lost Customers
13968,Lost Customers,422,1,123.66,123.66,422,,,,Lapsed,[Lapsed] Last Chance: Final win-back email + maximum discount,Lost Customers
14187,Lost Customers,473,1,123.5,123.5,473,,,,Lapsed,[Lapsed] Last Chance: Final win-back email + maximum discount,Lost Customers
15927,Lost Customers,646,1,123.39000000000001,123.39000000000001,646,,,,Lapsed,[Lapsed] Last Chance: Final win-back email + maximum discount,Lost Customers
16068,Lost Customers,593,1,122.93,122.93,593,,,,Lapsed,[Lapsed] Last Chance: Final win-back email + maximum discount,Lost Customers
14165,Lost Customers,275,1,122.53999999999999,122.53999999999999,275,,,,Lapsed,[Lapsed] Last Chance: Final win-back email + maximum discount,Lost Customers
12969,Lost Customers,602,1,122.45,122.45,602,,,,Lapsed,[Lapsed] Last Chance: Final win-back email + maximum discount,Lost Customers
16073,Lost Customers,296,1,122.4,122.4,296,,,,Lapsed,[Lapsed] Last Chance: Final win-back email + maximum discount,Lost Customers
13084,Lost Customers,491,1,122.39999999999999,122.39999999999999,491,,,,Lapsed,[Lapsed] Last Chance: Final win-back email + maximum discount,Lost Customers
15049,Lost Customers,273,1,121.17000000000002,121.17000000000002,273,,,,Lapsed,[Lapsed] Last Chance: Final win-back email + maximum discount,Lost Customers
17260,Lost Customers,410,1,120.95,120.95,410,,,,Lapsed,[Lapsed] Last Chance: Final win-back email + maximum discount,Lost Customers
17446,Lost Customers,176,2,120.89999999999999,60.449999999999996,309,133.0,,,Lapsed,[Lapsed] Last Chance: Final win-back email + maximum discount,Lost Customers
14884,Lost Customers,668,1,120.6,120.6,668,,,,Lapsed,[Lapsed] Last Chance: Final win-back email + maximum discount,Lost Customers
17543,Lost Customers,549,1,120.05,120.05,549,,,,Lapsed,[Lapsed] Last Chance: Final win-back email + maximum discount,Lost Customers
14259,Lost Customers,141,1,120.0,120.0,141,,,,Lapsed,[Lapsed] Last Chance: Final win-back email + maximum discount,Lost Customers
14453,Lost Customers,189,1,119.93,119.93,189,,,,Lapsed,[Lapsed] Last Chance: Final win-back email + maximum discount,Lost Customers
15161,Lost Customers,387,1,119.92,119.92,387,,,,Lapsed,[Lapsed] Last Chance: Final win-back email + maximum discount,Lost Customers
17177,Lost Customers,504,1,119.5,119.5,504,,,,Lapsed,[Lapsed] Last Chance: Final win-back email + maximum discount,Lost Customers
15843,Lost Customers,303,1,118.95,118.95,303,,,,Lapsed,[Lapsed] Last Chance: Final win-back email + maximum discount,Lost Customers
17280,Lost Customers,437,1,118.86,118.86,437,,,,Lapsed,[Lapsed] Last Chance: Final win-back email + maximum discount,Lost Customers
14155,Lost Customers,265,1,118.75,118.75,265,,,,Lapsed,[Lapsed] Last Chance: Final win-back email + maximum discount,Lost Customers
12929,Lost Customers,311,1,117.85,117.85,311,,,,Lapsed,[Lapsed] Last Chance: Final win-back email + maximum discount,Lost Customers
16291,Lost Customers,681,1,117.72,117.72,681,,,,Lapsed,[Lapsed] Last Chance: Final win-back email + maximum discount,Lost Customers
17654,Lost Customers,276,1,117.55,117.55,276,,,,Lapsed,[Lapsed] Last Chance: Final win-back email + maximum discount,Lost Customers
17117,Lost Customers,287,1,116.2,116.2,287,,,,Lapsed,[Lapsed] Last Chance: Final win-back email + maximum discount,Lost Customers
14874,Lost Customers,534,1,116.18,116.18,534,,,,Lapsed,[Lapsed] Last Chance: Final win-back email + maximum discount,Lost Customers
14721,Lost Customers,378,1,115.77,115.77,378,,,,Lapsed,[Lapsed] Last Chance: Final win-back email + maximum discount,Lost Customers
13241,Lost Customers,411,1,115.58,115.58,411,,,,Lapsed,[Lapsed] Last Chance: Final win-back email + maximum discount,Lost Customers
17208,Lost Customers,395,1,115.35,115.35,395,,,,Lapsed,[Lapsed] Last Chance: Final win-back email + maximum discount,Lost Customers
18012,Lost Customers,722,1,115.3,115.3,722,,,,Lapsed,[Lapsed] Last Chance: Final win-back email + maximum discount,Lost Customers
15352,Lost Customers,548,1,114.95,114.95,548,,,,Lapsed,[Lapsed] Last Chance: Final win-back email + maximum discount,Lost Customers
17401,Lost Customers,540,1,114.85,114.85,540,,,,Lapsed,[Lapsed] Last Chance: Final win-back email + maximum discount,Lost Customers
17933,Lost Customers,631,1,114.69,114.69,631,,,,Lapsed,[Lapsed] Last Chance: Final win-back email + maximum discount,Lost Customers
15905,Lost Customers,542,1,114.69,114.69,542,,,,Lapsed,[Lapsed] Last Chance: Final win-back email + maximum discount,Lost Customers
16247,Lost Customers,169,1,114.56,114.56,169,,,,Lapsed,[Lapsed] Last Chance: Final win-back email + maximum discount,Lost Customers
14632,Lost Customers,262,1,114.56,114.56,262,,,,Lapsed,[Lapsed] Last Chance: Final win-back email + maximum discount,Lost Customers
17275,Lost Customers,382,1,114.52,114.52,382,,,,Lapsed,[Lapsed] Last Chance: Final win-back email + maximum discount,Lost Customers
18148,Lost Customers,646,1,114.10000000000001,114.10000000000001,646,,,,Lapsed,[Lapsed] Last Chance: Final win-back email + maximum discount,Lost Customers
14457,Lost Customers,310,1,113.64,113.64,310,,,,Lapsed,[Lapsed] Last Chance: Final win-back email + maximum discount,Lost Customers
16821,Lost Customers,381,1,113.35,113.35,381,,,,Lapsed,[Lapsed] Last Chance: Final win-back email + maximum discount,Lost Customers
17784,Lost Customers,549,1,112.86,112.86,549,,,,Lapsed,[Lapsed] Last Chance: Final win-back email + maximum discount,Lost Customers
14689,Lost Customers,208,1,112.80000000000001,112.80000000000001,208,,,,Lapsed,[Lapsed] Last Chance: Final win-back email + maximum discount,Lost Customers
16697,Lost Customers,240,1,112.75,112.75,240,,,,Lapsed,[Lapsed] Last Chance: Final win-back email + maximum discount,Lost Customers
18129,Lost Customers,242,1,112.55000000000001,112.55000000000001,242,,,,Lapsed,[Lapsed] Last Chance: Final win-back email + maximum discount,Lost Customers
13620,Lost Customers,527,1,112.34,112.34,527,,,,Lapsed,[Lapsed] Last Chance: Final win-back email + maximum discount,Lost Customers
17893,Lost Customers,224,1,112.25,112.25,224,,,,Lapsed,[Lapsed] Last Chance: Final win-back email + maximum discount,Lost Customers
17900,Lost Customers,189,2,112.19999999999999,56.099999999999994,189,0.0,,,Lapsed,[Lapsed] Last Chance: Final win-back email + maximum discount,Lost Customers
14750,Lost Customers,735,1,112.03,112.03,735,,,,Lapsed,[Lapsed] Last Chance: Final win-back email + maximum discount,Lost Customers
15875,Lost Customers,645,1,111.72,111.72,645,,,,Lapsed,[Lapsed] Last Chance: Final win-back email + maximum discount,Lost Customers
16547,Lost Customers,545,1,111.71,111.71,545,,,,Lapsed,[Lapsed] Last Chance: Final win-back email + maximum discount,Lost Customers
14668,Lost Customers,444,1,111.63,111.63,444,,,,Lapsed,[Lapsed] Last Chance: Final win-back email + maximum discount,Lost Customers
18124,Lost Customers,471,1,111.53,111.53,471,,,,Lapsed,[Lapsed] Last Chance: Final win-back email + maximum discount,Lost Customers
17304,Lost Customers,533,1,111.5,111.5,533,,,,Lapsed,[Lapsed] Last Chance: Final win-back email + maximum discount,Lost Customers
18120,Lost Customers,213,1,111.15,111.15,213,,,,Lapsed,[Lapsed] Last Chance: Final win-back email + maximum discount,Lost Customers
14464,Lost Customers,567,2,111.0,55.5,626,59.0,,,Lapsed,[Lapsed] Last Chance: Final win-back email + maximum discount,Lost Customers
16064,Lost Customers,724,1,111.0,111.0,724,,,,Lapsed,[Lapsed] Last Chance: Final win-back email + maximum discount,Lost Customers
12692,Lost Customers,636,1,110.95,110.95,636,,,,Lapsed,[Lapsed] Last Chance: Final win-back email + maximum discount,Lost Customers
14509,Lost Customers,533,1,110.95,110.95,533,,,,Lapsed,[Lapsed] Last Chance: Final win-back email + maximum discount,Lost Customers
15537,Lost Customers,162,1,110.92,110.92,162,,,,Lapsed,[Lapsed] Last Chance: Final win-back email + maximum discount,Lost Customers
18256,Lost Customers,387,1,110.69999999999999,110.69999999999999,387,,,,Lapsed,[Lapsed] Last Chance: Final win-back email + maximum discount,Lost Customers
14787,Lost Customers,470,1,110.65,110.65,470,,,,Lapsed,[Lapsed] Last Chance: Final win-back email + maximum discount,Lost Customers
16963,Lost Customers,186,1,110.55000000000001,110.55000000000001,186,,,,Lapsed,[Lapsed] Last Chance: Final win-back email + maximum discount,Lost Customers
16339,Lost Customers,283,1,109.95,109.95,283,,,,Lapsed,[Lapsed] Last Chance: Final win-back email + maximum discount,Lost Customers
15851,Lost Customers,526,1,109.73,109.73,526,,,,Lapsed,[Lapsed] Last Chance: Final win-back email + maximum discount,Lost Customers
14033,Lost Customers,554,1,109.44,109.44,554,,,,Lapsed,[Lapsed] Last Chance: Final win-back email + maximum discount,Lost Customers
16664,Lost Customers,568,1,109.2,109.2,568,,,,Lapsed,[Lapsed] Last Chance: Final win-back email + maximum discount,Lost Customers
14374,Lost Customers,540,1,108.0,108.0,540,,,,Lapsed,[Lapsed] Last Chance: Final win-back email + maximum discount,Lost Customers
15583,Lost Customers,375,1,107.86,107.86,375,,,,Lapsed,[Lapsed] Last Chance: Final win-back email + maximum discount,Lost Customers
13580,Lost Customers,405,1,107.75,107.75,405,,,,Lapsed,[Lapsed] Last Chance: Final win-back email + maximum discount,Lost Customers
14943,Lost Customers,662,1,107.62,107.62,662,,,,Lapsed,[Lapsed] Last Chance: Final win-back email + maximum discount,Lost Customers
15395,Lost Customers,325,1,107.45,107.45,325,,,,Lapsed,[Lapsed] Last Chance: Final win-back email + maximum discount,Lost Customers
16301,Lost Customers,736,1,107.33,107.33,736,,,,Lapsed,[Lapsed] Last Chance: Final win-back email + maximum discount,Lost Customers
15328,Lost Customers,407,1,107.24,107.24,407,,,,Lapsed,[Lapsed] Last Chance: Final win-back email + maximum discount,Lost Customers
16047,Lost Customers,681,1,107.14,107.14,681,,,,Lapsed,[Lapsed] Last Chance: Final win-back email + maximum discount,Lost Customers
15846,Lost Customers,384,1,107.01,107.01,384,,,,Lapsed,[Lapsed] Last Chance: Final win-back email + maximum discount,Lost Customers
16630,Lost Customers,406,1,106.80000000000001,106.80000000000001,406,,,,Lapsed,[Lapsed] Last Chance: Final win-back email + maximum discount,Lost Customers
16082,Lost Customers,669,1,106.75,106.75,669,,,,Lapsed,[Lapsed] Last Chance: Final win-back email + maximum discount,Lost Customers
14637,Lost Customers,676,1,106.68,106.68,676,,,,Lapsed,[Lapsed] Last Chance: Final win-back email + maximum discount,Lost Customers
16581,Lost Customers,182,1,105.84,105.84,182,,,,Lapsed,[Lapsed] Last Chance: Final win-back email + maximum discount,Lost Customers
18103,Lost Customers,548,1,105.8,105.8,548,,,,Lapsed,[Lapsed] Last Chance: Final win-back email + maximum discount,Lost Customers
15642,Lost Customers,729,1,105.78,105.78,729,,,,Lapsed,[Lapsed] Last Chance: Final win-back email + maximum discount,Lost Customers
14579,Lost Customers,431,1,105.56,105.56,431,,,,Lapsed,[Lapsed] Last Chance: Final win-back email + maximum discount,Lost Customers
15340,Lost Customers,561,1,105.5,105.5,561,,,,Lapsed,[Lapsed] Last Chance: Final win-back email + maximum discount,Lost Customers
17328,Lost Customers,672,1,104.7,104.7,672,,,,Lapsed,[Lapsed] Last Chance: Final win-back email + maximum discount,Lost Customers
16375,Lost Customers,469,2,104.0,52.0,469,0.0,,,Lapsed,[Lapsed] Last Chance: Final win-back email + maximum discount,Lost Customers
16896,Lost Customers,554,1,103.95,103.95,554,,,,Lapsed,[Lapsed] Last Chance: Final win-back email + maximum discount,Lost Customers
14542,Lost Customers,185,1,103.25,103.25,185,,,,Lapsed,[Lapsed] Last Chance: Final win-back email + maximum discount,Lost Customers
15924,Lost Customers,730,1,102.82,102.82,730,,,,Lapsed,[Lapsed] Last Chance: Final win-back email + maximum discount,Lost Customers
17467,Lost Customers,394,1,102.6,102.6,394,,,,Lapsed,[Lapsed] Last Chance: Final win-back email + maximum discount,Lost Customers
15486,Lost Customers,526,1,102.0,102.0,526,,,,Lapsed,[Lapsed] Last Chance: Final win-back email + maximum discount,Lost Customers
13829,Lost Customers,420,1,102.0,102.0,420,,,,Lapsed,[Lapsed] Last Chance: Final win-back email + maximum discount,Lost Customers
18068,Lost Customers,288,1,101.7,101.7,288,,,,Lapsed,[Lapsed] Last Chance: Final win-back email + maximum discount,Lost Customers
16944,Lost Customers,609,1,101.36,101.36,609,,,,Lapsed,[Lapsed] Last Chance: Final win-back email + maximum discount,Lost Customers
18086,Lost Customers,273,1,101.34,101.34,273,,,,Lapsed,[Lapsed] Last Chance: Final win-back email + maximum discount,Lost Customers
18195,Lost Customers,386,1,101.16,101.16,386,,,,Lapsed,[Lapsed] Last Chance: Final win-back email + maximum discount,Lost Customers
17741,Lost Customers,406,2,101.1,50.55,560,153.0,,,Lapsed,[Lapsed] Last Chance: Final win-back email + maximum discount,Lost Customers
16498,Lost Customers,160,2,100.97,50.485,161,0.0,,,Lapsed,[Lapsed] Last Chance: Final win-back email + maximum discount,Lost Customers
17493,Lost Customers,384,1,100.91,100.91,384,,,,Lapsed,[Lapsed] Last Chance: Final win-back email + maximum discount,Lost Customers
17224,Lost Customers,500,1,100.86000000000001,100.86000000000001,500,,,,Lapsed,[Lapsed] Last Chance: Final win-back email + maximum discount,Lost Customers
14371,Lost Customers,294,1,100.5,100.5,294,,,,Lapsed,[Lapsed] Last Chance: Final win-back email + maximum discount,Lost Customers
15635,Lost Customers,395,1,100.35,100.35,395,,,,Lapsed,[Lapsed] Last Chance: Final win-back email + maximum discount,Lost Customers
17570,Lost Customers,381,1,100.0,100.0,381,,,,Lapsed,[Lapsed] Last Chance: Final win-back email + maximum discount,Lost Customers
17939,Lost Customers,159,1,99.14,99.14,159,,,,Lapsed,[Lapsed] Last Chance: Final win-back email + maximum discount,Lost Customers
12774,Lost Customers,535,1,98.7,98.7,535,,,,Lapsed,[Lapsed] Last Chance: Final win-back email + maximum discount,Lost Customers
16694,Lost Customers,722,1,98.30000000000001,98.30000000000001,722,,,,Lapsed,[Lapsed] Last Chance: Final win-back email + maximum discount,Lost Customers
17395,Lost Customers,507,1,97.5,97.5,507,,,,Lapsed,[Lapsed] Last Chance: Final win-back email + maximum discount,Lost Customers
13793,Lost Customers,646,1,96.0,96.0,646,,,,Lapsed,[Lapsed] Last Chance: Final win-back email + maximum discount,Lost Customers
12548,Lost Customers,165,1,95.19999999999999,95.19999999999999,165,,,,Lapsed,[Lapsed] Last Chance: Final win-back email + maximum discount,Lost Customers
15285,Lost Customers,407,1,94.92,94.92,407,,,,Lapsed,[Lapsed] Last Chance: Final win-back email + maximum discount,Lost Customers
14833,Lost Customers,498,1,94.8,94.8,498,,,,Lapsed,[Lapsed] Last Chance: Final win-back email + maximum discount,Lost Customers
15868,Lost Customers,582,1,94.53,94.53,582,,,,Lapsed,[Lapsed] Last Chance: Final win-back email + maximum discount,Lost Customers
15397,Lost Customers,289,1,94.0,94.0,289,,,,Lapsed,[Lapsed] Last Chance: Final win-back email + maximum discount,Lost Customers
14394,Lost Customers,564,1,93.8,93.8,564,,,,Lapsed,[Lapsed] Last Chance: Final win-back email + maximum discount,Lost Customers
15305,Lost Customers,554,1,93.6,93.6,554,,,,Lapsed,[Lapsed] Last Chance: Final win-back email + maximum discount,Lost Customers
15082,Lost Customers,668,1,93.35000000000001,93.35000000000001,668,,,,Lapsed,[Lapsed] Last Chance: Final win-back email + maximum discount,Lost Customers
12992,Lost Customers,724,1,93.35,93.35,724,,,,Lapsed,[Lapsed] Last Chance: Final win-back email + maximum discount,Lost Customers
16196,Lost Customers,488,1,93.3,93.3,488,,,,Lapsed,[Lapsed] Last Chance: Final win-back email + maximum discount,Lost Customers
16831,Lost Customers,564,1,91.8,91.8,564,,,,Lapsed,[Lapsed] Last Chance: Final win-back email + maximum discount,Lost Customers
13392,Lost Customers,676,1,91.14,91.14,676,,,,Lapsed,[Lapsed] Last Chance: Final win-back email + maximum discount,Lost Customers
14786,Lost Customers,549,1,90.96,90.96,549,,,,Lapsed,[Lapsed] Last Chance: Final win-back email + maximum discount,Lost Customers
14435,Lost Customers,501,1,90.42,90.42,501,,,,Lapsed,[Lapsed] Last Chance: Final win-back email + maximum discount,Lost Customers
15686,Lost Customers,419,1,90.0,90.0,419,,,,Lapsed,[Lapsed] Last Chance: Final win-back email + maximum discount,Lost Customers
14117,Lost Customers,143,1,90.0,90.0,143,,,,Lapsed,[Lapsed] Last Chance: Final win-back email + maximum discount,Lost Customers
16061,Lost Customers,430,1,89.65,89.65,430,,,,Lapsed,[Lapsed] Last Chance: Final win-back email + maximum discount,Lost Customers
13535,Lost Customers,402,1,89.5,89.5,402,,,,Lapsed,[Lapsed] Last Chance: Final win-back email + maximum discount,Lost Customers
14760,Lost Customers,296,1,89.2,89.2,296,,,,Lapsed,[Lapsed] Last Chance: Final win-back email + maximum discount,Lost Customers
12686,Lost Customers,371,1,89.14,89.14,371,,,,Lapsed,[Lapsed] Last Chance: Final win-back email + maximum discount,Lost Customers
13222,Lost Customers,576,1,88.5,88.5,576,,,,Lapsed,[Lapsed] Last Chance: Final win-back email + maximum discount,Lost Customers
15083,Lost Customers,256,1,88.2,88.2,256,,,,Lapsed,[Lapsed] Last Chance: Final win-back email + maximum discount,Lost Customers
16564,Lost Customers,568,1,87.80000000000001,87.80000000000001,568,,,,Lapsed,[Lapsed] Last Chance: Final win-back email + maximum discount,Lost Customers
17606,Lost Customers,736,1,87.30000000000001,87.30000000000001,736,,,,Lapsed,[Lapsed] Last Chance: Final win-back email + maximum discount,Lost Customers
17763,Lost Customers,262,4,86.15,21.5375,658,131.66666666666666,,,Lapsed,[Lapsed] Last Chance: Final win-back email + maximum discount,Lost Customers
13180,Lost Customers,606,1,86.10000000000001,86.10000000000001,606,,,,Lapsed,[Lapsed] Last Chance: Final win-back email + maximum discount,Lost Customers
13841,Lost Customers,252,1,85.0,85.0,252,,,,Lapsed,[Lapsed] Last Chance: Final win-back email + maximum discount,Lost Customers
12401,Lost Customers,302,1,84.3,84.3,302,,,,Lapsed,[Lapsed] Last Chance: Final win-back email + maximum discount,Lost Customers
15094,Lost Customers,462,2,83.0,41.5,643,181.0,,,Lapsed,[Lapsed] Last Chance: Final win-back email + maximum discount,Lost Customers
14347,Lost Customers,736,1,82.60000000000001,82.60000000000001,736,,,,Lapsed,[Lapsed] Last Chance: Final win-back email + maximum discount,Lost Customers
13469,Lost Customers,652,1,82.4,82.4,652,,,,Lapsed,[Lapsed] Last Chance: Final win-back email + maximum discount,Lost Customers
16028,Lost Customers,595,1,82.2,82.2,595,,,,Lapsed,[Lapsed] Last Chance: Final win-back email + maximum discount,Lost Customers
13215,Lost Customers,401,1,81.6,81.6,401,,,,Lapsed,[Lapsed] Last Chance: Final win-back email + maximum discount,Lost Customers
17008,Lost Customers,428,1,81.36,81.36,428,,,,Lapsed,[Lapsed] Last Chance: Final win-back email + maximum discount,Lost Customers
14717,Lost Customers,732,1,81.3,81.3,732,,,,Lapsed,[Lapsed] Last Chance: Final win-back email + maximum discount,Lost Customers
15170,Lost Customers,406,1,81.15,81.15,406,,,,Lapsed,[Lapsed] Last Chance: Final win-back email + maximum discount,Lost Customers
17336,Lost Customers,471,1,81.12,81.12,471,,,,Lapsed,[Lapsed] Last Chance: Final win-back email + maximum discount,Lost Customers
17752,Lost Customers,358,1,80.64,80.64,358,,,,Lapsed,[Lapsed] Last Chance: Final win-back email + maximum discount,Lost Customers
15833,Lost Customers,737,1,80.4,80.4,737,,,,Lapsed,[Lapsed] Last Chance: Final win-back email + maximum discount,Lost Customers
15131,Lost Customers,394,1,80.28,80.28,394,,,,Lapsed,[Lapsed] Last Chance: Final win-back email + maximum discount,Lost Customers
14190,Lost Customers,665,1,79.9,79.9,665,,,,Lapsed,[Lapsed] Last Chance: Final win-back email + maximum discount,Lost Customers
16165,Lost Customers,504,1,79.9,79.9,504,,,,Lapsed,[Lapsed] Last Chance: Final win-back email + maximum discount,Lost Customers
14007,Lost Customers,512,1,79.48,79.48,512,,,,Lapsed,[Lapsed] Last Chance: Final win-back email + maximum discount,Lost Customers
15753,Lost Customers,304,1,79.2,79.2,304,,,,Lapsed,[Lapsed] Last Chance: Final win-back email + maximum discount,Lost Customers
17192,Lost Customers,535,1,77.83,77.83,535,,,,Lapsed,[Lapsed] Last Chance: Final win-back email + maximum discount,Lost Customers
12570,Lost Customers,681,1,77.52,77.52,681,,,,Lapsed,[Lapsed] Last Chance: Final win-back email + maximum discount,Lost Customers
13132,Lost Customers,261,1,77.3,77.3,261,,,,Lapsed,[Lapsed] Last Chance: Final win-back email + maximum discount,Lost Customers
16867,Lost Customers,689,1,76.74000000000001,76.74000000000001,689,,,,Lapsed,[Lapsed] Last Chance: Final win-back email + maximum discount,Lost Customers
14373,Lost Customers,357,1,76.55,76.55,357,,,,Lapsed,[Lapsed] Last Chance: Final win-back email + maximum discount,Lost Customers
18113,Lost Customers,368,1,76.32000000000001,76.32000000000001,368,,,,Lapsed,[Lapsed] Last Chance: Final win-back email + maximum discount,Lost Customers
14090,Lost Customers,324,1,76.32000000000001,76.32000000000001,324,,,,Lapsed,[Lapsed] Last Chance: Final win-back email + maximum discount,Lost Customers
15668,Lost Customers,217,1,76.32000000000001,76.32000000000001,217,,,,Lapsed,[Lapsed] Last Chance: Final win-back email + maximum discount,Lost Customers
14613,Lost Customers,679,1,76.32000000000001,76.32000000000001,679,,,,Lapsed,[Lapsed] Last Chance: Final win-back email + maximum discount,Lost Customers
13219,Lost Customers,617,1,76.23,76.23,617,,,,Lapsed,[Lapsed] Last Chance: Final win-back email + maximum discount,Lost Customers
16610,Lost Customers,218,1,75.66,75.66,218,,,,Lapsed,[Lapsed] Last Chance: Final win-back email + maximum discount,Lost Customers
14559,Lost Customers,389,1,75.6,75.6,389,,,,Lapsed,[Lapsed] Last Chance: Final win-back email + maximum discount,Lost Customers
17944,Lost Customers,422,1,75.41,75.41,422,,,,Lapsed,[Lapsed] Last Chance: Final win-back email + maximum discount,Lost Customers
16420,Lost Customers,395,1,75.0,75.0,395,,,,Lapsed,[Lapsed] Last Chance: Final win-back email + maximum discount,Lost Customers
12506,Lost Customers,232,1,73.5,73.5,232,,,,Lapsed,[Lapsed] Last Chance: Final win-back email + maximum discount,Lost Customers
18032,Lost Customers,333,1,73.5,73.5,333,,,,Lapsed,[Lapsed] Last Chance: Final win-back email + maximum discount,Lost Customers
17906,Lost Customers,246,1,72.9,72.9,246,,,,Lapsed,[Lapsed] Last Chance: Final win-back email + maximum discount,Lost Customers
13105,Lost Customers,435,1,72.0,72.0,435,,,,Lapsed,[Lapsed] Last Chance: Final win-back email + maximum discount,Lost Customers
16459,Lost Customers,729,1,71.78999999999999,71.78999999999999,729,,,,Lapsed,[Lapsed] Last Chance: Final win-back email + maximum discount,Lost Customers
16970,Lost Customers,625,1,71.4,71.4,625,,,,Lapsed,[Lapsed] Last Chance: Final win-back email + maximum discount,Lost Customers
13185,Lost Customers,267,1,71.4,71.4,267,,,,Lapsed,[Lapsed] Last Chance: Final win-back email + maximum discount,Lost Customers
13915,Lost Customers,393,1,70.80000000000001,70.80000000000001,393,,,,Lapsed,[Lapsed] Last Chance: Final win-back email + maximum discount,Lost Customers
15564,Lost Customers,462,2,70.74000000000001,35.370000000000005,675,212.0,,,Lapsed,[Lapsed] Last Chance: Final win-back email + maximum discount,Lost Customers
12568,Lost Customers,644,1,70.0,70.0,644,,,,Lapsed,[Lapsed] Last Chance: Final win-back email + maximum discount,Lost Customers
13172,Lost Customers,399,1,69.6,69.6,399,,,,Lapsed,[Lapsed] Last Chance: Final win-back email + maximum discount,Lost Customers
14906,Lost Customers,444,1,68.44,68.44,444,,,,Lapsed,[Lapsed] Last Chance: Final win-back email + maximum discount,Lost Customers
12861,Lost Customers,619,1,68.25,68.25,619,,,,Lapsed,[Lapsed] Last Chance: Final win-back email + maximum discount,Lost Customers
17249,Lost Customers,428,1,68.03,68.03,428,,,,Lapsed,[Lapsed] Last Chance: Final win-back email + maximum discount,Lost Customers
14393,Lost Customers,217,1,67.95,67.95,217,,,,Lapsed,[Lapsed] Last Chance: Final win-back email + maximum discount,Lost Customers
17532,Lost Customers,385,1,65.34,65.34,385,,,,Lapsed,[Lapsed] Last Chance: Final win-back email + maximum discount,Lost Customers
13022,Lost Customers,429,1,65.3,65.3,429,,,,Lapsed,[Lapsed] Last Chance: Final win-back email + maximum discount,Lost Customers
17216,Lost Customers,553,1,65.05,65.05,553,,,,Lapsed,[Lapsed] Last Chance: Final win-back email + maximum discount,Lost Customers
16238,Lost Customers,422,1,63.66,63.66,422,,,,Lapsed,[Lapsed] Last Chance: Final win-back email + maximum discount,Lost Customers
17263,Lost Customers,207,1,63.440000000000005,63.440000000000005,207,,,,Lapsed,[Lapsed] Last Chance: Final win-back email + maximum discount,Lost Customers
15470,Lost Customers,575,1,63.419999999999995,63.419999999999995,575,,,,Lapsed,[Lapsed] Last Chance: Final win-back email + maximum discount,Lost Customers
12404,Lost Customers,681,1,63.24,63.24,681,,,,Lapsed,[Lapsed] Last Chance: Final win-back email + maximum discount,Lost Customers
16058,Lost Customers,405,1,62.7,62.7,405,,,,Lapsed,[Lapsed] Last Chance: Final win-back email + maximum discount,Lost Customers
14650,Lost Customers,588,1,62.5,62.5,588,,,,Lapsed,[Lapsed] Last Chance: Final win-back email + maximum discount,Lost Customers
13380,Lost Customers,432,1,62.4,62.4,432,,,,Lapsed,[Lapsed] Last Chance: Final win-back email + maximum discount,Lost Customers
13303,Lost Customers,399,1,61.72,61.72,399,,,,Lapsed,[Lapsed] Last Chance: Final win-back email + maximum discount,Lost Customers
13818,Lost Customers,429,1,61.28,61.28,429,,,,Lapsed,[Lapsed] Last Chance: Final win-back email + maximum discount,Lost Customers
15375,Lost Customers,689,1,60.959999999999994,60.959999999999994,689,,,,Lapsed,[Lapsed] Last Chance: Final win-back email + maximum discount,Lost Customers
16605,Lost Customers,723,1,60.48,60.48,723,,,,Lapsed,[Lapsed] Last Chance: Final win-back email + maximum discount,Lost Customers
15250,Lost Customers,640,1,60.0,60.0,640,,,,Lapsed,[Lapsed] Last Chance: Final win-back email + maximum discount,Lost Customers
17174,Lost Customers,217,1,59.9,59.9,217,,,,Lapsed,[Lapsed] Last Chance: Final win-back email + maximum discount,Lost Customers
13391,Lost Customers,203,1,59.8,59.8,203,,,,Lapsed,[Lapsed] Last Chance: Final win-back email + maximum discount,Lost Customers
13682,Lost Customers,186,1,59.5,59.5,186,,,,Lapsed,[Lapsed] Last Chance: Final win-back email + maximum discount,Lost Customers
15371,Lost Customers,661,1,59.400000000000006,59.400000000000006,661,,,,Lapsed,[Lapsed] Last Chance: Final win-back email + maximum discount,Lost Customers
15233,Lost Customers,400,1,59.400000000000006,59.400000000000006,400,,,,Lapsed,[Lapsed] Last Chance: Final win-back email + maximum discount,Lost Customers
14384,Lost Customers,500,1,58.5,58.5,500,,,,Lapsed,[Lapsed] Last Chance: Final win-back email + maximum discount,Lost Customers
12466,Lost Customers,681,1,56.73,56.73,681,,,,Lapsed,[Lapsed] Last Chance: Final win-back email + maximum discount,Lost Customers
17775,Lost Customers,254,1,56.4,56.4,254,,,,Lapsed,[Lapsed] Last Chance: Final win-back email + maximum discount,Lost Customers
15899,Lost Customers,368,1,56.25,56.25,368,,,,Lapsed,[Lapsed] Last Chance: Final win-back email + maximum discount,Lost Customers
15685,Lost Customers,449,1,55.980000000000004,55.980000000000004,449,,,,Lapsed,[Lapsed] Last Chance: Final win-back email + maximum discount,Lost Customers
12776,Lost Customers,667,1,55.5,55.5,667,,,,Lapsed,[Lapsed] Last Chance: Final win-back email + maximum discount,Lost Customers
12860,Lost Customers,692,1,55.47,55.47,692,,,,Lapsed,[Lapsed] Last Chance: Final win-back email + maximum discount,Lost Customers
17494,Lost Customers,501,1,54.7,54.7,501,,,,Lapsed,[Lapsed] Last Chance: Final win-back email + maximum discount,Lost Customers
12496,Lost Customers,619,2,54.09,27.045,619,0.0,,,Lapsed,[Lapsed] Last Chance: Final win-back email + maximum discount,Lost Customers
13306,Lost Customers,429,1,53.65,53.65,429,,,,Lapsed,[Lapsed] Last Chance: Final win-back email + maximum discount,Lost Customers
16349,Lost Customers,290,1,53.5,53.5,290,,,,Lapsed,[Lapsed] Last Chance: Final win-back email + maximum discount,Lost Customers
17599,Lost Customers,477,1,52.05,52.05,477,,,,Lapsed,[Lapsed] Last Chance: Final win-back email + maximum discount,Lost Customers
16786,Lost Customers,393,1,51.84,51.84,393,,,,Lapsed,[Lapsed] Last Chance: Final win-back email + maximum discount,Lost Customers
13254,Lost Customers,375,1,51.41,51.41,375,,,,Lapsed,[Lapsed] Last Chance: Final win-back email + maximum discount,Lost Customers
14351,Lost Customers,164,1,51.0,51.0,164,,,,Lapsed,[Lapsed] Last Chance: Final win-back email + maximum discount,Lost Customers
13011,Lost Customers,371,1,50.550000000000004,50.550000000000004,371,,,,Lapsed,[Lapsed] Last Chance: Final win-back email + maximum discount,Lost Customers
14743,Lost Customers,592,1,50.480000000000004,50.480000000000004,592,,,,Lapsed,[Lapsed] Last Chance: Final win-back email + maximum discount,Lost Customers
14380,Lost Customers,681,1,48.96,48.96,681,,,,Lapsed,[Lapsed] Last Chance: Final win-back email + maximum discount,Lost Customers
16530,Lost Customers,667,1,48.35,48.35,667,,,,Lapsed,[Lapsed] Last Chance: Final win-back email + maximum discount,Lost Customers
16257,Lost Customers,176,1,46.95,46.95,176,,,,Lapsed,[Lapsed] Last Chance: Final win-back email + maximum discount,Lost Customers
13438,Lost Customers,546,1,46.5,46.5,546,,,,Lapsed,[Lapsed] Last Chance: Final win-back email + maximum discount,Lost Customers
15698,Lost Customers,623,1,46.2,46.2,623,,,,Lapsed,[Lapsed] Last Chance: Final win-back email + maximum discount,Lost Customers
15672,Lost Customers,724,1,45.300000000000004,45.300000000000004,724,,,,Lapsed,[Lapsed] Last Chance: Final win-back email + maximum discount,Lost Customers
17916,Lost Customers,628,2,43.870000000000005,21.935000000000002,732,104.0,,,Lapsed,[Lapsed] Last Chance: Final win-back email + maximum discount,Lost Customers
13913,Lost Customers,506,1,42.22,42.22,506,,,,Lapsed,[Lapsed] Last Chance: Final win-back email + maximum discount,Lost Customers
13906,Lost Customers,408,1,42.0,42.0,408,,,,Lapsed,[Lapsed] Last Chance: Final win-back email + maximum discount,Lost Customers
16219,Lost Customers,500,1,40.8,40.8,500,,,,Lapsed,[Lapsed] Last Chance: Final win-back email + maximum discount,Lost Customers
14266,Lost Customers,427,1,40.56,40.56,427,,,,Lapsed,[Lapsed] Last Chance: Final win-back email + maximum discount,Lost Customers
15178,Lost Customers,259,1,40.5,40.5,259,,,,Lapsed,[Lapsed] Last Chance: Final win-back email + maximum discount,Lost Customers
14086,Lost Customers,462,1,39.95,39.95,462,,,,Lapsed,[Lapsed] Last Chance: Final win-back email + maximum discount,Lost Customers
14589,Lost Customers,371,1,39.75,39.75,371,,,,Lapsed,[Lapsed] Last Chance: Final win-back email + maximum discount,Lost Customers
16659,Lost Customers,188,1,39.12,39.12,188,,,,Lapsed,[Lapsed] Last Chance: Final win-back email + maximum discount,Lost Customers
17246,Lost Customers,546,2,38.92,19.46,737,191.0,,,Lapsed,[Lapsed] Last Chance: Final win-back email + maximum discount,Lost Customers
15455,Lost Customers,597,1,38.25,38.25,597,,,,Lapsed,[Lapsed] Last Chance: Final win-back email + maximum discount,Lost Customers
15693,Lost Customers,658,1,37.5,37.5,658,,,,Lapsed,[Lapsed] Last Chance: Final win-back email + maximum discount,Lost Customers
16162,Lost Customers,251,1,37.4,37.4,251,,,,Lapsed,[Lapsed] Last Chance: Final win-back email + maximum discount,Lost Customers
17352,Lost Customers,695,1,36.25,36.25,695,,,,Lapsed,[Lapsed] Last Chance: Final win-back email + maximum discount,Lost Customers
14993,Lost Customers,563,1,36.13,36.13,563,,,,Lapsed,[Lapsed] Last Chance: Final win-back email + maximum discount,Lost Customers
15940,Lost Customers,310,1,35.8,35.8,310,,,,Lapsed,[Lapsed] Last Chance: Final win-back email + maximum discount,Lost Customers
16417,Lost Customers,492,1,35.7,35.7,492,,,,Lapsed,[Lapsed] Last Chance: Final win-back email + maximum discount,Lost Customers
14576,Lost Customers,371,1,35.400000000000006,35.400000000000006,371,,,,Lapsed,[Lapsed] Last Chance: Final win-back email + maximum discount,Lost Customers
17533,Lost Customers,434,1,34.8,34.8,434,,,,Lapsed,[Lapsed] Last Chance: Final win-back email + maximum discount,Lost Customers
15871,Lost Customers,436,1,33.099999999999994,33.099999999999994,436,,,,Lapsed,[Lapsed] Last Chance: Final win-back email + maximum discount,Lost Customers
16941,Lost Customers,611,1,33.0,33.0,611,,,,Lapsed,[Lapsed] Last Chance: Final win-back email + maximum discount,Lost Customers
14977,Lost Customers,725,1,31.93,31.93,725,,,,Lapsed,[Lapsed] Last Chance: Final win-back email + maximum discount,Lost Customers
17129,Lost Customers,519,1,31.85,31.85,519,,,,Lapsed,[Lapsed] Last Chance: Final win-back email + maximum discount,Lost Customers
14144,Lost Customers,485,1,30.6,30.6,485,,,,Lapsed,[Lapsed] Last Chance: Final win-back email + maximum discount,Lost Customers
13120,Lost Customers,238,1,30.6,30.6,238,,,,Lapsed,[Lapsed] Last Chance: Final win-back email + maximum discount,Lost Customers
16548,Lost Customers,598,1,30.15,30.15,598,,,,Lapsed,[Lapsed] Last Chance: Final win-back email + maximum discount,Lost Customers
15575,Lost Customers,619,1,30.1,30.1,619,,,,Lapsed,[Lapsed] Last Chance: Final win-back email + maximum discount,Lost Customers
17319,Lost Customers,668,1,29.099999999999998,29.099999999999998,668,,,,Lapsed,[Lapsed] Last Chance: Final win-back email + maximum discount,Lost Customers
17102,Lost Customers,261,1,25.5,25.5,261,,,,Lapsed,[Lapsed] Last Chance: Final win-back email + maximum discount,Lost Customers
15284,Lost Customers,499,1,24.75,24.75,499,,,,Lapsed,[Lapsed] Last Chance: Final win-back email + maximum discount,Lost Customers
14610,Lost Customers,395,2,24.35,12.175,513,118.0,,,Lapsed,[Lapsed] Last Chance: Final win-back email + maximum discount,Lost Customers
16537,Lost Customers,640,1,23.35,23.35,640,,,,Lapsed,[Lapsed] Last Chance: Final win-back email + maximum discount,Lost Customers
12606,Lost Customers,681,1,21.0,21.0,681,,,,Lapsed,[Lapsed] Last Chance: Final win-back email + maximum discount,Lost Customers
13112,Lost Customers,540,1,20.599999999999998,20.599999999999998,540,,,,Lapsed,[Lapsed] Last Chance: Final win-back email + maximum discount,Lost Customers
15999,Lost Customers,735,1,20.4,20.4,735,,,,Lapsed,[Lapsed] Last Chance: Final win-back email + maximum discount,Lost Customers
13163,Lost Customers,609,1,17.65,17.65,609,,,,Lapsed,[Lapsed] Last Chance: Final win-back email + maximum discount,Lost Customers
12846,Lost Customers,681,1,15.58,15.58,681,,,,Lapsed,[Lapsed] Last Chance: Final win-back email + maximum discount,Lost Customers
14580,Lost Customers,517,1,14.85,14.85,517,,,,Lapsed,[Lapsed] Last Chance: Final win-back email + maximum discount,Lost Customers
14900,Lost Customers,521,1,13.919999999999998,13.919999999999998,521,,,,Lapsed,[Lapsed] Last Chance: Final win-back email + maximum discount,Lost Customers
17956,Lost Customers,248,1,12.75,12.75,248,,,,Lapsed,[Lapsed] Last Chance: Final win-back email + maximum discount,Lost Customers
17378,Lost Customers,373,1,10.95,10.95,373,,,,Lapsed,[Lapsed] Last Chance: Final win-back email + maximum discount,Lost Customers
18115,Lost Customers,697,1,9.700000000000001,9.700000000000001,697,,,,Lapsed,[Lapsed] Last Chance: Final win-back email + maximum discount,Lost Customers
15040,Lost Customers,541,1,7.49,7.49,541,,,,Lapsed,[Lapsed] Last Chance: Final win-back email + maximum discount,Lost Customers
15913,Lost Customers,533,1,6.300000000000001,6.300000000000001,533,,,,Lapsed,[Lapsed] Last Chance: Final win-back email + maximum discount,Lost Customers
16738,Lost Customers,297,1,3.75,3.75,297,,,,Lapsed,[Lapsed] Last Chance: Final win-back email + maximum discount,Lost Customers
13788,Lost Customers,504,1,3.75,3.75,504,,,,Lapsed,[Lapsed] Last Chance: Final win-back email + maximum discount,Lost Customers
14095,Lost Customers,722,1,2.95,2.95,722,,,,Lapsed,[Lapsed] Last Chance: Final win-back email + maximum discount,Lost Customers
