CustomerID,Recency,Frequency,Monetary,Cluster,Segment_Label
12346,325,12,77556.46,3,Champions
12347,1,8,4921.53,3,Champions
12348,74,5,2019.4,1,At Risk
12349,18,4,4428.69,0,Promising
12350,309,1,334.4,2,Lost Customers
12351,374,1,300.93,2,Lost Customers
12352,35,10,2849.84,3,Champions
12353,203,2,406.76,2,Lost Customers
12354,231,1,1079.4,2,Lost Customers
12355,213,2,947.61,1,At Risk
12356,22,6,6373.68,3,Champions
12357,32,3,18287.66,3,Champions
12358,1,5,3887.07,3,Champions
12359,57,10,8935.94,3,Champions
12360,51,8,4252.89,1,At Risk
12361,286,4,511.25,1,At Risk
12362,2,11,5356.23,3,Champions
12363,109,2,552.0,2,Lost Customers
12364,7,4,1313.1,0,Promising
12365,290,2,641.38,2,Lost Customers
12366,633,1,500.24,2,Lost Customers
12367,3,1,168.9,0,Promising
12368,627,1,917.6999999999999,2,Lost Customers
12369,412,3,1791.15,1,At Risk
12370,50,7,4320.31,1,At Risk
12371,44,5,4067.38,1,At Risk
12372,71,3,1298.04,1,At Risk
12373,310,3,1127.65,1,At Risk
12374,24,4,2989.2200000000003,0,Promising
12375,10,2,457.5,0,Promising
12376,389,2,503.15,2,Lost Customers
12377,314,4,3426.32,1,At Risk
12378,129,2,5416.32,1,At Risk
12379,81,4,1620.22,1,At Risk
12380,21,11,9676.300000000001,3,Champions
12381,4,5,1845.31,0,Promising
12383,184,5,1850.56,1,At Risk
12384,28,2,585.27,0,Promising
12385,378,1,1938.4,1,At Risk
12386,337,2,401.9,2,Lost Customers
12387,414,1,143.94,2,Lost Customers
12388,15,8,3901.11,3,Champions
12389,402,3,1433.33,1,At Risk
12390,79,1,549.84,2,Lost Customers
12391,21,6,2773.42,3,Champions
12392,590,1,234.75000000000003,2,Lost Customers
12393,71,6,2399.4500000000003,1,At Risk
12394,63,2,1272.48,0,Promising
12395,18,15,4721.17,3,Champions
12396,673,1,931.43,2,Lost Customers
12397,35,2,2409.9,0,Promising
12398,45,1,1635.6599999999999,0,Promising
12399,118,7,1962.3,1,At Risk
12400,413,1,205.25,2,Lost Customers
12401,302,1,84.3,2,Lost Customers
12402,322,6,1256.9,1,At Risk
12403,49,2,1019.36,0,Promising
12404,681,1,63.24,2,Lost Customers
12405,148,1,1710.39,1,At Risk
12406,21,5,6390.36,3,Champions
12407,49,5,1708.1200000000001,1,At Risk
12408,32,8,4340.7699999999995,3,Champions
12409,78,7,23419.29,3,Champions
12410,308,3,1013.71,1,At Risk
12411,409,1,346.9,2,Lost Customers
12412,74,6,2596.93,1,At Risk
12413,66,4,999.45,1,At Risk
12414,216,6,952.41,1,At Risk
12415,23,28,144458.37,3,Champions
12416,656,1,202.56,2,Lost Customers
12417,2,20,6816.91,3,Champions
12418,112,4,2021.2,1,At Risk
12419,385,2,503.01,2,Lost Customers
12420,63,1,600.39,0,Promising
12421,15,6,1098.6,0,Promising
12422,95,17,5231.8,3,Champions
12423,0,10,2622.39,3,Champions
12424,162,4,3340.03,1,At Risk
12425,77,2,1741.41,1,At Risk
12426,194,2,1345.21,1,At Risk
12427,21,3,825.8,0,Promising
12428,25,9,7956.46,3,Champions
12429,8,8,6204.41,3,Champions
12430,42,1,256.4,0,Promising
12431,35,27,10499.72,3,Champions
12432,42,5,5059.32,1,At Risk
12433,0,10,16794.14,3,Champions
12434,84,3,1103.43,1,At Risk
12435,79,6,13925.93,1,At Risk
12436,99,1,509.01,2,Lost Customers
12437,1,39,12683.4,3,Champions
12438,13,2,2906.85,0,Promising
12439,682,2,1158.18,2,Lost Customers
12440,461,2,859.2,2,Lost Customers
12441,366,1,173.55,2,Lost Customers
12442,2,1,172.06,0,Promising
12443,731,1,485.31,2,Lost Customers
12444,20,5,5005.46,3,Champions
12445,21,2,434.98,0,Promising
12446,57,1,1002.3100000000001,0,Promising
12447,242,1,476.49,2,Lost Customers
12448,43,1,449.45,0,Promising
12449,21,6,4835.89,3,Champions
12450,155,5,688.2,1,At Risk
12451,10,8,12669.88,3,Champions
12452,16,2,430.57,0,Promising
12453,133,1,707.09,2,Lost Customers
12454,55,5,16679.78,3,Champions
12455,72,10,5879.95,3,Champions
12456,43,3,3181.04,1,At Risk
12457,65,8,2995.91,1,At Risk
12458,70,4,1777.49,1,At Risk
12459,604,1,454.36,2,Lost Customers
12460,455,1,326.65,2,Lost Customers
12461,93,2,826.88,0,Promising
12462,18,2,1189.59,0,Promising
12463,52,4,1344.78,1,At Risk
12464,9,8,1212.05,0,Promising
12465,16,2,742.1899999999999,0,Promising
12466,681,1,56.73,2,Lost Customers
12467,422,1,132.8,2,Lost Customers
12468,187,5,3670.74,1,At Risk
12469,522,2,3070.54,1,At Risk
12470,689,1,211.95,2,Lost Customers
12471,1,79,39963.79,3,Champions
12472,31,19,16249.289999999999,3,Champions
12473,28,5,3938.5499999999997,1,At Risk
12474,16,31,12424.45,3,Champions
12475,53,2,1149.64,0,Promising
12476,15,23,14115.41,3,Champions
12477,22,9,20276.37,3,Champions
12478,3,1,680.99,0,Promising
12479,10,1,527.2,0,Promising
12480,27,7,5464.85,3,Champions
12481,22,15,12202.01,3,Champions
12482,575,29,23691.4,3,Champions
12483,16,19,5120.58,3,Champions
12484,32,12,6370.15,3,Champions
12485,528,1,708.1,2,Lost Customers
12486,431,1,1037.28,2,Lost Customers
12487,730,1,285.29999999999995,2,Lost Customers
12488,9,3,1298.66,0,Promising
12489,335,1,334.93,2,Lost Customers
12490,4,21,9823.64,3,Champions
12491,38,1,460.40000000000003,0,Promising
12492,62,3,715.21,0,Promising
12493,165,2,433.74,2,Lost Customers
12494,15,9,1815.27,3,Champions
12495,640,1,357.4,2,Lost Customers
12496,619,2,54.09,2,Lost Customers
12497,81,3,6248.5,1,At Risk
12498,20,3,403.70000000000005,0,Promising
12499,559,1,393.72,2,Lost Customers
12500,22,19,5955.21,3,Champions
12501,336,1,2169.39,1,At Risk
12502,95,5,3723.87,1,At Risk
12503,583,1,1126.0,2,Lost Customers
12504,17,4,779.05,0,Promising
12505,408,1,955.2,2,Lost Customers
12506,232,1,73.5,2,Lost Customers
12507,133,4,1844.06,1,At Risk
12508,25,2,398.27,0,Promising
12509,283,1,176.5,2,Lost Customers
12510,142,9,5178.02,1,At Risk
12511,428,1,3084.02,1,At Risk
12512,65,2,138.03,2,Lost Customers
12513,112,1,612.29,2,Lost Customers
12514,266,2,1597.76,1,At Risk
12515,352,1,383.7,2,Lost Customers
12516,77,4,2648.62,1,At Risk
12517,27,5,2502.84,1,At Risk
12518,0,5,2056.89,0,Promising
12519,63,2,726.54,0,Promising
12520,78,5,2634.26,1,At Risk
12521,142,1,599.68,2,Lost Customers
12522,38,2,192.72,0,Promising
12523,18,23,4372.15,3,Champions
12524,8,17,11126.11,3,Champions
12525,497,3,973.73,1,At Risk
12526,0,3,1316.66,0,Promising
12527,81,5,735.51,1,At Risk
12528,8,6,1933.48,0,Promising
12529,527,1,316.48,2,Lost Customers
12530,59,9,3759.26,1,At Risk
12531,14,2,1933.2,0,Promising
12532,29,1,349.83000000000004,0,Promising
12533,627,2,1367.89,1,At Risk
12534,130,1,1089.18,2,Lost Customers
12535,91,2,716.35,0,Promising
12536,42,3,12601.830000000002,1,At Risk
12537,408,1,732.94,2,Lost Customers
12538,28,2,640.45,0,Promising
12539,21,7,11214.75,3,Champions
12540,19,33,22254.49,3,Champions
12541,29,3,981.18,0,Promising
12542,483,2,481.88,2,Lost Customers
12543,447,1,980.25,2,Lost Customers
12544,35,1,372.7,0,Promising
12545,74,2,1000.39,0,Promising
12546,46,2,1161.5,0,Promising
12547,197,3,383.58,2,Lost Customers
12548,165,1,95.19999999999999,2,Lost Customers
12549,575,6,1575.68,1,At Risk
12550,78,1,964.83,0,Promising
12551,357,1,168.0,2,Lost Customers
12552,38,2,437.82,0,Promising
12553,7,12,4608.75,3,Champions
12554,448,1,468.5,2,Lost Customers
12555,681,1,129.23,2,Lost Customers
12556,49,2,603.71,0,Promising
12557,15,8,18096.14,3,Champions
12558,7,1,269.96,0,Promising
12559,310,2,561.71,2,Lost Customers
12560,4,3,2134.01,0,Promising
12561,302,1,238.85,2,Lost Customers
12562,7,9,4966.92,3,Champions
12563,408,1,249.24,2,Lost Customers
12564,260,1,456.9,2,Lost Customers
12565,288,1,145.92,2,Lost Customers
12566,85,1,351.65,2,Lost Customers
12567,22,15,11767.48,3,Champions
12568,644,1,70.0,2,Lost Customers
12569,1,32,4124.69,3,Champions
12570,681,1,77.52,2,Lost Customers
12571,39,2,519.61,0,Promising
12572,8,2,1020.42,0,Promising
12573,226,5,717.41,1,At Risk
12574,315,1,218.45,2,Lost Customers
12575,456,2,622.8199999999999,2,Lost Customers
12576,35,8,2142.72,1,At Risk
12577,34,8,1653.75,1,At Risk
12578,20,4,4642.45,1,At Risk
12579,77,1,440.42,2,Lost Customers
12580,246,2,1052.9,1,At Risk
12581,39,1,197.71,0,Promising
12582,238,4,1980.4,1,At Risk
12583,2,27,13591.58,3,Champions
12584,3,9,2338.15,3,Champions
12585,233,2,2040.1,1,At Risk
12586,16,4,2062.67,0,Promising
12587,7,1,144.0,0,Promising
12588,38,4,958.78,0,Promising
12589,28,8,4695.66,3,Champions
12590,210,2,9864.26,1,At Risk
12591,316,3,1352.15,1,At Risk
12592,91,5,2582.66,1,At Risk
12593,108,3,418.09999999999997,2,Lost Customers
12594,37,15,5090.110000000001,3,Champions
12595,504,1,299.02,2,Lost Customers
12596,50,2,618.27,0,Promising
12597,18,4,3811.22,0,Promising
12598,9,11,4534.09,3,Champions
12599,28,13,2296.72,3,Champions
12600,28,21,4967.42,3,Champions
12601,189,6,681.26,1,At Risk
12602,58,1,153.12,2,Lost Customers
12603,21,1,739.1999999999999,0,Promising
12604,78,2,254.18,2,Lost Customers
12605,375,4,1232.95,1,At Risk
12606,681,1,21.0,2,Lost Customers
12607,59,1,1579.51,0,Promising
12608,404,1,415.79,2,Lost Customers
12609,77,9,3435.86,1,At Risk
12610,22,5,2099.54,0,Promising
12611,51,1,1193.32,0,Promising
12612,73,1,704.0400000000001,0,Promising
12613,56,10,6835.07,3,Champions
12614,277,1,315.6,2,Lost Customers
12615,1,8,5740.98,3,Champions
12616,94,3,1131.1,1,At Risk
12617,28,1,355.53,0,Promising
12618,21,1,177.31,0,Promising
12619,15,10,3781.38,3,Champions
12620,14,3,1339.41,0,Promising
12621,1,35,24311.2,3,Champions
12622,231,1,180.1,2,Lost Customers
12623,275,7,3747.84,1,At Risk
12624,105,2,641.13,2,Lost Customers
12625,211,4,5164.88,1,At Risk
12626,22,9,6620.48,3,Champions
12627,10,7,4478.53,3,Champions
12628,3,3,786.46,0,Promising
12629,385,2,1558.22,1,At Risk
12630,9,2,1270.88,0,Promising
12631,56,6,3481.57,1,At Risk
12632,520,2,804.88,2,Lost Customers
12633,58,7,5678.16,1,At Risk
12634,535,2,490.0,2,Lost Customers
12635,89,4,2930.41,1,At Risk
12636,738,1,141.0,2,Lost Customers
12637,66,12,8340.31,3,Champions
12638,32,2,921.49,0,Promising
12639,238,3,1312.37,1,At Risk
12640,23,3,1174.58,0,Promising
12641,114,1,185.9,2,Lost Customers
12642,24,3,1013.26,0,Promising
12643,127,12,8350.42,3,Champions
12644,129,4,1918.49,1,At Risk
12645,33,8,3539.3,3,Champions
12646,4,2,1346.97,0,Promising
12647,21,36,16955.55,3,Champions
12648,154,4,1112.0,1,At Risk
12649,106,8,2294.65,1,At Risk
12650,2,1,314.44,0,Promising
12651,334,4,377.75,2,Lost Customers
12652,330,2,1017.03,2,Lost Customers
12653,148,3,4160.83,1,At Risk
12654,10,5,601.98,0,Promising
12655,423,1,261.35,2,Lost Customers
12656,16,8,6407.83,3,Champions
12657,10,4,1643.18,0,Promising
12658,18,1,686.05,0,Promising
12659,29,1,91.68,0,Promising
12660,10,1,245.1,0,Promising
12661,435,1,162.0,2,Lost Customers
12662,0,20,6726.54,3,Champions
12663,624,2,239.4,2,Lost Customers
12664,7,11,6070.04,3,Champions
12665,324,3,313.6,2,Lost Customers
12666,393,1,1248.42,2,Lost Customers
12667,57,1,620.13,0,Promising
12668,11,10,11444.68,3,Champions
12669,150,3,2744.0299999999997,1,At Risk
12670,9,7,3760.29,3,Champions
12671,605,1,2622.481,1,At Risk
12672,329,2,437.05,2,Lost Customers
12673,4,3,1230.02,0,Promising
12674,38,4,1970.6,1,At Risk
12675,553,2,958.5,2,Lost Customers
12676,24,11,2843.09,3,Champions
12677,554,2,395.1,2,Lost Customers
12678,41,21,34281.18,3,Champions
12679,58,4,1113.02,1,At Risk
12680,0,4,880.81,0,Promising
12681,14,45,29834.76,3,Champions
12682,3,52,22958.62,3,Champions
12683,3,21,11633.7,3,Champions
12684,7,7,2283.63,3,Champions
12685,27,6,2863.08,1,At Risk
12686,371,1,89.14,2,Lost Customers
12687,480,2,2138.91,1,At Risk
12688,113,1,4873.8099999999995,1,At Risk
12689,25,2,1247.61,0,Promising
12690,205,1,389.01,2,Lost Customers
12691,27,7,1170.4,0,Promising
12692,636,1,110.95,2,Lost Customers
12693,126,7,1703.02,1,At Risk
12694,69,3,1843.35,1,At Risk
12695,6,7,1407.1200000000001,0,Promising
12696,434,2,851.91,2,Lost Customers
12697,28,3,957.59,0,Promising
12698,589,1,339.75,2,Lost Customers
12699,417,1,638.11,2,Lost Customers
12700,7,4,4939.99,3,Champions
12701,79,6,2446.41,1,At Risk
12702,19,1,219.0,0,Promising
12703,70,4,1006.53,1,At Risk
12704,6,8,2340.84,3,Champions
12705,14,14,11762.1,3,Champions
12707,291,1,603.42,2,Lost Customers
12708,29,18,5117.66,3,Champions
12709,14,34,30570.64,3,Champions
12710,96,3,1149.02,1,At Risk
12711,611,2,1339.05,1,At Risk
12712,28,21,6723.03,3,Champions
12713,0,1,848.55,0,Promising
12714,8,12,14093.71,3,Champions
12715,105,1,353.86,2,Lost Customers
12716,3,2,1053.49,0,Promising
12717,150,3,1308.91,1,At Risk
12718,70,1,238.25,2,Lost Customers
12719,4,2,644.95,0,Promising
12720,2,30,7787.28,3,Champions
12721,31,8,4013.08,3,Champions
12722,84,4,997.63,1,At Risk
12723,3,5,725.07,0,Promising
12724,4,7,2317.52,3,Champions
12725,370,4,2266.76,1,At Risk
12726,27,11,4014.6,3,Champions
12727,10,10,5679.53,3,Champions
12728,70,5,1070.17,1,At Risk
12729,113,1,453.01,2,Lost Customers
12730,521,1,829.25,2,Lost Customers
12731,23,17,25775.71,3,Champions
12732,179,1,236.26000000000002,2,Lost Customers
12733,233,4,2424.87,1,At Risk
12734,352,3,639.65,2,Lost Customers
12735,314,2,779.5699999999999,2,Lost Customers
12736,332,1,234.0,2,Lost Customers
12737,498,2,3710.5,1,At Risk
12738,371,1,155.35,2,Lost Customers
12739,77,4,2726.73,1,At Risk
12740,63,1,427.6,2,Lost Customers
12741,528,2,406.07,2,Lost Customers
12742,625,1,1201.52,2,Lost Customers
12743,133,2,546.43,2,Lost Customers
12744,51,11,25317.06,3,Champions
12745,486,3,925.41,1,At Risk
12746,540,1,254.55,2,Lost Customers
12747,1,26,8917.98,3,Champions
12748,0,336,54598.04,3,Champions
12749,3,9,6897.36,3,Champions
12750,128,1,275.88,2,Lost Customers
12751,444,1,268.27,2,Lost Customers
12752,80,1,4366.78,1,At Risk
12753,22,6,21429.39,3,Champions
12754,235,3,3010.74,1,At Risk
12755,280,11,5236.259999999999,1,At Risk
12756,86,1,112.07999999999998,2,Lost Customers
12757,15,13,7857.1,3,Champions
12758,116,7,9903.24,1,At Risk
12759,51,8,5020.74,3,Champions
12760,455,1,347.8,2,Lost Customers
12761,457,2,782.95,2,Lost Customers
12762,7,2,1898.52,0,Promising
12763,137,2,494.08,2,Lost Customers
12764,316,1,1693.88,2,Lost Customers
12765,471,6,1404.58,1,At Risk
12766,3,9,8918.99,3,Champions
12767,375,1,949.82,2,Lost Customers
12768,450,1,168.69000000000003,2,Lost Customers
12769,238,1,1143.6,2,Lost Customers
12770,210,2,3246.45,1,At Risk
12771,485,1,282.3,2,Lost Customers
12772,59,1,892.47,0,Promising
12773,563,1,124.25,2,Lost Customers
12774,535,1,98.7,2,Lost Customers
12775,16,7,1686.12,0,Promising
12776,667,1,55.5,2,Lost Customers
12777,457,1,519.45,2,Lost Customers
12778,19,9,1775.68,3,Champions
12779,37,14,6474.11,3,Champions
12780,598,1,337.4,2,Lost Customers
12781,63,2,826.74,0,Promising
12782,4,11,4618.24,3,Champions
12783,1,6,2225.91,3,Champions
12784,8,3,1804.75,0,Promising
12785,363,3,1100.4,1,At Risk
12786,609,1,728.5,2,Lost Customers
12787,9,4,862.18,0,Promising
12788,462,4,444.9,2,Lost Customers
12789,64,3,273.35,0,Promising
12790,191,2,591.85,2,Lost Customers
12791,373,6,863.51,1,At Risk
12792,256,2,827.01,2,Lost Customers
12793,334,3,885.53,1,At Risk
12794,52,2,860.41,0,Promising
12795,18,1,430.48,0,Promising
12796,627,1,381.0,2,Lost Customers
12797,365,2,552.08,2,Lost Customers
12798,9,4,8510.93,3,Champions
12799,528,1,219.35,2,Lost Customers
12800,469,3,584.25,2,Lost Customers
12801,500,1,1071.82,2,Lost Customers
12802,186,7,2416.42,1,At Risk
12803,392,1,1092.81,2,Lost Customers
12804,465,2,327.02,2,Lost Customers
12805,381,4,1434.95,1,At Risk
12806,434,4,2878.96,1,At Risk
12807,382,1,330.35,2,Lost Customers
12808,36,5,776.7,0,Promising
12809,177,3,1755.94,1,At Risk
12810,534,2,534.99,2,Lost Customers
12811,260,5,1033.9,1,At Risk
12812,44,1,229.64000000000001,0,Promising
12813,501,3,1687.8,1,At Risk
12814,101,1,125.92,2,Lost Customers
12815,147,2,1063.46,1,At Risk
12816,95,2,572.2,2,Lost Customers
12817,280,3,690.98,1,At Risk
12818,261,1,1542.08,2,Lost Customers
12819,457,1,540.52,2,Lost Customers
12820,2,11,2689.52,3,Champions
12821,213,2,220.8,2,Lost Customers
12822,70,2,948.88,0,Promising
12823,74,18,6501.5,3,Champions
12824,59,1,397.12,0,Promising
12825,520,2,518.63,2,Lost Customers
12826,2,12,2800.75,3,Champions
12827,5,3,430.15000000000003,0,Promising
12828,2,6,1018.71,0,Promising
12829,336,3,385.3,2,Lost Customers
12830,37,6,6814.64,3,Champions
12831,261,3,451.11,2,Lost Customers
12832,31,2,383.03,0,Promising
12833,144,1,417.38,2,Lost Customers
12834,282,1,312.38,2,Lost Customers
12835,427,41,6043.31,3,Champions
12836,58,15,6585.62,3,Champions
12837,172,2,688.41,2,Lost Customers
12838,33,10,3007.69,3,Champions
12839,2,26,9669.12,3,Champions
12840,143,7,4041.97,1,At Risk
12841,4,40,7034.69,3,Champions
12842,69,4,1917.99,1,At Risk
12843,65,30,6588.41,3,Champions
12844,28,4,648.6,0,Promising
12845,266,4,354.09,2,Lost Customers
12846,681,1,15.58,2,Lost Customers
12847,21,2,1636.8999999999999,0,Promising
12848,675,1,208.0,2,Lost Customers
12849,30,6,3090.56,1,At Risk
12850,445,1,330.0,2,Lost Customers
12851,96,2,284.13,2,Lost Customers
12852,294,1,311.55,2,Lost Customers
12853,134,11,3907.5,1,At Risk
12854,78,7,2994.02,1,At Risk
12855,372,4,612.84,1,At Risk
12856,7,6,2179.93,0,Promising
12857,210,6,3688.0,1,At Risk
12858,382,1,177.92,2,Lost Customers
12859,458,1,575.1,2,Lost Customers
12860,692,1,55.47,2,Lost Customers
12861,619,1,68.25,2,Lost Customers
12862,425,2,1008.3199999999999,2,Lost Customers
12863,51,6,2792.5499999999997,1,At Risk
12864,137,2,299.57,2,Lost Customers
12865,25,4,3323.47,1,At Risk
12866,282,3,1227.35,1,At Risk
12867,25,13,7913.29,3,Champions
12868,185,8,2043.76,1,At Risk
12869,681,1,337.66999999999996,2,Lost Customers
12870,374,3,1676.95,1,At Risk
12871,83,3,744.02,1,At Risk
12872,326,12,3306.96,1,At Risk
12873,281,3,2027.3,1,At Risk
12874,384,2,948.42,2,Lost Customers
12875,142,5,1356.99,1,At Risk
12876,57,4,4081.79,1,At Risk
12877,3,20,2955.17,3,Champions
12878,235,2,854.99,2,Lost Customers
12879,44,3,573.22,0,Promising
12880,381,2,640.13,2,Lost Customers
12881,275,1,298.0,2,Lost Customers
12882,8,2,1463.04,0,Promising
12883,24,4,703.47,0,Promising
12884,87,1,309.05,2,Lost Customers
12885,62,3,1175.22,1,At Risk
12886,67,2,1378.4,0,Promising
12887,383,1,222.4,2,Lost Customers
12888,213,2,354.12,2,Lost Customers
12889,380,4,385.46000000000004,2,Lost Customers
12890,23,2,717.27,0,Promising
12891,185,11,840.5,1,At Risk
12892,396,1,263.38,2,Lost Customers
12893,30,1,188.14,0,Promising
12894,574,1,157.35,2,Lost Customers
12895,41,2,372.8,0,Promising
12897,204,4,514.25,1,At Risk
12898,463,2,310.96000000000004,2,Lost Customers
12899,413,1,366.4,2,Lost Customers
12900,421,1,340.33,2,Lost Customers
12901,8,28,17654.54,3,Champions
12902,264,1,138.68,2,Lost Customers
12903,428,1,833.53,2,Lost Customers
12904,17,2,509.58,0,Promising
12905,576,2,1018.42,2,Lost Customers
12906,11,5,2919.81,0,Promising
12907,395,2,508.91,2,Lost Customers
12908,175,5,1776.0,1,At Risk
12909,39,8,3103.19,1,At Risk
12910,22,13,5796.52,3,Champions
12911,551,1,1680.47,2,Lost Customers
12912,2,5,1662.3,0,Promising
12913,4,13,6283.24,3,Champions
12914,400,1,223.98,2,Lost Customers
12915,148,4,975.1,1,At Risk
12916,138,7,4654.0199999999995,1,At Risk
12917,127,6,4359.2,1,At Risk
12918,625,1,10953.5,1,At Risk
12919,7,6,1335.19,0,Promising
12920,16,4,488.09000000000003,0,Promising
12921,8,74,35233.24,3,Champions
12922,160,1,405.38,2,Lost Customers
12923,63,3,789.87,0,Promising
12924,87,12,2469.4,1,At Risk
12925,4,3,729.3299999999999,0,Promising
12926,410,4,1548.46,1,At Risk
12927,394,1,197.31,2,Lost Customers
12928,34,12,4304.89,3,Champions
12929,311,1,117.85,2,Lost Customers
12930,77,2,415.8,0,Promising
12931,21,57,92347.34,3,Champions
12932,538,8,1698.56,1,At Risk
12933,23,8,1687.03,1,At Risk
12934,736,1,181.65,2,Lost Customers
12935,1,15,4243.86,3,Champions
12936,16,4,1063.9,0,Promising
12937,14,9,3097.61,3,Champions
12938,25,1,114.14,0,Promising
12939,63,20,25264.8,3,Champions
12940,54,2,913.54,0,Promising
12941,723,1,377.49,2,Lost Customers
12942,130,3,683.9,1,At Risk
12943,557,2,496.5,2,Lost Customers
12944,35,2,604.51,0,Promising
12945,287,2,900.11,2,Lost Customers
12946,436,1,324.45,2,Lost Customers
12947,143,6,1603.99,1,At Risk
12948,15,9,2317.43,3,Champions
12949,30,22,15526.7,3,Champions
12950,1,3,1843.0,0,Promising
12951,8,15,3213.7200000000003,3,Champions
12952,5,4,1387.79,0,Promising
12953,9,2,828.8100000000001,0,Promising
12954,638,1,162.45,2,Lost Customers
12955,0,11,4757.16,3,Champions
12956,305,4,521.89,1,At Risk
12957,9,13,8706.97,3,Champions
12958,399,2,539.49,2,Lost Customers
12959,483,1,150.95,2,Lost Customers
12960,413,4,1322.07,1,At Risk
12961,378,1,211.99,2,Lost Customers
12962,6,2,266.39,0,Promising
12963,7,12,3235.79,3,Champions
12964,436,1,132.24,2,Lost Customers
12965,88,1,771.91,2,Lost Customers
12966,9,1,160.18,0,Promising
12967,357,3,2938.52,1,At Risk
12968,111,1,135.95,2,Lost Customers
12969,602,1,122.45,2,Lost Customers
12970,6,10,1524.97,3,Champions
12971,3,116,15704.6,3,Champions
12972,413,4,1161.2,1,At Risk
12973,413,1,385.55,2,Lost Customers
12974,197,2,408.95,2,Lost Customers
12975,436,6,2100.09,1,At Risk
12976,211,8,3156.38,1,At Risk
12977,155,4,517.63,1,At Risk
12978,384,5,2502.82,1,At Risk
12979,728,1,517.7,2,Lost Customers
12980,157,21,16245.78,3,Champions
12981,29,2,372.21999999999997,0,Promising
12982,242,8,2744.81,1,At Risk
12983,597,1,490.08000000000004,2,Lost Customers
12984,18,1,97.5,0,Promising
12985,0,2,1239.38,0,Promising
12986,428,10,2729.84,1,At Risk
12987,73,5,1312.21,1,At Risk
12988,291,1,535.32,2,Lost Customers
12989,2,33,13551.75,3,Champions
12990,30,7,955.5,0,Promising
12991,22,3,764.82,0,Promising
12992,724,1,93.35000000000001,2,Lost Customers
12993,22,8,1259.6299999999999,0,Promising
12994,3,3,974.4200000000001,0,Promising
12995,84,1,211.32,2,Lost Customers
12996,375,1,355.5,2,Lost Customers
12997,21,8,2110.91,3,Champions
12998,492,3,920.08,1,At Risk
12999,195,3,455.88,2,Lost Customers
13000,106,4,1032.5,1,At Risk
13001,3,33,24172.100000000002,3,Champions
13002,317,3,414.13,2,Lost Customers
13003,105,3,149.05,2,Lost Customers
13004,11,36,11650.85,3,Champions
13005,173,4,999.68,1,At Risk
13006,55,1,81.57,2,Lost Customers
13007,579,1,175.25,2,Lost Customers
13008,322,3,612.13,2,Lost Customers
13009,672,1,234.0,2,Lost Customers
13010,373,2,330.12,2,Lost Customers
13011,371,1,50.550000000000004,2,Lost Customers
13012,8,11,2972.83,3,Champions
13013,0,29,11097.43,3,Champions
13014,10,11,5381.08,3,Champions
13015,52,11,6586.42,3,Champions
13016,72,3,789.89,0,Promising
13017,6,1,204.0,0,Promising
13018,15,35,9763.16,3,Champions
13019,378,6,1229.95,1,At Risk
13020,562,2,618.96,2,Lost Customers
13021,3,17,4887.24,3,Champions
13022,429,1,65.3,2,Lost Customers
13023,63,3,1449.03,1,At Risk
13024,470,2,555.87,2,Lost Customers
13025,731,1,323.39,2,Lost Customers
13026,0,9,1733.08,3,Champions
13027,113,19,17335.2,3,Champions
13028,22,2,661.3199999999999,0,Promising
13029,30,5,1927.3,1,At Risk
13030,10,2,799.48,0,Promising
13031,406,5,3419.27,1,At Risk
13032,51,9,2843.55,1,At Risk
13033,356,2,220.55,2,Lost Customers
13034,54,3,756.82,0,Promising
13035,73,3,1364.2,1,At Risk
13036,684,1,307.1,2,Lost Customers
13037,137,12,3914.9500000000003,1,At Risk
13038,79,3,908.46,1,At Risk
13039,583,4,1010.73,1,At Risk
13040,8,2,676.99,0,Promising
13041,450,4,799.13,1,At Risk
13042,597,3,1556.54,1,At Risk
13043,272,1,516.42,2,Lost Customers
13044,290,11,4853.9,1,At Risk
13045,98,3,808.92,1,At Risk
13046,30,3,949.25,0,Promising
13047,31,24,8428.53,3,Champions
13048,13,9,4084.21,3,Champions
13049,63,4,1408.24,1,At Risk
13050,14,35,12016.52,3,Champions
13051,578,2,155.8,2,Lost Customers
13052,211,7,3168.53,1,At Risk
13053,621,1,127.65,2,Lost Customers
13055,77,4,2321.11,1,At Risk
13056,550,1,209.48,2,Lost Customers
13057,529,3,722.09,2,Lost Customers
13058,24,3,271.40000000000003,0,Promising
13059,249,10,2303.17,1,At Risk
13060,253,1,307.53,2,Lost Customers
13061,71,1,248.61,2,Lost Customers
13062,190,1,346.98,2,Lost Customers
13063,480,1,188.4,2,Lost Customers
13064,12,6,1680.74,0,Promising
13065,372,5,1055.05,1,At Risk
13066,23,2,470.8,0,Promising
13067,81,3,508.51,0,Promising
13068,9,2,344.0,0,Promising
13069,0,38,9350.63,3,Champions
13070,191,4,751.7,1,At Risk
13071,611,1,129.22,2,Lost Customers
13072,266,1,177.15,2,Lost Customers
13073,410,2,418.08,2,Lost Customers
13074,510,4,1378.74,1,At Risk
13075,129,1,919.61,2,Lost Customers
13076,457,1,135.4,2,Lost Customers
13077,0,11,2750.9500000000003,3,Champions
13078,2,57,29018.06,3,Champions
13079,3,6,419.18,0,Promising
13080,178,4,280.73,2,Lost Customers
13081,11,28,56838.37,3,Champions
13082,125,21,7335.75,3,Champions
13083,3,3,395.43,0,Promising
13084,491,1,122.39999999999999,2,Lost Customers
13085,157,8,2433.28,1,At Risk
13086,382,1,439.33000000000004,2,Lost Customers
13087,725,1,313.64,2,Lost Customers
13088,416,1,236.11,2,Lost Customers
13089,2,203,113507.24,3,Champions
13090,8,24,13094.69,3,Champions
13091,27,3,2321.82,0,Promising
13092,70,12,2140.28,1,At Risk
13093,275,55,54144.25,3,Champions
13094,20,13,2209.44,3,Champions
13095,70,1,74.39999999999999,2,Lost Customers
13096,393,1,419.70000000000005,2,Lost Customers
13097,32,28,13389.22,3,Champions
13098,0,28,28882.44,3,Champions
13099,98,1,207.35999999999999,2,Lost Customers
13101,233,4,695.4,1,At Risk
13102,0,37,11380.1,3,Champions
13103,39,3,709.64,0,Promising
13104,2,9,1709.1,3,Champions
13105,435,1,72.0,2,Lost Customers
13106,132,2,603.46,2,Lost Customers
13107,43,9,5253.07,3,Champions
13108,372,2,748.46,2,Lost Customers
13109,59,3,1134.03,0,Promising
13110,30,12,2957.4700000000003,3,Champions
13111,718,1,321.88000000000005,2,Lost Customers
13112,540,1,20.6,2,Lost Customers
13113,0,37,18252.76,3,Champions
13114,730,1,234.38,2,Lost Customers
13115,11,10,5494.7,3,Champions
13116,137,1,501.14,2,Lost Customers
13117,21,18,2255.66,3,Champions
13118,19,9,2415.41,3,Champions
13119,668,1,134.9,2,Lost Customers
13120,238,1,30.599999999999998,2,Lost Customers
13121,268,1,283.73,2,Lost Customers
13122,93,2,922.39,1,At Risk
13123,472,2,506.75,2,Lost Customers
13124,89,4,4782.45,1,At Risk
13125,523,1,158.57,2,Lost Customers
13126,4,13,3774.81,3,Champions
13127,77,1,259.17,2,Lost Customers
13128,630,1,263.5,2,Lost Customers
13129,451,2,233.25,2,Lost Customers
13130,93,1,64.0,2,Lost Customers
13131,22,7,3313.77,3,Champions
13132,261,1,77.3,2,Lost Customers
13133,273,3,200.45000000000002,2,Lost Customers
13134,85,6,2475.23,1,At Risk
13135,196,2,3371.45,1,At Risk
13136,55,13,6274.56,3,Champions
13137,10,16,7712.7,3,Champions
13138,21,7,1274.01,0,Promising
13139,15,8,8202.98,3,Champions
13140,107,5,1056.17,1,At Risk
13141,84,17,7668.58,3,Champions
13142,18,1,307.09,0,Promising
13143,584,1,405.1,2,Lost Customers
13144,332,2,135.35,2,Lost Customers
13145,39,7,1128.52,1,At Risk
13146,25,1,228.91,0,Promising
13147,9,4,712.8000000000001,0,Promising
13148,28,26,8621.81,3,Champions
13149,13,4,1676.06,0,Promising
13150,483,3,449.96999999999997,2,Lost Customers
13151,295,3,2580.7400000000002,1,At Risk
13152,416,7,2146.38,1,At Risk
13153,5,1,486.22,0,Promising
13154,398,3,1624.84,1,At Risk
13155,32,6,1370.48,1,At Risk
13156,384,3,1586.54,1,At Risk
13157,48,9,5687.36,3,Champions
13158,94,5,1508.18,1,At Risk
13159,8,4,1437.85,0,Promising
13160,21,1,91.8,0,Promising
13161,312,2,478.88,2,Lost Customers
13162,121,16,9275.49,3,Champions
13163,609,1,17.65,2,Lost Customers
13164,568,2,372.2,2,Lost Customers
13165,45,3,1451.16,0,Promising
13166,282,2,884.18,2,Lost Customers
13167,18,5,1125.15,0,Promising
13168,35,5,1875.31,1,At Risk
13169,63,3,840.08,0,Promising
13170,26,1,116.00999999999999,0,Promising
13171,21,3,468.41,0,Promising
13172,399,1,69.6,2,Lost Customers
13173,3,11,2473.41,3,Champions
13174,15,12,8078.87,3,Champions
13175,581,2,831.45,2,Lost Customers
13176,45,1,492.84,0,Promising
13177,64,2,512.2,0,Promising
13178,25,21,14059.19,3,Champions
13179,618,1,572.3100000000001,2,Lost Customers
13180,606,1,86.10000000000001,2,Lost Customers
13181,380,1,359.69,2,Lost Customers
13182,44,1,121.18,2,Lost Customers
13183,7,15,7036.18,3,Champions
13184,14,10,1701.29,3,Champions
13185,267,1,71.4,2,Lost Customers
13186,39,3,1575.89,0,Promising
13187,336,4,367.01,2,Lost Customers
13188,10,1,114.60000000000001,0,Promising
13189,18,2,260.68,0,Promising
13190,543,3,570.66,2,Lost Customers
13191,657,1,164.69,2,Lost Customers
13192,94,6,2558.58,1,At Risk
13193,60,1,117.88,2,Lost Customers
13194,135,2,472.78,2,Lost Customers
13195,413,1,172.38,2,Lost Customers
13196,10,7,3068.84,3,Champions
13197,609,1,373.01000000000005,2,Lost Customers
13198,9,8,4974.2300000000005,3,Champions
13199,3,67,15964.210000000001,3,Champions
13200,18,4,870.09,0,Promising
13201,501,4,1240.6100000000001,1,At Risk
13202,393,7,1580.3,1,At Risk
13203,9,10,2648.25,3,Champions
13204,730,1,966.6600000000001,2,Lost Customers
13205,442,1,2803.2,1,At Risk
13206,399,13,8377.32,1,At Risk
13207,14,4,535.86,0,Promising
13208,58,9,1988.5,1,At Risk
13209,29,13,8509.51,3,Champions
13210,93,1,353.48,2,Lost Customers
13211,9,10,2729.32,3,Champions
13212,19,3,788.08,0,Promising
13213,56,11,3851.52,3,Champions
13214,417,7,3264.23,1,At Risk
13215,401,1,81.6,2,Lost Customers
13216,267,1,333.74,2,Lost Customers
13217,121,4,666.48,1,At Risk
13218,126,1,62.63999999999999,2,Lost Customers
13219,617,1,76.23,2,Lost Customers
13220,77,5,1336.0900000000001,1,At Risk
13221,239,2,847.41,2,Lost Customers
13222,576,1,88.5,2,Lost Customers
13223,199,6,969.1200000000001,1,At Risk
13224,59,2,2155.95,1,At Risk
13225,2,16,16260.07,3,Champions
13226,272,2,312.46,2,Lost Customers
13227,201,1,257.7,2,Lost Customers
13228,80,1,358.0,2,Lost Customers
13229,225,1,160.95,2,Lost Customers
13230,3,30,6267.33,3,Champions
13232,12,7,1357.6,0,Promising
13233,73,4,1176.46,1,At Risk
13234,672,2,356.95,2,Lost Customers
13235,211,1,1031.07,2,Lost Customers
13236,24,2,744.85,0,Promising
13237,387,1,643.0,2,Lost Customers
13238,16,6,1006.63,0,Promising
13239,261,5,1594.69,1,At Risk
13240,95,8,1514.45,1,At Risk
13241,411,1,115.58,2,Lost Customers
13242,111,7,699.4,1,At Risk
13243,202,5,1278.04,1,At Risk
13244,92,1,121.74000000000001,2,Lost Customers
13245,50,2,989.22,0,Promising
13246,17,11,3387.43,3,Champions
13247,17,4,501.12,0,Promising
13248,124,2,465.68,2,Lost Customers
13249,91,9,1608.93,1,At Risk
13250,460,2,256.04,2,Lost Customers
13251,401,1,252.68,2,Lost Customers
13252,393,2,399.3,2,Lost Customers
13253,156,4,2951.11,1,At Risk
13254,375,1,51.410000000000004,2,Lost Customers
13255,8,3,678.76,0,Promising
13257,435,1,149.75,2,Lost Customers
13258,11,5,1035.18,0,Promising
13259,61,9,1433.38,1,At Risk
13260,60,1,557.62,0,Promising
13261,268,2,944.1,2,Lost Customers
13262,262,3,573.45,2,Lost Customers
13263,0,39,8704.69,3,Champions
13264,442,1,722.5600000000001,2,Lost Customers
13265,52,5,2107.66,1,At Risk
13266,10,19,6135.04,3,Champions
13267,2,36,9429.81,3,Champions
13268,17,11,3214.69,3,Champions
13269,0,28,8540.27,3,Champions
13270,365,1,590.0,2,Lost Customers
13271,36,1,217.38,0,Promising
13272,30,2,276.56,0,Promising
13273,112,1,138.98,2,Lost Customers
13274,408,1,360.85,2,Lost Customers
13275,383,2,241.66,2,Lost Customers
13276,63,5,1939.26,1,At Risk
13277,15,7,523.3,0,Promising
13278,40,4,1435.85,0,Promising
13279,77,1,137.75,2,Lost Customers
13280,121,7,2322.63,1,At Risk
13281,438,1,350.85,2,Lost Customers
13282,17,4,1313.19,0,Promising
13283,59,4,373.36,0,Promising
13284,330,1,201.19,2,Lost Customers
13285,22,6,3364.59,3,Champions
13286,599,1,734.91,2,Lost Customers
13287,602,3,781.59,2,Lost Customers
13288,442,5,927.61,1,At Risk
13289,723,1,307.95,2,Lost Customers
13290,437,1,208.63,2,Lost Customers
13291,155,11,3320.84,1,At Risk
13292,38,5,994.51,0,Promising
13293,391,6,1192.94,1,At Risk
13294,189,3,1689.53,1,At Risk
13295,359,4,1101.97,1,At Risk
13296,136,6,792.51,1,At Risk
13297,7,7,4368.62,3,Champions
13298,0,1,360.0,0,Promising
13299,267,3,1218.7,1,At Risk
13300,168,3,1285.51,1,At Risk
13301,103,4,618.09,1,At Risk
13302,154,2,159.2,2,Lost Customers
13303,399,1,61.72,2,Lost Customers
13304,350,4,1217.99,1,At Risk
13305,3,16,3618.5099999999998,3,Champions
13306,429,1,53.65,2,Lost Customers
13307,119,3,273.34,2,Lost Customers
13308,22,4,1670.3700000000001,0,Promising
13309,6,6,1706.3700000000001,0,Promising
13310,27,5,1541.2,0,Promising
13311,3,2,598.57,0,Promising
13312,450,1,124.75,2,Lost Customers
13313,21,12,3445.32,3,Champions
13314,1,3,775.94,0,Promising
13315,688,1,310.26,2,Lost Customers
13316,36,10,13191.57,3,Champions
13317,65,19,6486.091,3,Champions
13318,0,3,640.76,0,Promising
13319,4,58,21323.22,3,Champions
13320,77,6,2228.1,1,At Risk
13321,71,2,567.36,0,Promising
13322,16,1,199.48000000000002,0,Promising
13323,2,5,787.85,0,Promising
13324,35,18,10513.47,3,Champions
13325,81,1,675.3,2,Lost Customers
13326,431,1,281.76,2,Lost Customers
13327,38,20,9134.48,3,Champions
13328,315,1,1308.48,2,Lost Customers
13329,31,8,4808.77,3,Champions
13330,92,6,2806.18,1,At Risk
13331,401,1,262.4,2,Lost Customers
13332,13,1,350.9,0,Promising
13333,410,3,1015.74,1,At Risk
13334,81,5,6263.75,1,At Risk
13336,76,1,795.12,0,Promising
13337,545,1,1575.26,2,Lost Customers
13338,157,4,2445.62,1,At Risk
13339,200,1,860.12,2,Lost Customers
13340,44,12,22100.56,3,Champions
13341,260,1,775.85,2,Lost Customers
13343,177,1,353.43,2,Lost Customers
13344,67,3,2543.72,1,At Risk
13345,287,1,389.5,2,Lost Customers
13346,462,6,299.4,2,Lost Customers
13347,69,1,341.36,2,Lost Customers
13348,63,1,233.76,2,Lost Customers
13349,10,1,247.32,0,Promising
13350,15,2,979.12,0,Promising
13351,65,1,373.94,2,Lost Customers
13352,59,1,397.97999999999996,0,Promising
13354,70,1,743.53,0,Promising
13355,121,1,674.7,2,Lost Customers
13356,79,1,768.24,0,Promising
13357,256,5,3838.36,1,At Risk
13358,268,1,439.03,2,Lost Customers
13359,63,2,1043.31,0,Promising
13360,431,4,1553.65,1,At Risk
13361,471,2,1450.5,1,At Risk
13362,8,7,5394.07,3,Champions
13363,17,3,1723.86,0,Promising
13364,70,1,134.95999999999998,2,Lost Customers
13365,33,2,2225.37,0,Promising
13366,49,1,56.160000000000004,2,Lost Customers
13367,431,1,510.20000000000005,2,Lost Customers
13368,256,4,1121.5,1,At Risk
13369,365,1,308.28000000000003,2,Lost Customers
13370,371,1,754.87,2,Lost Customers
13371,504,2,2297.66,1,At Risk
13372,89,1,378.64,2,Lost Customers
13373,60,6,7587.1900000000005,1,At Risk
13374,414,2,422.8,2,Lost Customers
13375,88,2,1792.23,1,At Risk
13376,98,3,1019.76,1,At Risk
13377,396,2,1552.88,1,At Risk
13379,25,3,572.56,0,Promising
13380,432,1,62.4,2,Lost Customers
13381,31,12,8224.37,3,Champions
13382,280,5,1387.58,1,At Risk
13383,543,1,305.28000000000003,2,Lost Customers
13384,30,11,6680.83,3,Champions
13385,329,1,534.57,2,Lost Customers
13386,413,2,835.46,2,Lost Customers
13387,416,1,189.44,2,Lost Customers
13388,130,3,1185.65,1,At Risk
13389,10,3,797.96,0,Promising
13390,74,1,544.08,2,Lost Customers
13391,203,1,59.8,2,Lost Customers
13392,676,1,91.14,2,Lost Customers
13393,583,4,1131.45,1,At Risk
13394,1,19,6621.7,3,Champions
13395,184,3,1180.23,1,At Risk
13396,28,2,1360.99,0,Promising
13397,72,10,3191.87,1,At Risk
13398,191,2,670.34,2,Lost Customers
13399,463,3,275.4,2,Lost Customers
13400,582,1,310.83,2,Lost Customers
13402,126,4,1226.8500000000001,1,At Risk
13403,17,3,229.5,0,Promising
13404,0,2,252.49,0,Promising
13405,73,6,1213.811,1,At Risk
13406,426,2,568.92,2,Lost Customers
13407,578,3,2244.7,1,At Risk
13408,1,106,50174.782,3,Champions
13410,23,9,2201.96,3,Champions
13411,106,1,213.55,2,Lost Customers
13412,619,1,487.34999999999997,2,Lost Customers
13413,639,6,429.44,1,At Risk
13414,133,6,2494.14,1,At Risk
13415,472,4,800.67,1,At Risk
13416,43,3,940.8000000000001,0,Promising
13417,4,6,1669.49,0,Promising
13418,11,31,11610.36,3,Champions
13419,63,1,221.06,2,Lost Customers
13420,149,2,159.85,2,Lost Customers
13421,39,8,4103.12,3,Champions
13422,63,1,2626.3,0,Promising
13423,428,1,217.03,2,Lost Customers
13424,449,1,572.77,2,Lost Customers
13425,107,5,3403.63,1,At Risk
13426,0,22,8167.38,3,Champions
13427,18,6,1006.53,0,Promising
13428,9,3,499.98,0,Promising
13429,10,4,1006.8,0,Promising
13430,18,2,679.45,0,Promising
13431,66,8,3316.24,1,At Risk
13432,570,2,439.1,2,Lost Customers
13433,500,4,658.3199999999999,1,At Risk
13434,73,5,1666.8600000000001,1,At Risk
13435,4,9,4475.2300000000005,3,Champions
13436,1,1,196.89,0,Promising
13437,13,7,3408.06,3,Champions
13438,546,1,46.5,2,Lost Customers
13439,254,3,986.61,1,At Risk
13440,422,7,1295.25,1,At Risk
13441,91,2,720.9,0,Promising
13442,666,3,419.87,2,Lost Customers
13443,448,6,1280.16,1,At Risk
13444,373,2,631.6800000000001,2,Lost Customers
13445,625,1,241.89999999999998,2,Lost Customers
13446,429,11,3881.89,1,At Risk
13447,22,3,1129.14,0,Promising
13448,16,13,8796.91,3,Champions
13449,23,1,291.88,0,Promising
13450,26,13,4120.04,3,Champions
13451,25,11,7190.92,3,Champions
13452,258,3,729.8,1,At Risk
13453,165,3,781.6899999999999,1,At Risk
13454,640,1,219.87,2,Lost Customers
13455,24,6,2212.9900000000002,1,At Risk
13456,17,6,1766.72,0,Promising
13457,688,2,148.22,2,Lost Customers
13458,6,16,11959.27,3,Champions
13459,624,2,1160.4099999999999,2,Lost Customers
13460,28,2,183.44,0,Promising
13461,38,6,4160.0,1,At Risk
13462,252,5,1153.85,1,At Risk
13464,57,6,3097.64,1,At Risk
13465,445,2,931.12,2,Lost Customers
13466,183,5,1013.35,1,At Risk
13467,10,2,1083.71,0,Promising
13468,1,72,12808.28,3,Champions
13469,652,1,82.4,2,Lost Customers
13470,98,2,165.0,2,Lost Customers
13471,0,4,2531.58,0,Promising
13472,463,2,592.24,2,Lost Customers
13473,60,8,2657.7599999999998,1,At Risk
13474,235,3,663.79,1,At Risk
13475,190,4,1431.78,1,At Risk
13476,178,5,2061.4700000000003,1,At Risk
13477,37,11,2834.17,3,Champions
13478,468,5,2215.78,1,At Risk
13479,200,4,851.37,1,At Risk
13480,416,2,627.82,2,Lost Customers
13481,45,11,3830.84,3,Champions
13482,231,2,336.09,2,Lost Customers
13483,65,1,140.34,2,Lost Customers
13484,240,3,790.72,1,At Risk
13485,232,11,3019.2200000000003,1,At Risk
13486,77,3,1122.41,1,At Risk
13487,57,5,846.87,1,At Risk
13488,16,23,14205.96,3,Champions
13489,104,4,449.52,1,At Risk
13490,653,1,154.25,2,Lost Customers
13491,51,27,4467.66,3,Champions
13492,135,3,1269.84,1,At Risk
13493,274,2,618.63,2,Lost Customers
13494,311,1,316.26000000000005,2,Lost Customers
13495,7,10,4863.31,3,Champions
13496,10,2,653.33,0,Promising
13497,282,6,1166.83,1,At Risk
13498,729,1,327.38,2,Lost Customers
13499,17,5,1159.11,0,Promising
13500,22,4,1466.3,0,Promising
13501,287,3,2885.11,1,At Risk
13502,16,5,780.5,0,Promising
13503,70,6,1905.39,1,At Risk
13504,63,1,295.93,2,Lost Customers
13505,72,4,4393.63,1,At Risk
13506,315,5,1338.08,1,At Risk
13507,2,4,2479.16,0,Promising
13508,243,2,287.05,2,Lost Customers
13509,8,8,1114.72,0,Promising
13510,0,11,4558.29,3,Champions
13511,676,1,282.76,2,Lost Customers
13512,260,4,713.39,1,At Risk
13513,126,3,824.59,1,At Risk
13514,73,4,815.9000000000001,1,At Risk
13515,72,6,1265.82,1,At Risk
13516,20,4,1685.26,0,Promising
13517,59,3,2128.42,1,At Risk
13518,85,1,659.4399999999999,2,Lost Customers
13519,77,2,343.21,2,Lost Customers
13520,58,11,6606.0,3,Champions
13521,0,3,1093.65,0,Promising
13522,29,1,125.80000000000001,0,Promising
13523,32,6,4534.57,1,At Risk
13524,40,5,680.1800000000001,0,Promising
13525,14,2,628.78,0,Promising
13526,737,2,1182.0,2,Lost Customers
13527,33,12,4683.74,3,Champions
13529,78,2,307.76,2,Lost Customers
13530,633,1,402.97999999999996,2,Lost Customers
13531,204,6,1433.07,1,At Risk
13532,33,1,210.31,0,Promising
13533,182,3,270.79,2,Lost Customers
13534,1,35,7720.9,3,Champions
13535,402,1,89.5,2,Lost Customers
13536,0,7,3448.29,3,Champions
13537,425,2,717.85,2,Lost Customers
13538,42,12,3112.73,3,Champions
13539,85,7,1569.3600000000001,1,At Risk
13540,466,3,632.39,2,Lost Customers
13541,426,2,785.25,2,Lost Customers
13542,376,17,4006.17,1,At Risk
13543,633,2,1439.6100000000001,1,At Risk
13544,39,6,829.0,0,Promising
13545,390,2,374.64,2,Lost Customers
13546,11,5,1092.14,0,Promising
13547,407,1,175.53,2,Lost Customers
13548,95,3,908.99,1,At Risk
13549,25,8,1005.8,0,Promising
13550,382,1,349.51,2,Lost Customers
13551,318,2,244.2,2,Lost Customers
13552,65,22,6978.92,3,Champions
13553,674,1,517.8,2,Lost Customers
13554,379,7,1638.28,1,At Risk
13555,73,13,8999.19,3,Champions
13556,428,2,200.82,2,Lost Customers
13557,27,13,3032.26,3,Champions
13558,5,4,605.06,0,Promising
13559,512,2,990.0,2,Lost Customers
13560,6,1,174.37,0,Promising
13561,215,11,1820.72,1,At Risk
13562,81,8,4838.18,1,At Risk
13563,83,2,777.53,0,Promising
13564,143,37,16709.55,3,Champions
13565,18,3,414.8,0,Promising
13566,40,5,1708.1200000000001,1,At Risk
13567,427,4,1083.69,1,At Risk
13568,172,1,192.85,2,Lost Customers
13569,16,4,775.46,0,Promising
13570,242,1,239.49,2,Lost Customers
13571,12,26,4546.54,3,Champions
13572,205,1,1384.25,2,Lost Customers
13573,49,6,916.47,1,At Risk
13574,410,1,421.25,2,Lost Customers
13575,22,5,732.0699999999999,0,Promising
13576,9,28,11202.59,3,Champions
13577,24,11,3489.28,3,Champions
13578,408,1,147.66,2,Lost Customers
13579,14,5,1374.34,0,Promising
13580,405,1,107.75,2,Lost Customers
13581,308,2,280.53000000000003,2,Lost Customers
13582,389,2,241.68,2,Lost Customers
13583,155,2,1445.031,1,At Risk
13584,306,3,392.45,2,Lost Customers
13585,530,3,684.54,2,Lost Customers
13586,540,1,131.53,2,Lost Customers
13587,63,4,1673.5,1,At Risk
13588,15,9,2478.95,3,Champions
13589,14,6,1120.74,0,Promising
13590,10,18,6349.59,3,Champions
13591,64,7,2093.94,1,At Risk
13592,35,4,247.95999999999998,0,Promising
13593,107,14,5523.6900000000005,3,Champions
13594,52,2,533.32,0,Promising
13595,516,3,818.22,1,At Risk
13596,5,2,697.04,0,Promising
13597,399,2,396.71,2,Lost Customers
13598,46,5,789.59,0,Promising
13599,0,33,9814.79,3,Champions
13600,311,2,518.42,2,Lost Customers
13601,44,4,1185.14,0,Promising
13602,64,4,1025.17,1,At Risk
13603,25,1,164.34,0,Promising
13604,658,1,717.62,2,Lost Customers
13605,386,2,522.67,2,Lost Customers
13606,28,3,280.53999999999996,0,Promising
13607,39,2,1078.31,0,Promising
13608,540,1,236.2,2,Lost Customers
13609,592,1,167.35,2,Lost Customers
13610,11,14,2175.88,3,Champions
13611,88,10,3319.53,1,At Risk
13612,632,1,818.29,2,Lost Customers
13613,452,5,1039.8500000000001,1,At Risk
13614,23,6,2359.19,1,At Risk
13615,318,8,6272.53,1,At Risk
13616,567,2,288.1,2,Lost Customers
13617,39,8,1278.75,1,At Risk
13618,173,1,177.34,2,Lost Customers
13619,544,2,231.69,2,Lost Customers
13620,527,1,112.34,2,Lost Customers
13621,116,1,213.85,2,Lost Customers
13622,695,1,658.95,2,Lost Customers
13623,30,10,2566.49,3,Champions
13624,387,1,462.08,2,Lost Customers
13625,596,1,301.26,2,Lost Customers
13626,252,2,707.04,2,Lost Customers
13627,58,7,2245.9,1,At Risk
13628,675,1,310.14,2,Lost Customers
13629,22,19,13370.86,3,Champions
13630,4,7,2031.78,3,Champions
13631,99,11,3070.42,1,At Risk
13632,24,8,3648.15,3,Champions
13634,32,16,5073.47,3,Champions
13635,67,4,2999.16,1,At Risk
13636,36,5,949.12,0,Promising
13637,51,3,810.5,0,Promising
13638,15,1,122.64,0,Promising
13639,73,2,1346.27,1,At Risk
13640,610,1,405.0,2,Lost Customers
13641,640,5,1016.47,1,At Risk
13642,215,4,514.72,1,At Risk
13643,30,10,2156.77,3,Champions
13644,15,4,2624.26,0,Promising
13645,119,1,252.1,2,Lost Customers
13646,399,2,326.25,2,Lost Customers
13647,9,8,3071.68,3,Champions
13648,399,8,1764.02,1,At Risk
13649,256,6,1481.08,1,At Risk
13650,16,10,3288.0,3,Champions
13651,34,3,226.85,0,Promising
13652,45,5,2262.05,1,At Risk
13653,487,1,152.2,2,Lost Customers
13654,42,11,6308.0,3,Champions
13655,113,6,2280.51,1,At Risk
13656,164,4,1078.85,1,At Risk
13657,10,2,382.14,0,Promising
13658,9,9,6025.5,3,Champions
13659,205,12,4894.88,1,At Risk
13660,399,1,314.59,2,Lost Customers
13661,602,1,325.24,2,Lost Customers
13662,85,11,2250.11,1,At Risk
13663,178,5,2047.51,1,At Risk
13665,385,3,1711.6599999999999,1,At Risk
13666,59,5,127.89999999999999,0,Promising
13667,148,1,305.02,2,Lost Customers
13668,2,35,13089.94,3,Champions
13669,50,3,413.55,0,Promising
13670,74,1,349.7,2,Lost Customers
13671,394,1,194.95,2,Lost Customers
13672,300,3,419.92,2,Lost Customers
13673,18,2,396.92,0,Promising
13674,432,1,240.68,2,Lost Customers
13675,150,2,486.82000000000005,2,Lost Customers
13676,538,2,243.9,2,Lost Customers
13677,404,2,556.1899999999999,2,Lost Customers
13678,151,1,232.6,2,Lost Customers
13679,493,3,281.26,2,Lost Customers
13680,0,12,11435.67,3,Champions
13681,17,4,827.83,0,Promising
13682,186,1,59.5,2,Lost Customers
13683,457,1,258.6,2,Lost Customers
13684,285,4,596.98,1,At Risk
13685,2,7,3119.44,3,Champions
13686,182,3,409.04,2,Lost Customers
13687,437,1,11880.84,1,At Risk
13688,634,1,375.5,2,Lost Customers
13689,62,2,1259.5,0,Promising
13690,58,1,172.25,2,Lost Customers
13691,395,1,212.78,2,Lost Customers
13692,24,5,3114.4,1,At Risk
13693,373,9,2011.82,1,At Risk
13694,3,143,195640.69,3,Champions
13695,30,16,2770.73,3,Champions
13696,421,3,2020.4,1,At Risk
13697,38,1,151.29999999999998,2,Lost Customers
13698,596,2,465.53000000000003,2,Lost Customers
13699,154,2,764.15,2,Lost Customers
13700,25,13,2613.46,3,Champions
13701,446,1,161.0,2,Lost Customers
13702,445,1,135.18,2,Lost Customers
13703,317,2,425.56,2,Lost Customers
13704,4,9,2308.06,3,Champions
13705,7,7,1717.19,0,Promising
13706,302,2,631.17,2,Lost Customers
13707,266,5,3365.86,1,At Risk
13708,270,1,296.88,2,Lost Customers
13709,3,18,7591.75,3,Champions
13710,31,3,509.52,0,Promising
13711,218,9,1792.26,1,At Risk
13712,246,2,766.42,2,Lost Customers
13713,407,3,743.26,1,At Risk
13714,464,1,161.35,2,Lost Customers
13715,280,17,8210.64,1,At Risk
13716,268,1,138.28,2,Lost Customers
13717,31,8,1763.3,1,At Risk
13718,245,2,306.55,2,Lost Customers
13719,14,11,2815.25,3,Champions
13720,116,4,799.9,1,At Risk
13721,35,2,741.54,0,Promising
13722,131,10,5635.41,1,At Risk
13723,216,6,1209.2,1,At Risk
13724,636,1,213.01,2,Lost Customers
13725,49,8,1980.56,1,At Risk
13726,38,2,1079.6599999999999,0,Promising
13727,28,8,1080.05,0,Promising
13728,36,16,2855.17,3,Champions
13729,435,3,724.73,1,At Risk
13730,135,2,752.6,2,Lost Customers
13731,218,2,610.59,2,Lost Customers
13732,27,1,491.86,0,Promising
13733,410,2,487.03000000000003,2,Lost Customers
13734,508,4,6701.640000000001,1,At Risk
13735,24,13,9813.22,3,Champions
13736,4,7,2766.21,3,Champions
13737,199,1,339.59999999999997,2,Lost Customers
13738,395,1,440.93,2,Lost Customers
13739,17,2,292.2,0,Promising
13740,240,5,1597.77,1,At Risk
13741,71,3,668.4300000000001,0,Promising
13742,16,12,3131.02,3,Champions
13743,2,7,1341.6,0,Promising
13744,94,2,1156.36,1,At Risk
13745,161,2,777.36,2,Lost Customers
13746,413,1,176.69,2,Lost Customers
13747,373,2,169.79999999999998,2,Lost Customers
13748,95,9,2064.35,1,At Risk
13750,53,11,3602.1800000000003,3,Champions
13751,287,1,296.25,2,Lost Customers
13752,123,7,1590.73,1,At Risk
13753,287,4,2094.57,1,At Risk
13754,151,3,447.05,2,Lost Customers
13755,3,9,2161.35,3,Champions
13756,1,23,8674.7,3,Champions
13757,674,1,195.55,2,Lost Customers
13758,11,15,8698.13,3,Champions
13759,32,2,659.4100000000001,0,Promising
13760,53,5,1363.6399999999999,1,At Risk
13761,49,6,1952.17,1,At Risk
13762,218,5,2472.48,1,At Risk
13763,62,3,5217.4400000000005,1,At Risk
13764,70,6,2953.26,1,At Risk
13765,652,1,352.821,2,Lost Customers
13766,494,1,190.35,2,Lost Customers
13767,1,73,33903.57,3,Champions
13768,726,2,875.97,2,Lost Customers
13769,1,20,5478.12,3,Champions
13770,421,4,785.37,1,At Risk
13771,63,9,5728.82,3,Champions
13772,33,8,3114.22,3,Champions
13773,396,2,301.54,2,Lost Customers
13774,81,1,345.0,2,Lost Customers
13775,590,1,1049.66,2,Lost Customers
13776,427,2,623.98,2,Lost Customers
13777,0,61,49638.26,3,Champions
13778,102,4,1124.49,1,At Risk
13779,515,1,161.13,2,Lost Customers
13780,6,3,735.82,0,Promising
13781,250,3,778.83,1,At Risk
13782,12,13,1793.72,3,Champions
13783,487,4,1542.09,1,At Risk
13784,9,14,2910.23,3,Champions
13785,428,4,542.49,1,At Risk
13786,366,6,3128.54,1,At Risk
13787,75,6,1222.5,1,At Risk
13788,504,1,3.75,2,Lost Customers
13789,387,1,239.45999999999998,2,Lost Customers
13790,3,1,348.8,0,Promising
13791,127,2,1516.0,1,At Risk
13792,65,3,383.95,0,Promising
13793,646,1,96.0,2,Lost Customers
13794,546,1,126.03,2,Lost Customers
13795,387,4,836.3,1,At Risk
13796,498,1,289.7,2,Lost Customers
13797,436,3,1179.45,1,At Risk
13798,0,110,75428.87,3,Champions
13799,116,9,2803.57,1,At Risk
13800,309,3,1679.56,1,At Risk
13801,66,1,324.8,2,Lost Customers
13802,138,19,26259.11,3,Champions
13803,254,3,1338.91,1,At Risk
13804,30,9,3208.52,3,Champions
13805,51,2,924.6,0,Promising
13806,63,1,256.38,2,Lost Customers
13807,366,3,422.2,2,Lost Customers
13808,5,5,1747.66,0,Promising
13809,304,3,679.7,1,At Risk
13810,28,3,1499.01,0,Promising
13811,183,3,814.5,1,At Risk
13812,41,3,539.0,0,Promising
13813,39,8,2765.47,1,At Risk
13814,91,3,2257.32,1,At Risk
13815,21,8,7475.74,3,Champions
13816,23,2,571.6700000000001,0,Promising
13817,28,2,382.98,0,Promising
13818,429,1,61.28,2,Lost Customers
13819,301,6,2642.35,1,At Risk
13820,417,3,660.65,2,Lost Customers
13821,144,6,1410.73,1,At Risk
13822,5,2,632.0,0,Promising
13823,18,7,3403.4500000000003,3,Champions
13824,32,12,3314.76,3,Champions
13825,621,2,255.59,2,Lost Customers
13826,175,1,189.5,2,Lost Customers
13827,57,3,412.05,0,Promising
13828,21,1,209.49,0,Promising
13829,420,1,102.0,2,Lost Customers
13830,581,1,156.85000000000002,2,Lost Customers
13831,15,18,6615.58,3,Champions
13832,18,2,613.6899999999999,0,Promising
13833,158,2,701.36,2,Lost Customers
13834,576,2,324.19,2,Lost Customers
13835,24,7,1095.27,0,Promising
13836,398,2,620.37,2,Lost Customers
13837,211,2,271.24,2,Lost Customers
13838,5,10,1727.98,3,Champions
13839,485,1,139.95000000000002,2,Lost Customers
13840,415,1,651.4,2,Lost Customers
13841,252,1,85.0,2,Lost Customers
13842,58,18,5319.34,3,Champions
13843,380,1,319.75,2,Lost Customers
13844,10,1,361.62,0,Promising
13845,64,1,312.98,2,Lost Customers
13846,24,4,1307.79,0,Promising
13847,719,1,310.72,2,Lost Customers
13848,91,8,3015.0,1,At Risk
13849,51,5,3469.3,1,At Risk
13850,128,1,1595.48,1,At Risk
13851,95,8,4606.46,1,At Risk
13852,610,1,187.35000000000002,2,Lost Customers
13853,56,1,1090.14,0,Promising
13854,8,39,11944.56,3,Champions
13855,500,4,1310.3400000000001,1,At Risk
13856,168,11,1142.03,1,At Risk
13857,392,6,1001.01,1,At Risk
13858,56,1,216.17,2,Lost Customers
13859,325,2,515.86,2,Lost Customers
13860,0,5,1245.9,0,Promising
13861,428,2,273.26,2,Lost Customers
13862,17,9,2556.09,3,Champions
13863,247,4,1239.55,1,At Risk
13864,386,1,662.4000000000001,2,Lost Customers
13865,57,4,501.56,0,Promising
13866,73,1,145.67000000000002,2,Lost Customers
13867,30,3,1015.29,0,Promising
13868,6,2,3192.54,0,Promising
13869,122,10,8111.57,1,At Risk
13870,1,15,5712.08,3,Champions
13871,22,17,7885.85,3,Champions
13872,526,3,919.57,1,At Risk
13873,119,8,1038.92,1,At Risk
13874,357,7,2049.15,1,At Risk
13875,53,14,4814.37,3,Champions
13876,63,1,122.7,2,Lost Customers
13877,85,3,449.68,0,Promising
13878,54,4,2473.06,1,At Risk
13879,645,1,395.5,2,Lost Customers
13880,20,17,4293.86,3,Champions
13881,3,43,45179.1,3,Champions
13882,2,5,1191.13,0,Promising
13883,10,15,6560.02,3,Champions
13884,6,10,1888.48,3,Champions
13885,188,2,506.8,2,Lost Customers
13886,70,1,243.56,2,Lost Customers
13887,203,1,349.55,2,Lost Customers
13888,119,7,2169.05,1,At Risk
13889,92,6,1991.23,1,At Risk
13890,0,14,2927.38,3,Champions
13891,377,3,863.5600000000001,1,At Risk
13892,26,6,1267.6499999999999,0,Promising
13893,297,1,821.1,2,Lost Customers
13894,23,3,564.62,0,Promising
13895,27,6,4008.52,3,Champions
13896,625,1,388.55,2,Lost Customers
13897,49,3,1160.72,0,Promising
13898,325,2,686.4,2,Lost Customers
13899,15,2,388.52,0,Promising
13900,182,6,1610.59,1,At Risk
13901,71,15,5676.34,3,Champions
13902,631,5,34095.26,1,At Risk
13903,399,1,165.45000000000002,2,Lost Customers
13904,36,2,332.64,0,Promising
13905,732,1,312.65,2,Lost Customers
13906,408,1,42.0,2,Lost Customers
13907,691,1,136.8,2,Lost Customers
13908,79,4,2369.55,1,At Risk
13909,422,2,286.6,2,Lost Customers
13911,56,20,4234.99,3,Champions
13912,423,1,124.95,2,Lost Customers
13913,506,1,42.22,2,Lost Customers
13914,11,2,626.45,0,Promising
13915,393,1,70.80000000000001,2,Lost Customers
13916,463,4,1275.81,1,At Risk
13917,49,2,272.04,0,Promising
13918,49,2,1212.8400000000001,0,Promising
13919,58,4,1360.68,1,At Risk
13920,431,4,1774.68,1,At Risk
13921,401,4,730.7,1,At Risk
13922,351,3,865.2,1,At Risk
13923,53,1,351.13,0,Promising
13924,1,6,1838.8500000000001,0,Promising
13925,92,4,678.25,1,At Risk
13926,22,1,223.85000000000002,0,Promising
13927,74,2,708.26,0,Promising
13928,10,4,464.57,0,Promising
13929,168,11,3494.1,1,At Risk
13930,57,2,337.34,0,Promising
13931,95,11,5257.38,1,At Risk
13932,294,1,307.4,2,Lost Customers
13933,108,2,608.7900000000001,2,Lost Customers
13934,263,1,922.1,2,Lost Customers
13935,596,3,6116.92,1,At Risk
13936,179,3,939.66,1,At Risk
13937,168,2,880.13,1,At Risk
13938,34,1,71.66,2,Lost Customers
13939,22,7,1560.96,0,Promising
13940,16,4,839.14,0,Promising
13941,21,15,10027.18,3,Champions
13942,534,1,320.0,2,Lost Customers
13943,577,1,246.54,2,Lost Customers
13944,652,1,200.43,2,Lost Customers
13945,394,2,854.15,2,Lost Customers
13946,78,6,1876.23,1,At Risk
13947,64,1,90.6,2,Lost Customers
13948,360,4,548.76,1,At Risk
13949,2,6,2427.32,3,Champions
13950,10,4,745.06,0,Promising
13951,175,3,674.45,1,At Risk
13952,217,14,12823.521,3,Champions
13953,6,12,6640.68,3,Champions
13954,1,2,439.92,0,Promising
13955,153,3,545.17,1,At Risk
13956,4,5,1026.42,0,Promising
13957,417,3,458.25,2,Lost Customers
13958,379,8,4709.2300000000005,1,At Risk
13959,78,6,1076.18,1,At Risk
13960,20,2,230.22,0,Promising
13961,391,1,538.4,2,Lost Customers
13962,21,3,362.8,0,Promising
13963,307,17,2860.57,1,At Risk
13964,386,2,438.9,2,Lost Customers
13965,476,3,996.61,1,At Risk
13966,434,1,390.86,2,Lost Customers
13967,145,2,166.3,2,Lost Customers
13968,422,1,123.66,2,Lost Customers
13969,6,35,13048.28,3,Champions
13970,385,2,846.55,2,Lost Customers
13971,18,14,4667.57,3,Champions
13972,70,2,190.25,2,Lost Customers
13973,286,1,264.7,2,Lost Customers
13974,48,2,677.72,0,Promising
13975,30,12,5358.84,3,Champions
13976,206,4,1192.36,1,At Risk
13977,410,1,519.8100000000001,2,Lost Customers
13978,14,2,196.79000000000002,0,Promising
13979,72,7,3416.23,1,At Risk
13980,59,5,799.92,1,At Risk
13981,415,1,331.14,2,Lost Customers
13982,38,9,4016.99,3,Champions
13983,29,21,6779.09,3,Champions
13984,26,12,1893.8,3,Champions
13985,3,22,10020.86,3,Champions
13986,16,1,320.46,0,Promising
13987,379,2,682.54,2,Lost Customers
13988,19,8,4757.8,3,Champions
13989,65,5,2026.06,1,At Risk
13990,212,1,311.3,2,Lost Customers
13991,11,6,855.97,0,Promising
13992,29,3,219.5,0,Promising
13993,42,19,6775.71,3,Champions
13994,3,6,2313.14,3,Champions
13995,14,14,3902.01,3,Champions
13996,385,2,895.76,2,Lost Customers
13997,518,3,382.31,2,Lost Customers
13998,446,3,566.7,2,Lost Customers
13999,9,29,9502.26,3,Champions
14000,210,5,2046.3400000000001,1,At Risk
14001,45,9,4228.85,3,Champions
14002,133,2,529.73,2,Lost Customers
14003,732,1,209.41,2,Lost Customers
14004,42,11,6258.45,3,Champions
14005,9,5,2874.72,0,Promising
14006,115,7,2196.67,1,At Risk
14007,512,1,79.48,2,Lost Customers
14008,431,1,509.04,2,Lost Customers
14009,197,3,1099.91,1,At Risk
14010,564,2,445.15,2,Lost Customers
14011,479,2,457.82,2,Lost Customers
14012,277,1,328.8,2,Lost Customers
14013,109,5,1084.57,1,At Risk
14014,76,3,1948.21,1,At Risk
14015,52,1,917.34,0,Promising
14016,161,11,11403.41,1,At Risk
14017,570,1,229.75,2,Lost Customers
14018,644,1,367.15000000000003,2,Lost Customers
14019,46,3,1421.61,0,Promising
14020,16,4,1249.01,0,Promising
14021,154,7,1716.58,1,At Risk
14022,224,2,792.15,2,Lost Customers
14023,6,2,584.07,0,Promising
14024,121,3,645.74,1,At Risk
14025,464,8,4057.9,1,At Risk
14026,470,2,713.11,2,Lost Customers
14027,60,1,104.82,2,Lost Customers
14028,549,3,10396.5,1,At Risk
14029,62,2,467.66,0,Promising
14030,17,20,7585.79,3,Champions
14031,6,44,39099.1,3,Champions
14032,1,16,4546.41,3,Champions
14033,554,1,109.44,2,Lost Customers
14034,21,3,651.8199999999999,0,Promising
14035,28,9,2856.72,3,Champions
14036,284,1,626.65,2,Lost Customers
14037,175,6,836.95,1,At Risk
14038,77,5,3069.88,1,At Risk
14039,32,2,267.28000000000003,0,Promising
14040,40,35,12645.57,3,Champions
14041,265,1,141.41,2,Lost Customers
14042,724,1,431.98,2,Lost Customers
14043,490,2,304.25,2,Lost Customers
14044,26,10,3123.1,3,Champions
14045,108,16,10986.63,3,Champions
14046,283,1,154.99,2,Lost Customers
14047,8,14,3968.11,3,Champions
14048,304,3,748.69,1,At Risk
14049,16,13,13239.03,3,Champions
14050,31,2,746.36,0,Promising
14051,0,37,21810.58,3,Champions
14052,19,2,480.81,0,Promising
14053,123,4,572.3,1,At Risk
14054,64,1,92.46,2,Lost Customers
14055,105,3,1520.96,1,At Risk
14056,0,23,8214.65,3,Champions
14057,23,22,8408.84,3,Champions
14058,462,2,469.19,2,Lost Customers
14059,266,1,183.6,2,Lost Customers
14060,4,30,8898.24,3,Champions
14061,506,3,917.4300000000001,1,At Risk
14062,9,24,25604.2,3,Champions
14063,437,9,22710.2,1,At Risk
14064,28,15,3332.42,3,Champions
14065,388,3,891.02,1,At Risk
14066,266,1,152.55,2,Lost Customers
14067,63,2,374.7,0,Promising
14068,319,4,1528.3700000000001,1,At Risk
14069,514,2,230.06,2,Lost Customers
14070,684,1,326.55,2,Lost Customers
14071,3,8,1438.82,3,Champions
14072,666,1,390.85,2,Lost Customers
14073,31,1,151.04,0,Promising
14074,622,1,219.39999999999998,2,Lost Customers
14075,4,6,1734.87,0,Promising
14076,128,1,122.47,2,Lost Customers
14077,40,6,615.0799999999999,0,Promising
14078,101,9,1556.3899999999999,1,At Risk
14079,124,2,618.73,2,Lost Customers
14080,32,5,1115.68,0,Promising
14081,301,10,4946.58,1,At Risk
14082,364,2,413.36,2,Lost Customers
14083,3,11,1097.72,3,Champions
14084,511,1,150.5,2,Lost Customers
14085,1,33,9796.92,3,Champions
14086,462,1,39.95,2,Lost Customers
14087,2,3,846.22,0,Promising
14088,9,16,64036.8,3,Champions
14089,56,1,161.0,2,Lost Customers
14090,324,1,76.32000000000001,2,Lost Customers
14091,653,2,9530.08,1,At Risk
14092,7,24,7229.45,3,Champions
14093,11,1,442.85,0,Promising
14094,439,1,335.22,2,Lost Customers
14095,722,1,2.95,2,Lost Customers
14096,3,17,65164.79,3,Champions
14097,480,2,422.85999999999996,2,Lost Customers
14098,36,1,147.35,0,Promising
14099,15,20,5765.71,3,Champions
14100,137,1,194.9,2,Lost Customers
14101,73,13,9961.93,3,Champions
14102,4,5,1360.28,0,Promising
14104,154,5,771.5799999999999,1,At Risk
14105,238,5,5988.83,1,At Risk
14106,736,1,214.79999999999998,2,Lost Customers
14107,51,11,4877.3,3,Champions
14108,30,4,1044.96,0,Promising
14109,72,1,144.2,2,Lost Customers
14110,3,33,12987.95,3,Champions
14111,13,4,692.85,0,Promising
14112,22,13,5834.59,3,Champions
14113,3,16,7092.610000000001,3,Champions
14114,273,7,1364.09,1,At Risk
14115,501,2,622.6700000000001,2,Lost Customers
14116,19,5,1382.74,0,Promising
14117,143,1,90.0,2,Lost Customers
14118,428,1,458.45,2,Lost Customers
14119,375,2,183.37,2,Lost Customers
14121,3,4,2780.15,0,Promising
14122,405,3,362.42,2,Lost Customers
14123,732,1,436.18,2,Lost Customers
14124,83,1,419.58000000000004,2,Lost Customers
14125,10,3,2740.43,0,Promising
14126,7,4,1172.46,0,Promising
14127,122,6,1900.0800000000002,1,At Risk
14128,60,3,924.21,0,Promising
14129,1,9,2591.34,3,Champions
14130,318,4,1882.67,1,At Risk
14131,648,1,187.87,2,Lost Customers
14132,1,11,3586.0299999999997,3,Champions
14133,129,4,911.14,1,At Risk
14134,382,15,11123.35,1,At Risk
14135,1,24,8839.67,3,Champions
14136,400,5,1570.81,1,At Risk
14137,695,1,332.7,2,Lost Customers
14138,1,2,982.3800000000001,0,Promising
14139,45,4,1086.8,0,Promising
14140,3,2,935.05,0,Promising
14141,2,4,915.13,0,Promising
14142,372,2,671.34,2,Lost Customers
14143,133,1,115.8,2,Lost Customers
14144,485,1,30.599999999999998,2,Lost Customers
14145,46,7,7600.05,3,Champions
14146,8,12,9450.3,3,Champions
14147,77,9,2590.2,1,At Risk
14148,233,2,466.29,2,Lost Customers
14149,220,1,446.62,2,Lost Customers
14150,35,2,658.64,0,Promising
14151,672,2,679.45,2,Lost Customers
14152,74,7,1997.3400000000001,1,At Risk
14153,482,1,233.4,2,Lost Customers
14154,238,8,6460.7,1,At Risk
14155,265,1,118.75,2,Lost Customers
14156,9,156,313624.17,3,Champions
14157,19,5,1002.78,0,Promising
14158,39,1,507.66,0,Promising
14159,19,20,7938.01,3,Champions
14160,609,7,8421.47,1,At Risk
14161,215,7,3035.73,1,At Risk
14162,173,2,289.36,2,Lost Customers
14163,86,5,2594.62,1,At Risk
14164,70,2,1631.77,1,At Risk
14165,275,1,122.53999999999999,2,Lost Customers
14166,504,2,256.85,2,Lost Customers
14167,38,8,1296.49,1,At Risk
14168,420,2,370.45,2,Lost Customers
14169,430,2,624.4300000000001,2,Lost Customers
14170,374,3,597.33,2,Lost Customers
14171,97,2,498.79,2,Lost Customers
14172,604,3,402.72,2,Lost Customers
14173,10,6,586.0,0,Promising
14174,32,1,134.46,0,Promising
14175,59,8,7678.88,3,Champions
14176,296,5,756.46,1,At Risk
14177,85,13,2229.34,1,At Risk
14178,8,7,1620.93,0,Promising
14179,40,2,719.78,0,Promising
14180,10,33,6117.5,3,Champions
14181,410,2,310.55,2,Lost Customers
14182,443,4,678.77,1,At Risk
14183,410,2,286.29,2,Lost Customers
14184,66,1,452.89,2,Lost Customers
14185,330,1,197.65,2,Lost Customers
14186,426,5,1550.63,1,At Risk
14187,473,1,123.5,2,Lost Customers
14188,30,6,2054.36,1,At Risk
14189,1,16,5503.15,3,Champions
14190,665,1,79.9,2,Lost Customers
14191,1,15,4817.66,3,Champions
14192,387,1,293.74,2,Lost Customers
14193,67,3,1210.19,1,At Risk
14194,4,36,18670.59,3,Champions
14195,201,6,2615.6,1,At Risk
14196,106,1,335.52,2,Lost Customers
14197,410,1,390.05,2,Lost Customers
14198,17,9,1569.73,3,Champions
14199,217,4,1091.7,1,At Risk
14200,616,1,379.2,2,Lost Customers
14201,59,10,1193.54,1,At Risk
14202,380,3,847.76,1,At Risk
14203,396,1,339.34,2,Lost Customers
14204,1,4,1062.96,0,Promising
14205,16,9,2414.2,3,Champions
14206,238,3,1185.01,1,At Risk
14207,687,1,157.8,2,Lost Customers
14208,94,2,567.05,2,Lost Customers
14209,10,15,4993.27,3,Champions
14210,105,16,5556.570000000001,3,Champions
14211,52,18,4402.29,3,Champions
14212,89,2,2190.14,1,At Risk
14213,404,1,1192.2,2,Lost Customers
14214,30,5,1004.38,0,Promising
14215,11,9,3250.33,3,Champions
14216,2,5,2150.04,0,Promising
14217,1,23,3298.59,3,Champions
14218,42,1,169.48000000000002,2,Lost Customers
14219,3,3,633.83,0,Promising
14220,246,4,1515.0,1,At Risk
14221,41,17,6517.49,3,Champions
14222,176,1,683.17,2,Lost Customers
14223,91,3,991.13,1,At Risk
14224,109,9,1897.9,1,At Risk
14225,434,4,2037.02,1,At Risk
14226,28,6,3002.53,1,At Risk
14227,25,15,6368.71,3,Champions
14228,437,3,745.5,1,At Risk
14229,51,7,2594.04,1,At Risk
14230,435,3,979.8000000000001,1,At Risk
14231,183,4,1235.6200000000001,1,At Risk
14232,42,5,2048.07,1,At Risk
14233,48,7,2904.27,1,At Risk
14234,21,4,775.46,0,Promising
14235,74,9,4717.99,1,At Risk
14236,80,5,1555.34,1,At Risk
14237,372,2,471.14,2,Lost Customers
14238,325,3,434.23,2,Lost Customers
14239,42,21,4263.17,3,Champions
14240,29,3,1247.49,0,Promising
14241,183,2,333.70000000000005,2,Lost Customers
14242,234,2,280.55,2,Lost Customers
14243,8,17,7217.75,3,Champions
14244,660,1,366.41999999999996,2,Lost Customers
14245,219,2,1693.45,1,At Risk
14246,110,3,1474.06,1,At Risk
14247,277,5,772.66,1,At Risk
14248,317,3,1032.95,1,At Risk
14249,410,12,5625.461,1,At Risk
14250,6,3,1904.05,0,Promising
14251,1,5,2879.7000000000003,3,Champions
14252,380,1,350.99,2,Lost Customers
14253,492,2,363.40000000000003,2,Lost Customers
14254,432,1,601.03,2,Lost Customers
14255,545,1,1000.63,2,Lost Customers
14256,259,5,2473.9900000000002,1,At Risk
14257,63,9,5954.45,3,Champions
14258,8,25,32051.34,3,Champions
14259,141,1,120.0,2,Lost Customers
14260,470,3,824.28,1,At Risk
14261,50,2,1163.45,0,Promising
14262,7,8,2618.23,3,Champions
14263,422,1,322.93,2,Lost Customers
14264,154,6,1517.3600000000001,1,At Risk
14265,108,4,1373.35,1,At Risk
14266,427,1,40.56,2,Lost Customers
14267,162,3,1516.24,1,At Risk
14268,470,1,354.85,2,Lost Customers
14269,438,1,295.73,2,Lost Customers
14270,331,1,492.65000000000003,2,Lost Customers
14271,225,2,219.13,2,Lost Customers
14272,73,4,920.81,1,At Risk
14273,50,4,559.97,0,Promising
14274,685,1,256.6,2,Lost Customers
14275,395,6,1189.3799999999999,1,At Risk
14276,98,7,2102.68,1,At Risk
14277,14,9,17225.81,3,Champions
14278,409,1,205.83,2,Lost Customers
14279,520,2,191.86,2,Lost Customers
14280,196,1,134.04,2,Lost Customers
14281,407,1,245.15,2,Lost Customers
14282,2,25,7278.66,3,Champions
14283,462,4,628.4399999999999,1,At Risk
14284,30,3,1299.65,0,Promising
14285,20,8,3284.42,3,Champions
14286,23,7,8479.76,3,Champions
14287,7,3,176.63,0,Promising
14288,212,1,426.6,2,Lost Customers
14289,8,6,911.26,0,Promising
14290,10,8,4516.56,3,Champions
14291,1,23,7904.1,3,Champions
14292,7,16,9226.25,3,Champions
14293,2,9,2903.01,3,Champions
14294,406,1,375.34,2,Lost Customers
14295,39,5,2362.91,1,At Risk
14296,420,2,456.40000000000003,2,Lost Customers
14297,17,4,1305.33,0,Promising
14298,7,82,91194.49,3,Champions
14299,7,27,14070.25,3,Champions
14300,18,1,43.2,0,Promising
14301,116,4,1992.18,1,At Risk
14302,430,3,742.9000000000001,1,At Risk
14303,406,2,277.94,2,Lost Customers
14304,222,3,1725.01,1,At Risk
14305,70,3,1858.96,1,At Risk
14306,50,6,3151.4,1,At Risk
14307,88,10,4287.92,1,At Risk
14308,548,2,1147.02,2,Lost Customers
14309,7,11,3780.81,3,Champions
14310,432,1,492.1,2,Lost Customers
14311,242,2,516.45,2,Lost Customers
14312,46,11,3090.29,3,Champions
14314,106,2,229.8,2,Lost Customers
14315,44,8,3197.82,1,At Risk
14316,421,5,1370.34,1,At Risk
14317,64,1,508.58000000000004,0,Promising
14318,459,1,158.02,2,Lost Customers
14319,423,1,494.85,2,Lost Customers
14320,206,5,1346.75,1,At Risk
14321,10,7,2218.06,3,Champions
14322,428,4,474.1,2,Lost Customers
14323,114,2,605.0600000000001,2,Lost Customers
14324,409,2,701.61,2,Lost Customers
14325,569,1,245.48000000000002,2,Lost Customers
14326,241,3,940.98,1,At Risk
14327,162,6,1894.93,1,At Risk
14328,437,1,445.05,2,Lost Customers
14329,16,15,9927.22,3,Champions
14330,623,1,200.63,2,Lost Customers
14331,123,2,462.65999999999997,2,Lost Customers
14332,22,5,1943.51,0,Promising
14333,67,1,415.2,2,Lost Customers
14334,16,12,4318.48,3,Champions
14335,15,2,468.26,0,Promising
14336,16,4,1614.91,0,Promising
14338,160,3,928.1,1,At Risk
14339,242,2,620.27,2,Lost Customers
14340,218,1,134.7,2,Lost Customers
14341,44,18,4467.32,3,Champions
14342,20,6,918.44,0,Promising
14343,420,4,1088.91,1,At Risk
14344,126,20,2993.05,3,Champions
14345,38,1,108.97999999999999,2,Lost Customers
14346,120,5,2315.75,1,At Risk
14347,736,1,82.6,2,Lost Customers
14348,259,1,409.57,2,Lost Customers
14349,9,1,133.5,0,Promising
14350,273,3,972.03,1,At Risk
14351,164,1,51.0,2,Lost Customers
14352,156,4,1078.96,1,At Risk
14353,214,3,376.5,2,Lost Customers
14354,5,2,163.62,0,Promising
14355,365,3,840.0500000000001,1,At Risk
14356,79,2,701.23,0,Promising
14357,42,1,225.77,0,Promising
14358,388,2,400.06,2,Lost Customers
14359,18,3,912.18,0,Promising
14360,31,4,2128.23,0,Promising
14361,578,1,214.70999999999998,2,Lost Customers
14362,21,1,161.2,0,Promising
14363,401,2,227.47000000000003,2,Lost Customers
14364,108,8,3717.35,1,At Risk
14365,394,2,634.68,2,Lost Customers
14366,524,1,136.0,2,Lost Customers
14367,7,16,9261.52,3,Champions
14368,319,1,155.0,2,Lost Customers
14369,641,2,469.13,2,Lost Customers
14370,450,6,1175.78,1,At Risk
14371,294,1,100.5,2,Lost Customers
14372,442,2,860.08,2,Lost Customers
14373,357,1,76.55,2,Lost Customers
14374,540,1,108.0,2,Lost Customers
14375,184,3,1132.99,1,At Risk
14376,682,1,215.46,2,Lost Customers
14377,190,2,617.05,2,Lost Customers
14378,621,1,131.25,2,Lost Customers
14379,43,4,1268.91,0,Promising
14380,681,1,48.96,2,Lost Customers
14381,51,2,631.34,0,Promising
14382,25,2,1246.8,0,Promising
14383,37,3,1247.69,0,Promising
14384,500,1,58.5,2,Lost Customers
14385,8,3,202.11,0,Promising
14386,296,1,142.4,2,Lost Customers
14387,32,3,1770.56,0,Promising
14388,9,16,6388.2,3,Champions
14389,64,5,1898.01,1,At Risk
14390,9,13,6176.13,3,Champions
14391,576,1,135.6,2,Lost Customers
14392,431,1,266.4,2,Lost Customers
14393,217,1,67.95,2,Lost Customers
14394,564,1,93.8,2,Lost Customers
14395,1,20,7899.33,3,Champions
14396,64,7,2011.58,1,At Risk
14397,2,19,2612.96,3,Champions
14398,400,2,707.79,2,Lost Customers
14399,393,8,2113.16,1,At Risk
14400,148,3,1732.47,1,At Risk
14401,3,22,6795.9,3,Champions
14402,651,1,285.6,2,Lost Customers
14403,129,6,1880.51,1,At Risk
14404,33,13,2765.63,3,Champions
14405,386,1,195.0,2,Lost Customers
14406,118,1,156.75,2,Lost Customers
14407,106,6,2157.73,1,At Risk
14408,10,11,4109.77,3,Champions
14409,70,9,3427.29,1,At Risk
14410,91,11,2651.14,1,At Risk
14411,310,1,1063.0,2,Lost Customers
14412,42,3,1426.19,0,Promising
14413,361,4,770.37,1,At Risk
14414,91,8,2399.33,1,At Risk
14415,0,23,12091.6,3,Champions
14416,21,2,490.22,0,Promising
14417,387,1,604.2,2,Lost Customers
14418,3,3,1937.25,0,Promising
14419,10,7,1260.91,0,Promising
14420,98,4,1639.17,1,At Risk
14421,56,6,2469.37,1,At Risk
14422,0,19,10271.52,3,Champions
14423,217,3,916.6099999999999,1,At Risk
14424,17,1,322.08,0,Promising
14425,434,3,661.39,2,Lost Customers
14426,23,17,11727.94,3,Champions
14427,49,4,1263.52,1,At Risk
14428,6,5,1244.83,0,Promising
14429,403,1,516.28,2,Lost Customers
14430,511,3,1220.9,1,At Risk
14431,302,4,2614.2,1,At Risk
14432,9,6,2255.51,0,Promising
14433,465,1,289.6,2,Lost Customers
14434,21,6,1372.8,0,Promising
14435,501,1,90.42,2,Lost Customers
14436,98,2,271.70000000000005,2,Lost Customers
14437,365,5,895.84,1,At Risk
14438,305,1,131.9,2,Lost Customers
14439,319,5,9443.04,1,At Risk
14440,7,13,5982.03,3,Champions
14441,0,11,4611.6900000000005,3,Champions
14442,204,7,5367.0199999999995,1,At Risk
14443,53,5,2082.97,1,At Risk
14444,455,1,132.04,2,Lost Customers
14445,455,1,221.65,2,Lost Customers
14446,0,5,1241.31,0,Promising
14447,18,6,1711.73,0,Promising
14448,8,2,375.35,0,Promising
14449,18,8,2272.56,3,Champions
14450,180,7,1128.44,1,At Risk
14451,59,12,3308.77,3,Champions
14452,10,4,665.59,0,Promising
14453,189,1,119.93,2,Lost Customers
14454,375,5,977.3,1,At Risk
14455,431,4,628.21,1,At Risk
14456,4,9,3062.4,3,Champions
14457,310,1,113.64,2,Lost Customers
14458,380,1,237.42,2,Lost Customers
14459,154,2,5375.741,1,At Risk
14460,109,9,1093.5,1,At Risk
14461,147,13,6713.5,1,At Risk
14462,65,12,2270.01,1,At Risk
14463,97,4,786.5699999999999,1,At Risk
14464,567,2,111.0,2,Lost Customers
14465,246,11,3946.03,1,At Risk
14466,28,13,4267.15,3,Champions
14467,17,12,2220.9900000000002,3,Champions
14468,733,1,204.24,2,Lost Customers
14469,415,4,2112.21,1,At Risk
14470,11,3,712.04,0,Promising
14471,590,2,400.95,2,Lost Customers
14472,103,9,2228.22,1,At Risk
14473,73,2,234.34000000000003,2,Lost Customers
14474,45,2,1278.08,0,Promising
14475,71,4,1151.15,1,At Risk
14476,256,1,215.7,2,Lost Customers
14477,19,7,1969.6,0,Promising
14478,381,4,1276.66,1,At Risk
14479,253,4,1124.71,1,At Risk
14480,10,4,1299.52,0,Promising
14481,164,5,2311.4900000000002,1,At Risk
14482,17,12,4357.91,3,Champions
14483,281,2,257.1,2,Lost Customers
14484,49,4,1070.98,0,Promising
14485,38,1,165.75,0,Promising
14486,511,2,175.5,2,Lost Customers
14487,26,7,1328.51,0,Promising
14488,67,1,1064.28,0,Promising
14489,206,4,1574.93,1,At Risk
14490,405,2,1273.47,1,At Risk
14491,174,2,340.93,2,Lost Customers
14492,429,7,1921.91,1,At Risk
14493,6,10,5130.15,3,Champions
14494,25,3,401.46,0,Promising
14495,50,3,174.8,0,Promising
14496,311,7,2363.89,1,At Risk
14497,308,2,697.0600000000001,2,Lost Customers
14498,42,10,3911.27,3,Champions
14499,25,7,2138.9700000000003,1,At Risk
14500,87,3,356.85,0,Promising
14501,183,2,251.21,2,Lost Customers
14502,19,11,2470.67,3,Champions
14503,2,6,3543.26,3,Champions
14504,46,4,673.26,0,Promising
14505,16,19,12001.84,3,Champions
14506,16,7,3020.9700000000003,3,Champions
14507,23,11,3284.43,3,Champions
14508,21,5,874.94,0,Promising
14509,533,1,110.95,2,Lost Customers
14510,375,3,1007.28,1,At Risk
14511,10,5,1314.81,0,Promising
14512,187,7,1223.47,1,At Risk
14513,100,6,788.01,1,At Risk
14514,60,9,4598.9800000000005,1,At Risk
14515,17,12,3749.2599999999998,3,Champions
14516,515,1,163.92,2,Lost Customers
14517,32,2,330.45,0,Promising
14518,63,1,174.37,2,Lost Customers
14519,683,2,206.09,2,Lost Customers
14520,1,2,270.6,0,Promising
14521,490,1,199.45000000000002,2,Lost Customers
14522,23,8,1758.6200000000001,3,Champions
14523,107,1,241.09,2,Lost Customers
14524,31,13,2933.71,3,Champions
14525,19,17,8240.64,3,Champions
14526,388,1,262.4,2,Lost Customers
14527,2,122,27274.97,3,Champions
14528,36,1,364.21999999999997,0,Promising
14529,59,3,620.04,0,Promising
14530,25,16,6197.4,3,Champions
14531,479,1,376.34,2,Lost Customers
14532,235,11,3859.1800000000003,1,At Risk
14533,24,11,3466.37,3,Champions
14534,2,26,6271.11,3,Champions
14535,59,9,6030.7300000000005,3,Champions
14536,259,1,171.8,2,Lost Customers
14537,57,2,641.4,0,Promising
14538,64,5,1370.8400000000001,1,At Risk
14539,15,2,537.48,0,Promising
14540,9,11,3795.34,3,Champions
14541,58,14,2499.68,3,Champions
14542,185,1,103.25,2,Lost Customers
14543,28,39,14906.77,3,Champions
14544,23,3,2982.43,0,Promising
14545,673,1,349.25,2,Lost Customers
14546,4,11,5197.9,3,Champions
14547,3,8,4007.54,3,Champions
14548,150,9,2627.49,1,At Risk
14549,310,4,916.5500000000001,1,At Risk
14550,10,4,1353.31,0,Promising
14551,17,7,880.04,0,Promising
14552,151,3,511.28000000000003,2,Lost Customers
14553,18,9,1841.54,3,Champions
14554,9,4,2381.04,0,Promising
14555,56,6,2315.63,1,At Risk
14556,595,3,835.34,1,At Risk
14557,84,1,788.38,2,Lost Customers
14558,653,3,655.5,2,Lost Customers
14559,389,1,75.6,2,Lost Customers
14560,6,44,6114.03,3,Champions
14561,75,3,1080.76,1,At Risk
14562,3,26,6729.400000000001,3,Champions
14563,509,2,679.44,2,Lost Customers
14564,434,2,2605.62,1,At Risk
14565,95,5,3859.2200000000003,1,At Risk
14566,110,4,4092.0,1,At Risk
14567,56,2,1530.3600000000001,0,Promising
14568,434,1,919.7,2,Lost Customers
14569,0,4,598.98,0,Promising
14570,280,3,613.75,2,Lost Customers
14571,424,1,161.65,2,Lost Customers
14572,2,11,5615.18,3,Champions
14573,179,13,2208.32,1,At Risk
14574,732,1,143.70000000000002,2,Lost Customers
14575,487,1,460.71,2,Lost Customers
14576,371,1,35.400000000000006,2,Lost Customers
14577,12,7,1374.25,0,Promising
14578,2,1,168.63,0,Promising
14579,431,1,105.56,2,Lost Customers
14580,517,1,14.850000000000001,2,Lost Customers
14581,16,2,433.8,0,Promising
14582,40,1,114.11,2,Lost Customers
14583,5,8,1781.03,3,Champions
14584,168,8,1747.91,1,At Risk
14585,49,5,1143.27,1,At Risk
14586,276,1,237.36,2,Lost Customers
14587,18,9,1601.14,3,Champions
14588,577,1,135.39,2,Lost Customers
14589,371,1,39.75,2,Lost Customers
14590,424,20,3006.62,1,At Risk
14591,14,4,1447.14,0,Promising
14592,34,3,570.46,0,Promising
14593,21,12,3712.0099999999998,3,Champions
14594,6,2,379.83,0,Promising
14595,19,8,2164.45,3,Champions
14596,626,1,229.47,2,Lost Customers
14597,10,6,2201.54,0,Promising
14598,43,2,384.04,0,Promising
14599,389,2,474.54,2,Lost Customers
14600,305,2,865.1700000000001,2,Lost Customers
14601,10,1,213.96,0,Promising
14602,655,1,205.35999999999999,2,Lost Customers
14603,274,1,660.0,2,Lost Customers
14604,632,1,143.85999999999999,2,Lost Customers
14605,373,4,937.16,1,At Risk
14606,0,192,30254.18,3,Champions
14607,15,22,24137.63,3,Champions
14608,3,11,3352.94,3,Champions
14609,71,10,1486.2,1,At Risk
14610,395,2,24.35,2,Lost Customers
14611,443,2,604.3299999999999,2,Lost Customers
14612,414,1,877.7,2,Lost Customers
14613,679,1,76.32000000000001,2,Lost Customers
14614,385,1,295.13,2,Lost Customers
14615,393,5,951.76,1,At Risk
14616,242,5,527.78,1,At Risk
14617,402,2,190.47000000000003,2,Lost Customers
14618,8,7,1342.32,0,Promising
14619,245,2,1291.24,1,At Risk
14620,205,2,412.78000000000003,2,Lost Customers
14621,0,9,3000.57,3,Champions
14622,184,1,320.58000000000004,2,Lost Customers
14623,31,10,2059.58,3,Champions
14624,56,6,814.07,1,At Risk
14625,195,11,4497.88,1,At Risk
14626,23,11,5410.92,3,Champions
14627,378,1,462.75,2,Lost Customers
14628,90,5,1998.0,1,At Risk
14629,3,2,959.01,0,Promising
14630,483,1,338.65,2,Lost Customers
14631,50,6,2025.69,1,At Risk
14632,262,1,114.56,2,Lost Customers
14633,265,1,344.90000000000003,2,Lost Customers
14634,437,4,2124.46,1,At Risk
14635,453,1,215.22,2,Lost Customers
14636,35,2,609.85,0,Promising
14637,676,1,106.67999999999999,2,Lost Customers
14638,50,1,443.6,0,Promising
14639,51,9,4978.96,3,Champions
14640,23,10,3667.06,3,Champions
14641,21,1,110.46,0,Promising
14642,58,1,96.12,2,Lost Customers
14643,169,5,1679.89,1,At Risk
14644,67,7,2247.72,1,At Risk
14645,156,3,876.89,1,At Risk
14646,1,151,528602.52,3,Champions
14647,200,2,519.97,2,Lost Customers
14648,415,15,4546.86,1,At Risk
14649,4,9,3775.31,3,Champions
14650,588,1,62.5,2,Lost Customers
14651,66,9,2034.1200000000001,1,At Risk
14652,76,1,114.18,2,Lost Customers
14653,0,12,3614.54,3,Champions
14654,737,1,246.86,2,Lost Customers
14655,7,7,3878.51,3,Champions
14656,168,5,814.65,1,At Risk
14657,17,6,1460.8700000000001,0,Promising
14658,4,2,247.15,0,Promising
14659,8,9,2529.93,3,Champions
14660,86,2,285.74,2,Lost Customers
14661,26,1,107.95,0,Promising
14662,28,7,1416.33,1,At Risk
14663,429,2,490.6,2,Lost Customers
14664,19,2,637.89,0,Promising
14665,60,7,2749.65,1,At Risk
14666,23,1,195.25,0,Promising
14667,10,54,20729.43,3,Champions
14668,444,1,111.63,2,Lost Customers
14669,241,7,3243.93,1,At Risk
14670,279,3,602.0,2,Lost Customers
14671,548,2,1127.45,2,Lost Customers
14672,234,4,1113.14,1,At Risk
14673,2,7,3037.32,3,Champions
14674,508,1,173.66,2,Lost Customers
14675,15,2,1066.9,0,Promising
14676,30,12,8356.79,3,Champions
14677,592,1,184.91,2,Lost Customers
14678,578,1,403.39,2,Lost Customers
14679,381,3,1289.44,1,At Risk
14680,24,58,55731.89,3,Champions
14681,70,6,875.1500000000001,1,At Risk
14682,187,6,1514.81,1,At Risk
14683,587,1,146.56,2,Lost Customers
14684,25,6,1468.55,0,Promising
14685,575,8,4619.79,1,At Risk
14686,413,5,885.83,1,At Risk
14687,106,3,1402.06,1,At Risk
14688,7,28,7268.59,3,Champions
14689,208,1,112.8,2,Lost Customers
14690,43,4,794.33,0,Promising
14691,30,5,2114.33,1,At Risk
14692,136,12,1745.09,1,At Risk
14693,264,7,1165.36,1,At Risk
14694,616,1,244.31,2,Lost Customers
14695,518,3,1620.07,1,At Risk
14696,3,8,2473.28,3,Champions
14697,217,2,188.60999999999999,2,Lost Customers
14698,1,5,1250.76,0,Promising
14699,213,4,702.6,1,At Risk
14700,31,5,3116.26,1,At Risk
14701,10,15,4562.09,3,Champions
14702,0,29,6435.52,3,Champions
14703,14,1,318.17,0,Promising
14704,10,11,1813.57,3,Champions
14705,198,1,179.0,2,Lost Customers
14706,618,1,390.69,2,Lost Customers
14707,435,2,139.2,2,Lost Customers
14708,2,5,1793.22,0,Promising
14709,14,25,8886.33,3,Champions
14710,13,13,1922.59,3,Champions
14711,9,11,2868.8,3,Champions
14712,28,4,1328.0700000000002,0,Promising
14713,8,21,5119.92,3,Champions
14714,23,4,906.24,0,Promising
14715,24,8,1840.45,3,Champions
14716,42,3,565.45,0,Promising
14717,732,1,81.3,2,Lost Customers
14718,409,1,226.42,2,Lost Customers
14719,1,5,1602.13,0,Promising
14720,5,3,663.81,0,Promising
14721,378,1,115.77,2,Lost Customers
14722,146,3,513.37,2,Lost Customers
14723,9,11,1842.1200000000001,3,Champions
14724,589,1,345.25,2,Lost Customers
14725,24,4,1315.24,0,Promising
14726,654,1,124.75,2,Lost Customers
14727,273,3,467.92999999999995,2,Lost Customers
14728,412,1,190.58,2,Lost Customers
14729,373,3,593.89,2,Lost Customers
14730,0,8,2005.06,3,Champions
14731,46,3,380.02,0,Promising
14732,7,19,5517.07,3,Champions
14733,15,15,14354.95,3,Champions
14734,425,4,1056.42,1,At Risk
14735,3,56,12240.16,3,Champions
14736,484,2,401.08,2,Lost Customers
14737,3,4,3554.17,0,Promising
14738,42,9,1821.9,1,At Risk
14739,3,25,11573.62,3,Champions
14740,196,11,4161.06,1,At Risk
14741,11,7,1713.09,0,Promising
14742,434,1,579.85,2,Lost Customers
14743,592,1,50.48,2,Lost Customers
14744,15,14,3660.08,3,Champions
14745,112,12,2571.81,1,At Risk
14746,405,4,593.5,1,At Risk
14747,248,1,328.2,2,Lost Customers
14748,28,10,2681.9,3,Champions
14749,479,1,310.15,2,Lost Customers
14750,735,1,112.03,2,Lost Customers
14751,683,2,126.45,2,Lost Customers
14752,43,1,389.64,0,Promising
14753,86,2,869.51,0,Promising
14754,44,6,1550.48,1,At Risk
14755,9,25,9972.550000000001,3,Champions
14756,14,3,2653.76,0,Promising
14757,74,1,420.5,2,Lost Customers
14758,144,7,2864.97,1,At Risk
14759,4,3,1625.97,0,Promising
14760,296,1,89.2,2,Lost Customers
14761,58,3,447.92,0,Promising
14762,263,2,417.57,2,Lost Customers
14764,46,1,278.3,0,Promising
14765,28,3,254.11,0,Promising
14766,7,11,6375.7300000000005,3,Champions
14767,473,1,382.81,2,Lost Customers
14768,16,2,192.60000000000002,0,Promising
14769,2,17,15771.88,3,Champions
14770,231,8,3637.64,1,At Risk
14771,620,2,594.62,2,Lost Customers
14772,111,1,139.26,2,Lost Customers
14773,592,1,140.55,2,Lost Customers
14774,528,1,241.45,2,Lost Customers
14775,57,3,1011.9,0,Promising
14776,50,15,3708.3,3,Champions
14777,403,1,307.56,2,Lost Customers
14778,126,2,730.86,2,Lost Customers
14779,280,3,386.15,2,Lost Customers
14780,54,2,447.68,0,Promising
14782,319,1,200.10000000000002,2,Lost Customers
14783,658,1,307.3,2,Lost Customers
14784,25,3,449.93,0,Promising
14785,9,2,77.4,0,Promising
14786,549,1,90.96,2,Lost Customers
14787,470,1,110.65,2,Lost Customers
14788,6,3,1156.32,0,Promising
14789,28,1,197.64,0,Promising
14790,16,10,2526.62,3,Champions
14791,606,1,303.63,2,Lost Customers
14792,63,1,6.2,2,Lost Customers
14793,20,2,625.9,0,Promising
14794,2,10,1953.9,3,Champions
14795,165,1,131.45000000000002,2,Lost Customers
14796,0,27,10218.43,3,Champions
14797,506,1,300.31,2,Lost Customers
14798,52,8,724.31,1,At Risk
14799,50,2,338.15,0,Promising
14800,47,17,7218.48,3,Champions
14801,60,1,193.14,2,Lost Customers
14802,437,2,1502.98,1,At Risk
14803,161,3,845.55,1,At Risk
14804,8,1,353.27,0,Promising
14805,14,7,1104.64,0,Promising
14806,74,2,303.43,2,Lost Customers
14807,390,2,519.29,2,Lost Customers
14808,39,8,2741.17,1,At Risk
14809,620,2,686.76,2,Lost Customers
14810,40,13,2356.58,3,Champions
14811,386,1,170.5,2,Lost Customers
14812,598,1,185.8,2,Lost Customers
14813,369,4,935.44,1,At Risk
14814,580,1,160.46,2,Lost Customers
14815,36,2,778.5,0,Promising
14816,196,1,271.85,2,Lost Customers
14817,199,7,3959.86,1,At Risk
14818,73,6,1170.41,1,At Risk
14819,63,4,470.16,0,Promising
14820,20,9,1274.76,0,Promising
14821,366,7,1237.65,1,At Risk
14822,484,1,157.70000000000002,2,Lost Customers
14823,179,3,321.43,2,Lost Customers
14824,9,10,4022.9100000000003,3,Champions
14825,3,24,4740.9800000000005,3,Champions
14826,581,2,385.2,2,Lost Customers
14828,196,13,9839.460000000001,1,At Risk
14829,28,7,1455.8700000000001,1,At Risk
14830,52,1,197.13,2,Lost Customers
14831,679,3,1676.57,1,At Risk
14832,629,1,322.69,2,Lost Customers
14833,498,1,94.8,2,Lost Customers
14834,17,7,2206.16,3,Champions
14835,528,2,297.0,2,Lost Customers
14836,9,3,102.44999999999999,0,Promising
14837,89,9,3460.32,1,At Risk
14838,422,2,773.6700000000001,2,Lost Customers
14839,417,3,915.28,1,At Risk
14840,267,2,362.71,2,Lost Customers
14841,52,14,7163.0,3,Champions
14842,43,4,2824.69,1,At Risk
14843,436,1,211.79999999999998,2,Lost Customers
14844,63,10,6702.43,3,Champions
14845,599,1,150.0,2,Lost Customers
14846,426,1,437.4,2,Lost Customers
14847,148,3,1348.95,1,At Risk
14848,404,1,310.56,2,Lost Customers
14849,21,43,15407.61,3,Champions
14850,311,7,1794.01,1,At Risk
14851,22,3,829.4100000000001,0,Promising
14852,57,18,6147.18,3,Champions
14853,23,5,1376.87,0,Promising
14854,77,11,4322.86,1,At Risk
14855,118,7,6520.3,1,At Risk
14856,35,3,1311.3799999999999,0,Promising
14857,59,7,3651.851,1,At Risk
14858,505,1,180.75,2,Lost Customers
14859,12,5,1705.64,0,Promising
14860,18,1,170.32,0,Promising
14861,51,10,1380.73,1,At Risk
14862,25,2,841.1999999999999,0,Promising
14863,28,1,266.76,0,Promising
14865,6,4,92.52000000000001,0,Promising
14866,10,19,20746.54,3,Champions
14867,185,16,2952.06,1,At Risk
14868,2,12,4184.01,3,Champions
14869,8,6,2804.24,3,Champions
14870,261,6,1838.95,1,At Risk
14871,2,9,1258.97,3,Champions
14872,483,3,816.6,1,At Risk
14873,209,2,854.13,2,Lost Customers
14874,534,1,116.18,2,Lost Customers
14875,107,3,2862.4,1,At Risk
14876,520,2,256.7,2,Lost Customers
14877,417,2,437.0,2,Lost Customers
14878,12,25,4105.24,3,Champions
14879,684,1,185.06,2,Lost Customers
14880,76,3,706.19,0,Promising
14881,19,1,255.4,0,Promising
14882,26,14,3628.15,3,Champions
14883,18,6,761.59,0,Promising
14884,668,1,120.6,2,Lost Customers
14885,131,3,1598.12,1,At Risk
14886,252,1,364.8,2,Lost Customers
14887,78,1,1862.0,0,Promising
14888,206,1,369.2,2,Lost Customers
14889,335,1,135.9,2,Lost Customers
14890,253,3,817.25,1,At Risk
14891,147,4,1106.73,1,At Risk
14892,690,1,202.35000000000002,2,Lost Customers
14893,9,3,1809.6100000000001,0,Promising
14894,84,3,1492.81,1,At Risk
14895,7,38,25119.54,3,Champions
14896,204,8,1835.2,1,At Risk
14897,7,8,3140.54,3,Champions
14898,22,14,3409.31,3,Champions
14899,394,1,1384.88,2,Lost Customers
14900,521,1,13.919999999999998,2,Lost Customers
14901,10,12,1927.25,3,Champions
14902,25,3,1035.6200000000001,0,Promising
14903,20,5,2810.63,0,Promising
14904,1,4,1640.64,0,Promising
14905,157,8,1971.39,1,At Risk
14906,444,1,68.44,2,Lost Customers
14907,2,16,5547.72,3,Champions
14908,73,2,381.9,0,Promising
14909,436,3,1404.68,1,At Risk
14910,2,4,434.35,0,Promising
14911,0,398,291561.05,3,Champions
14912,16,6,1889.25,0,Promising
14913,35,8,4073.13,3,Champions
14915,90,11,1811.25,1,At Risk
14916,70,8,3042.95,1,At Risk
14917,596,2,1123.75,2,Lost Customers
14918,115,9,5955.81,1,At Risk
14919,538,1,359.35,2,Lost Customers
14920,212,3,1607.17,1,At Risk
14921,29,2,1316.07,0,Promising
14922,393,2,843.74,2,Lost Customers
14923,50,1,749.1,0,Promising
14924,245,3,931.01,1,At Risk
14926,381,2,359.4,2,Lost Customers
14927,396,1,308.2,2,Lost Customers
14928,627,1,223.91000000000003,2,Lost Customers
14929,31,2,836.69,0,Promising
14930,108,6,5246.63,1,At Risk
14931,4,5,1257.68,0,Promising
14932,365,2,666.13,2,Lost Customers
14933,443,4,1770.0,1,At Risk
14934,81,5,3503.5,1,At Risk
14935,296,2,2849.83,1,At Risk
14936,33,12,12410.81,3,Champions
14937,56,3,1621.88,1,At Risk
14938,561,2,2322.43,1,At Risk
14940,417,2,531.49,2,Lost Customers
14941,578,1,182.1,2,Lost Customers
14942,401,4,746.56,1,At Risk
14943,662,1,107.62,2,Lost Customers
14944,29,19,9784.67,3,Champions
14945,413,1,179.4,2,Lost Customers
14946,13,1,100.9,0,Promising
14947,71,6,1049.79,1,At Risk
14948,22,6,1101.97,0,Promising
14949,468,4,515.0,2,Lost Customers
14950,18,1,371.2,0,Promising
14951,78,1,311.69,2,Lost Customers
14952,59,32,17629.35,3,Champions
14953,24,4,1013.77,0,Promising
14954,11,2,503.44,0,Promising
14955,732,1,163.77,2,Lost Customers
14956,420,1,1325.0,2,Lost Customers
14957,252,2,333.29,2,Lost Customers
14958,146,6,957.9399999999999,1,At Risk
14959,63,4,695.42,0,Promising
14960,7,2,221.27,0,Promising
14961,10,22,16410.15,3,Champions
14962,270,4,366.91,2,Lost Customers
14963,9,12,3164.48,3,Champions
14964,246,1,206.21,2,Lost Customers
14965,95,2,599.0,2,Lost Customers
14966,14,6,1115.8400000000001,0,Promising
14967,49,6,1982.6100000000001,1,At Risk
14968,29,2,504.99,0,Promising
14969,703,1,906.23,2,Lost Customers
14970,67,12,4919.35,3,Champions
14971,34,3,1116.57,0,Promising
14972,127,2,145.07,2,Lost Customers
14973,106,3,1314.45,1,At Risk
14974,36,1,114.39,2,Lost Customers
14975,56,2,472.39,0,Promising
14976,56,7,790.86,1,At Risk
14977,725,1,31.929999999999996,2,Lost Customers
14978,71,10,3142.14,1,At Risk
14979,734,1,439.46,2,Lost Customers
14980,736,1,150.68,2,Lost Customers
14981,245,2,372.92,2,Lost Customers
14982,571,1,237.78,2,Lost Customers
14983,688,1,183.20000000000002,2,Lost Customers
14984,18,6,1271.41,0,Promising
14985,197,2,296.75,2,Lost Customers
14986,375,2,566.9,2,Lost Customers
14987,15,8,1550.6499999999999,3,Champions
14988,211,7,2066.6,1,At Risk
14989,661,1,342.4,2,Lost Customers
14990,611,2,305.42,2,Lost Customers
14991,429,1,314.67,2,Lost Customers
14992,441,1,210.5,2,Lost Customers
14993,563,1,36.13,2,Lost Customers
14994,381,5,960.63,1,At Risk
14995,38,2,233.23000000000002,0,Promising
14996,480,2,442.28999999999996,2,Lost Customers
14997,45,4,776.5999999999999,0,Promising
14998,169,4,770.73,1,At Risk
14999,592,1,129.48000000000002,2,Lost Customers
15000,47,1,490.52,0,Promising
15001,393,2,230.85999999999999,2,Lost Customers
15002,115,9,4185.63,1,At Risk
15003,472,6,1060.7,1,At Risk
15004,146,1,1246.32,2,Lost Customers
15005,15,56,13883.7,3,Champions
15006,50,2,825.14,0,Promising
15007,158,1,156.91,2,Lost Customers
15008,479,2,360.0,2,Lost Customers
15009,11,3,1261.78,0,Promising
15010,35,1,308.94,0,Promising
15011,395,2,416.6,2,Lost Customers
15012,53,3,669.56,0,Promising
15013,487,10,1641.3,1,At Risk
15014,42,2,260.17,0,Promising
15015,500,13,2365.02,1,At Risk
15016,172,5,630.3,1,At Risk
15017,33,1,125.58,0,Promising
15018,38,3,496.21000000000004,0,Promising
15019,266,1,266.0,2,Lost Customers
15020,378,1,203.42,2,Lost Customers
15021,8,12,2578.19,3,Champions
15022,11,5,1186.09,0,Promising
15023,2,20,11710.08,3,Champions
15024,9,16,3584.29,3,Champions
15025,32,2,1013.09,0,Promising
15026,79,5,1061.61,1,At Risk
15027,30,10,3195.6,3,Champions
15028,7,6,971.74,0,Promising
15029,619,1,365.1,2,Lost Customers
15030,71,8,1979.91,1,At Risk
15031,3,14,3156.58,3,Champions
15032,255,8,11010.05,1,At Risk
15033,4,10,2586.67,3,Champions
15034,15,14,8313.4,3,Champions
15035,89,1,252.73000000000002,2,Lost Customers
15036,71,3,465.55,0,Promising
15037,375,2,402.51,2,Lost Customers
15038,58,9,1183.43,1,At Risk
15039,9,93,39419.92,3,Champions
15040,541,1,7.49,2,Lost Customers
15041,169,2,294.02,2,Lost Customers
15042,198,2,315.45,2,Lost Customers
15043,30,6,2873.7999999999997,1,At Risk
15044,18,35,16204.33,3,Champions
15045,151,2,735.66,2,Lost Customers
15046,8,25,7812.389999999999,3,Champions
15047,269,1,343.62,2,Lost Customers
15048,64,4,384.05,0,Promising
15049,273,1,121.17000000000002,2,Lost Customers
15050,24,5,4193.79,1,At Risk
15051,22,9,3935.16,3,Champions
15052,318,1,215.78,2,Lost Customers
15053,4,3,697.79,0,Promising
15054,11,2,302.1,0,Promising
15055,474,3,560.07,2,Lost Customers
15056,519,1,133.45,2,Lost Customers
15057,274,5,3255.96,1,At Risk
15058,24,16,3410.03,3,Champions
15059,40,19,3523.57,3,Champions
15060,7,4,303.09,0,Promising
15061,3,127,126389.02,3,Champions
15062,70,8,2585.62,1,At Risk
15063,212,1,370.79999999999995,2,Lost Customers
15064,409,4,1254.41,1,At Risk
15065,37,5,3326.86,1,At Risk
15066,52,1,893.59,0,Promising
15067,77,5,3877.88,1,At Risk
15068,45,4,1176.85,0,Promising
15069,178,1,1109.53,2,Lost Customers
15070,372,3,737.0500000000001,1,At Risk
15071,93,4,1455.56,1,At Risk
15072,478,1,187.51999999999998,2,Lost Customers
15073,9,8,2788.02,3,Champions
15074,104,3,1566.33,1,At Risk
15075,77,1,773.03,0,Promising
15076,172,3,1447.74,1,At Risk
15077,494,2,2428.08,1,At Risk
15078,6,53,17286.73,3,Champions
15079,212,11,3625.4,1,At Risk
15080,427,2,546.25,2,Lost Customers
15081,21,12,1854.57,3,Champions
15082,668,1,93.35000000000001,2,Lost Customers
15083,256,1,88.2,2,Lost Customers
15084,379,2,965.2,2,Lost Customers
15085,729,1,347.54,2,Lost Customers
15086,564,2,218.53,2,Lost Customers
15087,281,1,306.94,2,Lost Customers
15088,20,2,1160.07,0,Promising
15089,9,6,2420.84,3,Champions
15090,307,1,381.32,2,Lost Customers
15091,67,3,1046.6100000000001,1,At Risk
15092,214,3,776.46,1,At Risk
15093,17,23,13702.38,3,Champions
15094,462,2,83.0,2,Lost Customers
15095,103,10,3141.64,1,At Risk
15096,42,1,219.39000000000001,0,Promising
15097,3,3,908.35,0,Promising
15098,181,3,39916.5,1,At Risk
15099,83,1,410.48,2,Lost Customers
15100,333,7,2193.8999999999996,1,At Risk
15101,8,6,1477.94,0,Promising
15102,530,2,554.67,2,Lost Customers
15103,30,2,703.36,0,Promising
15104,196,2,1027.44,1,At Risk
15105,17,9,3094.91,3,Champions
15106,17,5,1422.52,0,Promising
15107,310,9,824.35,1,At Risk
15108,141,4,1300.25,1,At Risk
15109,245,3,983.1,1,At Risk
15110,23,6,1505.8500000000001,0,Promising
15111,28,5,2442.37,1,At Risk
15112,610,1,209.4,2,Lost Customers
15113,9,3,3609.33,0,Promising
15114,29,12,3400.12,3,Champions
15115,17,2,531.85,0,Promising
15116,17,4,1352.75,0,Promising
15117,14,8,2485.9700000000003,3,Champions
15118,133,1,244.8,2,Lost Customers
15119,245,1,266.4,2,Lost Customers
15120,133,1,358.82,2,Lost Customers
15121,49,2,457.72,0,Promising
15122,113,11,4497.47,1,At Risk
15123,6,5,4656.17,3,Champions
15124,22,4,450.82,0,Promising
15125,24,24,17024.87,3,Champions
15126,536,2,449.49,2,Lost Customers
15127,65,2,711.5,0,Promising
15128,59,5,1783.68,1,At Risk
15129,49,23,6860.18,3,Champions
15130,169,1,330.11,2,Lost Customers
15131,394,1,80.28,2,Lost Customers
15132,17,5,977.9300000000001,0,Promising
15133,127,5,1806.9,1,At Risk
15134,14,10,1596.29,3,Champions
15135,238,2,305.68,2,Lost Customers
15136,2,4,1286.7,0,Promising
15137,520,2,823.4,2,Lost Customers
15138,393,1,502.52,2,Lost Customers
15139,239,2,178.96,2,Lost Customers
15140,51,8,3243.69,1,At Risk
15141,457,7,1388.47,1,At Risk
15142,45,6,2619.92,1,At Risk
15143,225,2,563.63,2,Lost Customers
15144,7,29,12160.31,3,Champions
15145,3,4,1194.73,0,Promising
15146,164,2,1327.16,1,At Risk
15147,239,1,623.5,2,Lost Customers
15148,10,1,301.29,0,Promising
15149,133,5,1554.6100000000001,1,At Risk
15150,16,13,9001.08,3,Champions
15151,422,2,2085.61,1,At Risk
15152,9,14,5263.83,3,Champions
15153,30,1,329.25,0,Promising
15154,74,3,1388.41,1,At Risk
15155,382,1,383.96999999999997,2,Lost Customers
15156,0,3,961.49,0,Promising
15157,3,5,2654.11,0,Promising
15158,44,2,606.02,0,Promising
15159,1,34,22116.73,3,Champions
15160,356,4,589.27,1,At Risk
15161,387,1,119.92,2,Lost Customers
15162,730,1,312.9,2,Lost Customers
15163,17,2,304.47,0,Promising
15164,68,9,2068.92,1,At Risk
15165,372,1,487.75,2,Lost Customers
15166,467,1,167.16,2,Lost Customers
15167,320,5,1659.67,1,At Risk
15168,25,1,106.56,0,Promising
15169,381,2,569.22,2,Lost Customers
15170,406,1,81.15,2,Lost Customers
15171,330,1,1289.5,2,Lost Customers
15172,8,5,1624.05,0,Promising
15173,380,7,1494.6,1,At Risk
15174,322,2,481.46,2,Lost Customers
15175,71,1,224.14,2,Lost Customers
15176,667,1,988.04,2,Lost Customers
15177,425,1,948.93,2,Lost Customers
15178,259,1,40.5,2,Lost Customers
15179,17,13,7491.92,3,Champions
15180,366,3,816.9300000000001,1,At Risk
15181,65,5,1200.2,1,At Risk
15182,153,11,2998.952,1,At Risk
15183,547,3,639.93,2,Lost Customers
15184,28,4,689.95,0,Promising
15185,69,1,310.62,2,Lost Customers
15186,13,5,1403.2,0,Promising
15187,1,16,4777.18,3,Champions
15188,724,1,310.43,2,Lost Customers
15189,0,46,17524.38,3,Champions
15190,433,1,834.4399999999999,2,Lost Customers
15191,462,3,588.05,2,Lost Customers
15192,119,5,1666.39,1,At Risk
15193,60,1,499.32,0,Promising
15194,2,28,12021.53,3,Champions
15195,2,1,3861.0,0,Promising
15196,432,2,316.25,2,Lost Customers
15197,10,6,1877.51,0,Promising
15198,91,5,571.35,1,At Risk
15199,58,10,3122.4,1,At Risk
15200,494,1,549.05,2,Lost Customers
15201,86,7,1842.95,1,At Risk
15202,419,3,6001.49,1,At Risk
15203,25,15,4400.18,3,Champions
15204,356,1,316.58,2,Lost Customers
15205,84,2,653.24,0,Promising
15206,9,4,420.29999999999995,0,Promising
15207,415,3,683.9200000000001,2,Lost Customers
15208,0,6,970.52,0,Promising
15209,729,1,178.98000000000002,2,Lost Customers
15210,224,3,1176.19,1,At Risk
15211,59,2,894.4100000000001,0,Promising
15212,240,2,208.28,2,Lost Customers
15213,318,2,328.35,2,Lost Customers
15214,1,8,1661.44,3,Champions
15215,46,7,2422.43,1,At Risk
15216,87,2,486.09,2,Lost Customers
15217,562,1,426.24,2,Lost Customers
15218,10,22,11516.57,3,Champions
15219,175,2,685.45,2,Lost Customers
15220,51,6,1778.96,1,At Risk
15221,365,4,2062.2000000000003,1,At Risk
15222,318,11,3550.91,1,At Risk
15223,225,5,1417.95,1,At Risk
15224,357,5,871.36,1,At Risk
15225,233,1,409.40000000000003,2,Lost Customers
15226,310,1,154.41,2,Lost Customers
15227,36,9,2488.4900000000002,3,Champions
15228,65,6,5580.2699999999995,1,At Risk
15229,585,1,160.5,2,Lost Customers
15230,238,2,429.6,2,Lost Customers
15231,620,1,250.26,2,Lost Customers
15232,112,2,612.06,2,Lost Customers
15233,400,1,59.400000000000006,2,Lost Customers
15234,276,1,197.0,2,Lost Customers
15235,217,16,2772.76,1,At Risk
15236,298,1,321.05,2,Lost Customers
15237,1,4,1412.32,0,Promising
15238,28,3,1071.99,0,Promising
15239,9,2,780.59,0,Promising
15240,44,12,4459.98,3,Champions
15241,66,11,3050.16,1,At Risk
15242,421,1,302.04,2,Lost Customers
15243,73,2,927.2800000000001,0,Promising
15244,64,3,912.08,0,Promising
15245,133,8,4610.84,1,At Risk
15246,237,3,780.4,1,At Risk
15247,121,3,976.06,1,At Risk
15248,410,3,1893.93,1,At Risk
15249,31,18,9266.0,3,Champions
15250,640,1,60.0,2,Lost Customers
15251,8,21,20324.54,3,Champions
15252,35,5,2103.41,1,At Risk
15253,15,8,2055.09,3,Champions
15254,126,3,1088.35,1,At Risk
15255,66,9,3729.42,1,At Risk
15256,148,2,170.4,2,Lost Customers
15257,282,2,685.9,2,Lost Customers
15258,168,2,623.16,2,Lost Customers
15259,512,4,1182.3799999999999,1,At Risk
15260,99,25,8767.73,3,Champions
15261,134,4,1508.0,1,At Risk
15262,323,3,418.82,2,Lost Customers
15263,106,1,156.51,2,Lost Customers
15264,63,2,848.4,0,Promising
15265,150,4,3345.64,1,At Risk
15266,337,5,852.21,1,At Risk
15267,21,5,1717.36,0,Promising
15268,478,3,961.9000000000001,1,At Risk
15269,23,3,1225.3600000000001,0,Promising
15270,15,21,8524.86,3,Champions
15271,6,24,4597.79,3,Champions
15272,56,6,2085.48,1,At Risk
15273,599,1,228.96,2,Lost Customers
15274,3,2,716.57,0,Promising
15275,37,1,615.14,0,Promising
15276,65,4,649.53,0,Promising
15277,46,2,476.34,0,Promising
15278,561,4,496.15999999999997,2,Lost Customers
15279,354,5,1580.54,1,At Risk
15280,171,3,406.21999999999997,2,Lost Customers
15281,58,16,8543.57,3,Champions
15282,569,1,348.59,2,Lost Customers
15283,389,3,148.33,2,Lost Customers
15284,499,1,24.75,2,Lost Customers
15285,407,1,94.92,2,Lost Customers
15286,49,1,240.55,2,Lost Customers
15287,21,5,856.03,0,Promising
15288,42,10,3717.48,3,Champions
15289,28,5,1593.09,0,Promising
15290,4,26,10496.28,3,Champions
15291,25,40,13517.76,3,Champions
15292,200,1,180.94,2,Lost Customers
15293,665,1,247.5,2,Lost Customers
15294,410,1,233.35,2,Lost Customers
15295,653,1,217.23999999999998,2,Lost Customers
15296,50,12,10342.83,3,Champions
15297,9,3,641.94,0,Promising
15298,1,23,9061.77,3,Champions
15299,66,10,6156.53,3,Champions
15300,63,1,496.44,0,Promising
15301,50,17,6930.07,3,Champions
15302,729,1,308.0,2,Lost Customers
15303,289,3,1224.18,1,At Risk
15304,60,9,796.4000000000001,1,At Risk
15305,554,1,93.6,2,Lost Customers
15306,63,9,3484.73,1,At Risk
15307,95,1,205.3,2,Lost Customers
15308,273,1,310.47,2,Lost Customers
15309,610,4,797.96,1,At Risk
15310,478,1,1634.64,2,Lost Customers
15311,0,208,115147.09,3,Champions
15312,74,12,2930.19,1,At Risk
15313,109,1,52.0,2,Lost Customers
15314,198,3,820.4499999999999,1,At Risk
15315,63,2,570.5,0,Promising
15316,326,1,165.0,2,Lost Customers
15317,676,1,129.75,2,Lost Customers
15318,3,1,312.62,0,Promising
15319,283,1,204.5,2,Lost Customers
15320,43,1,267.13,0,Promising
15321,70,12,6709.7300000000005,3,Champions
15322,85,2,1390.86,1,At Risk
15323,562,3,434.6,2,Lost Customers
15324,700,1,140.22000000000003,2,Lost Customers
15325,103,8,1602.01,1,At Risk
15326,333,5,1700.52,1,At Risk
15327,52,1,208.75,2,Lost Customers
15328,407,1,107.24,2,Lost Customers
15329,38,11,2984.33,3,Champions
15330,31,2,714.96,0,Promising
15331,499,3,767.91,1,At Risk
15332,365,6,4892.68,1,At Risk
15333,207,1,1028.56,2,Lost Customers
15334,156,3,351.67,2,Lost Customers
15335,53,1,173.97,2,Lost Customers
15336,401,1,240.5,2,Lost Customers
15337,410,1,373.02,2,Lost Customers
15338,676,1,283.43,2,Lost Customers
15339,65,7,1827.84,1,At Risk
15340,561,1,105.5,2,Lost Customers
15341,80,2,2402.7200000000003,1,At Risk
15342,129,1,406.09,2,Lost Customers
15343,86,1,364.5,2,Lost Customers
15344,0,3,563.94,0,Promising
15345,45,1,393.54,0,Promising
15346,332,3,596.12,2,Lost Customers
15347,365,4,1162.0,1,At Risk
15348,71,1,158.04,2,Lost Customers
15349,157,2,473.81,2,Lost Customers
15350,372,2,547.6,2,Lost Customers
15351,11,10,3463.62,3,Champions
15352,548,1,114.95,2,Lost Customers
15353,254,7,2864.3,1,At Risk
15354,602,3,284.4,2,Lost Customers
15355,28,2,277.05,0,Promising
15356,30,13,3314.73,3,Champions
15358,4,42,16425.86,3,Champions
15359,662,8,181.35,2,Lost Customers
15360,39,1,427.93,0,Promising
15361,361,4,689.07,1,At Risk
15362,448,2,613.08,2,Lost Customers
15363,372,2,678.11,2,Lost Customers
15364,95,2,913.19,1,At Risk
15365,25,13,4557.13,3,Champions
15366,74,7,2389.08,1,At Risk
15367,56,11,5081.33,3,Champions
15368,20,2,722.74,0,Promising
15369,491,11,6251.26,1,At Risk
15370,40,8,3739.01,3,Champions
15371,661,1,59.400000000000006,2,Lost Customers
15372,136,8,6017.06,1,At Risk
15373,7,17,3087.09,3,Champions
15374,128,2,307.32,2,Lost Customers
15375,689,1,60.959999999999994,2,Lost Customers
15376,39,3,1233.3600000000001,0,Promising
15377,382,4,1211.75,1,At Risk
15378,462,2,246.5,2,Lost Customers
15379,168,8,4877.84,1,At Risk
15380,8,11,3248.96,3,Champions
15381,213,5,1890.5700000000002,1,At Risk
15382,14,12,13733.550000000001,3,Champions
15384,169,4,2027.79,1,At Risk
15385,39,3,942.08,0,Promising
15386,185,1,394.14,2,Lost Customers
15387,491,1,468.65,2,Lost Customers
15388,269,1,140.54,2,Lost Customers
15389,171,5,2733.8,1,At Risk
15390,395,2,1216.66,1,At Risk
15391,583,1,289.87,2,Lost Customers
15392,4,7,2911.62,3,Champions
15393,15,5,891.34,0,Promising
15394,9,11,5286.8,3,Champions
15395,325,1,107.45,2,Lost Customers
15396,112,2,796.38,1,At Risk
15397,289,1,94.0,2,Lost Customers
15398,15,2,1345.53,0,Promising
15399,0,3,815.77,0,Promising
15400,91,8,1302.3,1,At Risk
15401,451,2,216.95000000000002,2,Lost Customers
15402,148,6,1830.54,1,At Risk
15403,491,2,170.88,2,Lost Customers
15404,375,1,257.06,2,Lost Customers
15405,188,2,659.84,2,Lost Customers
15406,30,4,975.87,0,Promising
15407,33,4,1056.44,0,Promising
15408,263,1,267.18,2,Lost Customers
15409,720,1,131.25,2,Lost Customers
15410,83,10,4685.72,1,At Risk
15411,25,4,1358.88,0,Promising
15412,170,1,190.53,2,Lost Customers
15413,691,5,6798.72,1,At Risk
15414,9,3,774.9000000000001,0,Promising
15415,312,1,572.8100000000001,2,Lost Customers
15416,64,7,4572.82,1,At Risk
15417,84,1,508.8,2,Lost Customers
15418,424,2,452.32,2,Lost Customers
15419,24,1,135.86,0,Promising
15420,433,6,743.0,1,At Risk
15421,58,10,3805.34,3,Champions
15422,322,7,1619.97,1,At Risk
15423,37,3,266.89,0,Promising
15424,253,3,597.78,2,Lost Customers
15425,399,4,1944.57,1,At Risk
15426,18,9,2203.97,3,Champions
15427,32,3,1483.14,0,Promising
15428,14,4,762.75,0,Promising
15429,26,2,397.35,0,Promising
15430,467,2,954.75,2,Lost Customers
15431,502,1,153.24,2,Lost Customers
15432,22,2,320.76,0,Promising
15433,213,2,533.3,2,Lost Customers
15434,7,11,2567.06,3,Champions
15435,21,1,149.29,0,Promising
15436,11,3,1122.53,0,Promising
15437,261,2,393.45,2,Lost Customers
15438,130,1,156.57999999999998,2,Lost Customers
15439,404,4,1269.05,1,At Risk
15440,54,3,383.68,0,Promising
15441,395,3,1254.21,1,At Risk
15442,248,1,594.0,2,Lost Customers
15443,1,14,5175.93,3,Champions
15444,8,2,1418.26,0,Promising
15445,263,2,284.5,2,Lost Customers
15446,376,3,406.95,2,Lost Customers
15447,330,5,492.88,1,At Risk
15448,312,2,788.81,2,Lost Customers
15449,25,3,974.52,0,Promising
15450,29,1,429.84,0,Promising
15451,433,2,233.21,2,Lost Customers
15452,29,6,1799.1100000000001,1,At Risk
15453,1,7,1388.37,0,Promising
15454,361,2,307.69,2,Lost Customers
15455,597,1,38.25,2,Lost Customers
15456,282,10,2119.27,1,At Risk
15457,261,1,237.07,2,Lost Customers
15458,24,2,370.43999999999994,0,Promising
15459,416,2,202.82999999999998,2,Lost Customers
15460,353,1,216.76,2,Lost Customers
15461,460,2,429.7,2,Lost Customers
15462,93,4,737.05,1,At Risk
15463,28,1,126.14,0,Promising
15464,337,1,1048.85,2,Lost Customers
15465,19,32,12119.9,3,Champions
15466,84,4,1571.01,1,At Risk
15467,8,3,524.88,0,Promising
15468,50,3,1430.48,0,Promising
15469,49,3,874.25,0,Promising
15470,575,1,63.419999999999995,2,Lost Customers
15471,1,3,1316.56,0,Promising
15472,112,1,371.56,2,Lost Customers
15473,13,8,2046.0,3,Champions
15474,595,1,163.1,2,Lost Customers
15475,76,1,454.10999999999996,2,Lost Customers
15476,379,4,2209.98,1,At Risk
15477,649,1,368.4,2,Lost Customers
15478,39,3,2024.98,0,Promising
15479,732,1,147.4,2,Lost Customers
15480,115,5,6279.0,1,At Risk
15481,400,1,1993.34,1,At Risk
15482,15,19,14592.56,3,Champions
15483,160,10,862.2,1,At Risk
15484,0,6,4656.0,3,Champions
15485,29,7,4821.42,3,Champions
15486,526,1,102.0,2,Lost Customers
15487,679,1,231.32,2,Lost Customers
15488,92,5,431.92,1,At Risk
15489,22,8,2419.61,3,Champions
15490,429,1,217.6,2,Lost Customers
15491,94,6,3100.09,1,At Risk
15492,27,2,659.4599999999999,0,Promising
15493,32,9,4314.9800000000005,3,Champions
15494,20,5,3780.05,3,Champions
15495,378,1,246.5,2,Lost Customers
15496,630,1,146.14000000000001,2,Lost Customers
15497,17,9,8657.39,3,Champions
15498,2,44,25062.86,3,Champions
15499,723,1,161.6,2,Lost Customers
15500,7,4,1131.56,0,Promising
15501,404,2,402.5,2,Lost Customers
15502,15,14,13064.07,3,Champions
15503,362,2,267.15,2,Lost Customers
15504,80,4,423.85,0,Promising
15505,52,5,3610.96,1,At Risk
15506,22,6,2040.03,0,Promising
15507,171,1,492.36,2,Lost Customers
15508,188,6,1000.27,1,At Risk
15509,379,1,166.51,2,Lost Customers
15510,330,1,250.0,2,Lost Customers
15511,11,5,909.23,0,Promising
15512,155,4,331.58,2,Lost Customers
15513,32,35,26437.05,3,Champions
15514,11,18,6598.55,3,Champions
15515,386,1,171.81,2,Lost Customers
15516,44,3,62.43,2,Lost Customers
15517,232,1,267.03,2,Lost Customers
15518,63,15,4218.94,3,Champions
15519,382,2,344.61,2,Lost Customers
15520,1,1,343.5,0,Promising
15521,39,16,7106.69,3,Champions
15522,32,2,398.84,0,Promising
15523,83,16,17359.99,3,Champions
15524,24,2,591.4,0,Promising
15525,1,4,981.77,0,Promising
15526,32,2,148.44,0,Promising
15527,18,23,5575.64,3,Champions
15528,253,1,229.33,2,Lost Customers
15529,22,12,4816.29,3,Champions
15530,21,5,1813.72,0,Promising
15531,7,2,2007.44,0,Promising
15532,24,10,3771.9,3,Champions
15533,18,3,807.57,0,Promising
15534,725,1,162.25,2,Lost Customers
15535,172,6,1087.82,1,At Risk
15536,408,1,259.09,2,Lost Customers
15537,162,1,110.92,2,Lost Customers
15538,537,6,3358.3999999999996,1,At Risk
15539,6,1,538.46,0,Promising
15540,10,2,460.68,0,Promising
15541,113,1,85.13000000000001,2,Lost Customers
15542,511,3,918.45,1,At Risk
15543,287,2,242.84,2,Lost Customers
15544,8,20,7807.89,3,Champions
15545,53,2,292.71999999999997,0,Promising
15546,606,2,1079.1000000000001,2,Lost Customers
15547,6,26,10154.39,3,Champions
15548,595,1,158.09,2,Lost Customers
15549,76,8,2345.96,1,At Risk
15550,3,12,2218.8,3,Champions
15551,36,7,1710.08,1,At Risk
15552,216,2,252.52,2,Lost Customers
15553,59,1,437.23,0,Promising
15554,277,1,217.2,2,Lost Customers
15555,11,36,11293.57,3,Champions
15556,23,1,279.77,0,Promising
15557,28,1,473.65000000000003,0,Promising
15558,638,1,214.13,2,Lost Customers
15559,567,1,1109.4,2,Lost Customers
15560,397,2,153.52,2,Lost Customers
15561,11,8,1934.3899999999999,3,Champions
15562,351,3,673.3800000000001,2,Lost Customers
15563,21,7,2867.0,3,Champions
15564,462,2,70.74000000000001,2,Lost Customers
15565,49,2,173.16,0,Promising
15566,392,2,227.87,2,Lost Customers
15567,18,1,186.01,0,Promising
15568,2,3,758.29,0,Promising
15569,103,10,3586.35,1,At Risk
15570,6,25,8793.39,3,Champions
15571,11,14,4051.63,3,Champions
15572,4,10,4068.67,3,Champions
15573,31,5,1207.18,0,Promising
15574,177,6,1143.05,1,At Risk
15575,619,1,30.1,2,Lost Customers
15576,37,1,940.6700000000001,0,Promising
15577,150,5,397.98,1,At Risk
15578,161,1,127.1,2,Lost Customers
15579,68,5,1302.5,1,At Risk
15580,376,8,1381.19,1,At Risk
15581,120,38,7522.25,3,Champions
15582,24,3,682.9100000000001,0,Promising
15583,375,1,107.86,2,Lost Customers
15584,23,6,1277.5,0,Promising
15585,176,1,455.3,2,Lost Customers
15586,592,3,1139.1,1,At Risk
15587,49,7,1522.0800000000002,1,At Risk
15588,677,1,579.6,2,Lost Customers
15589,255,3,478.53000000000003,2,Lost Customers
15590,381,5,1496.6,1,At Risk
15591,582,3,217.9,2,Lost Customers
15592,46,1,388.58,0,Promising
15593,70,1,199.8,2,Lost Customers
15594,15,5,1771.78,0,Promising
15595,487,1,357.6,2,Lost Customers
15596,100,9,2727.72,1,At Risk
15597,34,2,563.37,0,Promising
15598,52,2,548.02,0,Promising
15599,26,3,1250.06,0,Promising
15600,427,4,1199.31,1,At Risk
15601,10,30,14191.74,3,Champions
15602,7,16,3137.96,3,Champions
15603,78,2,88.48,2,Lost Customers
15604,51,1,216.39,2,Lost Customers
15605,35,9,1741.95,1,At Risk
15606,60,17,5230.99,3,Champions
15607,336,9,1708.97,1,At Risk
15608,27,5,1785.98,0,Promising
15609,183,1,298.48,2,Lost Customers
15610,51,1,112.46000000000001,2,Lost Customers
15611,9,26,2997.28,3,Champions
15612,35,2,195.15,0,Promising
15613,609,1,433.71999999999997,2,Lost Customers
15614,437,4,3147.36,1,At Risk
15615,9,47,21373.97,3,Champions
15616,437,1,317.11,2,Lost Customers
15617,395,3,828.5500000000001,1,At Risk
15618,32,4,776.851,0,Promising
15619,10,1,336.40000000000003,0,Promising
15620,56,4,1942.36,1,At Risk
15621,3,4,1293.03,0,Promising
15622,42,17,7852.61,3,Champions
15623,140,8,2437.05,1,At Risk
15624,116,4,588.13,1,At Risk
15625,103,9,3236.4,1,At Risk
15626,74,3,1067.52,1,At Risk
15627,456,2,566.9,2,Lost Customers
15628,4,17,5333.08,3,Champions
15629,449,4,2240.9,1,At Risk
15630,44,3,1481.4,0,Promising
15631,641,1,596.67,2,Lost Customers
15632,15,8,3285.31,3,Champions
15633,508,13,4352.46,1,At Risk
15634,16,2,554.65,0,Promising
15635,395,1,100.35,2,Lost Customers
15636,89,4,1444.58,1,At Risk
15637,52,5,797.59,1,At Risk
15638,378,6,2265.2,1,At Risk
15639,133,3,1065.08,1,At Risk
15640,3,29,23623.86,3,Champions
15641,104,12,5345.55,1,At Risk
15642,729,1,105.78000000000002,2,Lost Customers
15643,191,3,664.0,1,At Risk
15644,165,4,813.0,1,At Risk
15645,18,3,1055.17,0,Promising
15646,157,5,784.8100000000001,1,At Risk
15647,414,1,169.0,2,Lost Customers
15648,203,2,657.35,2,Lost Customers
15649,335,4,1660.35,1,At Risk
15650,521,2,553.88,2,Lost Customers
15651,36,5,1259.06,0,Promising
15652,90,5,1420.34,1,At Risk
15653,92,2,877.4399999999999,0,Promising
15654,8,2,922.53,0,Promising
15655,242,1,560.67,2,Lost Customers
15656,44,4,748.5,0,Promising
15657,22,1,30.0,2,Lost Customers
15658,189,8,2117.27,1,At Risk
15659,43,3,532.49,0,Promising
15660,24,15,2603.69,3,Champions
15661,316,8,1215.95,1,At Risk
15662,660,2,283.73,2,Lost Customers
15663,105,1,138.14,2,Lost Customers
15664,50,4,1254.03,1,At Risk
15665,167,5,4015.12,1,At Risk
15666,471,2,632.9399999999999,2,Lost Customers
15667,39,1,301.32,0,Promising
15668,217,1,76.32000000000001,2,Lost Customers
15669,39,4,684.34,0,Promising
15670,296,2,325.2,2,Lost Customers
15671,18,7,2657.13,3,Champions
15672,724,1,45.300000000000004,2,Lost Customers
15673,87,9,6414.79,1,At Risk
15674,72,13,6948.2300000000005,3,Champions
15675,80,4,542.04,1,At Risk
15676,18,3,3435.76,0,Promising
15677,48,3,1305.63,0,Promising
15678,52,3,1893.89,1,At Risk
15679,23,4,781.28,0,Promising
15680,8,10,4028.69,3,Champions
15681,24,14,2989.7,3,Champions
15682,598,2,318.24,2,Lost Customers
15683,116,2,524.54,2,Lost Customers
15684,546,3,173.95,2,Lost Customers
15685,449,1,55.980000000000004,2,Lost Customers
15686,419,1,90.0,2,Lost Customers
15687,8,9,2993.1,3,Champions
15688,418,1,190.57,2,Lost Customers
15689,119,3,521.03,1,At Risk
15690,3,2,239.76,0,Promising
15691,251,4,571.3,1,At Risk
15692,27,1,191.04,0,Promising
15693,658,1,37.5,2,Lost Customers
15694,0,24,9978.48,3,Champions
15695,266,4,1131.04,1,At Risk
15696,32,13,3906.57,3,Champions
15697,689,1,246.75,2,Lost Customers
15698,623,1,46.2,2,Lost Customers
15699,17,1,309.65,0,Promising
15700,171,2,696.68,2,Lost Customers
15701,1,4,1542.14,0,Promising
15702,475,2,140.39000000000001,2,Lost Customers
15703,264,1,211.5,2,Lost Customers
15704,139,6,3817.96,1,At Risk
15705,200,1,143.1,2,Lost Customers
15706,63,4,1060.56,1,At Risk
15707,34,4,945.58,0,Promising
15708,40,9,4028.04,3,Champions
15709,283,2,327.85,2,Lost Customers
15710,416,1,898.87,2,Lost Customers
15711,556,2,420.25,2,Lost Customers
15712,8,12,3472.4100000000003,3,Champions
15713,142,4,839.64,1,At Risk
15714,11,5,784.8100000000001,0,Promising
15715,555,5,658.02,1,At Risk
15716,145,11,2509.71,1,At Risk
15717,233,5,607.0,1,At Risk
15718,539,1,293.79,2,Lost Customers
15719,32,31,10223.06,3,Champions
15720,23,2,741.92,0,Promising
15721,11,1,507.08,0,Promising
15722,35,11,5258.1,3,Champions
15723,364,4,947.65,1,At Risk
15724,200,3,310.85,2,Lost Customers
15725,14,1,415.25,0,Promising
15726,389,1,321.91,2,Lost Customers
15727,16,15,9445.51,3,Champions
15728,379,2,544.6,2,Lost Customers
15729,212,3,192.55,2,Lost Customers
15730,65,5,1726.58,1,At Risk
15731,553,1,125.3,2,Lost Customers
15732,211,10,1543.97,1,At Risk
15733,282,1,162.3,2,Lost Customers
15734,114,4,2263.3,1,At Risk
15735,420,1,327.68,2,Lost Customers
15736,434,2,1815.72,1,At Risk
15737,14,8,1205.1200000000001,0,Promising
15738,18,41,13043.32,3,Champions
15739,65,1,449.12,2,Lost Customers
15740,48,1,154.88,2,Lost Customers
15741,457,2,208.62,2,Lost Customers
15742,618,1,156.87,2,Lost Customers
15743,15,4,784.46,0,Promising
15744,77,1,34.8,2,Lost Customers
15745,18,4,1094.59,0,Promising
15746,133,1,196.88,2,Lost Customers
15747,12,9,2562.61,3,Champions
15748,39,3,614.7600000000001,0,Promising
15749,234,3,44534.3,1,At Risk
15750,2,18,6456.671,3,Champions
15751,460,11,1380.44,1,At Risk
15752,39,9,3947.89,3,Champions
15753,304,1,79.2,2,Lost Customers
15754,50,9,3037.61,1,At Risk
15755,9,17,5993.12,3,Champions
15756,60,4,532.96,0,Promising
15757,65,6,2940.36,1,At Risk
15758,24,1,205.25,0,Promising
15759,217,7,830.9300000000001,1,At Risk
15760,630,2,13916.34,1,At Risk
15761,442,1,143.05,2,Lost Customers
15762,64,2,583.75,0,Promising
15763,31,2,1086.92,0,Promising
15764,87,8,4503.08,1,At Risk
15765,666,1,370.63,2,Lost Customers
15766,63,3,831.06,0,Promising
15768,115,34,15601.09,3,Champions
15769,6,46,88612.52,3,Champions
15770,612,1,321.45,2,Lost Customers
15771,603,3,1006.54,1,At Risk
15772,417,1,280.88,2,Lost Customers
15773,5,2,774.52,0,Promising
15774,68,6,1329.94,1,At Risk
15775,244,2,150.5,2,Lost Customers
15776,132,1,241.62,2,Lost Customers
15777,240,7,1762.61,1,At Risk
15778,430,1,307.95,2,Lost Customers
15779,462,2,124.08000000000001,2,Lost Customers
15780,183,3,475.28000000000003,2,Lost Customers
15781,24,3,345.46,0,Promising
15782,9,4,4014.1,0,Promising
15783,10,1,246.3,0,Promising
15784,467,2,848.3299999999999,2,Lost Customers
15785,32,16,5969.93,3,Champions
15786,45,5,8514.82,1,At Risk
15787,25,3,948.05,0,Promising
15788,508,1,221.82999999999998,2,Lost Customers
15789,357,6,1962.01,1,At Risk
15790,9,1,220.85,0,Promising
15791,43,5,3608.34,1,At Risk
15792,399,2,933.84,2,Lost Customers
15793,14,8,2399.57,3,Champions
15794,735,2,777.0,2,Lost Customers
15795,149,8,1979.8700000000001,1,At Risk
15796,0,17,5175.83,3,Champions
15797,112,6,2821.08,1,At Risk
15798,492,3,1535.37,1,At Risk
15799,75,4,1424.29,1,At Risk
15800,106,7,1242.58,1,At Risk
15801,45,3,1063.95,0,Promising
15802,142,1,451.42,2,Lost Customers
15803,50,4,1929.66,1,At Risk
15804,0,13,4206.39,3,Champions
15805,22,30,10189.23,3,Champions
15806,45,3,784.58,0,Promising
15807,49,5,1817.52,1,At Risk
15808,305,21,17388.48,3,Champions
15809,35,7,1274.44,1,At Risk
15810,78,8,2999.04,1,At Risk
15811,21,7,3600.67,3,Champions
15812,106,12,5201.47,1,At Risk
15813,207,2,1303.9099999999999,1,At Risk
15814,16,6,2634.44,3,Champions
15815,63,5,2100.6,1,At Risk
15816,541,2,144.14999999999998,2,Lost Customers
15817,420,3,2766.4,1,At Risk
15818,587,1,340.5,2,Lost Customers
15819,48,10,3934.79,3,Champions
15820,319,1,206.98,2,Lost Customers
15821,43,2,570.96,0,Promising
15822,2,6,1840.06,0,Promising
15823,371,3,3882.17,1,At Risk
15824,452,2,890.94,2,Lost Customers
15825,171,1,532.94,2,Lost Customers
15826,55,4,2598.28,1,At Risk
15827,72,28,3603.14,3,Champions
15828,374,1,1108.82,2,Lost Customers
15829,98,2,636.14,2,Lost Customers
15830,37,1,576.0,0,Promising
15831,57,3,801.76,0,Promising
15832,253,1,836.79,2,Lost Customers
15833,737,1,80.4,2,Lost Customers
15834,69,7,3772.9900000000002,1,At Risk
15835,43,4,954.09,0,Promising
15836,49,1,137.37,2,Lost Customers
15837,64,2,777.01,0,Promising
15838,10,34,73205.5,3,Champions
15839,32,3,1048.49,0,Promising
15840,58,2,355.56,0,Promising
15841,72,9,2742.41,1,At Risk
15842,392,2,548.8,2,Lost Customers
15843,303,1,118.95000000000002,2,Lost Customers
15844,45,1,130.73999999999998,2,Lost Customers
15845,17,11,4426.28,3,Champions
15846,384,1,107.01,2,Lost Customers
15847,37,5,822.57,0,Promising
15848,621,1,139.94,2,Lost Customers
15850,18,6,1058.72,0,Promising
15851,526,1,109.73,2,Lost Customers
15852,186,3,257.26,2,Lost Customers
15853,51,1,110.8,2,Lost Customers
15854,3,21,5583.81,3,Champions
15855,136,6,1052.72,1,At Risk
15856,3,52,32649.02,3,Champions
15857,18,2,570.48,0,Promising
15858,15,13,3576.44,3,Champions
15859,431,1,438.46,2,Lost Customers
15860,40,17,2402.55,3,Champions
15861,11,12,4401.79,3,Champions
15862,7,13,2574.06,3,Champions
15863,25,5,358.7,0,Promising
15864,21,7,2180.76,3,Champions
15865,40,5,2248.92,1,At Risk
15866,100,1,230.53,2,Lost Customers
15867,4,31,8951.05,3,Champions
15868,582,1,94.53,2,Lost Customers
15869,276,3,323.65999999999997,2,Lost Customers
15870,32,4,862.61,0,Promising
15871,436,1,33.099999999999994,2,Lost Customers
15872,14,4,795.68,0,Promising
15873,499,4,313.91999999999996,2,Lost Customers
15874,63,21,11284.76,3,Champions
15875,645,1,111.72,2,Lost Customers
15876,408,2,1449.1399999999999,1,At Risk
15877,1,2,493.28,0,Promising
15878,561,2,330.77,2,Lost Customers
15879,403,4,1157.3,1,At Risk
15880,368,1,343.28000000000003,2,Lost Customers
15881,311,5,501.39000000000004,1,At Risk
15882,198,8,1124.66,1,At Risk
15883,1,2,396.48,0,Promising
15884,431,2,249.70000000000002,2,Lost Customers
15885,92,15,1951.82,1,At Risk
15886,59,4,1052.8700000000001,1,At Risk
15887,406,3,1027.15,1,At Risk
15888,80,3,429.16,0,Promising
15889,156,8,1508.36,1,At Risk
15890,394,5,535.65,1,At Risk
15891,226,1,524.52,2,Lost Customers
15892,668,1,128.2,2,Lost Customers
15893,481,1,305.28000000000003,2,Lost Customers
15894,252,2,263.55,2,Lost Customers
15895,149,1,179.17,2,Lost Customers
15897,193,2,222.05,2,Lost Customers
15898,0,25,5074.62,3,Champions
15899,368,1,56.25,2,Lost Customers
15900,23,4,900.4,0,Promising
15901,16,7,703.22,0,Promising
15902,379,1,145.01,2,Lost Customers
15903,9,12,8939.84,3,Champions
15904,7,1,164.68,0,Promising
15905,542,1,114.69,2,Lost Customers
15906,19,10,2555.64,3,Champions
15907,3,3,967.45,0,Promising
15908,490,2,764.57,2,Lost Customers
15909,173,1,191.94,2,Lost Customers
15910,0,15,2681.8,3,Champions
15911,623,8,1702.34,1,At Risk
15912,177,9,1074.7,1,At Risk
15913,533,1,6.300000000000001,2,Lost Customers
15914,377,2,205.99,2,Lost Customers
15915,401,1,429.21,2,Lost Customers
15916,15,13,3194.72,3,Champions
15917,247,5,560.63,1,At Risk
15918,190,3,582.88,1,At Risk
15919,19,2,639.89,0,Promising
15920,153,9,571.64,1,At Risk
15921,172,4,802.11,1,At Risk
15922,372,1,369.5,2,Lost Customers
15923,372,1,127.08,2,Lost Customers
15924,730,1,102.82,2,Lost Customers
15925,193,1,207.15,2,Lost Customers
15926,541,1,134.44,2,Lost Customers
15927,646,1,123.39,2,Lost Customers
15928,655,1,293.53,2,Lost Customers
15929,643,1,594.0,2,Lost Customers
15930,66,1,426.63,2,Lost Customers
15931,427,1,239.9,2,Lost Customers
15932,3,8,2495.87,3,Champions
15933,20,3,1107.46,0,Promising
15934,417,2,2190.66,1,At Risk
15935,238,2,416.86,2,Lost Customers
15936,378,2,282.79,2,Lost Customers
15937,63,1,145.35,2,Lost Customers
15938,111,9,734.81,1,At Risk
15939,89,16,9060.39,3,Champions
15940,310,1,35.8,2,Lost Customers
15941,636,1,405.0,2,Lost Customers
15942,133,1,337.44,2,Lost Customers
15943,649,2,271.28999999999996,2,Lost Customers
15944,276,4,2164.24,1,At Risk
15945,364,4,646.27,1,At Risk
15946,502,3,2304.18,1,At Risk
15947,82,1,1708.24,0,Promising
15948,7,3,1509.0900000000001,0,Promising
15949,16,2,364.72,0,Promising
15950,31,10,7180.71,3,Champions
15951,8,3,1013.17,0,Promising
15952,33,4,806.57,0,Promising
15953,14,18,3459.71,3,Champions
15954,588,1,190.75,2,Lost Customers
15955,23,22,8085.9800000000005,3,Champions
15956,550,2,617.6,2,Lost Customers
15957,31,3,930.1,0,Promising
15958,73,4,492.99,0,Promising
15959,681,3,579.49,2,Lost Customers
15960,373,4,410.95,2,Lost Customers
15961,378,1,451.28999999999996,2,Lost Customers
15962,448,1,295.83,2,Lost Customers
15963,19,2,470.76,0,Promising
15964,662,1,272.96000000000004,2,Lost Customers
15965,16,13,2856.9,3,Champions
15966,450,1,426.53000000000003,2,Lost Customers
15967,22,12,3041.6,3,Champions
15968,387,1,418.05,2,Lost Customers
15969,2,5,1127.05,0,Promising
15970,303,2,1017.32,1,At Risk
15971,17,18,5902.83,3,Champions
15972,455,5,1810.27,1,At Risk
15973,366,3,680.62,2,Lost Customers
15974,38,7,3442.15,1,At Risk
15975,83,1,371.01,2,Lost Customers
15976,164,6,1746.6399999999999,1,At Risk
15977,16,2,1054.73,0,Promising
15978,76,3,3279.42,1,At Risk
15979,602,1,329.22,2,Lost Customers
15980,88,7,6593.68,1,At Risk
15981,24,21,9362.77,3,Champions
15982,604,1,324.51,2,Lost Customers
15983,21,8,3135.27,3,Champions
15984,2,30,8636.62,3,Champions
15985,122,7,2715.28,1,At Risk
15986,29,2,354.42,0,Promising
15987,11,8,1568.65,3,Champions
15988,18,3,770.09,0,Promising
15989,375,2,372.51,2,Lost Customers
15990,43,7,2010.05,1,At Risk
15991,533,1,150.55,2,Lost Customers
15992,3,3,896.6,0,Promising
15993,8,7,2797.57,3,Champions
15994,54,3,1202.18,0,Promising
15995,413,1,696.19,2,Lost Customers
15996,87,7,1423.65,1,At Risk
15998,36,16,8308.34,3,Champions
15999,735,1,20.4,2,Lost Customers
16000,2,3,12393.7,3,Champions
16001,380,1,583.39,2,Lost Customers
16002,624,1,169.21,2,Lost Customers
16003,29,10,5613.83,3,Champions
16004,474,5,2146.39,1,At Risk
16005,11,10,2436.22,3,Champions
16006,210,2,347.17,2,Lost Customers
16007,47,7,3075.14,1,At Risk
16008,23,15,5384.13,3,Champions
16009,21,4,992.71,0,Promising
16010,245,11,1724.06,1,At Risk
16011,7,29,5642.51,3,Champions
16012,34,5,2989.79,1,At Risk
16013,3,84,56384.44,3,Champions
16014,37,5,1130.27,0,Promising
16015,3,3,705.39,0,Promising
16016,2,11,2151.67,3,Champions
16017,46,5,1553.83,1,At Risk
16018,38,4,698.13,0,Promising
16019,46,27,17465.85,3,Champions
16020,16,3,851.01,0,Promising
16021,394,2,532.25,2,Lost Customers
16022,259,1,628.28,2,Lost Customers
16023,45,3,719.81,0,Promising
16024,11,3,484.2,0,Promising
16025,29,1,439.65999999999997,0,Promising
16026,42,1,236.09,0,Promising
16027,91,15,2048.36,1,At Risk
16028,595,1,82.2,2,Lost Customers
16029,38,107,117937.62,3,Champions
16030,309,1,331.24,2,Lost Customers
16031,91,2,548.94,2,Lost Customers
16032,455,6,1970.45,1,At Risk
16033,5,27,10680.49,3,Champions
16034,195,6,928.72,1,At Risk
16035,559,1,217.73,2,Lost Customers
16036,86,4,2556.84,1,At Risk
16037,269,5,1509.34,1,At Risk
16038,7,3,471.78000000000003,0,Promising
16039,423,2,456.4,2,Lost Customers
16040,64,7,2416.9,1,At Risk
16041,30,3,3166.4,0,Promising
16042,21,8,2265.12,3,Champions
16043,37,8,1856.5900000000001,1,At Risk
16044,434,1,340.84000000000003,2,Lost Customers
16045,119,8,3434.9300000000003,1,At Risk
16046,561,1,235.78,2,Lost Customers
16047,681,1,107.14,2,Lost Customers
16048,372,4,818.7900000000001,1,At Risk
16049,39,6,1899.68,1,At Risk
16050,173,3,300.7,2,Lost Customers
16051,681,1,188.44,2,Lost Customers
16052,53,1,362.06,0,Promising
16053,32,6,3634.84,1,At Risk
16054,144,4,2111.88,1,At Risk
16055,220,1,134.8,2,Lost Customers
16056,44,1,664.85,0,Promising
16057,15,10,3854.85,3,Champions
16058,405,1,62.7,2,Lost Customers
16059,65,12,3099.52,3,Champions
16060,400,3,541.95,2,Lost Customers
16061,430,1,89.65,2,Lost Customers
16062,9,8,2863.45,3,Champions
16063,259,1,335.32,2,Lost Customers
16064,724,1,111.0,2,Lost Customers
16065,364,8,2010.53,1,At Risk
16066,16,5,1521.87,0,Promising
16067,562,3,3395.29,1,At Risk
16068,593,1,122.93,2,Lost Customers
16069,417,1,457.7,2,Lost Customers
16070,21,2,852.15,0,Promising
16071,44,4,1076.8,0,Promising
16072,287,4,4328.89,1,At Risk
16073,296,1,122.39999999999999,2,Lost Customers
16074,389,1,265.25,2,Lost Customers
16075,502,2,736.9300000000001,2,Lost Customers
16076,2,10,2234.73,3,Champions
16077,625,1,2300.4,1,At Risk
16078,283,2,362.99,2,Lost Customers
16079,16,3,1352.0,0,Promising
16080,81,4,602.5600000000001,1,At Risk
16081,55,8,4302.58,1,At Risk
16082,669,1,106.75,2,Lost Customers
16083,100,4,2351.42,1,At Risk
16084,298,1,436.18,2,Lost Customers
16085,22,12,2343.53,3,Champions
16086,58,10,2687.73,1,At Risk
16087,388,5,1739.92,1,At Risk
16088,575,2,1437.43,1,At Risk
16089,385,2,271.44,2,Lost Customers
16090,623,1,205.91,2,Lost Customers
16091,154,2,315.06,2,Lost Customers
16092,114,6,1587.94,1,At Risk
16093,106,1,17.0,2,Lost Customers
16094,11,11,3695.56,3,Champions
16095,455,1,447.05,2,Lost Customers
16096,263,4,1584.97,1,At Risk
16097,239,1,185.04999999999998,2,Lost Customers
16098,87,14,4017.5,3,Champions
16099,49,7,1573.2,1,At Risk
16100,462,1,582.64,2,Lost Customers
16101,70,4,3229.16,1,At Risk
16102,41,3,1842.14,0,Promising
16103,6,22,6191.71,3,Champions
16104,61,9,2778.61,1,At Risk
16105,248,5,2386.19,1,At Risk
16106,65,1,108.38,2,Lost Customers
16107,17,7,3204.1600000000003,3,Champions
16108,84,4,2235.92,1,At Risk
16109,218,3,939.48,1,At Risk
16110,44,4,1819.27,1,At Risk
16111,427,1,562.48,2,Lost Customers
16112,142,4,195.73999999999998,2,Lost Customers
16113,182,1,161.38,2,Lost Customers
16114,170,1,135.75000000000003,2,Lost Customers
16115,9,12,2575.14,3,Champions
16116,211,1,612.78,2,Lost Customers
16117,189,3,654.4,1,At Risk
16118,652,1,4376.25,1,At Risk
16119,7,8,1720.81,3,Champions
16120,58,6,3056.91,1,At Risk
16121,56,5,1477.09,1,At Risk
16122,72,6,895.62,1,At Risk
16123,51,1,307.78,0,Promising
16124,316,4,1772.49,1,At Risk
16125,366,14,4298.3,1,At Risk
16126,28,15,14646.800000000001,3,Champions
16127,38,2,801.31,0,Promising
16128,17,11,3801.05,3,Champions
16129,406,3,1396.05,1,At Risk
16130,421,4,987.48,1,At Risk
16131,51,12,9957.42,3,Champions
16132,543,2,664.1999999999999,2,Lost Customers
16133,3,56,22992.260000000002,3,Champions
16134,21,5,2145.34,0,Promising
16135,262,2,819.45,2,Lost Customers
16136,59,4,946.8,1,At Risk
16137,679,1,422.7,2,Lost Customers
16138,378,3,910.35,1,At Risk
16139,18,5,1111.15,0,Promising
16140,65,3,1433.46,1,At Risk
16141,87,2,955.94,0,Promising
16142,249,1,535.34,2,Lost Customers
16143,2,12,4555.08,3,Champions
16144,246,1,175.2,2,Lost Customers
16145,8,19,6805.4400000000005,3,Champions
16146,156,4,946.38,1,At Risk
16147,133,5,2398.91,1,At Risk
16148,295,2,386.62,2,Lost Customers
16149,4,3,422.22,0,Promising
16150,42,10,4002.17,3,Champions
16152,268,1,1829.04,1,At Risk
16153,49,11,5133.49,3,Champions
16155,381,5,796.9,1,At Risk
16156,8,20,6218.18,3,Champions
16157,15,3,656.69,0,Promising
16158,521,9,628.32,1,At Risk
16159,281,4,1232.79,1,At Risk
16160,64,2,1025.44,0,Promising
16161,1,43,12667.6,3,Champions
16162,251,1,37.4,2,Lost Customers
16163,231,6,2407.98,1,At Risk
16164,16,3,822.48,0,Promising
16165,504,1,79.9,2,Lost Customers
16166,427,2,435.83,2,Lost Customers
16167,413,5,1386.1200000000001,1,At Risk
16168,10,66,10360.67,3,Champions
16169,7,4,1822.97,0,Promising
16170,50,20,6869.0,3,Champions
16171,58,1,73.2,2,Lost Customers
16172,94,8,1884.55,1,At Risk
16173,15,6,1418.32,0,Promising
16174,125,7,2246.75,1,At Risk
16175,93,7,1836.44,1,At Risk
16176,420,4,2052.69,1,At Risk
16177,49,8,2247.31,1,At Risk
16178,137,2,612.6,2,Lost Customers
16179,60,1,215.83,2,Lost Customers
16180,99,13,16249.87,3,Champions
16181,72,1,305.54,2,Lost Customers
16182,71,9,9971.65,3,Champions
16183,66,4,1077.81,1,At Risk
16184,63,6,1158.79,1,At Risk
16185,16,3,644.72,0,Promising
16186,22,26,8718.43,3,Champions
16187,31,15,6911.4400000000005,3,Champions
16188,44,5,1087.66,1,At Risk
16189,15,2,215.48,0,Promising
16190,39,8,2723.55,1,At Risk
16191,2,24,15688.02,3,Champions
16192,735,1,351.3,2,Lost Customers
16193,236,2,630.43,2,Lost Customers
16194,374,1,308.59999999999997,2,Lost Customers
16195,722,1,323.25,2,Lost Customers
16196,488,1,93.3,2,Lost Customers
16197,468,9,2016.71,1,At Risk
16198,74,2,1030.0410000000002,0,Promising
16199,391,7,942.75,1,At Risk
16200,3,12,5643.45,3,Champions
16201,2,5,2112.12,0,Promising
16202,360,9,2501.9900000000002,1,At Risk
16203,58,6,943.84,1,At Risk
16204,22,3,944.24,0,Promising
16205,30,7,1830.61,1,At Risk
16206,54,13,2602.32,3,Champions
16207,24,1,394.38,0,Promising
16208,44,10,3440.45,3,Champions
16209,88,9,4146.78,1,At Risk
16210,1,35,33750.97,3,Champions
16211,88,3,1090.59,1,At Risk
16212,18,4,1293.71,0,Promising
16213,78,1,159.0,2,Lost Customers
16214,170,4,2038.25,1,At Risk
16215,80,1,242.35,2,Lost Customers
16216,266,1,914.9300000000001,2,Lost Customers
16217,234,2,304.25,2,Lost Customers
16218,29,13,3968.67,3,Champions
16219,500,1,40.8,2,Lost Customers
16221,36,9,2068.77,1,At Risk
16222,317,2,1345.22,1,At Risk
16223,374,2,1102.3500000000001,1,At Risk
16224,56,5,1616.54,1,At Risk
16225,44,15,2867.4100000000003,3,Champions
16226,202,5,672.1700000000001,1,At Risk
16227,224,3,1027.22,1,At Risk
16228,384,3,890.8100000000001,1,At Risk
16229,86,6,2867.86,1,At Risk
16230,189,2,542.03,2,Lost Customers
16231,378,4,1078.22,1,At Risk
16232,43,7,2712.97,1,At Risk
16233,70,9,1818.31,1,At Risk
16234,475,3,333.18,2,Lost Customers
16235,40,9,2053.71,1,At Risk
16236,77,1,432.2,2,Lost Customers
16237,436,1,136.65,2,Lost Customers
16238,422,1,63.66,2,Lost Customers
16239,56,6,1492.2,1,At Risk
16240,23,2,3718.8,0,Promising
16241,9,16,4051.66,3,Champions
16242,7,14,7474.4,3,Champions
16243,33,2,409.1,0,Promising
16244,211,2,1522.75,1,At Risk
16245,23,3,1413.66,0,Promising
16246,459,2,827.25,2,Lost Customers
16247,169,1,114.56,2,Lost Customers
16248,61,1,152.94,2,Lost Customers
16249,52,5,1800.07,1,At Risk
16250,260,3,565.24,2,Lost Customers
16251,511,1,128.31,2,Lost Customers
16252,382,1,295.09000000000003,2,Lost Customers
16253,66,7,7310.15,1,At Risk
16254,377,3,985.14,1,At Risk
16255,16,15,4532.55,3,Champions
16256,266,3,1629.37,1,At Risk
16257,176,1,46.95,2,Lost Customers
16258,44,15,11942.52,3,Champions
16259,409,3,361.94,2,Lost Customers
16260,50,1,1035.45,0,Promising
16261,16,6,1059.45,0,Promising
16262,377,1,755.15,2,Lost Customers
16263,422,1,351.01,2,Lost Customers
16264,437,2,837.53,2,Lost Customers
16265,8,12,6935.17,3,Champions
16266,73,14,1757.95,1,At Risk
16267,590,1,186.66,2,Lost Customers
16268,70,2,667.65,0,Promising
16269,437,1,717.57,2,Lost Customers
16270,352,1,1141.24,2,Lost Customers
16271,2,10,3463.02,3,Champions
16272,116,1,411.7,2,Lost Customers
16273,647,2,336.03999999999996,2,Lost Customers
16274,372,1,357.95,2,Lost Customers
16275,196,3,2151.11,1,At Risk
16276,176,3,2629.3900000000003,1,At Risk
16277,733,1,188.69,2,Lost Customers
16278,99,3,1117.84,1,At Risk
16279,20,9,5705.08,3,Champions
16280,724,1,238.05,2,Lost Customers
16281,71,3,3424.02,1,At Risk
16282,339,3,1307.58,1,At Risk
16283,5,8,4403.82,3,Champions
16284,30,3,1029.77,0,Promising
16285,645,1,176.9,2,Lost Customers
16286,476,2,328.95,2,Lost Customers
16287,169,5,1006.98,1,At Risk
16288,469,1,129.85,2,Lost Customers
16289,461,1,136.31,2,Lost Customers
16290,464,4,2069.3,1,At Risk
16291,681,1,117.72,2,Lost Customers
16292,121,5,1253.76,1,At Risk
16293,21,15,4279.2,3,Champions
16294,476,1,126.05000000000001,2,Lost Customers
16295,9,4,1328.55,0,Promising
16296,625,4,1313.67,1,At Risk
16297,268,1,301.9,2,Lost Customers
16298,22,7,1085.7,0,Promising
16299,476,1,193.65,2,Lost Customers
16300,429,3,1392.43,1,At Risk
16301,736,1,107.33,2,Lost Customers
16302,126,1,233.22,2,Lost Customers
16303,25,7,7928.27,3,Champions
16304,694,1,381.66,2,Lost Customers
16305,138,1,361.21999999999997,2,Lost Customers
16306,213,7,1124.72,1,At Risk
16307,428,3,1194.92,1,At Risk
16308,37,7,5120.0,3,Champions
16309,105,2,706.57,2,Lost Customers
16310,413,2,460.08,2,Lost Customers
16311,17,2,616.26,0,Promising
16312,431,1,171.15,2,Lost Customers
16313,2,2,274.15000000000003,0,Promising
16314,389,3,1491.4,1,At Risk
16315,330,2,402.71,2,Lost Customers
16316,63,13,5744.91,3,Champions
16317,119,5,2192.51,1,At Risk
16318,34,1,328.15,0,Promising
16319,217,1,404.40000000000003,2,Lost Customers
16320,171,6,5628.99,1,At Risk
16321,71,7,604.5500000000001,1,At Risk
16322,0,2,326.75,0,Promising
16323,195,2,353.66,2,Lost Customers
16324,127,3,428.68,2,Lost Customers
16325,46,12,3597.5,3,Champions
16326,5,24,4826.99,3,Champions
16327,13,16,10195.74,3,Champions
16328,562,1,310.83,2,Lost Customers
16329,427,4,1703.07,1,At Risk
16330,17,7,634.33,0,Promising
16331,431,6,2037.7,1,At Risk
16332,27,11,2010.41,3,Champions
16333,7,22,26626.8,3,Champions
16334,491,1,277.48,2,Lost Customers
16335,551,7,2774.0,1,At Risk
16336,420,4,3517.69,1,At Risk
16337,36,1,151.05,0,Promising
16338,156,1,214.79999999999998,2,Lost Customers
16339,283,1,109.95,2,Lost Customers
16340,106,3,1526.06,1,At Risk
16341,24,7,3850.79,3,Champions
16342,74,4,322.41,0,Promising
16343,15,3,687.0699999999999,0,Promising
16344,157,4,842.42,1,At Risk
16345,43,2,1198.74,0,Promising
16346,384,1,224.51,2,Lost Customers
16347,10,11,3509.41,3,Champions
16348,31,8,1798.22,1,At Risk
16349,290,1,53.5,2,Lost Customers
16350,20,9,2253.89,3,Champions
16351,332,13,3330.0299999999997,1,At Risk
16352,17,2,494.44,0,Promising
16353,3,38,9795.460000000001,3,Champions
16354,62,5,1129.51,1,At Risk
16355,374,1,416.35,2,Lost Customers
16356,197,6,415.87,1,At Risk
16357,32,4,868.37,0,Promising
16358,0,5,2919.65,3,Champions
16359,6,16,2697.75,3,Champions
16360,4,6,3512.53,3,Champions
16361,9,4,896.66,0,Promising
16362,31,6,946.94,0,Promising
16363,52,1,109.36000000000001,2,Lost Customers
16364,11,2,707.04,0,Promising
16365,17,15,3167.34,3,Champions
16366,18,4,1548.1299999999999,0,Promising
16367,36,3,1362.4,0,Promising
16368,1,3,640.21,0,Promising
16369,17,7,2664.81,3,Champions
16370,81,4,1320.56,1,At Risk
16371,448,1,157.2,2,Lost Customers
16372,32,5,1328.61,0,Promising
16373,381,2,309.49,2,Lost Customers
16374,65,5,1771.45,1,At Risk
16375,469,2,104.0,2,Lost Customers
16376,8,2,987.01,0,Promising
16377,266,2,1308.48,1,At Risk
16378,246,3,362.95,2,Lost Customers
16379,3,4,2157.4,0,Promising
16380,60,1,1780.59,0,Promising
16381,395,2,258.7,2,Lost Customers
16382,407,2,353.1,2,Lost Customers
16383,74,7,2974.84,1,At Risk
16384,89,4,1358.95,1,At Risk
16385,59,5,882.38,1,At Risk
16386,28,3,1102.59,0,Promising
16387,322,5,918.55,1,At Risk
16388,653,1,186.05,2,Lost Customers
16389,52,4,1382.07,1,At Risk
16390,536,3,467.5,2,Lost Customers
16391,400,4,1103.61,1,At Risk
16392,269,3,763.05,1,At Risk
16393,1,23,5376.86,3,Champions
16394,56,5,1555.34,1,At Risk
16395,60,14,3537.85,3,Champions
16396,475,1,137.8,2,Lost Customers
16397,627,1,127.88,2,Lost Customers
16398,153,2,1705.8,1,At Risk
16399,18,3,641.82,0,Promising
16400,94,9,3159.44,1,At Risk
16401,0,23,6849.15,3,Champions
16402,264,2,299.6,2,Lost Customers
16403,311,1,177.5,2,Lost Customers
16404,69,1,443.05,2,Lost Customers
16405,301,2,167.25,2,Lost Customers
16406,18,3,552.68,0,Promising
16407,12,14,2821.65,3,Champions
16408,590,1,231.93,2,Lost Customers
16409,35,12,5709.04,3,Champions
16410,733,1,130.32,2,Lost Customers
16411,18,4,778.6899999999999,0,Promising
16412,53,5,647.23,0,Promising
16413,56,2,528.98,0,Promising
16414,21,5,559.71,0,Promising
16415,43,3,719.44,0,Promising
16416,26,9,2972.88,3,Champions
16417,492,1,35.7,2,Lost Customers
16418,44,5,1101.94,1,At Risk
16419,112,8,1487.42,1,At Risk
16420,395,1,75.0,2,Lost Customers
16421,375,3,526.27,2,Lost Customers
16422,16,109,61983.270000000004,3,Champions
16423,24,1,346.12,0,Promising
16424,190,2,443.06,2,Lost Customers
16425,301,1,302.7,2,Lost Customers
16426,1,10,1908.25,3,Champions
16427,262,2,241.06,2,Lost Customers
16428,413,3,660.28,2,Lost Customers
16429,105,1,284.55,2,Lost Customers
16430,56,7,1117.94,1,At Risk
16431,212,3,642.81,1,At Risk
16432,63,1,287.4,2,Lost Customers
16433,27,2,384.52,0,Promising
16434,28,12,2741.74,3,Champions
16435,511,3,1011.5699999999999,1,At Risk
16436,667,3,329.34,2,Lost Customers
16437,380,2,301.25,2,Lost Customers
16438,5,5,798.35,0,Promising
16439,721,1,310.70000000000005,2,Lost Customers
16440,7,6,3856.9700000000003,3,Champions
16441,66,5,1034.43,1,At Risk
16442,1,5,899.47,0,Promising
16443,520,1,162.24,2,Lost Customers
16444,45,17,3656.58,3,Champions
16445,33,4,602.73,0,Promising
16446,0,2,168472.5,3,Champions
16447,135,3,775.14,1,At Risk
16448,197,2,367.87,2,Lost Customers
16449,197,2,707.69,2,Lost Customers
16450,149,3,1505.73,1,At Risk
16451,87,3,1013.15,1,At Risk
16452,630,2,332.17,2,Lost Customers
16453,530,2,251.71,2,Lost Customers
16454,44,4,30.950000000000003,2,Lost Customers
16455,63,11,4003.07,3,Champions
16456,98,13,6075.51,3,Champions
16457,217,1,208.36,2,Lost Customers
16458,2,30,5715.34,3,Champions
16459,729,1,71.78999999999999,2,Lost Customers
16460,27,3,814.72,0,Promising
16461,177,3,1615.22,1,At Risk
16462,73,3,136.0,2,Lost Customers
16463,20,4,1422.4,0,Promising
16464,19,3,1314.68,0,Promising
16465,420,2,746.24,2,Lost Customers
16466,33,15,3838.59,3,Champions
16467,508,7,2869.16,1,At Risk
16468,73,3,787.52,0,Promising
16469,23,5,828.91,0,Promising
16470,51,11,2458.6,1,At Risk
16471,274,4,1189.98,1,At Risk
16472,433,2,789.6,2,Lost Customers
16473,164,4,470.83,1,At Risk
16474,6,7,1871.5,3,Champions
16475,87,4,544.3,1,At Risk
16476,431,1,350.35,2,Lost Customers
16477,63,11,4094.37,3,Champions
16478,24,3,331.0,0,Promising
16479,9,2,300.83,0,Promising
16480,75,1,769.29,0,Promising
16481,681,1,453.38,2,Lost Customers
16482,15,1,220.62,0,Promising
16483,191,1,139.35,2,Lost Customers
16484,173,2,404.3,2,Lost Customers
16485,76,5,2294.68,1,At Risk
16486,537,1,134.36,2,Lost Customers
16487,576,2,209.4,2,Lost Customers
16488,32,3,498.8,0,Promising
16489,379,2,303.7,2,Lost Customers
16490,435,1,205.41000000000003,2,Lost Customers
16491,46,2,1533.16,0,Promising
16492,540,1,385.56,2,Lost Customers
16493,79,7,2132.09,1,At Risk
16494,296,1,826.53,2,Lost Customers
16495,2,3,684.41,0,Promising
16496,8,6,2330.77,3,Champions
16497,49,23,6695.28,3,Champions
16498,160,2,100.97,2,Lost Customers
16499,359,8,2578.34,1,At Risk
16500,4,9,843.9100000000001,0,Promising
16501,382,1,1237.23,2,Lost Customers
16502,619,2,266.5,2,Lost Customers
16503,106,11,3614.34,1,At Risk
16504,24,1,484.38,0,Promising
16505,31,1,777.6,0,Promising
16506,19,2,90.30000000000001,0,Promising
16507,571,1,152.76,2,Lost Customers
16508,629,1,248.8,2,Lost Customers
16509,296,1,363.7,2,Lost Customers
16510,371,6,1851.8999999999999,1,At Risk
16511,21,6,1819.02,0,Promising
16513,4,4,874.59,0,Promising
16515,51,10,3216.3,3,Champions
16516,29,1,101.69999999999999,0,Promising
16517,276,1,162.7,2,Lost Customers
16518,60,4,959.37,1,At Risk
16519,24,4,452.56,0,Promising
16520,185,6,2156.86,1,At Risk
16521,414,3,1148.01,1,At Risk
16522,435,2,433.36,2,Lost Customers
16523,1,28,11916.33,3,Champions
16524,445,2,308.14,2,Lost Customers
16525,1,48,24171.2,3,Champions
16526,171,2,717.21,2,Lost Customers
16527,80,2,1272.44,1,At Risk
16528,3,1,244.41,0,Promising
16529,189,4,2012.0,1,At Risk
16530,667,1,48.349999999999994,2,Lost Customers
16531,21,11,2298.33,3,Champions
16532,17,5,8756.64,3,Champions
16533,18,3,1095.56,0,Promising
16534,641,1,635.9,2,Lost Customers
16535,4,3,1001.59,0,Promising
16536,109,1,548.97,2,Lost Customers
16537,640,1,23.35,2,Lost Customers
16538,540,3,399.62,2,Lost Customers
16539,2,10,3289.66,3,Champions
16540,413,1,226.70000000000002,2,Lost Customers
16541,734,1,424.03,2,Lost Customers
16542,53,2,257.32,0,Promising
16543,591,1,292.21,2,Lost Customers
16544,519,4,376.70000000000005,2,Lost Customers
16545,164,2,689.82,2,Lost Customers
16546,290,5,5307.07,1,At Risk
16547,545,1,111.71,2,Lost Customers
16548,598,1,30.15,2,Lost Customers
16549,9,34,13182.19,3,Champions
16550,108,18,8880.47,3,Champions
16551,95,7,2237.12,1,At Risk
16552,242,2,379.73,2,Lost Customers
16553,162,33,16644.01,3,Champions
16554,41,8,2841.72,1,At Risk
16555,34,6,1915.68,1,At Risk
16556,66,17,8012.58,3,Champions
16557,23,2,281.85,0,Promising
16558,0,38,13304.11,3,Champions
16559,396,1,185.20000000000002,2,Lost Customers
16560,26,8,3048.38,3,Champions
16561,5,2,511.12,0,Promising
16562,476,1,223.85999999999999,2,Lost Customers
16563,53,6,4422.76,1,At Risk
16564,568,1,87.8,2,Lost Customers
16565,363,4,773.05,1,At Risk
16566,14,5,614.66,0,Promising
16567,193,2,865.6,2,Lost Customers
16568,427,2,1020.9000000000001,2,Lost Customers
16569,2,5,1455.23,0,Promising
16570,14,20,7434.31,3,Champions
16571,26,10,4248.74,3,Champions
16572,126,3,1009.6,1,At Risk
16573,84,2,663.61,0,Promising
16574,70,3,1301.78,1,At Risk
16576,419,2,540.87,2,Lost Customers
16577,666,1,380.0,2,Lost Customers
16578,625,1,156.6,2,Lost Customers
16579,425,1,295.05,2,Lost Customers
16581,182,1,105.84,2,Lost Customers
16582,112,1,313.62,2,Lost Customers
16583,373,2,297.95,2,Lost Customers
16584,79,5,3163.67,1,At Risk
16585,593,2,341.59,2,Lost Customers
16586,248,3,1462.78,1,At Risk
16587,231,1,225.15,2,Lost Customers
16588,385,4,1361.28,1,At Risk
16589,70,4,612.36,0,Promising
16590,400,2,605.9,2,Lost Customers
16591,68,1,213.5,2,Lost Customers
16592,3,28,7807.91,3,Champions
16593,50,8,1071.1399999999999,1,At Risk
16594,74,1,181.09,2,Lost Customers
16595,60,5,1810.18,1,At Risk
16596,15,4,458.98,0,Promising
16597,3,1,90.04,0,Promising
16598,285,1,145.04999999999998,2,Lost Customers
16599,385,1,172.8,2,Lost Customers
16600,3,13,2153.41,3,Champions
16601,40,3,684.25,0,Promising
16602,35,2,763.33,0,Promising
16603,74,2,482.47,0,Promising
16604,562,2,432.45,2,Lost Customers
16605,723,1,60.48,2,Lost Customers
16606,403,2,357.66,2,Lost Customers
16607,17,25,5706.87,3,Champions
16608,453,2,1288.72,1,At Risk
16609,14,7,5493.46,3,Champions
16610,218,1,75.66,2,Lost Customers
16611,185,6,1785.13,1,At Risk
16612,32,9,3245.43,3,Champions
16613,69,1,618.59,0,Promising
16614,182,3,1179.79,1,At Risk
16615,625,1,291.5,2,Lost Customers
16616,14,2,500.42,0,Promising
16617,235,1,151.85,2,Lost Customers
16618,30,5,2647.59,1,At Risk
16619,263,4,1938.33,1,At Risk
16620,3,6,1758.93,0,Promising
16621,51,4,813.48,0,Promising
16622,543,1,225.4,2,Lost Customers
16623,245,4,1015.24,1,At Risk
16624,80,2,810.5699999999999,0,Promising
16625,274,5,1654.03,1,At Risk
16626,0,17,4413.1,3,Champions
16627,78,1,322.8,2,Lost Customers
16628,29,7,2318.1,1,At Risk
16629,73,2,417.73,0,Promising
16630,406,1,106.80000000000001,2,Lost Customers
16631,481,7,1892.52,1,At Risk
16632,485,2,406.4,2,Lost Customers
16633,16,6,2883.1,3,Champions
16634,222,6,1649.81,1,At Risk
16635,406,1,473.0,2,Lost Customers
16636,437,4,3802.04,1,At Risk
16637,31,4,1154.47,0,Promising
16638,22,15,2380.13,3,Champions
16639,30,4,1747.98,0,Promising
16640,397,1,179.4,2,Lost Customers
16641,105,2,554.5,2,Lost Customers
16642,4,3,1077.45,0,Promising
16643,245,2,923.11,2,Lost Customers
16644,177,2,833.78,2,Lost Customers
16645,735,1,160.39,2,Lost Customers
16646,448,1,678.8,2,Lost Customers
16647,169,4,541.9,1,At Risk
16648,42,3,672.8,0,Promising
16649,519,1,306.58000000000004,2,Lost Customers
16650,71,7,1916.11,1,At Risk
16651,586,1,136.2,2,Lost Customers
16652,58,16,17550.39,3,Champions
16653,15,2,1212.66,0,Promising
16654,140,8,1484.07,1,At Risk
16655,17,13,6548.37,3,Champions
16656,21,30,16833.170000000002,3,Champions
16657,9,4,933.62,0,Promising
16658,367,6,690.83,1,At Risk
16659,188,1,39.12,2,Lost Customers
16660,15,7,1879.55,0,Promising
16661,539,4,986.63,1,At Risk
16662,393,1,163.8,2,Lost Customers
16663,728,1,165.0,2,Lost Customers
16664,568,1,109.2,2,Lost Customers
16665,361,1,135.39999999999998,2,Lost Customers
16666,18,2,225.94,0,Promising
16667,67,2,570.13,0,Promising
16668,14,13,862.42,3,Champions
16669,23,3,1374.8700000000001,0,Promising
16670,16,20,8030.150000000001,3,Champions
16671,27,3,1692.27,0,Promising
16672,1,20,8134.9400000000005,3,Champions
16673,678,1,188.83,2,Lost Customers
16674,54,2,319.61,0,Promising
16675,441,2,608.86,2,Lost Customers
16676,33,6,2361.9,1,At Risk
16677,410,2,880.62,2,Lost Customers
16678,2,12,3109.99,3,Champions
16679,365,3,663.31,2,Lost Customers
16680,42,3,821.45,0,Promising
16681,72,7,1921.84,1,At Risk
16682,4,5,1028.0,0,Promising
16683,533,1,320.25,2,Lost Customers
16684,3,55,147142.77,3,Champions
16685,60,2,324.24,0,Promising
16686,46,16,5070.92,3,Champions
16687,390,1,157.63,2,Lost Customers
16688,0,4,1260.86,0,Promising
16689,75,2,422.59999999999997,0,Promising
16690,71,4,353.03,0,Promising
16691,417,2,178.83,2,Lost Customers
16692,255,4,1914.6999999999998,1,At Risk
16693,68,5,1199.46,1,At Risk
16694,722,1,98.30000000000001,2,Lost Customers
16695,561,2,193.15,2,Lost Customers
16696,134,4,657.9000000000001,1,At Risk
16697,240,1,112.75,2,Lost Customers
16698,226,2,1998.0,1,At Risk
16699,379,7,994.6,1,At Risk
16700,8,25,8830.77,3,Champions
16701,8,26,9916.73,3,Champions
16702,414,4,1110.83,1,At Risk
16704,617,2,695.66,2,Lost Customers
16705,0,42,43515.051,3,Champions
16706,36,3,531.35,0,Promising
16707,399,4,551.11,1,At Risk
16708,45,1,656.63,0,Promising
16709,84,14,9087.460000000001,3,Champions
16710,18,22,5973.62,3,Champions
16711,2,9,2868.48,3,Champions
16712,8,13,4266.99,3,Champions
16713,18,32,14146.26,3,Champions
16714,218,4,1529.8,1,At Risk
16715,77,2,625.52,0,Promising
16716,266,3,2149.6800000000003,1,At Risk
16717,23,14,6678.9800000000005,3,Champions
16718,368,5,3023.78,1,At Risk
16719,14,14,3542.57,3,Champions
16720,25,3,795.48,0,Promising
16721,261,1,292.47,2,Lost Customers
16722,16,22,8189.56,3,Champions
16723,90,4,1301.63,1,At Risk
16724,404,1,147.35,2,Lost Customers
16725,301,14,1759.96,1,At Risk
16726,25,7,2088.41,1,At Risk
16727,363,4,1437.42,1,At Risk
16728,45,4,1054.67,0,Promising
16729,37,21,7239.92,3,Champions
16730,51,3,743.11,0,Promising
16731,647,1,174.05,2,Lost Customers
16732,31,4,4387.64,1,At Risk
16733,529,1,259.68,2,Lost Customers
16734,51,3,650.51,0,Promising
16735,78,14,6270.56,3,Champions
16736,505,5,2956.56,1,At Risk
16737,52,2,835.1999999999999,0,Promising
16738,297,1,3.75,2,Lost Customers
16739,176,2,786.43,2,Lost Customers
16740,394,1,236.81,2,Lost Customers
16741,624,1,173.06,2,Lost Customers
16742,46,14,2852.6099999999997,3,Champions
16743,28,14,4253.26,3,Champions
16744,10,7,1304.76,0,Promising
16745,86,17,7194.3,3,Champions
16746,4,42,18066.4,3,Champions
16747,37,2,836.06,0,Promising
16748,17,14,3637.33,3,Champions
16749,590,2,4387.08,1,At Risk
16750,44,5,623.93,0,Promising
16751,30,1,1764.72,0,Promising
16752,372,1,207.5,2,Lost Customers
16753,57,1,223.92000000000002,2,Lost Customers
16754,371,29,65500.07,3,Champions
16755,113,7,2900.58,1,At Risk
16756,214,7,1312.3700000000001,1,At Risk
16757,318,2,270.48,2,Lost Customers
16758,64,1,369.34000000000003,2,Lost Customers
16759,7,3,789.79,0,Promising
16760,429,1,228.0,2,Lost Customers
16761,96,1,316.62,2,Lost Customers
16762,19,3,1501.38,0,Promising
16763,198,2,964.6999999999999,1,At Risk
16764,3,13,2799.25,3,Champions
16765,293,2,454.75,2,Lost Customers
16766,272,2,1145.6,1,At Risk
16767,30,15,8073.8,3,Champions
16768,47,9,1708.12,1,At Risk
16769,259,4,1141.75,1,At Risk
16770,57,9,1801.3300000000002,1,At Risk
16771,32,10,3967.6,3,Champions
16772,422,3,3723.5499999999997,1,At Risk
16773,56,3,421.24,0,Promising
16774,67,8,1594.45,1,At Risk
16775,9,16,2824.9900000000002,3,Champions
16776,59,2,619.85,0,Promising
16777,79,5,1307.76,1,At Risk
16778,73,2,245.94,2,Lost Customers
16779,1,53,32911.33,3,Champions
16780,99,3,605.55,1,At Risk
16781,371,2,623.0,2,Lost Customers
16782,9,38,10066.710000000001,3,Champions
16783,436,1,391.95,2,Lost Customers
16784,19,5,896.53,0,Promising
16785,409,1,533.78,2,Lost Customers
16786,393,1,51.839999999999996,2,Lost Customers
16787,397,4,1035.43,1,At Risk
16788,122,5,1950.3,1,At Risk
16789,7,1,80.8,0,Promising
16790,3,6,1545.6200000000001,0,Promising
16791,28,15,4038.69,3,Champions
16792,281,5,623.46,1,At Risk
16793,56,1,243.84,2,Lost Customers
16794,0,15,2090.91,3,Champions
16795,364,3,2077.51,1,At Risk
16796,88,1,305.62,2,Lost Customers
16797,392,5,1827.77,1,At Risk
16798,553,3,848.71,1,At Risk
16799,431,2,495.98,2,Lost Customers
16800,10,1,1201.49,0,Promising
16801,162,4,1619.73,1,At Risk
16802,678,2,582.61,2,Lost Customers
16803,64,1,332.3,2,Lost Customers
16804,22,3,536.99,0,Promising
16805,173,5,1097.24,1,At Risk
16806,102,4,801.49,1,At Risk
16807,142,6,2123.88,1,At Risk
16808,98,2,288.42,2,Lost Customers
16809,22,9,1727.43,3,Champions
16810,191,2,842.0400000000001,2,Lost Customers
16811,4,2,547.07,0,Promising
16812,360,4,2392.0,1,At Risk
16813,7,10,1692.98,3,Champions
16814,13,36,12226.42,3,Champions
16815,453,2,410.97,2,Lost Customers
16816,102,4,417.06,1,At Risk
16817,2,13,2560.7,3,Champions
16818,10,11,3349.57,3,Champions
16819,464,2,182.59,2,Lost Customers
16820,95,1,497.61,2,Lost Customers
16821,381,1,113.35,2,Lost Customers
16822,685,1,181.39,2,Lost Customers
16823,226,7,2260.09,1,At Risk
16824,15,3,686.24,0,Promising
16825,38,5,1826.89,1,At Risk
16826,50,1,341.7,0,Promising
16827,392,5,392.13,1,At Risk
16828,92,2,128.5,2,Lost Customers
16829,156,2,513.32,2,Lost Customers
16830,38,4,1207.5,0,Promising
16831,564,1,91.8,2,Lost Customers
16832,183,5,417.61,1,At Risk
16833,0,6,2409.04,3,Champions
16834,227,2,898.96,2,Lost Customers
16835,127,6,1456.66,1,At Risk
16836,39,4,782.37,0,Promising
16837,30,11,3170.98,3,Champions
16838,196,4,1159.61,1,At Risk
16839,8,44,21758.25,3,Champions
16840,602,2,139.85,2,Lost Customers
16841,36,12,4006.06,3,Champions
16842,100,3,1264.19,1,At Risk
16843,42,35,19571.43,3,Champions
16844,562,2,614.34,2,Lost Customers
16845,617,1,253.88,2,Lost Customers
16846,49,3,842.41,0,Promising
16847,42,2,614.89,0,Promising
16848,52,4,1411.62,1,At Risk
16849,186,1,124.57,2,Lost Customers
16850,333,1,332.41,2,Lost Customers
16851,3,3,342.45,0,Promising
16852,9,2,144.91000000000003,0,Promising
16854,416,2,1408.96,1,At Risk
16855,23,2,328.4,0,Promising
16856,14,3,358.49,0,Promising
16857,442,1,352.8,2,Lost Customers
16858,368,10,4292.59,1,At Risk
16859,144,7,1932.41,1,At Risk
16860,452,3,1610.62,1,At Risk
16861,59,5,946.59,1,At Risk
16862,546,4,662.33,1,At Risk
16863,30,3,834.27,0,Promising
16864,433,2,409.25,2,Lost Customers
16865,401,1,130.95,2,Lost Customers
16866,140,3,207.73999999999998,2,Lost Customers
16867,689,1,76.74000000000001,2,Lost Customers
16868,393,3,393.39,2,Lost Customers
16869,22,4,825.42,0,Promising
16870,468,1,450.15999999999997,2,Lost Customers
16871,21,6,2812.34,3,Champions
16872,76,6,1213.13,1,At Risk
16873,4,12,14617.39,3,Champions
16874,378,1,217.74,2,Lost Customers
16875,66,11,4234.53,3,Champions
16876,403,1,136.01,2,Lost Customers
16877,11,6,853.72,0,Promising
16878,83,1,13.3,2,Lost Customers
16880,30,8,1840.86,1,At Risk
16881,66,1,432.0,2,Lost Customers
16882,66,3,705.12,0,Promising
16883,186,19,2268.56,1,At Risk
16884,37,4,1073.92,0,Promising
16885,14,4,710.74,0,Promising
16886,455,1,134.0,2,Lost Customers
16887,34,3,660.72,0,Promising
16888,400,3,437.15,2,Lost Customers
16889,194,6,2530.9,1,At Risk
16890,476,3,285.41,2,Lost Customers
16891,1,11,1824.56,3,Champions
16892,0,7,762.1,0,Promising
16893,366,2,255.84,2,Lost Customers
16894,501,3,1324.06,1,At Risk
16895,64,5,1121.42,1,At Risk
16896,554,1,103.95,2,Lost Customers
16897,298,2,289.78,2,Lost Customers
16898,25,5,900.29,0,Promising
16899,7,8,1721.02,3,Champions
16900,16,3,887.11,0,Promising
16901,728,1,204.26,2,Lost Customers
16902,115,1,1706.88,1,At Risk
16903,28,3,1062.28,0,Promising
16904,3,21,4793.67,3,Champions
16905,4,17,4779.75,3,Champions
16906,81,7,1448.8,1,At Risk
16907,28,9,1525.88,1,At Risk
16908,721,1,252.59,2,Lost Customers
16909,71,1,379.14,2,Lost Customers
16910,3,8,1510.06,3,Champions
16911,635,2,255.25,2,Lost Customers
16912,28,15,4480.31,3,Champions
16913,289,3,423.90999999999997,2,Lost Customers
16914,35,1,208.46,0,Promising
16915,8,11,1543.18,3,Champions
16916,23,4,925.32,0,Promising
16917,276,2,1857.83,1,At Risk
16918,49,16,3213.29,3,Champions
16919,155,24,4927.56,3,Champions
16920,410,1,355.45,2,Lost Customers
16921,60,3,446.67,0,Promising
16922,572,1,611.08,2,Lost Customers
16923,11,32,13378.36,3,Champions
16924,20,3,846.75,0,Promising
16925,539,1,125.65,2,Lost Customers
16926,370,5,1191.1,1,At Risk
16927,115,3,543.05,1,At Risk
16928,79,29,3996.98,3,Champions
16929,3,7,1295.39,0,Promising
16930,25,3,380.55,0,Promising
16931,4,23,5081.57,3,Champions
16932,52,3,440.71,0,Promising
16933,0,9,3181.25,3,Champions
16934,54,6,2110.9900000000002,1,At Risk
16935,381,3,535.1,2,Lost Customers
16936,25,2,551.17,0,Promising
16937,498,1,202.1,2,Lost Customers
16938,8,9,7043.18,3,Champions
16939,488,3,449.0,2,Lost Customers
16940,51,8,6427.66,3,Champions
16941,611,1,33.0,2,Lost Customers
16942,12,9,1920.59,3,Champions
16943,211,5,1299.49,1,At Risk
16944,609,1,101.36,2,Lost Customers
16945,21,33,8548.16,3,Champions
16946,382,5,1222.04,1,At Risk
16947,235,5,955.21,1,At Risk
16948,138,7,868.77,1,At Risk
16949,3,6,1286.27,0,Promising
16950,56,10,3612.37,3,Champions
16951,134,3,1277.75,1,At Risk
16952,108,5,798.78,1,At Risk
16953,29,1,20.8,2,Lost Customers
16954,0,20,6081.88,3,Champions
16955,184,6,1120.31,1,At Risk
16956,17,1,308.74,0,Promising
16957,238,2,416.64,2,Lost Customers
16958,434,1,809.44,2,Lost Customers
16959,86,1,117.35000000000001,2,Lost Customers
16960,38,8,2043.43,1,At Risk
16961,115,3,794.56,1,At Risk
16962,409,1,251.04,2,Lost Customers
16963,186,1,110.55000000000001,2,Lost Customers
16964,732,2,207.85,2,Lost Customers
16965,226,1,201.19,2,Lost Customers
16966,7,7,2154.97,3,Champions
16967,188,1,319.02,2,Lost Customers
16968,3,2,439.43,0,Promising
16969,38,3,650.41,0,Promising
16970,625,1,71.4,2,Lost Customers
16971,37,1,357.21,0,Promising
16972,382,2,786.25,2,Lost Customers
16973,385,1,127.0,2,Lost Customers
16974,522,2,365.5,2,Lost Customers
16975,422,3,926.12,1,At Risk
16976,266,1,251.51999999999998,2,Lost Customers
16977,394,4,496.0,2,Lost Customers
16978,77,3,768.88,1,At Risk
16979,3,9,2859.74,3,Champions
16980,254,3,1473.3300000000002,1,At Risk
16982,60,1,384.06,2,Lost Customers
16983,12,11,3546.73,3,Champions
16984,87,9,10754.8,3,Champions
16985,16,23,10923.16,3,Champions
16986,29,11,4888.75,3,Champions
16987,2,11,2535.9,3,Champions
16988,4,2,382.67,0,Promising
16989,6,6,1133.25,0,Promising
16990,218,2,344.0,2,Lost Customers
16991,420,1,1041.21,2,Lost Customers
16992,10,13,5476.5,3,Champions
16993,463,2,1950.9499999999998,1,At Risk
16996,29,9,2123.61,3,Champions
16997,287,3,702.0,1,At Risk
16998,149,5,402.0,1,At Risk
16999,22,2,484.82,0,Promising
17000,395,2,406.3,2,Lost Customers
17001,0,19,6640.8,3,Champions
17002,85,7,2571.55,1,At Risk
17003,401,4,830.16,1,At Risk
17004,45,4,2425.16,1,At Risk
17005,470,2,742.36,2,Lost Customers
17006,4,8,1636.32,3,Champions
17007,50,7,1120.1,1,At Risk
17008,428,1,81.36,2,Lost Customers
17009,550,1,242.06,2,Lost Customers
17010,17,1,195.36,0,Promising
17011,29,3,671.7,0,Promising
17012,724,1,384.16,2,Lost Customers
17014,7,3,586.33,0,Promising
17015,28,3,1842.56,0,Promising
17016,576,1,552.4,2,Lost Customers
17017,2,29,12576.99,3,Champions
17018,40,6,2287.7,1,At Risk
17019,10,11,3653.38,3,Champions
17020,541,2,935.62,2,Lost Customers
17021,441,6,1182.22,1,At Risk
17022,30,2,260.0,0,Promising
17023,416,3,800.18,1,At Risk
17024,44,3,95.85,0,Promising
17025,60,5,1349.67,1,At Risk
17026,184,3,175.82999999999998,2,Lost Customers
17027,78,9,1327.1100000000001,1,At Risk
17028,580,3,1593.83,1,At Risk
17029,110,7,2137.3,1,At Risk
17030,63,1,146.87,2,Lost Customers
17031,11,6,2773.85,3,Champions
17032,547,8,3004.6,1,At Risk
17033,85,4,1332.79,1,At Risk
17034,15,5,1283.92,0,Promising
17035,245,4,613.59,1,At Risk
17036,382,1,176.9,2,Lost Customers
17037,87,1,1267.32,0,Promising
17038,29,2,743.17,0,Promising
17039,603,1,1954.99,2,Lost Customers
17040,137,2,463.25,2,Lost Customers
17041,26,6,1686.28,0,Promising
17042,2,5,1044.3799999999999,0,Promising
17043,31,8,2616.55,3,Champions
17044,24,12,11962.3,3,Champions
17045,112,5,827.6800000000001,1,At Risk
17046,156,5,1906.07,1,At Risk
17047,84,6,2289.23,1,At Risk
17048,117,7,2071.68,1,At Risk
17049,2,19,9947.48,3,Champions
17050,95,11,4691.79,1,At Risk
17051,193,4,714.39,1,At Risk
17052,27,1,413.75,0,Promising
17053,130,1,498.48,2,Lost Customers
17054,27,5,1356.33,0,Promising
17055,445,1,239.55,2,Lost Customers
17056,737,1,128.60000000000002,2,Lost Customers
17057,595,1,294.74,2,Lost Customers
17058,81,3,1179.89,1,At Risk
17059,29,9,4880.17,3,Champions
17060,265,1,234.24,2,Lost Customers
17061,73,11,5232.2300000000005,3,Champions
17062,313,6,913.79,1,At Risk
17063,20,13,3638.53,3,Champions
17064,58,3,859.35,0,Promising
17065,637,2,194.7,2,Lost Customers
17066,725,1,228.34,2,Lost Customers
17067,724,3,454.54,2,Lost Customers
17068,11,47,8994.93,3,Champions
17069,27,14,5517.2300000000005,3,Champions
17070,113,2,445.32,2,Lost Customers
17071,27,13,3801.2000000000003,3,Champions
17072,624,1,282.05,2,Lost Customers
17073,17,4,1446.09,0,Promising
17074,562,1,203.05,2,Lost Customers
17075,17,10,2241.73,3,Champions
17076,35,6,1242.75,1,At Risk
17077,577,1,306.0,2,Lost Customers
17078,35,2,378.2,0,Promising
17079,77,1,118.80000000000001,2,Lost Customers
17080,21,7,957.53,0,Promising
17081,24,6,964.39,0,Promising
17082,32,6,4732.03,3,Champions
17083,108,9,4049.79,1,At Risk
17084,34,3,5202.97,1,At Risk
17085,122,28,7891.41,3,Champions
17086,6,6,2050.08,0,Promising
17087,737,1,221.53,2,Lost Customers
17088,27,4,1991.01,0,Promising
17089,385,1,128.45,2,Lost Customers
17090,3,13,3149.48,3,Champions
17091,2,19,7517.650000000001,3,Champions
17092,49,11,5594.96,3,Champions
17093,592,1,235.88,2,Lost Customers
17094,321,2,402.20000000000005,2,Lost Customers
17095,22,7,2572.25,3,Champions
17096,14,11,3759.18,3,Champions
17097,1,9,1165.73,3,Champions
17098,381,3,591.0699999999999,2,Lost Customers
17099,532,1,582.17,2,Lost Customers
17100,17,2,971.74,0,Promising
17101,9,7,2507.05,3,Champions
17102,261,1,25.5,2,Lost Customers
17103,721,1,424.3,2,Lost Customers
17104,423,1,474.03,2,Lost Customers
17105,158,2,665.78,2,Lost Customers
17106,388,1,491.23,2,Lost Customers
17107,32,10,16075.42,3,Champions
17108,663,1,174.95,2,Lost Customers
17109,28,8,1295.46,1,At Risk
17110,164,3,510.7,2,Lost Customers
17111,46,2,476.58,0,Promising
17112,502,1,205.17,2,Lost Customers
17113,573,6,2322.59,1,At Risk
17114,5,8,808.62,0,Promising
17115,7,7,2761.4900000000002,3,Champions
17116,647,1,389.78,2,Lost Customers
17117,287,1,116.19999999999999,2,Lost Customers
17118,317,1,157.02,2,Lost Customers
17119,2,2,606.91,0,Promising
17120,232,1,307.46,2,Lost Customers
17121,402,1,314.74,2,Lost Customers
17122,118,4,570.5,1,At Risk
17123,161,3,977.17,1,At Risk
17124,184,1,298.89,2,Lost Customers
17125,49,1,259.35,2,Lost Customers
17126,151,9,2070.44,1,At Risk
17127,428,5,1155.0300000000002,1,At Risk
17128,334,1,157.09,2,Lost Customers
17129,519,1,31.85,2,Lost Customers
17131,4,5,2463.17,0,Promising
17132,451,2,1272.8,1,At Risk
17133,15,12,14622.33,3,Champions
17134,106,3,637.1,1,At Risk
17135,15,10,1738.58,3,Champions
17136,661,1,231.68,2,Lost Customers
17137,415,6,1133.63,1,At Risk
17138,275,7,4417.27,1,At Risk
17139,15,25,19584.46,3,Champions
17140,246,1,465.32,2,Lost Customers
17141,417,4,754.33,1,At Risk
17142,238,4,1283.75,1,At Risk
17143,416,2,924.11,2,Lost Customers
17144,0,2,984.57,0,Promising
17145,512,4,3120.91,1,At Risk
17146,105,13,5860.24,3,Champions
17147,22,9,3199.95,3,Champions
17148,51,1,124.88,2,Lost Customers
17149,450,1,143.10000000000002,2,Lost Customers
17150,376,6,1375.65,1,At Risk
17151,734,1,231.90000000000003,2,Lost Customers
17152,194,4,2016.5,1,At Risk
17153,23,1,213.78,0,Promising
17154,74,1,329.34,2,Lost Customers
17155,17,7,892.46,0,Promising
17156,491,1,591.87,2,Lost Customers
17157,7,19,5151.9,3,Champions
17158,31,5,1980.0,1,At Risk
17159,21,5,2099.59,0,Promising
17160,30,17,10209.16,3,Champions
17161,443,1,856.01,2,Lost Customers
17162,28,10,1715.46,3,Champions
17163,21,4,699.78,0,Promising
17164,32,7,2467.35,1,At Risk
17165,283,6,1794.32,1,At Risk
17166,38,2,206.34,0,Promising
17167,379,3,867.11,1,At Risk
17168,498,1,400.2,2,Lost Customers
17169,57,3,1156.73,0,Promising
17170,373,2,178.68,2,Lost Customers
17171,288,2,384.59,2,Lost Customers
17172,78,3,956.5699999999999,1,At Risk
17173,4,8,3766.6,3,Champions
17174,217,1,59.9,2,Lost Customers
17175,43,4,1443.69,1,At Risk
17176,201,3,902.3199999999999,1,At Risk
17177,504,1,119.5,2,Lost Customers
17178,730,1,436.71,2,Lost Customers
17179,177,6,1507.26,1,At Risk
17180,55,11,2256.98,1,At Risk
17181,56,3,309.85,0,Promising
17182,422,2,321.3,2,Lost Customers
17183,7,6,3347.31,3,Champions
17184,568,2,198.41000000000003,2,Lost Customers
17185,591,3,229.46,2,Lost Customers
17186,46,2,144.0,0,Promising
17187,226,2,467.71,2,Lost Customers
17188,10,13,4592.93,3,Champions
17189,105,5,957.63,1,At Risk
17190,58,7,1743.04,1,At Risk
17191,27,15,4325.9400000000005,3,Champions
17192,535,1,77.83,2,Lost Customers
17193,35,9,2310.04,1,At Risk
17194,273,3,812.5,1,At Risk
17195,654,1,562.98,2,Lost Customers
17196,427,1,352.9,2,Lost Customers
17197,29,1,1013.01,0,Promising
17198,23,3,692.22,0,Promising
17199,581,1,145.12,2,Lost Customers
17200,386,4,356.71,2,Lost Customers
17201,53,4,1242.04,1,At Risk
17202,420,1,160.65,2,Lost Customers
17203,35,10,5575.88,3,Champions
17204,174,9,5504.6900000000005,1,At Risk
17205,53,3,999.35,0,Promising
17206,52,1,204.24,2,Lost Customers
17207,651,1,303.21999999999997,2,Lost Customers
17208,395,1,115.35,2,Lost Customers
17209,648,3,611.6,2,Lost Customers
17210,392,1,253.37,2,Lost Customers
17211,26,13,3773.35,3,Champions
17212,252,3,794.41,1,At Risk
17213,39,13,4869.400000000001,3,Champions
17214,59,6,1069.1200000000001,1,At Risk
17215,463,1,186.15,2,Lost Customers
17216,553,1,65.05,2,Lost Customers
17217,233,2,218.0,2,Lost Customers
17218,3,18,3900.14,3,Champions
17219,31,2,259.13,0,Promising
17220,23,21,4481.75,3,Champions
17221,6,5,978.52,0,Promising
17222,64,6,1605.01,1,At Risk
17223,309,3,580.6899999999999,2,Lost Customers
17224,500,1,100.86,2,Lost Customers
17225,581,1,131.15,2,Lost Customers
17226,308,3,900.12,1,At Risk
17227,18,12,1879.78,3,Champions
17228,15,13,2821.29,3,Champions
17229,95,2,318.76,2,Lost Customers
17230,263,18,9924.95,3,Champions
17231,11,25,7197.04,3,Champions
17232,2,2,421.52,0,Promising
17233,34,3,560.86,0,Promising
17234,182,1,149.89000000000001,2,Lost Customers
17235,24,8,1562.98,1,At Risk
17236,12,12,1929.26,3,Champions
17237,10,4,1002.08,0,Promising
17238,2,32,7413.01,3,Champions
17239,312,4,1189.45,1,At Risk
17240,595,1,130.6,2,Lost Customers
17241,384,12,2744.14,1,At Risk
17242,107,5,2889.28,1,At Risk
17243,0,69,20632.96,3,Champions
17244,52,5,1826.04,1,At Risk
17245,204,2,371.63,2,Lost Customers
17246,546,2,38.92,2,Lost Customers
17247,14,1,282.19,0,Promising
17248,119,2,546.16,2,Lost Customers
17249,428,1,68.03,2,Lost Customers
17250,3,2,384.52,0,Promising
17251,362,3,812.4300000000001,1,At Risk
17252,116,2,353.86,2,Lost Customers
17253,17,1,178.26,0,Promising
17254,4,3,470.73,0,Promising
17255,40,4,799.13,0,Promising
17256,106,5,498.93,1,At Risk
17257,435,2,192.73,2,Lost Customers
17258,396,2,417.3,2,Lost Customers
17259,147,6,1507.7,1,At Risk
17260,410,1,120.95,2,Lost Customers
17261,509,1,230.44,2,Lost Customers
17262,51,11,2488.76,1,At Risk
17263,207,1,63.440000000000005,2,Lost Customers
17264,423,1,279.59,2,Lost Customers
17265,138,2,562.9,2,Lost Customers
17266,1,5,517.73,0,Promising
17267,126,2,317.62,2,Lost Customers
17268,107,11,1733.8899999999999,1,At Risk
17269,385,1,537.46,2,Lost Customers
17270,468,2,604.4,2,Lost Customers
17271,735,1,210.39,2,Lost Customers
17272,41,4,2148.63,1,At Risk
17273,423,1,141.12,2,Lost Customers
17274,34,2,577.38,0,Promising
17275,382,1,114.52,2,Lost Customers
17276,401,1,508.39,2,Lost Customers
17277,227,2,1065.3500000000001,1,At Risk
17278,240,2,271.24,2,Lost Customers
17279,57,1,187.82999999999998,2,Lost Customers
17280,437,1,118.85999999999999,2,Lost Customers
17281,373,6,797.8499999999999,1,At Risk
17282,129,5,2339.66,1,At Risk
17283,378,1,188.46,2,Lost Customers
17284,59,8,2793.16,1,At Risk
17285,627,2,428.34,2,Lost Customers
17286,21,3,395.48,0,Promising
17287,25,21,3889.26,3,Champions
17288,8,11,2499.98,3,Champions
17289,31,9,2079.39,3,Champions
17290,3,8,1501.44,3,Champions
17291,307,1,550.8000000000001,2,Lost Customers
17292,471,2,271.75,2,Lost Customers
17293,7,17,3774.23,3,Champions
17294,668,2,467.78999999999996,2,Lost Customers
17295,28,3,556.95,0,Promising
17296,729,1,338.13,2,Lost Customers
17297,16,1,131.78,0,Promising
17298,100,5,957.5600000000001,1,At Risk
17299,11,6,1016.08,0,Promising
17300,390,2,393.64,2,Lost Customers
17301,20,2,330.43,0,Promising
17302,14,5,1135.63,0,Promising
17303,360,1,250.04,2,Lost Customers
17304,533,1,111.5,2,Lost Customers
17305,648,1,2135.46,2,Lost Customers
17306,10,21,9782.35,3,Champions
17307,394,11,3999.8900000000003,1,At Risk
17308,392,2,4511.76,1,At Risk
17309,94,3,330.59000000000003,2,Lost Customers
17310,386,2,1025.1,2,Lost Customers
17311,77,6,3566.56,1,At Risk
17312,138,3,644.3,1,At Risk
17313,30,1,2328.84,0,Promising
17314,24,17,4904.43,3,Champions
17315,1,43,9650.6,3,Champions
17316,419,1,124.45,2,Lost Customers
17317,45,3,2600.34,1,At Risk
17318,724,1,164.28,2,Lost Customers
17319,668,1,29.1,2,Lost Customers
17320,99,6,2444.85,1,At Risk
17321,7,6,1741.18,0,Promising
17322,375,5,922.59,1,At Risk
17323,14,12,1565.59,3,Champions
17324,17,12,2174.82,3,Champions
17325,279,3,609.5699999999999,2,Lost Customers
17326,407,2,321.95,2,Lost Customers
17327,409,2,152.35,2,Lost Customers
17328,672,1,104.7,2,Lost Customers
17329,13,5,1004.4300000000001,0,Promising
17330,22,4,423.8,0,Promising
17331,123,1,175.2,2,Lost Customers
17332,527,5,838.27,1,At Risk
17333,85,1,494.25,2,Lost Customers
17334,301,3,635.15,2,Lost Customers
17335,383,2,508.0,2,Lost Customers
17336,471,1,81.12,2,Lost Customers
17337,150,4,2027.8700000000001,1,At Risk
17338,16,17,12142.57,3,Champions
17339,93,3,302.36,2,Lost Customers
17340,29,18,19733.55,3,Champions
17341,156,5,1376.23,1,At Risk
17342,379,4,1227.54,1,At Risk
17343,354,6,1259.94,1,At Risk
17344,45,2,468.11,0,Promising
17345,14,10,1604.68,3,Champions
17346,3,26,5176.39,3,Champions
17347,85,1,228.96,2,Lost Customers
17348,14,9,2476.41,3,Champions
17349,178,5,852.25,1,At Risk
17350,7,7,1906.041,3,Champions
17351,35,12,1988.23,3,Champions
17352,695,1,36.25,2,Lost Customers
17353,128,4,3242.0,1,At Risk
17354,50,4,3143.46,1,At Risk
17355,385,1,285.11,2,Lost Customers
17356,311,5,946.47,1,At Risk
17357,23,2,388.14,0,Promising
17358,302,5,866.05,1,At Risk
17359,10,2,284.46,0,Promising
17360,16,6,1231.3799999999999,0,Promising
17361,48,5,880.64,1,At Risk
17362,238,7,1024.04,1,At Risk
17363,394,3,940.86,1,At Risk
17364,0,28,12070.42,3,Champions
17365,12,15,8224.98,3,Champions
17366,431,2,1096.24,2,Lost Customers
17367,237,1,168.4,2,Lost Customers
17368,22,14,2826.14,3,Champions
17369,455,1,979.1999999999999,2,Lost Customers
17370,72,4,446.18,0,Promising
17371,16,6,662.55,0,Promising
17372,40,28,4377.56,3,Champions
17373,39,7,1167.5,1,At Risk
17374,218,3,727.11,1,At Risk
17375,198,4,660.55,1,At Risk
17376,70,4,453.64,0,Promising
17377,23,78,17731.11,3,Champions
17378,373,1,10.95,2,Lost Customers
17379,10,1,404.66,0,Promising
17380,433,3,645.0,2,Lost Customers
17381,8,38,36398.65,3,Champions
17382,64,8,902.28,1,At Risk
17383,3,2,309.99,0,Promising
17384,18,3,507.55,0,Promising
17385,14,1,261.11,0,Promising
17386,7,7,2812.77,3,Champions
17387,19,2,784.11,0,Promising
17388,77,11,2691.57,1,At Risk
17389,0,61,57224.68,3,Champions
17390,420,1,149.3,2,Lost Customers
17391,163,2,508.8,2,Lost Customers
17392,306,3,626.56,2,Lost Customers
17393,410,2,381.15,2,Lost Customers
17394,218,1,203.86999999999998,2,Lost Customers
17395,507,1,97.5,2,Lost Customers
17396,38,14,8409.6,3,Champions
17397,21,3,1233.18,0,Promising
17398,114,3,653.38,1,At Risk
17400,125,8,4677.05,1,At Risk
17401,540,1,114.85,2,Lost Customers
17402,4,23,4636.21,3,Champions
17403,35,2,400.57,0,Promising
17404,3,23,47781.12,3,Champions
17405,0,3,1031.41,0,Promising
17406,332,13,4202.95,1,At Risk
17407,411,1,552.9,2,Lost Customers
17408,162,3,316.09000000000003,2,Lost Customers
17409,184,10,7793.51,1,At Risk
17410,15,5,1214.72,0,Promising
17411,11,5,1425.38,0,Promising
17412,2,16,4220.22,3,Champions
17413,404,2,560.14,2,Lost Customers
17414,43,6,2249.52,1,At Risk
17415,79,1,507.84,2,Lost Customers
17416,29,22,17298.45,3,Champions
17417,548,1,164.18,2,Lost Customers
17418,41,3,670.0600000000001,0,Promising
17419,10,18,6126.25,3,Champions
17420,49,6,953.58,1,At Risk
17421,385,3,1059.41,1,At Risk
17422,15,11,3594.76,3,Champions
17423,45,3,1118.95,0,Promising
17425,18,2,759.17,0,Promising
17426,7,13,8077.77,3,Champions
17427,71,1,100.8,2,Lost Customers
17428,0,45,31466.760000000002,3,Champions
17429,127,5,1357.46,1,At Risk
17430,32,4,622.57,0,Promising
17431,312,1,403.3,2,Lost Customers
17432,17,9,1751.39,3,Champions
17433,87,2,569.96,0,Promising
17434,1,7,2373.82,3,Champions
17435,410,1,331.35,2,Lost Customers
17436,1,5,534.06,0,Promising
17437,529,1,373.17,2,Lost Customers
17438,253,5,1422.77,1,At Risk
17439,655,1,325.74,2,Lost Customers
17440,156,4,323.58,2,Lost Customers
17441,731,1,293.35,2,Lost Customers
17442,36,15,4620.3,3,Champions
17443,219,1,534.24,2,Lost Customers
17444,147,3,2940.04,1,At Risk
17446,176,2,120.9,2,Lost Customers
17447,39,2,541.53,0,Promising
17448,496,46,14556.97,3,Champions
17449,1,13,4951.15,3,Champions
17450,7,51,244944.25,3,Champions
17451,0,7,1721.4,3,Champions
17453,17,2,486.71999999999997,0,Promising
17454,191,10,1547.94,1,At Risk
17455,203,1,131.7,2,Lost Customers
17456,364,2,975.5600000000001,2,Lost Customers
17457,126,14,5984.8099999999995,3,Champions
17458,14,2,529.58,0,Promising
17459,42,2,657.3,0,Promising
17460,93,16,2157.9700000000003,1,At Risk
17461,22,3,757.46,0,Promising
17462,59,2,675.69,0,Promising
17463,15,7,2557.91,3,Champions
17464,157,3,1000.94,1,At Risk
17465,425,7,2542.79,1,At Risk
17466,9,2,763.28,0,Promising
17467,394,1,102.6,2,Lost Customers
17468,9,3,194.8,0,Promising
17469,15,17,5051.25,3,Champions
17470,44,11,2626.47,3,Champions
17471,474,1,321.65000000000003,2,Lost Customers
17472,190,4,935.1,1,At Risk
17473,408,2,607.0,2,Lost Customers
17474,599,1,1047.0,2,Lost Customers
17475,78,1,194.37,2,Lost Customers
17476,395,2,489.86,2,Lost Customers
17477,612,2,1144.3,2,Lost Customers
17478,407,2,1272.8,1,At Risk
17479,632,1,389.26000000000005,2,Lost Customers
17480,77,2,902.03,0,Promising
17481,3,4,1255.59,0,Promising
17482,486,2,778.19,2,Lost Customers
17483,64,4,591.73,0,Promising
17484,575,2,209.57,2,Lost Customers
17486,260,1,396.87,2,Lost Customers
17487,727,1,160.55,2,Lost Customers
17488,640,1,336.5,2,Lost Customers
17489,58,2,376.64,0,Promising
17490,0,9,2750.5,3,Champions
17491,0,17,5653.67,3,Champions
17492,247,3,1122.42,1,At Risk
17493,384,1,100.91000000000001,2,Lost Customers
17494,501,1,54.699999999999996,2,Lost Customers
17495,7,3,806.72,0,Promising
17496,358,4,1412.89,1,At Risk
17497,389,2,287.25,2,Lost Customers
17498,75,1,272.22,2,Lost Customers
17499,289,2,1341.39,1,At Risk
17500,16,3,1138.0,0,Promising
17501,220,2,288.6,2,Lost Customers
17502,8,4,689.1,0,Promising
17503,2,2,558.96,0,Promising
17504,205,18,9565.12,3,Champions
17505,161,5,2435.48,1,At Risk
17506,75,1,302.2,2,Lost Customers
17507,261,2,605.58,2,Lost Customers
17508,280,8,4579.23,1,At Risk
17509,57,8,6115.14,3,Champions
17510,24,2,514.56,0,Promising
17511,2,60,172132.87,3,Champions
17512,28,18,5467.820000000001,3,Champions
17513,71,3,1158.8,1,At Risk
17514,127,2,542.83,2,Lost Customers
17515,30,9,1617.46,1,At Risk
17516,14,6,957.55,0,Promising
17517,308,1,153.94,2,Lost Customers
17518,425,2,329.42,2,Lost Customers
17519,16,15,4774.17,3,Champions
17520,53,1,546.81,0,Promising
17521,29,5,1278.06,0,Promising
17522,1,5,1070.71,0,Promising
17523,10,4,652.74,0,Promising
17524,360,3,539.14,2,Lost Customers
17525,359,3,1161.9,1,At Risk
17526,4,12,3939.24,3,Champions
17527,53,4,939.37,0,Promising
17528,0,8,3628.5,3,Champions
17529,609,2,1240.25,1,At Risk
17530,0,12,2840.87,3,Champions
17531,189,3,1266.82,1,At Risk
17532,385,1,65.34,2,Lost Customers
17533,434,1,34.8,2,Lost Customers
17534,53,5,1668.83,1,At Risk
17535,279,1,164.4,2,Lost Customers
17536,176,3,364.83,2,Lost Customers
17537,29,2,897.62,0,Promising
17538,25,1,98.42,0,Promising
17539,617,4,1226.57,1,At Risk
17540,24,6,1590.6000000000001,0,Promising
17541,509,1,124.46,2,Lost Customers
17542,269,3,341.7,2,Lost Customers
17543,549,1,120.05,2,Lost Customers
17544,389,3,960.69,1,At Risk
17545,42,6,1448.54,1,At Risk
17547,375,2,727.85,2,Lost Customers
17548,233,4,731.26,1,At Risk
17549,23,2,148.86,0,Promising
17550,196,9,2547.64,1,At Risk
17551,358,1,306.84,2,Lost Customers
17552,59,12,2786.77,3,Champions
17553,129,4,3757.6,1,At Risk
17554,0,5,1952.45,0,Promising
17555,19,5,1057.74,0,Promising
17556,205,2,300.67,2,Lost Customers
17557,13,4,575.46,0,Promising
17558,392,1,259.17,2,Lost Customers
17559,512,1,167.62,2,Lost Customers
17560,94,8,1895.8,1,At Risk
17561,18,4,722.34,0,Promising
17562,13,7,1122.38,0,Promising
17563,577,2,392.38,2,Lost Customers
17564,23,3,454.01,0,Promising
17565,586,1,131.83,2,Lost Customers
17566,7,2,901.21,0,Promising
17567,6,9,4838.08,3,Champions
17568,632,1,382.79,2,Lost Customers
17569,331,1,344.14,2,Lost Customers
17570,381,1,100.0,2,Lost Customers
17571,49,5,1703.75,1,At Risk
17572,70,10,652.21,1,At Risk
17573,28,3,380.6,0,Promising
17574,242,1,185.65,2,Lost Customers
17575,666,1,171.7,2,Lost Customers
17576,7,41,8937.16,3,Champions
17577,644,2,348.75,2,Lost Customers
17578,217,7,1047.33,1,At Risk
17579,4,4,753.28,0,Promising
17580,252,5,545.27,1,At Risk
17581,0,43,17970.97,3,Champions
17582,235,5,1450.7,1,At Risk
17583,559,1,135.95,2,Lost Customers
17584,6,6,5309.42,3,Champions
17585,108,7,2093.3,1,At Risk
17586,618,1,167.4,2,Lost Customers
17587,627,1,181.66,2,Lost Customers
17588,99,7,2939.55,1,At Risk
17589,59,18,14049.87,3,Champions
17590,1,3,1479.22,0,Promising
17591,72,8,2370.07,1,At Risk
17592,738,1,148.3,2,Lost Customers
17593,3,11,8095.8,3,Champions
17594,84,4,2497.88,1,At Risk
17595,11,2,388.79,0,Promising
17596,22,13,4528.05,3,Champions
17597,213,5,3484.09,1,At Risk
17598,380,1,409.98,2,Lost Customers
17599,477,1,52.05,2,Lost Customers
17600,17,1,161.67000000000002,0,Promising
17601,238,2,421.48,2,Lost Customers
17602,1,14,7451.13,3,Champions
17603,77,4,1793.48,1,At Risk
17604,216,6,945.9300000000001,1,At Risk
17605,589,1,160.75,2,Lost Customers
17606,736,1,87.30000000000001,2,Lost Customers
17607,375,1,333.81,2,Lost Customers
17608,32,4,498.53,0,Promising
17609,40,11,1894.34,3,Champions
17610,539,5,1529.49,1,At Risk
17611,6,28,8371.98,3,Champions
17612,52,18,5394.86,3,Champions
17613,22,14,4559.150000000001,3,Champions
17614,56,1,390.07,0,Promising
17615,129,6,733.2,1,At Risk
17616,173,4,734.4,1,At Risk
17617,558,1,395.33,2,Lost Customers
17618,5,11,4073.2400000000002,3,Champions
17619,311,1,218.52,2,Lost Customers
17620,59,1,81.44,2,Lost Customers
17621,20,6,3175.12,3,Champions
17622,597,2,1130.21,2,Lost Customers
17623,32,7,2383.67,1,At Risk
17624,14,4,1568.63,0,Promising
17625,17,8,6067.8,3,Champions
17626,602,1,254.0,2,Lost Customers
17627,478,1,296.36,2,Lost Customers
17628,80,1,75.75,2,Lost Customers
17629,5,10,2455.52,3,Champions
17630,169,2,503.59999999999997,2,Lost Customers
17631,1,7,998.49,0,Promising
17633,30,7,2057.39,1,At Risk
17634,35,9,2361.9700000000003,3,Champions
17635,423,3,1265.58,1,At Risk
17636,18,1,285.56,0,Promising
17637,30,2,547.0600000000001,0,Promising
17638,646,2,842.4,2,Lost Customers
17639,275,6,615.17,1,At Risk
17640,86,6,3168.94,1,At Risk
17642,119,5,1824.49,1,At Risk
17643,372,2,439.7,2,Lost Customers
17644,0,20,6028.6,3,Champions
17646,218,12,3898.79,1,At Risk
17647,64,3,331.65999999999997,0,Promising
17648,60,5,2216.37,1,At Risk
17649,137,3,1578.89,1,At Risk
17650,20,1,166.08,0,Promising
17651,11,16,5703.52,3,Champions
17652,24,12,4867.72,3,Champions
17653,36,4,1207.56,0,Promising
17654,276,1,117.55,2,Lost Customers
17655,10,9,2976.38,3,Champions
17656,72,5,1674.69,1,At Risk
17657,429,1,126.0,2,Lost Customers
17658,25,2,595.42,0,Promising
17659,16,14,3586.9900000000002,3,Champions
17660,140,2,359.47,2,Lost Customers
17662,661,2,412.92,2,Lost Customers
17663,25,17,5175.83,3,Champions
17664,18,4,1166.23,0,Promising
17665,492,1,563.1,2,Lost Customers
17666,3,5,2047.8,0,Promising
17667,65,9,3950.7,1,At Risk
17668,0,2,347.75,0,Promising
17669,42,10,6142.35,3,Champions
17670,227,1,205.7,2,Lost Customers
17671,15,5,2009.16,0,Promising
17672,49,7,5778.63,1,At Risk
17673,1,13,4233.58,3,Champions
17674,73,2,551.04,0,Promising
17675,0,70,37642.48,3,Champions
17676,3,10,2465.14,3,Champions
17677,1,54,35076.31,3,Champions
17678,263,2,599.76,2,Lost Customers
17679,52,7,3577.61,1,At Risk
17680,23,3,497.45,0,Promising
17681,596,5,731.2,1,At Risk
17682,9,11,4065.28,3,Champions
17683,385,3,819.01,1,At Risk
17684,43,1,239.41,0,Promising
17685,16,12,5490.65,3,Champions
17686,6,9,8296.81,3,Champions
17687,420,1,432.68,2,Lost Customers
17688,393,1,304.2,2,Lost Customers
17689,387,2,317.08,2,Lost Customers
17690,29,20,6999.900000000001,3,Champions
17691,357,4,637.5500000000001,1,At Risk
17692,126,12,2975.8,1,At Risk
17693,136,1,200.47,2,Lost Customers
17694,141,3,1695.97,1,At Risk
17695,131,5,1746.04,1,At Risk
17696,37,27,7679.59,3,Champions
17697,235,1,338.95,2,Lost Customers
17698,260,1,154.95,2,Lost Customers
17699,476,2,442.0,2,Lost Customers
17700,16,14,6679.97,3,Champions
17701,252,1,417.95,2,Lost Customers
17702,29,6,3144.04,1,At Risk
17703,34,4,1094.84,0,Promising
17704,168,2,885.19,1,At Risk
17705,2,11,2083.9,3,Champions
17706,3,31,20272.15,3,Champions
17707,184,8,609.3000000000001,1,At Risk
17708,187,4,887.9300000000001,1,At Risk
17709,169,5,671.01,1,At Risk
17710,423,1,293.5,2,Lost Customers
17711,10,2,385.1,0,Promising
17712,44,1,522.91,0,Promising
17713,381,4,1198.09,1,At Risk
17714,320,5,1410.18,1,At Risk
17715,200,2,489.59999999999997,2,Lost Customers
17716,22,24,15956.97,3,Champions
17717,420,1,376.92,2,Lost Customers
17718,231,2,439.18,2,Lost Customers
17719,37,15,5396.04,3,Champions
17720,25,10,2666.91,3,Champions
17721,658,1,307.21000000000004,2,Lost Customers
17722,95,5,3520.2200000000003,1,At Risk
17723,126,7,3378.4000000000005,1,At Risk
17724,70,3,1033.0,1,At Risk
17725,15,11,3439.08,3,Champions
17726,394,7,1092.06,1,At Risk
17727,14,1,1060.25,0,Promising
17728,3,5,4238.76,3,Champions
17729,595,1,438.65000000000003,2,Lost Customers
17730,2,20,7773.8,3,Champions
17731,78,6,1708.99,1,At Risk
17732,372,8,2166.42,1,At Risk
17733,38,2,692.19,0,Promising
17734,53,6,1442.32,1,At Risk
17735,1,26,16790.33,3,Champions
17736,8,3,377.44,0,Promising
17737,8,2,168.24,0,Promising
17738,18,13,4183.56,3,Champions
17739,11,18,7730.59,3,Champions
17740,388,6,426.9,1,At Risk
17741,406,2,101.1,2,Lost Customers
17742,112,11,2098.48,1,At Risk
17743,447,1,229.2,2,Lost Customers
17744,3,7,2649.14,3,Champions
17745,477,2,600.34,2,Lost Customers
17746,239,4,904.1800000000001,1,At Risk
17747,112,1,71.4,2,Lost Customers
17748,526,1,358.15,2,Lost Customers
17749,177,3,1026.18,1,At Risk
17750,4,9,1797.57,3,Champions
17751,420,1,157.85999999999999,2,Lost Customers
17752,358,1,80.64,2,Lost Customers
17753,463,4,390.56,2,Lost Customers
17754,0,13,4577.53,3,Champions
17756,375,3,733.7,1,At Risk
17757,0,56,9130.0,3,Champions
17758,18,12,5012.53,3,Champions
17759,16,5,1276.91,0,Promising
17760,21,6,746.39,0,Promising
17761,32,1,712.78,0,Promising
17762,455,1,129.75,2,Lost Customers
17763,262,4,86.15,2,Lost Customers
17764,50,5,1623.64,1,At Risk
17765,158,4,530.8,1,At Risk
17766,380,2,299.61,2,Lost Customers
17767,14,2,413.05,0,Promising
17768,7,7,3509.51,3,Champions
17769,12,17,7103.08,3,Champions
17770,198,5,1143.27,1,At Risk
17771,56,4,387.41,0,Promising
17772,10,3,384.77,0,Promising
17773,513,2,585.27,2,Lost Customers
17774,96,9,3328.05,1,At Risk
17775,254,1,56.4,2,Lost Customers
17776,386,2,338.56,2,Lost Customers
17777,24,3,665.86,0,Promising
17778,661,1,197.70000000000002,2,Lost Customers
17779,20,3,658.57,0,Promising
17780,666,3,352.91,2,Lost Customers
17781,158,2,188.02,2,Lost Customers
17782,382,2,679.02,2,Lost Customers
17783,71,3,379.91,0,Promising
17784,549,1,112.86,2,Lost Customers
17785,52,3,403.38,0,Promising
17786,84,2,278.74,2,Lost Customers
17787,152,4,1865.19,1,At Risk
17788,73,2,1117.9,0,Promising
17789,280,2,397.15,2,Lost Customers
17790,26,20,2783.61,3,Champions
17791,29,1,106.1,0,Promising
17792,466,2,370.05,2,Lost Customers
17793,24,1,323.04,0,Promising
17794,686,2,147.3,2,Lost Customers
17795,179,2,350.39,2,Lost Customers
17796,39,7,1247.34,1,At Risk
17797,21,8,1985.87,3,Champions
17798,581,1,183.09,2,Lost Customers
17799,21,20,6341.89,3,Champions
17800,36,9,1199.01,1,At Risk
17801,450,3,798.3299999999999,1,At Risk
17802,81,10,4952.92,1,At Risk
17803,391,1,184.66,2,Lost Customers
17804,375,3,385.23,2,Lost Customers
17805,73,2,927.03,0,Promising
17806,10,1,546.04,0,Promising
17807,394,3,437.87,2,Lost Customers
17808,548,4,262.64,2,Lost Customers
17809,15,20,10085.89,3,Champions
17810,668,2,374.81,2,Lost Customers
17811,3,47,9609.8,3,Champions
17812,12,7,948.34,0,Promising
17813,13,5,1770.8799999999999,0,Promising
17814,374,2,1617.32,1,At Risk
17815,392,1,591.96,2,Lost Customers
17816,36,6,96.11,0,Promising
17817,3,6,807.85,0,Promising
17818,737,1,130.18,2,Lost Customers
17819,71,12,6021.05,3,Champions
17820,373,1,183.56,2,Lost Customers
17821,405,1,334.62,2,Lost Customers
17822,419,5,2188.5,1,At Risk
17823,420,2,494.25,2,Lost Customers
17824,50,1,298.4,0,Promising
17825,598,4,731.96,1,At Risk
17826,373,1,134.59,2,Lost Customers
17827,4,6,2388.05,3,Champions
17828,22,4,1820.09,0,Promising
17829,298,5,4756.74,1,At Risk
17830,1,3,398.7,0,Promising
17831,32,1,35.400000000000006,2,Lost Customers
17832,49,1,155.37,2,Lost Customers
17833,722,1,342.36,2,Lost Customers
17834,414,2,730.47,2,Lost Customers
17835,2,3,350.64,0,Promising
17836,46,1,110.21000000000001,2,Lost Customers
17837,41,8,1593.38,1,At Risk
17838,26,13,5787.34,3,Champions
17839,41,1,338.8,0,Promising
17840,443,1,185.72,2,Lost Customers
17841,1,211,69342.51,3,Champions
17842,601,1,430.69,2,Lost Customers
17843,302,2,326.23,2,Lost Customers
17844,106,1,51.559999999999995,2,Lost Customers
17845,554,4,598.19,1,At Risk
17846,84,1,2033.1,1,At Risk
17847,515,2,129.69,2,Lost Customers
17848,80,30,3650.9,3,Champions
17849,217,8,1063.76,1,At Risk
17850,371,155,51208.87,3,Champions
17851,421,6,1563.34,1,At Risk
17852,11,5,663.21,0,Promising
17853,406,3,1608.19,1,At Risk
17854,184,6,1071.45,1,At Risk
17855,372,1,208.97,2,Lost Customers
17856,1,4,1418.03,0,Promising
17857,3,24,27347.04,3,Champions
17858,5,30,12546.4,3,Champions
17859,304,1,148.21,2,Lost Customers
17860,368,4,762.74,1,At Risk
17861,2,18,5127.69,3,Champions
17862,323,4,1279.09,1,At Risk
17863,58,12,5360.48,3,Champions
17864,12,5,924.32,0,Promising
17865,30,46,26374.39,3,Champions
17866,142,3,1134.95,1,At Risk
17867,29,15,1621.2800000000002,3,Champions
17868,385,1,234.65,2,Lost Customers
17869,106,7,821.84,1,At Risk
17870,1,13,2781.75,3,Champions
17871,204,5,1118.99,1,At Risk
17872,381,1,235.87,2,Lost Customers
17873,79,18,6300.7300000000005,3,Champions
17874,184,6,683.46,1,At Risk
17875,687,1,167.1,2,Lost Customers
17876,399,3,3424.02,1,At Risk
17877,169,1,237.61,2,Lost Customers
17878,43,3,1412.33,0,Promising
17879,173,1,178.51999999999998,2,Lost Customers
17880,364,3,824.9200000000001,1,At Risk
17881,303,1,133.35000000000002,2,Lost Customers
17882,378,2,313.46,2,Lost Customers
17883,2,7,995.85,0,Promising
17884,3,20,2748.27,3,Champions
17885,11,1,190.19,0,Promising
17886,31,6,1608.38,1,At Risk
17887,128,1,111.35,2,Lost Customers
17888,20,25,1820.44,3,Champions
17889,211,7,774.87,1,At Risk
17890,322,2,602.09,2,Lost Customers
17891,161,1,203.85999999999999,2,Lost Customers
17892,55,3,244.1,0,Promising
17893,224,1,112.25,2,Lost Customers
17894,71,18,2346.61,3,Champions
17895,43,1,98.0,2,Lost Customers
17896,22,1,256.32,0,Promising
17897,172,9,2150.38,1,At Risk
17898,84,4,299.18,0,Promising
17899,158,1,155.8,2,Lost Customers
17900,189,2,112.19999999999999,2,Lost Customers
17901,28,3,260.08,0,Promising
17902,546,1,216.39999999999998,2,Lost Customers
17903,393,1,381.09000000000003,2,Lost Customers
17904,20,1,191.67,0,Promising
17905,70,13,2181.77,1,At Risk
17906,246,1,72.9,2,Lost Customers
17907,640,1,291.76,2,Lost Customers
17908,373,5,1168.26,1,At Risk
17909,736,1,132.55,2,Lost Customers
17910,725,1,261.7,2,Lost Customers
17911,8,1,366.23,0,Promising
17912,309,6,375.5,1,At Risk
17913,58,14,3479.64,3,Champions
17914,3,1,336.43,0,Promising
17915,550,1,242.13,2,Lost Customers
17916,628,2,43.87,2,Lost Customers
17917,44,3,341.28,0,Promising
17918,500,3,396.39,2,Lost Customers
17919,87,2,1840.32,1,At Risk
17920,3,54,23780.55,3,Champions
17921,63,10,2423.5,1,At Risk
17922,542,1,170.4,2,Lost Customers
17923,281,3,497.0,2,Lost Customers
17924,11,8,3257.7000000000003,3,Champions
17925,372,1,244.08,2,Lost Customers
17926,132,5,1035.49,1,At Risk
17927,721,1,294.0,2,Lost Customers
17928,44,3,341.24,0,Promising
17929,10,12,3082.1,3,Champions
17930,35,13,4275.22,3,Champions
17931,133,14,3437.29,1,At Risk
17932,28,3,1331.57,0,Promising
17933,631,1,114.69,2,Lost Customers
17934,51,3,1049.15,0,Promising
17935,137,7,686.14,1,At Risk
17936,4,1,389.84,0,Promising
17937,8,7,4301.22,3,Champions
17938,419,1,144.29,2,Lost Customers
17939,159,1,99.14,2,Lost Customers
17940,48,16,30393.19,3,Champions
17941,130,4,1433.28,1,At Risk
17942,7,1,77.50000000000001,0,Promising
17944,422,1,75.41,2,Lost Customers
17945,696,3,360.35,2,Lost Customers
17946,232,2,149.57999999999998,2,Lost Customers
17947,36,1,176.68,0,Promising
17948,146,1,358.56000000000006,2,Lost Customers
17949,0,118,117314.08,3,Champions
17950,71,7,1169.64,1,At Risk
17951,39,4,1340.5800000000002,0,Promising
17952,377,4,819.61,1,At Risk
17953,539,1,160.82,2,Lost Customers
17954,4,19,3837.37,3,Champions
17955,198,6,949.9,1,At Risk
17956,248,1,12.75,2,Lost Customers
17957,65,1,111.68,2,Lost Customers
17958,116,2,973.88,1,At Risk
17959,591,1,140.75,2,Lost Customers
17960,170,3,135.08,2,Lost Customers
17961,20,100,2867.99,3,Champions
17962,141,4,687.42,1,At Risk
17963,470,4,651.51,1,At Risk
17964,31,2,471.7,0,Promising
17965,37,29,7084.18,3,Champions
17966,37,10,1974.42,1,At Risk
17967,371,2,234.22,2,Lost Customers
17968,373,4,610.6899999999999,1,At Risk
17969,165,20,2369.94,1,At Risk
17970,210,1,582.59,2,Lost Customers
17971,547,1,161.94,2,Lost Customers
17972,241,1,136.04,2,Lost Customers
17973,51,1,337.04,0,Promising
17974,24,6,1858.06,0,Promising
17975,14,24,6714.7300000000005,3,Champions
17976,371,1,353.19,2,Lost Customers
17977,28,2,1565.6299999999999,0,Promising
17978,364,4,1160.84,1,At Risk
17979,35,4,757.71,0,Promising
17980,165,4,1033.42,1,At Risk
17981,410,1,239.12,2,Lost Customers
17982,680,1,138.18,2,Lost Customers
17983,394,1,171.71,2,Lost Customers
17984,144,5,1191.27,1,At Risk
17985,21,1,634.95,0,Promising
17986,55,1,20.8,2,Lost Customers
17987,184,5,1003.64,1,At Risk
17988,11,14,489.54,0,Promising
17989,378,1,228.82999999999998,2,Lost Customers
17990,236,6,1527.6100000000001,1,At Risk
17991,224,3,320.55,2,Lost Customers
17992,388,1,254.13,2,Lost Customers
17993,616,1,235.19,2,Lost Customers
17994,121,11,2313.32,1,At Risk
17995,281,3,495.48,2,Lost Customers
17996,379,3,482.33,2,Lost Customers
17997,73,8,1970.6699999999998,1,At Risk
17998,379,3,639.24,2,Lost Customers
17999,36,3,540.5600000000001,0,Promising
18000,563,1,124.25,2,Lost Customers
18001,11,6,953.84,0,Promising
18002,375,4,249.92,2,Lost Customers
18003,375,1,358.61,2,Lost Customers
18004,361,1,169.47,2,Lost Customers
18005,3,2,249.72,0,Promising
18006,22,4,997.86,0,Promising
18007,392,1,220.32,2,Lost Customers
18008,69,23,19787.13,3,Champions
18009,234,8,2155.83,1,At Risk
18010,256,1,174.8,2,Lost Customers
18011,372,2,424.24,2,Lost Customers
18012,722,1,115.3,2,Lost Customers
18013,154,2,187.29,2,Lost Customers
18014,27,1,166.42,0,Promising
18015,3,1,120.03,0,Promising
18016,31,7,1960.46,1,At Risk
18017,80,4,688.0,1,At Risk
18018,107,4,297.99,2,Lost Customers
18019,51,1,38.45,2,Lost Customers
18020,543,1,190.48000000000002,2,Lost Customers
18021,509,2,227.06,2,Lost Customers
18022,35,5,1651.79,1,At Risk
18024,152,2,389.78,2,Lost Customers
18025,379,6,1177.72,1,At Risk
18026,500,2,2074.07,1,At Risk
18027,98,1,115.31,2,Lost Customers
18028,582,1,192.05,2,Lost Customers
18029,641,1,433.77,2,Lost Customers
18030,3,2,230.64999999999998,0,Promising
18031,378,1,462.09999999999997,2,Lost Customers
18032,333,1,73.5,2,Lost Customers
18033,64,1,97.97,2,Lost Customers
18034,21,3,793.7,0,Promising
18035,35,5,1276.74,0,Promising
18036,31,11,1563.6399999999999,3,Champions
18037,153,15,167.42,1,At Risk
18038,555,1,149.41,2,Lost Customers
18039,373,4,579.17,1,At Risk
18040,18,2,357.20000000000005,0,Promising
18041,11,38,8118.09,3,Champions
18042,53,2,281.15,0,Promising
18043,24,3,559.51,0,Promising
18044,3,18,3505.61,3,Champions
18045,44,1,189.4,2,Lost Customers
18046,649,1,189.63,2,Lost Customers
18047,380,2,342.69,2,Lost Customers
18048,202,3,401.73,2,Lost Customers
18049,436,2,556.52,2,Lost Customers
18050,358,2,412.06,2,Lost Customers
18051,633,7,2282.28,1,At Risk
18052,564,1,10877.18,1,At Risk
18053,70,3,571.07,0,Promising
18054,392,1,176.5,2,Lost Customers
18055,6,14,10195.09,3,Champions
18056,287,2,554.6,2,Lost Customers
18057,392,3,1203.56,1,At Risk
18058,9,3,774.06,0,Promising
18059,22,3,306.46,0,Promising
18060,407,2,1185.46,1,At Risk
18061,21,28,6083.81,3,Champions
18062,172,6,1632.67,1,At Risk
18063,390,2,186.60000000000002,2,Lost Customers
18064,132,11,4495.03,1,At Risk
18065,5,29,5866.63,3,Champions
18066,74,3,1440.4,1,At Risk
18067,39,1,396.33,0,Promising
18068,288,1,101.69999999999999,2,Lost Customers
18069,25,11,4540.56,3,Champions
18070,668,1,314.1,2,Lost Customers
18071,257,6,1169.68,1,At Risk
18072,185,1,247.44,2,Lost Customers
18073,113,12,3877.5200000000004,1,At Risk
18074,373,2,1019.44,2,Lost Customers
18075,22,20,5783.29,3,Champions
18076,379,1,151.49,2,Lost Customers
18077,7,18,4133.69,3,Champions
18078,216,4,844.6,1,At Risk
18079,44,5,4242.75,1,At Risk
18080,18,2,1231.5,0,Promising
18081,35,3,343.45,0,Promising
18082,25,1,703.37,0,Promising
18083,397,1,470.72999999999996,2,Lost Customers
18084,15,3,812.93,0,Promising
18085,329,4,1341.8500000000001,1,At Risk
18086,273,1,101.34,2,Lost Customers
18087,97,17,14761.519999999999,3,Champions
18088,60,1,167.67000000000002,2,Lost Customers
18089,446,1,428.45,2,Lost Customers
18090,421,1,349.4,2,Lost Customers
18091,592,1,360.85,2,Lost Customers
18092,1,18,14693.72,3,Champions
18093,92,8,4452.71,1,At Risk
18094,81,13,6391.52,3,Champions
18095,312,5,2303.09,1,At Risk
18096,11,6,1805.28,0,Promising
18097,7,11,4663.32,3,Champions
18098,395,1,550.84,2,Lost Customers
18099,126,1,168.31,2,Lost Customers
18100,549,1,451.56,2,Lost Customers
18101,10,5,629.16,0,Promising
18102,0,145,580987.04,3,Champions
18103,548,1,105.8,2,Lost Customers
18104,36,1,754.64,0,Promising
18105,37,1,113.48000000000002,2,Lost Customers
18106,329,6,1461.46,1,At Risk
18107,441,1,167.13,2,Lost Customers
18108,253,3,848.8100000000001,1,At Risk
18109,1,38,9616.51,3,Champions
18110,19,2,435.43,0,Promising
18111,588,1,405.85,2,Lost Customers
18112,11,4,775.96,0,Promising
18113,368,1,76.32000000000001,2,Lost Customers
18114,289,1,220.1,2,Lost Customers
18115,697,1,9.700000000000001,2,Lost Customers
18116,67,13,2154.3,1,At Risk
18117,25,1,320.72,0,Promising
18118,10,29,6257.36,3,Champions
18119,367,1,181.12,2,Lost Customers
18120,213,1,111.15,2,Lost Customers
18121,148,2,673.1,2,Lost Customers
18122,7,6,1826.21,0,Promising
18123,23,3,684.59,0,Promising
18124,471,1,111.53,2,Lost Customers
18125,29,4,1142.99,0,Promising
18126,60,1,206.82999999999998,2,Lost Customers
18127,18,4,561.53,0,Promising
18128,536,1,420.04,2,Lost Customers
18129,242,1,112.55000000000001,2,Lost Customers
18130,14,3,1059.39,0,Promising
18131,631,1,222.95999999999998,2,Lost Customers
18132,503,1,226.9,2,Lost Customers
18133,211,1,931.4999999999999,2,Lost Customers
18134,597,2,445.0,2,Lost Customers
18135,28,10,1249.6200000000001,1,At Risk
18136,62,5,1631.3600000000001,1,At Risk
18137,550,2,145.99,2,Lost Customers
18138,294,1,152.65,2,Lost Customers
18139,17,6,8438.34,3,Champions
18140,473,1,536.41,2,Lost Customers
18141,401,2,882.47,2,Lost Customers
18142,156,2,1019.52,1,At Risk
18143,116,2,1000.16,1,At Risk
18144,7,19,4892.95,3,Champions
18145,12,11,5617.79,3,Champions
18146,140,2,160.35000000000002,2,Lost Customers
18147,45,2,179.33999999999997,0,Promising
18148,646,1,114.10000000000001,2,Lost Customers
18149,50,7,1624.71,1,At Risk
18150,31,3,566.58,0,Promising
18151,134,6,1879.44,1,At Risk
18152,645,1,426.69,2,Lost Customers
18153,658,1,246.22,2,Lost Customers
18154,2,5,932.6,0,Promising
18155,74,3,371.62,0,Promising
18156,12,2,734.94,0,Promising
18157,570,1,215.35,2,Lost Customers
18158,8,2,453.4,0,Promising
18159,300,1,530.15,2,Lost Customers
18160,56,3,1003.88,0,Promising
18161,14,6,1803.1000000000001,0,Promising
18162,731,1,379.16,2,Lost Customers
18163,583,1,728.84,2,Lost Customers
18164,36,1,399.65000000000003,0,Promising
18165,176,1,302.46000000000004,2,Lost Customers
18166,623,1,175.5,2,Lost Customers
18167,22,3,1384.8600000000001,0,Promising
18168,175,16,3506.97,1,At Risk
18169,60,1,202.65,2,Lost Customers
18170,32,9,2878.0,3,Champions
18171,58,9,2437.31,1,At Risk
18172,14,52,17479.84,3,Champions
18173,86,5,2696.36,1,At Risk
18174,6,2,162.5,0,Promising
18175,675,1,176.1,2,Lost Customers
18176,357,1,476.35,2,Lost Customers
18177,30,9,2216.87,3,Champions
18178,128,11,6103.74,1,At Risk
18179,8,8,2547.55,3,Champions
18180,4,6,1843.75,0,Promising
18181,23,5,1205.94,0,Promising
18182,462,1,291.13,2,Lost Customers
18183,226,2,632.07,2,Lost Customers
18184,14,1,49.8,0,Promising
18185,248,1,304.25,2,Lost Customers
18186,722,1,329.58,2,Lost Customers
18187,631,1,724.89,2,Lost Customers
18188,14,6,3280.59,3,Champions
18189,77,3,1403.73,1,At Risk
18190,191,5,745.62,1,At Risk
18191,261,2,529.4,2,Lost Customers
18192,71,1,957.97,0,Promising
18193,164,3,1207.35,1,At Risk
18194,81,6,4162.04,1,At Risk
18195,386,1,101.16,2,Lost Customers
18196,94,4,1464.31,1,At Risk
18197,575,1,230.1,2,Lost Customers
18198,3,17,5425.56,3,Champions
18199,683,1,344.75,2,Lost Customers
18200,105,1,163.8,2,Lost Customers
18201,722,1,447.53000000000003,2,Lost Customers
18202,199,3,1396.99,1,At Risk
18203,156,4,504.42,1,At Risk
18204,70,3,1993.7,1,At Risk
18205,35,2,517.36,0,Promising
18206,552,1,314.65999999999997,2,Lost Customers
18207,498,1,544.47,2,Lost Customers
18208,565,1,360.08,2,Lost Customers
18209,28,1,139.10000000000002,0,Promising
18210,1,7,2768.83,3,Champions
18211,25,5,600.07,0,Promising
18212,325,2,546.72,2,Lost Customers
18213,236,1,232.48000000000002,2,Lost Customers
18214,530,4,1780.34,1,At Risk
18215,88,5,2247.4900000000002,1,At Risk
18216,30,1,481.75,0,Promising
18217,28,4,945.04,0,Promising
18218,210,4,1142.0,1,At Risk
18219,2,17,3352.7000000000003,3,Champions
18220,226,6,1921.76,1,At Risk
18221,21,6,1424.94,0,Promising
18222,92,1,443.0,2,Lost Customers
18223,4,26,14000.85,3,Champions
18224,263,1,158.95000000000002,2,Lost Customers
18225,2,26,13024.26,3,Champions
18226,43,26,11878.88,3,Champions
18227,217,2,388.75,2,Lost Customers
18228,56,2,779.9,0,Promising
18229,11,28,10150.51,3,Champions
18230,8,9,4291.06,3,Champions
18231,191,28,6880.97,3,Champions
18232,81,4,592.97,1,At Risk
18233,325,1,440.0,2,Lost Customers
18234,551,1,179.6,2,Lost Customers
18235,71,3,1796.48,1,At Risk
18236,29,12,1795.3500000000001,3,Champions
18237,2,5,987.1,0,Promising
18238,514,1,270.92,2,Lost Customers
18239,218,6,1712.26,1,At Risk
18240,45,1,422.58,0,Promising
18241,9,21,2986.9900000000002,3,Champions
18242,71,8,3605.21,1,At Risk
18243,413,1,515.78,2,Lost Customers
18244,430,2,568.64,2,Lost Customers
18245,6,20,6324.9800000000005,3,Champions
18246,23,3,758.8199999999999,0,Promising
18247,414,3,839.73,1,At Risk
18248,122,2,804.02,1,At Risk
18249,16,1,95.34,0,Promising
18250,309,1,349.27,2,Lost Customers
18251,86,9,26278.86,3,Champions
18252,50,7,1542.09,1,At Risk
18253,642,1,317.88,2,Lost Customers
18254,580,1,267.9,2,Lost Customers
18255,88,2,303.15,2,Lost Customers
18256,387,1,110.7,2,Lost Customers
18257,38,12,4600.15,3,Champions
18258,463,6,2059.67,1,At Risk
18259,24,7,3941.9,3,Champions
18260,172,23,9962.11,3,Champions
18261,42,2,324.24,0,Promising
18262,139,3,577.54,1,At Risk
18263,25,3,1213.1599999999999,0,Promising
18264,498,1,603.25,2,Lost Customers
18265,71,2,801.51,0,Promising
18266,433,1,251.1,2,Lost Customers
18267,672,1,269.37,2,Lost Customers
18268,133,6,1490.23,1,At Risk
18269,365,1,168.6,2,Lost Customers
18270,37,3,444.55,0,Promising
18271,609,2,680.85,2,Lost Customers
18272,2,9,4385.9800000000005,3,Champions
18273,1,4,357.0,0,Promising
18274,29,1,175.92,0,Promising
18275,577,2,741.85,2,Lost Customers
18276,43,6,1656.52,1,At Risk
18277,57,5,1180.05,1,At Risk
18278,73,2,414.20000000000005,0,Promising
18279,518,1,231.33999999999997,2,Lost Customers
18280,277,2,488.15000000000003,2,Lost Customers
18281,180,2,201.14,2,Lost Customers
18282,7,2,178.05,0,Promising
18283,3,22,2736.65,3,Champions
18284,431,1,461.68,2,Lost Customers
18285,660,1,427.0,2,Lost Customers
18286,476,2,1296.43,1,At Risk
18287,42,7,4182.99,1,At Risk
