Year,Total_Revenue,YoY_Growth_%
2009,686654.16,
2010,8718063.004,1169.64395060244
2011,8338712.014,-4.3513219602329904
